tweet_id,created_at,date,hour,weekday,user_name,country,posted_via,client,user_followers,user_verified,hashtags,tweet_text,text_clean,p_negative,p_neutral,p_positive,sentiment,sentiment_score,confidence,margin
t00000,2020-07-24 23:47:51,2020-07-24,23,Friday,Jonathan Orbuda - I Love Tansyong TV 👨💻,,Twitter website,Twitter Web App,432,False,,15 Years after PARENTS are excited about getting an internet connection so their kids can do the so-called... https://t.co/7Uuo66UjRj,year parent excited getting internet connection kid,0.0063,0.2082,0.7854,Positive,0.7791,0.7854,0.5772
t00001,2020-07-24 23:48:17,2020-07-24,23,Friday,Hope For Tomorrow,United States,Phone or tablet app,Twitter for Android,4005,False,['covid19'],"@realDonaldTrump 1,000 Americans are dying each day of #covid19, and that son of a bitch Trump is taking a golfing weekend....",american dying day son bitch trump taking golfing weekend,0.933,0.0582,0.0089,Negative,-0.9241,0.933,0.8748
t00002,2020-07-24 23:49:17,2020-07-24,23,Friday,Wear a mask. Wear a mask. Wear a mask. Wear a mask,,Twitter website,Twitter Web App,36,False,['COVID19'],"The graph shows new cases, as opposed to deaths. Not a good milestone, regardless. #COVID19 https://t.co/rCkb4UwN1t",graph show new case opposed death good milestone regardless,0.8686,0.1244,0.007,Negative,-0.8616,0.8686,0.7442
t00003,2020-07-24 23:50:00,2020-07-24,23,Friday,JoeyIsEditingSendChocolate,United States,Phone or tablet app,Twitter for Android,1811,False,['COVID19'],@ThePubliusUSA Chaos. Martial law. Suspended election. Hide the truth about #COVID19. That's Trump's plan.,chaos martial law suspended election hide truth trump plan,0.8627,0.1291,0.0082,Negative,-0.8545,0.8627,0.7336
t00004,2020-07-24 23:50:02,2020-07-24,23,Friday,ConcertoHealth,United States,Scheduling tool,Sprout Social,1031,False,['QuickHealthTip'],#QuickHealthTip from @ConcertoHealth. Stay connected! Talking with loved ones while in isolation during the... https://t.co/brSUfKeeg5,quickhealthtip stay connected talking loved one isolation,0.0059,0.6281,0.366,Neutral,0.3601,0.6281,0.2621
t00005,2020-07-24 23:50:10,2020-07-24,23,Friday,Rocky Scopelliti,Australia,Phone or tablet app,Twitter for iPad,1030,False,,A Newly-Discovered Tiny CRISPR Protein Packs a Giant Punch For Human Gene Editing https://t.co/UyUX1rDoEO via... https://t.co/Udw7rlS5gn,tiny crispr protein pack giant punch human gene editing via,0.0082,0.8304,0.1614,Neutral,0.1532,0.8304,0.669
t00006,2020-07-24 23:50:12,2020-07-24,23,Friday,JAYNIE SEAL,,Twitter website,Twitter Web App,23196,True,['WeekendLive'],Coming up on #WeekendLive 10am-1pm AEST * @michaelhawton Psychologist. High levels of anxiety in children &amp; vital t... https://t.co/RmfRMBWg3o,coming weekendlive aest psychologist high level anxiety child vital,0.0643,0.8996,0.0361,Neutral,-0.0282,0.8996,0.8353
t00007,2020-07-24 23:50:27,2020-07-24,23,Friday,Jeff SchwartZ,,Phone or tablet app,Twitter for iPhone,615,False,['COVID19'],If anyone could destroy #COVID19 its @Zionwilliamson https://t.co/leX6GdJNev,anyone could destroy,0.4101,0.2825,0.3074,Negative,-0.1027,0.4101,0.1027
t00008,2020-07-24 23:50:49,2020-07-24,23,Friday,Anne Huang| 黃安安,,Phone or tablet app,Twitter for iPhone,1278,False,['Taiwan'],"@SammyTheGorilla In #Taiwan, my understanding is that parents do play an important role. At same time, children w... https://t.co/op9q0D8s1T",taiwan understanding parent play important role time child,0.0143,0.7724,0.2133,Neutral,0.199,0.7724,0.5591
t00009,2020-07-24 23:50:57,2020-07-24,23,Friday,Pullman WA Updates,United States,Twitter website,Twitter Web App,5052,False,,REGIONAL: 7 New Cases of Coronavirus have been Confirmed in Latah County - total now 61 after a big spike:... https://t.co/rvtYMpwDHl,regional new case confirmed latah county total big spike,0.1507,0.8085,0.0408,Neutral,-0.1099,0.8085,0.6579
t00010,2020-07-24 23:51:12,2020-07-24,23,Friday,Biotechnology AI Fintech Researcher,United States,Twitter website,Twitter Web App,4345,False,"['Covid19', 'Healthcare']",Gilead Sciences Update On The Company’s Ongoing Response To COVID-19 https://t.co/1ZD4Qyfaxa $GILD #Covid19 #Healthcare,gilead science update company ongoing response gild healthcare,0.0223,0.8636,0.1141,Neutral,0.0918,0.8636,0.7495
t00011,2020-07-24 23:51:16,2020-07-24,23,Friday,Fiona_No_ID_Lady,,Phone or tablet app,Twitter for iPhone,551,False,"['Idaho', 'COVID19']",Mixed bag for #Idaho Panhandle HD today - new #COVID19 cases decreased from 81 yesterday to 51 today. Unfortunately... https://t.co/RH37Ho2BrB,mixed bag idaho panhandle today new case decreased yesterday today unfortunately,0.8411,0.1489,0.0101,Negative,-0.831,0.8411,0.6922
t00012,2020-07-24 23:52:03,2020-07-24,23,Friday,NASDSE,United States,Scheduling tool,Buffer,524,False,['pandemic'],"Q7 Ultimately, do you believe the #pandemic will change the structure of education permanently or will the current... https://t.co/PBAhkIWAbJ",ultimately believe pandemic change structure education permanently current,0.1527,0.8301,0.0172,Neutral,-0.1355,0.8301,0.6774
t00013,2020-07-24 23:52:10,2020-07-24,23,Friday,Julie Levangie❄️,United States,Phone or tablet app,Twitter for iPhone,74,False,['COVID19'],F U #COVID19. My hair salon is going out of business.🖕🏽,hair salon going,0.9408,0.0521,0.0071,Negative,-0.9337,0.9408,0.8886
t00014,2020-07-24 23:52:27,2020-07-24,23,Friday,#Yettismanchester,United Kingdom,Phone or tablet app,Twitter for iPhone,153,False,['masks'],"It’s one thing wearing #masks in and out of shops (new rule 😩), it’s a whole different ball game wearing them to co... https://t.co/jUiBtQBtSY",one thing wearing mask shop new rule whole different ball game wearing,0.1991,0.6764,0.1245,Neutral,-0.0746,0.6764,0.4773
t00015,2020-07-24 23:53:32,2020-07-24,23,Friday,Brad Giovanine,United States,Phone or tablet app,Twitter for iPhone,950,False,"['COVID19', 'Biden2020']",trump hasn’t had a change of heart. he finally saw the current polling. vote this fucker out. #COVID19 #Biden2020,trump change heart finally saw current polling vote fucker,0.9291,0.0622,0.0087,Negative,-0.9204,0.9291,0.8669
t00016,2020-07-24 23:53:38,2020-07-24,23,Friday,Adam Hammoude,,Phone or tablet app,Twitter for iPhone,168,False,"['United', 'States', 'America']","@BernieSanders Only in in the land of free and home of the brave, the great #United #States of #America does a bill... https://t.co/fQzCEzAbRr",land free home brave great united state america bill,0.009,0.2969,0.6942,Positive,0.6852,0.6942,0.3973
t00017,2020-07-24 23:53:39,2020-07-24,23,Friday,Cathy (Arndt)Carmody,,Phone or tablet app,Twitter for Android,56,False,"['MLB', 'COVID19']","Now everyone can stay home, watch #MLB, keep #COVID19 from spreading further!",everyone stay home watch mlb keep spreading,0.061,0.4767,0.4622,Neutral,0.4012,0.4767,0.0145
t00018,2020-07-24 23:54:04,2020-07-24,23,Friday,Doug Nadvornick,United States,Twitter website,Twitter Web App,398,False,['Covid19'],#Covid19 is not just for cities anymore. Rural northeastern Washington has seen an increase in cases over the last... https://t.co/jOXmFPWrhv,city anymore rural northeastern washington seen increase case last,0.5283,0.4478,0.0239,Negative,-0.5044,0.5283,0.0805
t00019,2020-07-24 23:54:12,2020-07-24,23,Friday,Lunamoon ✨🌟✨🇺🇸✨🌟✨,United States,Twitter website,Twitter Web App,11364,False,"['Jesus', 'Yeshua', 'Rapture', 'dreams']",Rapture Dream - I was left behind. JESUS IS COMING https://t.co/o2ogi3oBhU #Jesus #Yeshua #Rapture #dreams... https://t.co/fjcvUEnN64,rapture dream left behind jesus coming jesus yeshua rapture dream,0.1116,0.7201,0.1683,Neutral,0.0567,0.7201,0.5518
t00020,2020-07-24 23:54:13,2020-07-24,23,Friday,🌎T&F OLYMPIAD 🏟 Worldwide Athletics,,Phone or tablet app,Twitter for Android,526,False,"['covid19', 'coronavirus']",Panama 🇵🇦 declines to host the 2022 CAC Games #covid19 #coronavirus https://t.co/0Oq2wZeI2d https://t.co/qo26l5fzu1,panama decline host cac game,0.7613,0.2271,0.0116,Negative,-0.7497,0.7613,0.5342
t00021,2020-07-24 23:54:15,2020-07-24,23,Friday,La_Primavera,,Phone or tablet app,Twitter for Android,1003,False,"['COVID19', 'COVID', 'coronavirus']",@La_Primavera_GE The second wave is here. #COVID19 #COVID #coronavirus https://t.co/UFbO9G9JHz,second wave,0.4803,0.4808,0.0389,Neutral,-0.4414,0.4808,0.0005
t00022,2020-07-24 23:54:39,2020-07-24,23,Friday,Scallywagandvagabond,United States,Twitter website,Twitter Web App,2551,False,,'I’ll kill you!' Florida man pulls gun on Walmart shopper who asked him to wear mask arrested &amp; charged... https://t.co/lnGhxu6ME8,kill florida man pull gun walmart shopper asked wear mask arrested charged,0.8341,0.1578,0.0081,Negative,-0.826,0.8341,0.6763
t00023,2020-07-24 23:54:49,2020-07-24,23,Friday,AR_MEDCOM,United States,Twitter website,Twitter Web App,224,False,,"Maj. Michelle Coleman, a Critical Care Nurse from El Paso, TX, conducts premob activities in San Antonio, TX as she... https://t.co/5gBIBw6aZz",michelle coleman critical care nurse paso conduct premob activity san antonio,0.0047,0.9523,0.043,Neutral,0.0383,0.9523,0.9094
t00024,2020-07-24 23:55:02,2020-07-24,23,Friday,Population Health,United States,Scheduling tool,Sprout Social,2992,False,['COVID19'],"""As the #COVID19 pandemic continues to exact its toll on the world, collaborative efforts are needed to provide tim... https://t.co/W85DlULHjj",pandemic continues exact toll world collaborative effort needed provide tim,0.5143,0.4611,0.0247,Negative,-0.4896,0.5143,0.0532
t00025,2020-07-24 23:55:02,2020-07-24,23,Friday,GuideSpark,United States,Scheduling tool,Sprout Social,4668,False,['COVID19'],#COVID19 has changed everything - including your employees' goals. Keep these factors in mind as you work with your... https://t.co/S6B1LsimUQ,changed everything including employee goal keep factor mind work,0.0772,0.7248,0.1981,Neutral,0.1209,0.7248,0.5267
t00026,2020-07-24 23:55:59,2020-07-24,23,Friday,Matt Trezza,United States,Phone or tablet app,Twitter for iPhone,1589,False,,Two of Orlando’s @RosenHotels reopening on Sunday. Lots of safety procedures in place to keep rooms clean and guest... https://t.co/5uUznYVsc9,two orlando reopening sunday lot safety procedure place keep room clean guest,0.0076,0.6124,0.3799,Neutral,0.3723,0.6124,0.2325
t00027,2020-07-24 23:56:16,2020-07-24,23,Friday,Ms. Lonnie 🦋💜🤗,United States,Phone or tablet app,Twitter for Android,9022,False,,Let her send her kids to school. If she doesn't have kids she should go sit in the COVID UNIT and watch the horrors... https://t.co/YgdJGvQYrz,let send kid school kid sit unit watch horror,0.8207,0.1699,0.0094,Negative,-0.8113,0.8207,0.6508
t00028,2020-07-24 23:56:25,2020-07-24,23,Friday,S. F. Sutcliffe,,TweetDeck,TweetDeck,2309,False,,"@JamesMelville the latest James.. posted earlier.. https://t.co/AtS3EjD2PI also, from world renowned Infectious... https://t.co/xgp0BOf1Zs",latest james posted earlier also world renowned infectious,0.0071,0.8513,0.1416,Neutral,0.1345,0.8513,0.7097
t00029,2020-07-24 23:56:50,2020-07-24,23,Friday,Liz Youngblood,United States,Twitter website,Twitter Web App,264,False,['kindness'],.@JackieKOlive Thank you for sharing your talent with everyone at Baylor St. Luke's! Every small act of #kindness b... https://t.co/sEmWRRjKtW,thank sharing talent everyone baylor luke every small act kindness,0.0029,0.0146,0.9825,Positive,0.9796,0.9825,0.968
t00030,2020-07-24 23:57:13,2020-07-24,23,Friday,Roger Verhoeven,,Twitter website,Twitter Web App,2130,False,"['Taiwan', 'apps']","#Taiwan Gov Releases Real-time Mask Inventory Data, 72 #apps Created in 1 Day (日 / 한 / En) by @chihaoyo in @g0vtw... https://t.co/IOUXxdpxrt",taiwan gov release mask inventory data apps created day,0.012,0.9586,0.0293,Neutral,0.0173,0.9586,0.9293
t00031,2020-07-24 23:57:31,2020-07-24,23,Friday,i CoNN,Canada,Twitter website,Twitter Web App,285,False,,@fenixfoundation @elonmusk I feel bad for the small business's that aren't considered essential. Why is it okay for... https://t.co/p7LuvQaadg,feel bad small business considered essential okay,0.9045,0.0901,0.0053,Negative,-0.8992,0.9045,0.8144
t00032,2020-07-24 23:57:34,2020-07-24,23,Friday,Christina Hinojosa,,Phone or tablet app,Twitter for iPhone,367,False,"['WearAMask', 'COVID19']",Less than 10% bed availability at my hospital is understaffed and nurses are overwhelmed #WearAMask #COVID19 https://t.co/bSSiw5ub51,less bed availability hospital understaffed nurse overwhelmed wearamask,0.8262,0.1583,0.0155,Negative,-0.8107,0.8262,0.6679
t00033,2020-07-24 23:58:04,2020-07-24,23,Friday,Lee,,Twitter website,Twitter Web App,2556,False,['COVID19'],Pass #COVID19 on to Grandpa. https://t.co/jcjfBpoZRD,pas grandpa,0.4308,0.5336,0.0356,Neutral,-0.3952,0.5336,0.1027
t00034,2020-07-24 23:58:30,2020-07-24,23,Friday,Travis In Dallas,United States,Phone or tablet app,Twitter for Android,522,False,['COVID19'],"So #COVID19 cases are going down in Dallas, but guess what. Now they say ""While cases are going down, it's infecti... https://t.co/NgElXIuII2",case going dallas guess say case going infecti,0.7283,0.2561,0.0156,Negative,-0.7127,0.7283,0.4722
t00035,2020-07-24 23:58:38,2020-07-24,23,Friday,Katie Foust,,Phone or tablet app,Twitter for iPhone,105,False,,Maybe back in April people should have been more concerned with schools opening than with getting their damn nails... https://t.co/D3D67It44U,maybe back april people concerned school opening getting damn nail,0.7244,0.2547,0.0209,Negative,-0.7035,0.7244,0.4697
t00036,2020-07-24 23:59:21,2020-07-24,23,Friday,The AssarV10 TeamTM©,United States,Other or custom app,assarofficial,2565,False,,The first Phase 3 coronavirus vaccine trial in the US is expected to begin next week. Here's how the vaccine... https://t.co/0J9dBCdtbN,first phase vaccine trial expected begin next week vaccine,0.0058,0.9048,0.0893,Neutral,0.0835,0.9048,0.8155
t00037,2020-07-24 23:59:23,2020-07-24,23,Friday,Andy Bitchsear,,Phone or tablet app,Twitter for iPhone,3,False,,@JohnCranley @Willie700WLW @MikeDeWine Why is it okay for the @Reds to break the mask mandate on public funded-cit... https://t.co/AiY72tBdlX,okay break mask mandate public,0.6034,0.3882,0.0084,Negative,-0.595,0.6034,0.2152
t00038,2020-07-24 23:59:28,2020-07-24,23,Friday,Charlie Isaacs,,Phone or tablet app,Twitter for iPhone,35279,False,,"Well, my daughter cut my hair because my wife chickened out... but you asked for the before and after pics, so be c... https://t.co/DHnlOHWd64",well daughter cut hair wife chickened asked pic,0.3637,0.6,0.0363,Neutral,-0.3274,0.6,0.2363
t00039,2020-07-24 23:59:42,2020-07-24,23,Friday,Fed up MASK IT OR CASKET😷,,Phone or tablet app,Twitter for Android,330,False,"['BOUNTYONOURMILITARY', 'TRE45SON', 'COVID19']","Too late #BOUNTYONOURMILITARY #TRE45SON #COVID19 ""Trump signs orders to lower prescription drug costs"" https://t.co/KrM6g3Woea",late bountyonourmilitary trump sign order lower prescription drug cost,0.7129,0.2705,0.0167,Negative,-0.6962,0.7129,0.4424
t00040,2020-07-25 00:09:24,2020-07-25,0,Saturday,Mary Freeman,United States,Twitter website,Twitter Web App,595,False,,"An epidemic is “a moment of truth between communities, health officials and the overall system of government""... https://t.co/kDnVPV5RVC",epidemic moment truth community health official overall system government,0.1248,0.8372,0.038,Neutral,-0.0868,0.8372,0.7125
t00041,2020-07-25 00:46:59,2020-07-25,0,Saturday,Angelahoffer_,United States,Phone or tablet app,Twitter for iPhone,1653,False,,@JohnCarneyDE Way more people would comply with wearing a mask if you acknowledged how people are suffering more f... https://t.co/FZhFkOmjxs,way people would comply wearing mask acknowledged people suffering,0.5007,0.4441,0.0552,Negative,-0.4455,0.5007,0.0566
t00042,2020-07-25 00:50:36,2020-07-25,0,Saturday,TheCable,Nigeria,Phone or tablet app,Twitter for Android,534188,True,['COVID19'],"N1m on a COVID-19 patient: @ProfAkinAbayomi was misunderstood, says @followlasg https://t.co/jc8amxJLLf via @thecableng #COVID19",patient misunderstood say via,0.3528,0.6302,0.017,Neutral,-0.3358,0.6302,0.2775
t00043,2020-07-25 01:03:17,2020-07-25,1,Saturday,Maricopa County Sheriff's Office,,Phone or tablet app,Twitter for iPhone,18983,True,['covid19'],Here are today’s numbers on #covid19 testing inside our jails. For more details visit: https://t.co/bPQbdz2GKy https://t.co/FwBJtbY4KT,today number testing inside jail detail visit,0.0194,0.9443,0.0363,Neutral,0.0169,0.9443,0.908
t00044,2020-07-25 01:11:00,2020-07-25,1,Saturday,DJ RICHY RICH,,Phone or tablet app,Twitter for iPhone,22,False,"['Election2020', 'ElectionDay', 'COVID19', 'worldproblems']",EVERY👏🏽DAMN👏🏽ELECTION👏🏼ITS👏🏼A👏🏽WORLD👏🏽WIDE👏🏼ISSUE👏🏽!!️ #Election2020 #ElectionDay #COVID19 #worldproblems,electionday worldproblems,0.7339,0.2308,0.0353,Negative,-0.6986,0.7339,0.5031
t00045,2020-07-25 01:49:51,2020-07-25,1,Saturday,RadhakrishnanRK,India,Phone or tablet app,Twitter for Android,56301,True,['COVID19'],"If a compilation of counterproductive methods of #COVID19 control is done, add this. Nothing to top April ""lockdown... https://t.co/KlKd2h2LNV",compilation counterproductive method control done add nothing top april lockdown,0.8749,0.1166,0.0085,Negative,-0.8664,0.8749,0.7583
t00046,2020-07-25 02:16:13,2020-07-25,2,Saturday,Jagster,Australia,Phone or tablet app,Twitter for Android,1479,False,,"Trade Wars invariably lead to Real Wars. Next one to be blamed on the release of a ""Gain of Function"" experiment... https://t.co/Wt9JY1YFyq",trade war invariably lead real war next one blamed release gain function experiment,0.5855,0.4001,0.0144,Negative,-0.5711,0.5855,0.1855
t00047,2020-07-25 02:18:21,2020-07-25,2,Saturday,Aaron Derfel,Canada,Twitter website,Twitter Web App,17511,True,,"9) For those who’ve complained my reporting is unduly pessimistic, I want to draw attention to this undeniably posi... https://t.co/suFUaIlEOu",complained reporting unduly pessimistic want draw attention undeniably posi,0.5548,0.4139,0.0313,Negative,-0.5235,0.5548,0.1409
t00048,2020-07-25 02:29:35,2020-07-25,2,Saturday,👨🏻🦰🐂🦈⚖️ Gerry Moylan 🏡🗣👨🏽🤝👨🏼🌊🆘,United States,Cross-posted,Instagram,1223,False,"['dinner', 'foodie', 'food', 'covid19', 'eatingin']",Phillip made Chicken Parmigiana #dinner #foodie #food #covid19 #eatingin https://t.co/GzquKYdepB,phillip made chicken parmigiana dinner foodie food eatingin,0.0181,0.6023,0.3796,Neutral,0.3615,0.6023,0.2227
t00049,2020-07-25 03:23:53,2020-07-25,3,Saturday,Esther Rockett 🚀,United Kingdom,Twitter website,Twitter Web App,1050,False,['Vietnam'],"A strength of #Vietnam strategy - pre-emptive testing of all contacts &amp; whole neighbourhoods/workplaces, symptomati... https://t.co/RG9xceTWOb",strength vietnam strategy testing contact whole symptomati,0.0377,0.8678,0.0945,Neutral,0.0568,0.8678,0.7734
t00050,2020-07-25 04:01:11,2020-07-25,4,Saturday,TLRiddle,United States,Phone or tablet app,Twitter for iPhone,286,False,"['singlemom', 'disabled']",“She tested positive for the coronavirus. She's a #singlemom caring for a #disabled teenage son who also became sic... https://t.co/GEIDDWFKiX,tested positive singlemom caring disabled teenage son also became sic,0.3461,0.6285,0.0255,Neutral,-0.3206,0.6285,0.2824
t00051,2020-07-25 04:03:44,2020-07-25,4,Saturday,Dr Leon Hartwell,Australia,Twitter website,Twitter Web App,10474,False,['DrFauci'],"Perhaps #DrFauci sent a subliminal message to us: We should leave baseball to baseball players, just like we should... https://t.co/8m3OONGvp6",perhaps drfauci sent subliminal message leave baseball baseball player like,0.142,0.8167,0.0413,Neutral,-0.1007,0.8167,0.6748
t00052,2020-07-25 05:37:16,2020-07-25,5,Saturday,Pavan Chowdary,,Phone or tablet app,Twitter for Android,16,False,['COVID19'],"We, the students, are the future of our state, our country. If we become victims of the deadly virus #COVID19, and... https://t.co/qilS0chmiw",student future state country become victim deadly virus,0.7339,0.2383,0.0278,Negative,-0.7061,0.7339,0.4957
t00053,2020-07-25 06:13:13,2020-07-25,6,Saturday,Julia Hengstler,,Phone or tablet app,Twitter for iPhone,3809,False,['COVID19'],Top NYC school NEST+M wants full-time remote learning next year https://t.co/DXwLDWsN6G via @nypmetro #COVID19... https://t.co/v8t0hdu2Pu,top nyc school want remote learning next year via,0.0126,0.8309,0.1565,Neutral,0.1439,0.8309,0.6745
t00054,2020-07-25 06:16:01,2020-07-25,6,Saturday,DEV MANAV SEWA TRUST,,Phone or tablet app,Twitter for Android,7,False,"['devmanavsewa', 'manavsewa', 'lockdown', 'thoughts', 'covid19', 'thoughtoftheday', 'helpingothers', 'spiritualguru', 'motivater']",#devmanavsewa #manavsewa #lockdown #thoughts #covid19 #thoughtoftheday #helpingothers #spiritualguru #motivater... https://t.co/nM9hwoS87l,devmanavsewa manavsewa lockdown thought thoughtoftheday helpingothers spiritualguru motivater,0.0402,0.8278,0.132,Neutral,0.0918,0.8278,0.6957
t00055,2020-07-25 06:57:27,2020-07-25,6,Saturday,Novel Coronavirus - Covid19,,Phone or tablet app,Flamingo for Android,44403,False,['COVID19'],Employing a Systematic Approach to Biobanking and Analyzing Genetic and Clinical Data for Advancing #COVID19 Resear... https://t.co/yOxAda99LR,employing systematic approach biobanking analyzing genetic clinical data advancing resear,0.0343,0.9332,0.0325,Neutral,-0.0018,0.9332,0.8989
t00056,2020-07-25 07:14:29,2020-07-25,7,Saturday,Muzamil,,Bot or auto-feed,IFTTT,580,False,,"""20 million renters in the U.S. could be evicted in the coming months. Experts worry this will only increase the sp... https://t.co/Chd2bVItGf",million renter could evicted coming month expert worry increase,0.7604,0.2335,0.0061,Negative,-0.7543,0.7604,0.5269
t00057,2020-07-25 07:35:17,2020-07-25,7,Saturday,John Robinson,United Kingdom,Phone or tablet app,Twitter for Android,88,False,['COVID19'],Wtf! @BBCBreakfast Defending the government's approach to tackling the #COVID19 virus...,wtf defending government approach tackling virus,0.8753,0.1175,0.0071,Negative,-0.8682,0.8753,0.7578
t00058,2020-07-25 07:44:06,2020-07-25,7,Saturday,ILoveQatar - Live,,Twitter website,Twitter Web App,42279,True,['COVID19'],"People are complaining they’ve gained weight during #COVID19. For a quick fix, some of them have turned towards cra... https://t.co/2daZxvxBF7",people complaining gained weight quick fix turned towards cra,0.7109,0.2763,0.0127,Negative,-0.6982,0.7109,0.4346
t00059,2020-07-25 07:53:02,2020-07-25,7,Saturday,No Lockdown,United Kingdom,Twitter website,Twitter Web App,5524,False,,This is happening everywhere. Scottish legislation is easier to challenge... someone should take it to court to t... https://t.co/pqAYUsMmVd,happening everywhere scottish legislation easier challenge someone take court,0.7685,0.2194,0.0121,Negative,-0.7564,0.7685,0.5492
t00060,2020-07-25 07:54:00,2020-07-25,7,Saturday,www.THEPIGEONEXPRESS.com,,TweetDeck,TweetDeck,1002,False,,"""Just felt it wrong,"" Donald Trump says, cancelling Republican convention in Florida amid rising coronavirus cases.... https://t.co/dPy95I0pXL",felt wrong donald trump say cancelling republican convention florida amid rising case,0.8038,0.19,0.0062,Negative,-0.7976,0.8038,0.6138
t00061,2020-07-25 07:58:05,2020-07-25,7,Saturday,TM Media Solutions,South Africa,Phone or tablet app,Twitter for Android,230,False,"['BBNaijia', 'bbnaijalockdown2020', 'COVID19', 'ZanupfMustGo']",Get a professional logo today for only R300 #BBNaijia #bbnaijalockdown2020 #COVID19 #ZanupfMustGo... https://t.co/EfFHOsqQbA,get professional logo today bbnaijia zanupfmustgo,0.1336,0.7361,0.1303,Neutral,-0.0033,0.7361,0.6025
t00062,2020-07-25 08:27:02,2020-07-25,8,Saturday,DBentoBox,United Kingdom,Twitter website,Twitter Web App,4,False,,"@British_Airways Why is the call center refusing to take calls? A message comes up saying “call back another time,”... https://t.co/3vry18DFDF",call center refusing take call message come saying call back another time,0.819,0.1752,0.0058,Negative,-0.8132,0.819,0.6438
t00063,2020-07-25 08:40:01,2020-07-25,8,Saturday,Cleveland Clinic Indian River Hospital,United States,Scheduling tool,Sprout Social,564,False,['COVID19'],Clinical Trial Hopes to Keep Patients Off Ventilators: https://t.co/8V55wYwuqO via @NBC6 #COVID19,clinical trial hope keep patient ventilator via,0.0131,0.8902,0.0967,Neutral,0.0836,0.8902,0.7936
t00064,2020-07-25 08:53:42,2020-07-25,8,Saturday,Juan Manuel Alonso,,Twitter website,Twitter Web App,2591,False,"['COVID19', 'football']",#COVID19 &amp; Sport Alert! Interesting👀 Modelling COVID-19 propagation during 🇪🇸#football ⚽️@LaLiga Reducing days... https://t.co/XkXmpAsKmj,sport alert modelling propagation football reducing day,0.0054,0.4598,0.5348,Positive,0.5294,0.5348,0.0751
t00065,2020-07-25 09:00:45,2020-07-25,9,Saturday,RxDx Clinics,India,Scheduling tool,Buffer,809,False,"['OnlineConsultation', 'ContactlessServices', 'COVID19']","#OnlineConsultation, #ContactlessServices make lives easier as #COVID19 spreads at an alarming rate. Phone/computer... https://t.co/Vm6inDvcqq",onlineconsultation contactlessservices make life easier spread alarming rate,0.0536,0.5958,0.3507,Neutral,0.2971,0.5958,0.2451
t00066,2020-07-25 10:00:35,2020-07-25,10,Saturday,GW Integrative Medicine,United States,Scheduling tool,Hootsuite Inc,617,False,['COVID19'],What we're reading: The Path to a @EVMSedu’s #COVID19 Integrative Protocol Using Multiple Natural Agents: Interview... https://t.co/Ga7bXmlzYY,reading path integrative protocol using multiple natural agent interview,0.0107,0.9563,0.033,Neutral,0.0223,0.9563,0.9233
t00067,2020-07-25 10:12:14,2020-07-25,10,Saturday,Olamide,,Phone or tablet app,Twitter for Android,177,False,"['alreadyvideo', 'COVID19', 'BBNaijia']",Lagos schools to resume August 4 https://t.co/h133Zo6Mr4 @followlasg @DeleMomodu @DrAhmadLawan #alreadyvideo #COVID19 #BBNaijia,lagos school resume august alreadyvideo bbnaijia,0.0976,0.8719,0.0305,Neutral,-0.0671,0.8719,0.7743
t00068,2020-07-25 10:22:14,2020-07-25,10,Saturday,Cerys Morgan 🚰🧼🤲🏻🧼🚰,United Kingdom,Phone or tablet app,Twitter for iPhone,2756,False,,What are teams doing for their outgoing juniors? Ours have been on the job for 8months (4 of which we were exclus... https://t.co/lYsUSBZg9h,team outgoing junior job exclus,0.011,0.9228,0.0663,Neutral,0.0553,0.9228,0.8565
t00069,2020-07-25 10:33:36,2020-07-25,10,Saturday,mathunt71 🏴󠁧󠁢󠁳󠁣󠁴󠁿 🇪🇺 💚 🌱🌍,United Kingdom,Phone or tablet app,Twitter for Android,556,False,['COVID19'],"Help slow the spread of #COVID19 and identify at risk cases sooner by self-reporting your symptoms daily, even if y... https://t.co/84jdSkWf6z",help slow spread identify risk case sooner symptom daily even,0.1462,0.7506,0.1032,Neutral,-0.043,0.7506,0.6043
t00070,2020-07-25 10:34:39,2020-07-25,10,Saturday,Jessica Finn,United States,Phone or tablet app,Twitter for iPhone,2934,True,,But lets send the kids &amp; teachers back to filled schools &amp; full school days in just a few weeks. The blood is on th... https://t.co/satkvWkR9Q,let send kid teacher back filled school full school day week blood,0.5009,0.4603,0.0388,Negative,-0.4621,0.5009,0.0405
t00071,2020-07-25 10:43:45,2020-07-25,10,Saturday,newgovplz🇺🇸 Freedom #leadright USA,United States,Phone or tablet app,Twitter for iPad,549,False,['COVID19'],Wow- so apparently @JoeBiden knew how to contain #COVID19 and prevent “this” but didn’t. Shame on him.... https://t.co/HVatw8hTzS,apparently knew contain prevent shame,0.8991,0.0922,0.0087,Negative,-0.8904,0.8991,0.8069
t00072,2020-07-25 10:45:19,2020-07-25,10,Saturday,SocialMediaAntiBully,,Phone or tablet app,Twitter for iPhone,13,False,['DonaldTrump'],Y’all dont realize #DonaldTrump cutting off unemployment so black people can have to go to work. Y’all don’t think... https://t.co/w0hpXsICX0,dont realize donaldtrump cutting unemployment black people work think,0.5835,0.3859,0.0306,Negative,-0.5529,0.5835,0.1976
t00073,2020-07-25 11:04:07,2020-07-25,11,Saturday,Airat Oluwakemi Abdulmalik,,Phone or tablet app,Twitter for Android,15,False,,"Sallah orders available with High taste and very affordable,we also offer home deliveries within kaduna. Message 08... https://t.co/kpTpLRdKZJ",sallah order available high taste affordable also offer home delivery within kaduna message,0.0036,0.2132,0.7831,Positive,0.7795,0.7831,0.5699
t00074,2020-07-25 11:06:37,2020-07-25,11,Saturday,AmJPerinatology,,Scheduling tool,Hootsuite Inc,4683,False,"['Perinatal', 'COVID19', 'Infographics', 'obgyn']",#Perinatal #COVID19 Infection Prevention: #Infographics for Patients and Providers https://t.co/QpRpmBFIOC #obgyn... https://t.co/0UKpnnLLnw,perinatal infection prevention infographics patient provider obgyn,0.0252,0.9479,0.0269,Neutral,0.0017,0.9479,0.9211
t00075,2020-07-25 11:13:11,2020-07-25,11,Saturday,Chris,,Phone or tablet app,Twitter for iPhone,114,False,"['Prevent', 'COVID19', 'masks', 'SocialDistancing']",Here’s why it’s important to #Prevent #COVID19 infections with #masks and #SocialDistancing ... long term health ef... https://t.co/otYObgREGy,important prevent infection mask socialdistancing long term health,0.017,0.57,0.413,Neutral,0.396,0.57,0.157
t00076,2020-07-25 11:31:38,2020-07-25,11,Saturday,Marc Newton,,Twitter website,Twitter Web App,174,False,,"Answer: Idiots that don’t know the difference between “there, their, they’re” interpreting medical data. Question:... https://t.co/sYHBCiXPfq",answer idiot know difference interpreting medical data question,0.8037,0.1867,0.0096,Negative,-0.7941,0.8037,0.617
t00077,2020-07-25 11:32:44,2020-07-25,11,Saturday,"Olly Hatch Esq,.",United Kingdom,Twitter website,Twitter Web App,194,False,['COVID19'],"@Theresa_Trog Well, technically he's wearing a mask isn't he? Does that conform to #COVID19 rules?",well technically wearing mask conform rule,0.0808,0.88,0.0392,Neutral,-0.0416,0.88,0.7991
t00078,2020-07-25 11:54:54,2020-07-25,11,Saturday,Billy Holiday,,Twitter website,Twitter Web App,830,False,"['savechildcare', 'paidleaveforall']",SIGN @MOMSRISING'S LETTER to your Senator urging them to #savechildcare and extend and expand #paidleaveforall resp... https://t.co/K5M07UTrv8,sign letter senator urging savechildcare extend expand paidleaveforall resp,0.0169,0.6946,0.2885,Neutral,0.2716,0.6946,0.406
t00079,2020-07-25 11:57:42,2020-07-25,11,Saturday,Louise Pascale,Australia,Phone or tablet app,Twitter for iPhone,1577,True,"['AdelaideOval', 'covid19', 'weareportadelaide']",Well one thing I learnt tonight. Crowd numbers at #AdelaideOval proves it’s not #covid19 keeping Crows supporters away. #weareportadelaide,well one thing learnt tonight crowd number adelaideoval prof keeping crow supporter away weareportadelaide,0.2171,0.5198,0.2632,Neutral,0.0461,0.5198,0.2566
t00080,2020-07-26 02:13:05,2020-07-26,2,Sunday,lellekrafts,Kenya,Phone or tablet app,Twitter for Android,39,False,"['COVID19', 'WearADamnMask']","@earthinspace Ordinarily, but Covid-19 and you need it more. Stay safe. #COVID19 #WearADamnMask",ordinarily need stay safe wearadamnmask,0.1957,0.5147,0.2896,Neutral,0.0939,0.5147,0.2252
t00081,2020-07-26 02:14:11,2020-07-26,2,Sunday,Open Letters,,Bot or auto-feed,Resistbot Open Letters,17158,True,,"🖋 Sign “Stop trump from sending his goons to Portand, Chicago, elsewhere!” and I’ll deliver a copy to your official... https://t.co/OzRsqTRuTE",sign stop trump sending goon portand chicago elsewhere deliver copy official,0.1396,0.7987,0.0617,Neutral,-0.0779,0.7987,0.659
t00082,2020-07-26 02:16:54,2020-07-26,2,Sunday,Dennis Beasley,,TweetDeck,TweetDeck,217,False,['COVID19'],Illinois #COVID19 Cases and positive headed in the wrong direction. https://t.co/gllNvhobCQ,illinois case positive headed wrong direction,0.7373,0.2514,0.0114,Negative,-0.7259,0.7373,0.4859
t00083,2020-07-26 03:28:11,2020-07-26,3,Sunday,Ramachari NTR,India,Phone or tablet app,Twitter for Android,11,False,,Dear sir we have only one life sir please understand students situation please sir day by day covid cases are incre... https://t.co/nlehnFhLXk,dear sir one life sir please understand student situation please sir day day case incre,0.4345,0.5105,0.055,Neutral,-0.3795,0.5105,0.0761
t00084,2020-07-26 03:30:17,2020-07-26,3,Sunday,Danny Nguyen,United States,Phone or tablet app,Twitter for iPhone,171,False,,Milestone achieved: chest tubed my first MICU COVID pt today. Alone in the room yet so many eyes watching me from t... https://t.co/hnEya7qaSK,milestone achieved chest tubed first micu today alone room yet many eye watching,0.0085,0.1865,0.8051,Positive,0.7966,0.8051,0.6186
t00085,2020-07-26 03:42:00,2020-07-26,3,Sunday,Gulf News Business,,TweetDeck,TweetDeck,6815,False,"['aviation', 'BritishAirways']",#aviation EasyJet and #BritishAirways told customers on Saturday they did not plan to cancel flights over the co... https://t.co/qGrlVoEVlh,aviation easyjet britishairways told customer saturday plan cancel flight,0.024,0.9042,0.0719,Neutral,0.0479,0.9042,0.8323
t00086,2020-07-26 03:48:57,2020-07-26,3,Sunday,eXWorld Entertainment News,,Phone or tablet app,Twitter for iPad,1331,False,['COVID19'],Yelp says 60% of restaurant Covid-19 closures are permanent https://t.co/mc3nVu9Uvz #COVID19,yelp say restaurant closure permanent,0.4513,0.5234,0.0253,Neutral,-0.426,0.5234,0.0721
t00087,2020-07-26 03:52:50,2020-07-26,3,Sunday,East Lansing Public Library,United States,Twitter website,Twitter Web App,1487,False,['reopeningplan'],The library is looking a little different as we move forward to Phase 3 of our #reopeningplan. Staff is reconfiguri... https://t.co/kEkeTrsdjl,library looking little different move forward phase reopeningplan staff reconfiguri,0.005,0.6726,0.3224,Neutral,0.3174,0.6726,0.3502
t00088,2020-07-26 04:01:41,2020-07-26,4,Sunday,The New Sarawak,,Bot or auto-feed,IFTTT,161,False,,"Mural artist’s tribute to Sarawak frontliners goes viral https://t.co/D3DaE7U5lA Well done, Leonard Siaw 萧艺!... https://t.co/mALhJWzml6",mural artist tribute sarawak frontliners go viral well done leonard siaw,0.002,0.036,0.962,Positive,0.96,0.962,0.9259
t00089,2020-07-26 04:15:49,2020-07-26,4,Sunday,Isolation Bot,,Bot or auto-feed,"Cheap Bots, Done Quick!",160,False,"['COVID19', 'Coronavirus']",Everybody needs something a little different. Just be in tune with yourself. 💕 #COVID19 #Coronavirus,everybody need something little different tune,0.0808,0.4448,0.4744,Positive,0.3936,0.4744,0.0295
t00090,2020-07-26 04:22:39,2020-07-26,4,Sunday,Fish-boy prince whose head is being eaten,Philippines,Phone or tablet app,Twitter for Android,908,False,,"""Teachers want to teach, not die, and we should support and protect them like the national treasures that they are.... https://t.co/j0UbfK0mqs",teacher want teach die support protect like national treasure,0.0266,0.3565,0.6169,Positive,0.5903,0.6169,0.2604
t00091,2020-07-26 04:23:14,2020-07-26,4,Sunday,Sasha Fennec,,Twitter website,Twitter Web App,285,False,,Limited testing supplies in the U.S. mean any reported numbers likely underestimate the reality of the spread. Jul... https://t.co/OKphALzEgO,limited testing supply mean reported number likely underestimate reality spread jul,0.6137,0.3748,0.0116,Negative,-0.6021,0.6137,0.2389
t00092,2020-07-26 04:44:52,2020-07-26,4,Sunday,RBoozer,United States,Phone or tablet app,Twitter for iPhone,121,False,"['worthless', 'COVID19']",@GovAbbott I believe this is all about you. #worthless #COVID19 https://t.co/GBD0sHwHp4,believe worthless,0.561,0.3605,0.0785,Negative,-0.4825,0.561,0.2004
t00093,2020-07-26 05:18:29,2020-07-26,5,Sunday,💎💧Princess Gemma,Australia,Twitter website,Twitter Web App,1465,False,,@vee_anrep @Bunnings Hope they asked her to leave Bunnings?😡 Its not her right to endanger other people's lives bec... https://t.co/M8TN9XtgbG,hope asked leave bunnings right endanger people life bec,0.9163,0.0792,0.0045,Negative,-0.9118,0.9163,0.8371
t00094,2020-07-26 05:31:57,2020-07-26,5,Sunday,AlwaysReady,,Phone or tablet app,Twitter for Android,0,False,,@latimes where is your article condemning the protests if this virus is so deadly? The people protesting are defin... https://t.co/WCKUCywYP2,article condemning protest virus deadly people protesting defin,0.9013,0.0944,0.0044,Negative,-0.8969,0.9013,0.8069
t00095,2020-07-26 05:46:15,2020-07-26,5,Sunday,FujairahObserver,,Twitter website,Twitter Web App,1584,False,"['fujairah', 'covid19']",Fujairah launches free COVID-19 testing centres under national campaign #fujairah #covid19... https://t.co/SZedOINhkh,fujairah launch free testing centre national campaign fujairah,0.0265,0.8311,0.1424,Neutral,0.1159,0.8311,0.6887
t00096,2020-07-26 05:49:36,2020-07-26,5,Sunday,Black Lives Matter #BLM,United States,Phone or tablet app,Twitter for Android,1973,False,['ratlicker'],"They're not wrong 😬😬😬😬 Americans are a disease vector (146,460 dead) Canada don't want your #ratlicker anti-mask... https://t.co/JoJkQkc4ky",wrong american disease vector dead canada want ratlicker,0.9304,0.0634,0.0062,Negative,-0.9242,0.9304,0.867
t00097,2020-07-26 06:30:04,2020-07-26,6,Sunday,Nine News Queensland,Australia,Scheduling tool,Hootsuite Inc,135037,True,['COVID19'],Deputy Chief Health Officer Dr Nick Coatsworth remains confident Victoria's #COVID19 curve is set to flatten within... https://t.co/BivUHolxJL,deputy chief health officer nick coatsworth remains confident victoria curve set flatten within,0.0166,0.9142,0.0691,Neutral,0.0525,0.9142,0.8451
t00098,2020-07-26 06:54:43,2020-07-26,6,Sunday,Nico Orce,South Africa,Cross-posted,LinkedIn,20,False,['COVID19'],Another day climbing down the #COVID19 pandemic curve in the Western Cape. We haven't been this low (considering th... https://t.co/Ho03ElF54n,another day climbing pandemic curve western cape low considering,0.7051,0.2763,0.0186,Negative,-0.6865,0.7051,0.4287
t00099,2020-07-26 07:04:56,2020-07-26,7,Sunday,TDGLOBALMART Pty Ltd,,Twitter website,Twitter Web App,7,False,"['covid19', 'quotes', 'life']",Very true! #covid19 #quotes #life https://t.co/PRtpvHDnsr,true quote life,0.0257,0.2662,0.7081,Positive,0.6824,0.7081,0.4419
t00100,2020-07-26 07:06:22,2020-07-26,7,Sunday,News of Diu,India,Twitter website,Twitter Web App,970,False,"['COVID19', 'Daman', 'DNH', 'Diu']",New 18 positive cases of #COVID19 reported in #Daman on Saturday. Total cases risen to 442. #DNH #Diu https://t.co/9Ca8Mm7uHM,new positive case reported daman saturday total case risen dnh diu,0.2035,0.7524,0.044,Neutral,-0.1595,0.7524,0.5489
t00101,2020-07-26 07:11:02,2020-07-26,7,Sunday,Bankole James Dare,Nigeria,Phone or tablet app,Twitter for Android,6767,False,"['BBNaija', 'COVID19']",Listen! Man forsake you but GOD will never💯 never I say.. Use your head 🙏🏽. #BBNaija #COVID19 https://t.co/qA9hODdwad,listen man forsake god never say use head bbnaija,0.1158,0.4969,0.3873,Neutral,0.2715,0.4969,0.1096
t00102,2020-07-26 07:18:39,2020-07-26,7,Sunday,Spandhan N,India,Scheduling tool,Bambu by Sprout Social,735,False,['cloud'],"With offices physically unavailable, #cloud-based technology proved its reliability for continuing operations durin... https://t.co/SmwyD7h17O",office physically unavailable technology proved reliability continuing operation durin,0.0102,0.4891,0.5006,Positive,0.4904,0.5006,0.0115
t00103,2020-07-26 07:27:32,2020-07-26,7,Sunday,Cassiopeia Services,United Kingdom,Phone or tablet app,Twitter for iPhone,992,False,"['obesity', 'coronavirus', 'Britons']","Severe #obesity can increase chance of dying from #coronavirus by up to 90% new research shows, as #Britons have be... https://t.co/Nne0vk8x1j",severe obesity increase chance dying new research show briton,0.7382,0.2493,0.0125,Negative,-0.7257,0.7382,0.4889
t00104,2020-07-26 07:30:33,2020-07-26,7,Sunday,Ian Farrow 😷⛷🇦🇺🦘イアン ファロー,Australia,Phone or tablet app,Twitter for Android,1070,False,,@RohanCT The Federal Govt and Victorian Oppn have been restrained in criticising the Victorian Govt while it tries... https://t.co/B8ORAV17oQ,federal govt victorian oppn restrained criticising victorian govt try,0.2794,0.7005,0.0201,Neutral,-0.2593,0.7005,0.4212
t00105,2020-07-26 08:05:28,2020-07-26,8,Sunday,Luis Rosales,United States,Phone or tablet app,Twitter for iPad,3831,False,"['LosAngeles', 'NewYork', 'Washington', 'NewOrleans', 'Italia', 'China', 'Spain', 'Japan', 'SouthKorea', 'California']","July 26, 2020 #LosAngeles #NewYork #Washington #NewOrleans #Italia #China #Spain #Japan #SouthKorea #California... https://t.co/1O2H5s2COe",july losangeles newyork washington neworleans italia china spain japan southkorea california,0.0086,0.9525,0.0389,Neutral,0.0303,0.9525,0.9136
t00106,2020-07-26 08:17:54,2020-07-26,8,Sunday,"Rahul Kumar, MD, FACP",United States,Twitter website,Twitter Web App,184,False,,An open letter about pathetic CVOID-19 situation in Bihar to Shri @NitishKumar @narendramodi @PMOIndia... https://t.co/6i6xIqK43x,open letter pathetic situation bihar shri,0.384,0.5868,0.0292,Neutral,-0.3548,0.5868,0.2028
t00107,2020-07-26 08:18:19,2020-07-26,8,Sunday,Mactul,Canada,Phone or tablet app,Twitter for iPhone,9,False,['JournalismIsDead'],@newslaundry Omg This is the best video so far proving how #JournalismIsDead and how someone’s death has become a p... https://t.co/fuOQYfUFLo,omg best video far proving journalismisdead someone death become,0.1149,0.1528,0.7323,Positive,0.6174,0.7323,0.5795
t00108,2020-07-26 08:36:01,2020-07-26,8,Sunday,Lozil Noronha,India,Twitter website,Twitter Web App,807,False,['Covid19'],The #Covid19 positive cases from my village itself are concerning....!! We are at community transmission now...! We... https://t.co/y6fiTfff1I,positive case village concerning community transmission,0.8479,0.1402,0.0119,Negative,-0.836,0.8479,0.7077
t00109,2020-07-26 08:54:34,2020-07-26,8,Sunday,🔴 StockWizard 🌐,,Phone or tablet app,Twitter for Android,1398,False,['ODX'],#ODX. Expecting news this week on a number of fronts. Time to commercialise the GOLD standard rapid POC test. India... https://t.co/ydhIsdM4bl,odx expecting news week front time commercialise gold standard rapid poc test india,0.0035,0.2765,0.72,Positive,0.7165,0.72,0.4435
t00110,2020-07-26 08:56:18,2020-07-26,8,Sunday,Anthony,,Twitter website,Twitter Web App,34,False,"['coronavirus', 'COVIDIOTS', 'COVID19']",#coronavirus #COVIDIOTS #COVID19 for some like the transport secretary Grant Shapps abiding by the new quarantine... https://t.co/02BBaA4xFl,covidiots like transport secretary grant shapps abiding new quarantine,0.1942,0.7484,0.0574,Neutral,-0.1368,0.7484,0.5542
t00111,2020-07-26 08:56:30,2020-07-26,8,Sunday,Katherine,Australia,Cross-posted,Instagram,400,False,"['covidtakeout', 'cafe', 'covid19']",Supported a new venture by tramboat which is now a #covidtakeout #cafe during #covid19! During Covid they could not... https://t.co/C1d9IW2Qnv,supported new venture tramboat covidtakeout cafe could,0.4081,0.5253,0.0666,Neutral,-0.3415,0.5253,0.1172
t00112,2020-07-26 08:57:59,2020-07-26,8,Sunday,Politiko,,TweetDeck,TweetDeck,10379,False,,"No more denials, threats: Hontiveros tells Duterte to own up mistakes in handling COVID pandemic... https://t.co/pMvMM3rUKo",denial threat hontiveros tell duterte mistake handling pandemic,0.4168,0.5587,0.0245,Neutral,-0.3923,0.5587,0.1419
t00113,2020-07-26 09:00:00,2020-07-26,9,Sunday,DestinAsian Magazine,,TweetDeck,TweetDeck,10844,False,,"South Korea May Set Up “Travel Bubbles” with Three Asian Countries. If the proposal is adopted, travelers will be... https://t.co/eLwO5bXYFR",south korea may set travel bubble three asian country proposal adopted traveler,0.0095,0.942,0.0485,Neutral,0.039,0.942,0.8935
t00114,2020-07-26 09:01:41,2020-07-26,9,Sunday,Billy Linehan #CrushtheCurve,Ireland,Phone or tablet app,Twitter for Android,2280,False,['COVID19'],Evading #COVID19 regulations at historical reenactment park Puy du Fou - disappointing &amp; risky in a fab place to vi... https://t.co/fJ4zZVrsKu,evading regulation historical reenactment park puy fou disappointing risky fab place,0.8028,0.1838,0.0134,Negative,-0.7894,0.8028,0.619
t00115,2020-07-26 09:03:22,2020-07-26,9,Sunday,Anand Mishra,India,Phone or tablet app,Twitter for iPhone,207,False,['IndiaNeedsDelhiModel'],"#IndiaNeedsDelhiModel that was initiated and executed by @HMOIndia @AmitShah ji along with @LtGovDelhi,... https://t.co/tXdMtkdrQh",indianeedsdelhimodel initiated executed along,0.0112,0.7468,0.2421,Neutral,0.2309,0.7468,0.5047
t00116,2020-07-26 09:06:28,2020-07-26,9,Sunday,RFI English,,Twitter website,Twitter Web App,23149,True,['COVID19'],France has singled out 30 million priority citizens for #COVID19 vaccines https://t.co/ED0YQX9fCI via @RFI_En,france singled million priority citizen vaccine via,0.0286,0.8954,0.076,Neutral,0.0474,0.8954,0.8194
t00117,2020-07-26 09:13:14,2020-07-26,9,Sunday,Neta Ji,United States,Phone or tablet app,Twitter for iPhone,18813,False,,"Thread to compare the administrative prowess, effectiveness and steadfast approach of a cow-worshipping 'Mahant' in... https://t.co/cphLrvMz0Z",thread compare administrative prowess effectiveness steadfast approach,0.0406,0.9004,0.059,Neutral,0.0184,0.9004,0.8414
t00118,2020-07-26 09:14:01,2020-07-26,9,Sunday,Mark Ashmore,,Phone or tablet app,Twitter for iPhone,436,False,['COVID19'],"@BBC_HaveYourSay No cases, no deaths, empty beaches, better #COVID19 measures, I feel safer here not looking forwar... https://t.co/QGP7dxt2Ov",case death empty beach better measure feel safer looking forwar,0.0991,0.2819,0.619,Positive,0.5199,0.619,0.3371
t00119,2020-07-26 09:20:41,2020-07-26,9,Sunday,Paul,,Phone or tablet app,Twitter for iPhone,0,False,,@ajpollard1 @BBCFergusWalsh I’m looking for find out if this is being looked at re. post viral syndrome following... https://t.co/r3Urtcc3eq,looking find looked post viral syndrome following,0.0398,0.9423,0.0179,Neutral,-0.0219,0.9423,0.9025
t00120,2020-07-27 01:35:46,2020-07-27,1,Monday,Charles Gaba,United States,Twitter website,Twitter Web App,40094,True,['COVID19'],"(sigh) Annnnd there you have it: Louisiana now has more #COVID19 cases per capita than New York, with Arizona right... https://t.co/kas66ZiRTJ",sigh annnnd louisiana case per caput new york arizona right,0.6688,0.3166,0.0146,Negative,-0.6542,0.6688,0.3523
t00121,2020-07-27 01:36:46,2020-07-27,1,Monday,Nine News Sydney,Australia,Scheduling tool,Grabyo,123773,True,['COVID19'],"Six Victorians have died of #COVID19 over the past 24 hours, with the state today posting it's highest daily increa... https://t.co/gs22LqurW9",six victorian died past hour state today posting highest daily increa,0.8068,0.185,0.0082,Negative,-0.7986,0.8068,0.6218
t00122,2020-07-27 01:39:41,2020-07-27,1,Monday,Manila Bulletin News,Philippines,Phone or tablet app,Twitter for iPhone,790074,True,['SONAgKAISA'],"Members of @actph1982 join the #SONAgKAISA protest where they registered demands for safe, accessible &amp; quality edu... https://t.co/4i4tfHH8wP",member join sonagkaisa protest registered demand safe accessible quality edu,0.0389,0.8795,0.0815,Neutral,0.0426,0.8795,0.798
t00123,2020-07-27 02:39:41,2020-07-27,2,Monday,MobileSwitch,United States,Scheduling tool,HubSpot,153,False,"['COVID19', 'Cloud', 'Cloudification', 'Technology']",#COVID19 Diaries: #Cloud &amp; #Cloudification Everywhere https://t.co/R91a9I2bKH #Technology @UnfoldLabs... https://t.co/1ZWa7q8ceM,diary cloud cloudification everywhere technology,0.0087,0.9268,0.0645,Neutral,0.0558,0.9268,0.8623
t00124,2020-07-27 02:40:48,2020-07-27,2,Monday,Roberto Jones,Australia,Twitter website,Twitter Web App,3105,False,"['Honduras', 'banks']","#Honduras: 'Terrible, I have received communication from some people informing me that #banks are beginning to thre... https://t.co/YdHiECNNsb",honduras received communication people informing bank beginning thre,0.9188,0.0766,0.0046,Negative,-0.9142,0.9188,0.8422
t00125,2020-07-27 02:47:59,2020-07-27,2,Monday,Amelia,United States,Phone or tablet app,Twitter for iPhone,24,False,"['coronavirus', 'COVID19', 'gencovid']",Do you think they’ll call our nieces and nephews or your kids or grandkids “Generation Covid”? #coronavirus #COVID19 #gencovid,think call niece nephew kid grandkids generation gencovid,0.5656,0.4144,0.0201,Negative,-0.5455,0.5656,0.1512
t00126,2020-07-27 02:52:34,2020-07-27,2,Monday,DWF,,Twitter website,Twitter Web App,124,False,"['MrPresident', 'coronavirus', 'COVID19']",#MrPresident get a clue the #coronavirus is real and it goes by the name of #COVID19 when you get down to it what... https://t.co/7I1ehn6EZE,mrpresident get clue real go name get,0.7563,0.2265,0.0172,Negative,-0.7391,0.7563,0.5299
t00127,2020-07-27 02:55:46,2020-07-27,2,Monday,Reza,Canada,Phone or tablet app,Twitter for iPhone,279,False,,@johnkawakami @ShawnAdamsson My point is that there are RCTs stating that cloth masks increase influenza infections... https://t.co/Tav3tKB5iO,point rcts stating cloth mask increase influenza infection,0.2224,0.754,0.0236,Neutral,-0.1988,0.754,0.5316
t00128,2020-07-27 03:02:03,2020-07-27,3,Monday,❌John Johnson - American Patriot🇺🇸,,Twitter website,Twitter Web App,58380,False,['COVID19'],@NYGovCuomo Other people don't seem to realize putting #COVID19 patients in nursing homes is murder!,people seem realize putting patient nursing home murder,0.903,0.091,0.0059,Negative,-0.8971,0.903,0.812
t00129,2020-07-27 03:12:00,2020-07-27,3,Monday,KCMO Health Dept,United States,Twitter website,Twitter Web App,9067,False,"['StopTheSpread', 'COVID19']","😷It's time to do your part to #StopTheSpread of #COVID19. If you won't wear one for yourself, wear one for your g... https://t.co/9BJ5rJ3qUv",time part stopthespread wear one wear one,0.5191,0.419,0.0619,Negative,-0.4572,0.5191,0.1001
t00130,2020-07-27 03:17:01,2020-07-27,3,Monday,ThisMammaSays,,Phone or tablet app,Twitter for iPhone,101,False,"['COVID19', 'ChildrensLivesMatter', 'desantis', 'FloridaCovidEpicenter']",@GovRonDeSantis children also get #COVID19 #ChildrensLivesMatter #desantis @realDonaldTrump #FloridaCovidEpicenter... https://t.co/8AS0hxD1tK,child also get childrenslivesmatter desantis floridacovidepicenter,0.6355,0.3487,0.0159,Negative,-0.6196,0.6355,0.2868
t00131,2020-07-27 03:17:32,2020-07-27,3,Monday,Charity Maodza,,Phone or tablet app,Twitter for Android,10255,False,['COVID19'],"NSSA is the latest of several companies that have closed their premises due to the outbreak of #COVID19, showing th... https://t.co/7c7k1p284q",nssa latest several company closed premise due outbreak showing,0.6209,0.3678,0.0114,Negative,-0.6095,0.6209,0.2531
t00132,2020-07-27 03:37:41,2020-07-27,3,Monday,Bhatia Hospital,India,Phone or tablet app,Twitter for iPhone,312,False,,"Dr. Dastur, the medical director of Bhatia Hospital, talks to CNN about Hospitals facing financial difficulties &amp; m... https://t.co/V4fKWoiTiH",dastur medical director bhatia hospital talk cnn hospital facing financial difficulty,0.0873,0.8883,0.0244,Neutral,-0.0629,0.8883,0.801
t00133,2020-07-27 04:03:05,2020-07-27,4,Monday,Threader,,Other or custom app,Threader_client,47260,False,['COVID19'],"@jdkee Hi, you can read this thread from @AshTuite here: https://t.co/dE9dV7cXNG #COVID19",read thread,0.0064,0.8791,0.1144,Neutral,0.108,0.8791,0.7647
t00134,2020-07-27 04:13:58,2020-07-27,4,Monday,David Forrest,United States,Twitter website,Twitter Web App,348,False,['COVID19'],"This is the other part of R0 exponential growth--the time over which it operates. For #COVID19, it's ~5 days, so i... https://t.co/7ORDenUUIV",part exponential growth time operates day,0.1989,0.7446,0.0565,Neutral,-0.1424,0.7446,0.5457
t00135,2020-07-27 04:26:53,2020-07-27,4,Monday,Trance Farm,United States,Twitter website,Twitter Web App,171,False,['covid19'],It's happening! @PAULVANDYK and @atbandre will headline the first post-#covid19 dance music festival in Greece duri... https://t.co/unU8iOen03,happening headline first dance music festival greece duri,0.0027,0.3389,0.6585,Positive,0.6558,0.6585,0.3196
t00136,2020-07-27 04:29:08,2020-07-27,4,Monday,Dynamite News,India,Twitter website,Twitter Web App,16385,False,['COVID19'],"43 people tested positive for #COVID19 in Kasargod, after they attended a wedding ceremony on 17 July. The newly-we... https://t.co/StQ23zOshX",people tested positive kasargod attended wedding ceremony july,0.5246,0.4641,0.0113,Negative,-0.5133,0.5246,0.0604
t00137,2020-07-27 04:52:11,2020-07-27,4,Monday,Focus Taiwan (CNA English News),,Phone or tablet app,Twitter for Android,44318,False,,"@IslaIsland886 Thanks, article corrected, too late for the tweet, sadly. Penghu is sort of enjoying some popularity... https://t.co/HqzRqA9F95",thanks article corrected late tweet sadly penghu sort enjoying popularity,0.0499,0.3843,0.5658,Positive,0.5159,0.5658,0.1814
t00138,2020-07-27 05:11:14,2020-07-27,5,Monday,"Field Outreach Bureau,Udhampur(J&K)",,Phone or tablet app,Twitter for Android,304,False,"['IndiaFightsCorona', 'COVID19', 'StaySafe', 'TheNewNormal', 'IndiaWillWin']","#IndiaFightsCorona: #COVID19 labs in India (As on July 26, 2020) 👇 #StaySafe #TheNewNormal #IndiaWillWin... https://t.co/WxoCVXKb44",indiafightscorona lab india july staysafe thenewnormal indiawillwin,0.0211,0.6224,0.3565,Neutral,0.3354,0.6224,0.2659
t00139,2020-07-27 05:22:35,2020-07-27,5,Monday,TedMagnolia,,Phone or tablet app,Twitter for Android,4,False,,"https://t.co/6wnVAcjlzc you gotta be fucking kidding me, why are we still letting ourselves be manipulated by fear... https://t.co/vBF8tXTur1",got fucking kidding still letting manipulated fear,0.9421,0.0515,0.0065,Negative,-0.9356,0.9421,0.8906
t00140,2020-07-27 05:24:20,2020-07-27,5,Monday,Novel Coronavirus - Covid19,,Phone or tablet app,Flamingo for Android,44409,False,['COVID19'],A data-driven metapopulation model for the Belgian #COVID19 epidemic: assessing the impact of lockdown and exit str... https://t.co/jSADyFyslf,metapopulation model belgian epidemic assessing impact lockdown exit str,0.0733,0.8974,0.0293,Neutral,-0.044,0.8974,0.8241
t00141,2020-07-27 05:29:02,2020-07-27,5,Monday,Tech This Out News,,Twitter website,Twitter Web App,1652,False,"['techthisoutnews', 'blackentrepreneurs', 'blackeducation']",FUTURE SPORTS IN LA On monday at 6pm only on techthisoutnews #techthisoutnews #blackentrepreneurs #blackeducation... https://t.co/ojAAjduzxR,future sport monday techthisoutnews techthisoutnews blackentrepreneurs blackeducation,0.005,0.8093,0.1857,Neutral,0.1807,0.8093,0.6235
t00142,2020-07-27 05:36:44,2020-07-27,5,Monday,Coronavirus Updates,,Bot or auto-feed,COVID19-Updates,444,False,"['coronavirus', 'CoronaVirusUpdate', 'COVID19', 'CoronavirusPandemic']",8 new deaths in El Salvador [6:36 GMT] #coronavirus #CoronaVirusUpdate #COVID19 #CoronavirusPandemic,new death salvador gmt coronavirusupdate coronaviruspandemic,0.8364,0.1559,0.0077,Negative,-0.8287,0.8364,0.6805
t00143,2020-07-27 05:45:19,2020-07-27,5,Monday,Edelweiss Wealth Management,India,Twitter website,Twitter Web App,8462,False,['COVID19'],#COVID19 has shaken up the market like never before. Instead of giving into fear and sabotaging your financial... https://t.co/INd45e2bMg,shaken market like never instead giving fear sabotaging financial,0.4944,0.4436,0.0619,Negative,-0.4325,0.4944,0.0508
t00144,2020-07-27 05:48:48,2020-07-27,5,Monday,Kumar Raj 🇹🇭🇮🇳,,Twitter website,Twitter Web App,6096,False,"['COVID19', 'Thailand']","Official #COVID19 update in #Thailand on 27th July, 2020: 3,295 people infected (+4) 3,111 discharged from hospital... https://t.co/iN2Qyn8Gg2",official update thailand july people infected discharged hospital,0.4285,0.5578,0.0137,Neutral,-0.4148,0.5578,0.1292
t00145,2020-07-27 06:12:15,2020-07-27,6,Monday,UnusualUpdate,,Bot or auto-feed,IFTTT,9,False,,"101 years earlier with the Spanish flu, Victorians also had stay at home lockdown with fines and the mask debate. H... https://t.co/cSVKQLcNFp",year earlier spanish flu victorian also stay home lockdown fine mask debate,0.2947,0.6825,0.0228,Neutral,-0.2719,0.6825,0.3878
t00146,2020-07-27 06:20:54,2020-07-27,6,Monday,People's Daily app,,Twitter website,Twitter Web App,1399,False,"['India', 'COVID19']","#India's federal health ministry on Monday morning reported 708 more deaths and 49,931 new #COVID19 cases during th... https://t.co/lDkHKRvFck",india federal health ministry monday morning reported death new case,0.6137,0.3729,0.0134,Negative,-0.6003,0.6137,0.2408
t00147,2020-07-27 06:21:20,2020-07-27,6,Monday,HKIRA,,Twitter website,Twitter Web App,30,False,,Join Aug Webinar to learn more about the recognition of the impact of ESG strategy and implementation on values tha... https://t.co/o5HZSz70dH,join aug webinar learn recognition impact esg strategy implementation value tha,0.0065,0.7629,0.2306,Neutral,0.2241,0.7629,0.5323
t00148,2020-07-27 06:35:01,2020-07-27,6,Monday,ICC,India,Twitter website,Twitter Web App,1006,False,['COVID19'],"At a recent webinar organised by the ICC, Textiles Minister Smriti Irani stated that the #COVID19 pandemic is provi... https://t.co/kBwjuleReN",recent webinar organised icc textile minister smriti irani stated pandemic provi,0.1367,0.828,0.0353,Neutral,-0.1014,0.828,0.6913
t00149,2020-07-27 06:48:18,2020-07-27,6,Monday,What's new?,,Twitter website,Twitter Web App,2656,False,,"@MajlessiUN Our planet runs on corruption and just saying ""no corruption"" is missing the point. How we are managing... https://t.co/KOFIeTdbI4",planet run corruption saying corruption missing point managing,0.8496,0.1422,0.0083,Negative,-0.8413,0.8496,0.7074
t00150,2020-07-27 06:49:46,2020-07-27,6,Monday,David Caldicott,United States,Phone or tablet app,Twitter for iPhone,5775,False,,I know that @billbowtell will be an absolute gentleman in the manner in which he addresses the unsubstantiated posi... https://t.co/XAyaaApz7A,know absolute gentleman manner address unsubstantiated posi,0.0153,0.2008,0.7838,Positive,0.7685,0.7838,0.583
t00151,2020-07-27 06:49:52,2020-07-27,6,Monday,ARAR Group of Companies,Pakistan,Twitter website,Twitter Web App,421,False,,"@ArarGroup123 along with @pid_gov is providing its services 24/7 at Town Hospital Mumtazabad, Multan. Training sess... https://t.co/MkzxaLM9iI",along providing service town hospital mumtazabad multan training sess,0.0028,0.8448,0.1524,Neutral,0.1496,0.8448,0.6923
t00152,2020-07-27 06:51:15,2020-07-27,6,Monday,AA Energy,,Twitter website,Twitter Web App,5993,False,"['Oil', 'dollar', 'US', 'China', 'oilprices', 'USdollar', 'USChina', 'Brentoil', 'coronavirus', 'COVID19']",#Oil up with low #dollar index and #US-#China tension #oilprices #USdollar #USChina #Brentoil #coronavirus #COVID19... https://t.co/wb3Qoi8a56,oil low dollar index china tension oilprices usdollar uschina brentoil,0.3383,0.6354,0.0263,Neutral,-0.312,0.6354,0.2971
t00153,2020-07-27 06:52:53,2020-07-27,6,Monday,Bundesinstitut für Arzneimittel u. Medizinprodukte,,Twitter website,Twitter Web App,5975,True,['HMA'],BfArM is working with colleagues across the #HMA and from @EMA_News to facilitate the supply of safe and effective... https://t.co/xaBCUnWGHq,bfarm working colleague across hma facilitate supply safe effective,0.0089,0.6239,0.3672,Neutral,0.3583,0.6239,0.2567
t00154,2020-07-27 06:55:48,2020-07-27,6,Monday,All Trends & Updates,,Twitter website,Twitter Web App,12,False,"['India', 'COVID19']","#India's #COVID19 tally cross 14 Lakhs mark with 708 deaths &amp; highest single-day spike of 49,931 cases reported in... https://t.co/SJapFtIfWt",india tally cross lakh mark death highest spike case reported,0.6715,0.3149,0.0136,Negative,-0.6579,0.6715,0.3566
t00155,2020-07-27 06:57:24,2020-07-27,6,Monday,Qsports Online,United Kingdom,Phone or tablet app,Twitter for Android,68,False,,Discover how our fitness equipments can change your life. . . Enjoy Free Shipping!! For more info: -... https://t.co/oTMg023qJc,discover fitness equipment change life enjoy free shipping info,0.0019,0.0451,0.9529,Positive,0.951,0.9529,0.9078
t00156,2020-07-27 06:59:48,2020-07-27,6,Monday,Rein,Kenya,Phone or tablet app,Twitter for iPhone,40293,False,,@MOH_Kenya is giving attention to body bags more than Medical professionals and healthcare system ( ICU beds ). Kem... https://t.co/OjQGbwdMHR,giving attention body bag medical professional healthcare system icu bed kem,0.3124,0.6722,0.0154,Neutral,-0.297,0.6722,0.3598
t00157,2020-07-27 07:02:04,2020-07-27,7,Monday,J Wolfe,United States,Phone or tablet app,Twitter for iPhone,630,False,"['COVID19', 'COVID', 'coronavirus']",5 COVID-19 Stories the MSM Won’t Report #COVID19 #COVID #coronavirus https://t.co/cBbT3YHQpy via @YouTube,story msm report via,0.4257,0.548,0.0263,Neutral,-0.3994,0.548,0.1222
t00158,2020-07-27 07:02:26,2020-07-27,7,Monday,Business Standard,India,TweetDeck,TweetDeck,1970422,True,"['CoronaVirusUpdates', 'COVID19']",Coronavirus in Uttar Pradesh: Lockdown in Ballia extended till Friday #CoronaVirusUpdates #COVID19 https://t.co/MvYQM6EfcZ,uttar pradesh lockdown ballia extended till friday coronavirusupdates,0.612,0.3727,0.0153,Negative,-0.5967,0.612,0.2393
t00159,2020-07-27 07:07:39,2020-07-27,7,Monday,Awkwardunicorn,South Africa,Phone or tablet app,Twitter for Android,474,False,,"“Fairy tales are more than true: not because they tell us that dragons exist, but because they tell us that dragons... https://t.co/loAuXrMjBj",fairy tale true tell dragon exist tell dragon,0.0059,0.0941,0.9,Positive,0.8941,0.9,0.8059
t00160,2020-07-28 02:59:32,2020-07-28,2,Tuesday,Koko Angela,,Phone or tablet app,Twitter for iPhone,1458,False,,"@realDonaldTrump How can you stand proud of where we are right now? My retirement is ravaged, my PPE is contaminate... https://t.co/sUs8vRHeRn",stand proud right retirement ravaged ppe contaminate,0.9375,0.0563,0.0062,Negative,-0.9313,0.9375,0.8812
t00161,2020-07-28 03:00:01,2020-07-28,3,Tuesday,www.THEPIGEONEXPRESS.com,,TweetDeck,TweetDeck,1013,False,['Kaesong'],"Defector who returned was not coronavirus infected, South Korea says contradicting North's claims...... #Kaesong... https://t.co/1EKJ6pqy0J",defector returned infected south korea say contradicting north claim kaesong,0.0526,0.9043,0.0432,Neutral,-0.0094,0.9043,0.8517
t00162,2020-07-28 03:01:25,2020-07-28,3,Tuesday,Resveratrol Info,United States,Phone or tablet app,Twitter for iPhone,258,False,['COVID19'],"Chief of critical care at Baltimore's Mercy Medical Center, Dr Joseph Costa, passes away due to #COVID19 complicati... https://t.co/OuetDTSiFr",chief critical care baltimore mercy medical center joseph costa pass away due complicati,0.3584,0.6171,0.0245,Neutral,-0.3339,0.6171,0.2587
t00163,2020-07-28 03:35:35,2020-07-28,3,Tuesday,Vignesh Vicky,,Twitter website,Twitter Web App,13,False,,"@A2BRestaurant I was really afraid to order henceforth in ur place, I'm just concerned about the people who order f... https://t.co/joMnHtCYli",really afraid order henceforth place concerned people order,0.8637,0.1289,0.0074,Negative,-0.8563,0.8637,0.7348
t00164,2020-07-28 03:36:33,2020-07-28,3,Tuesday,News Medical,,Twitter website,Twitter Web App,13322,False,,@medrxivpreprint Swiss study shows how critical time is in responding to COVID-19 https://t.co/AWY3jul09V @unibern... https://t.co/n1XSWDeV7C,swiss study show critical time responding,0.0197,0.8978,0.0825,Neutral,0.0628,0.8978,0.8153
t00165,2020-07-28 03:41:06,2020-07-28,3,Tuesday,IIM Indore,,Phone or tablet app,Twitter for iPhone,26516,False,['Unlock3'],"As we approach #Unlock3, how can the uncertainty be eased down? Here’s an insightful policy paper by Prof.... https://t.co/nEXehOAho7",approach uncertainty eased insightful policy paper prof,0.0079,0.6185,0.3736,Neutral,0.3657,0.6185,0.2448
t00166,2020-07-28 03:44:00,2020-07-28,3,Tuesday,TAITRA New Delhi Office,India,TweetDeck,TweetDeck,292,False,"['TAITRA', 'Covid19', 'Taiwan']",#TAITRA launched Anti-#Covid19 Facebook page at https://t.co/gDmh3sqqlM to share #Taiwan experience in fighting... https://t.co/mqhIzDmGFW,taitra launched facebook page share taiwan experience fighting,0.0222,0.8811,0.0968,Neutral,0.0746,0.8811,0.7843
t00167,2020-07-28 03:45:19,2020-07-28,3,Tuesday,"Rijo M John, PhD",India,Twitter website,Twitter Web App,2735,False,['COVID19'],27 July: 14.8L #COVID19 cases &amp; 33463 deaths. 30 States/UTs now have at least 1000 cases. The daily growth of cases... https://t.co/vhqW3XeGTC,july case death least case daily growth case,0.629,0.3544,0.0166,Negative,-0.6124,0.629,0.2746
t00168,2020-07-28 03:56:29,2020-07-28,3,Tuesday,IFRC Asia Pacific,,Twitter website,Twitter Web App,13389,True,,We salute front-line healthcare workers who spend eight to ten hours a day in personal protective equipment as they... https://t.co/qhdYIhkxlV,salute healthcare worker spend eight ten hour day personal protective equipment,0.0092,0.1602,0.8306,Positive,0.8214,0.8306,0.6703
t00169,2020-07-28 03:59:12,2020-07-28,3,Tuesday,GlobalPandemic.NET,Global / unstated,Other or custom app,GlobalPandemic.NET,26112,False,,ALERT: Seattle Mayor Jenny Durkan Claims President Trump is “Responsible” For Criminal Riots in City - Global Pande... https://t.co/3usEwXpRPy,alert seattle mayor jenny durkan claim president trump responsible criminal riot city global pande,0.5642,0.4247,0.0111,Negative,-0.5531,0.5642,0.1395
t00170,2020-07-28 03:59:51,2020-07-28,3,Tuesday,NewYorker9/28🇺🇸,United States,Phone or tablet app,Twitter for iPhone,213,False,['COVID19'],Outside partying like a rockstar during a pandemic #COVID19 😕https://t.co/MuWWyyYy51,outside partying like rockstar pandemic,0.6453,0.309,0.0457,Negative,-0.5996,0.6453,0.3363
t00171,2020-07-28 04:09:57,2020-07-28,4,Tuesday,Laughing Stocks,,Twitter website,Twitter Web App,15,False,"['tuesdayvibes', 'COVID19']",WhatsApp forwards are damn funny! WA credit : @rampuria_nikhil #tuesdayvibes #COVID19 https://t.co/okVfI45twr,whatsapp forward damn funny credit tuesdayvibes,0.0435,0.203,0.7535,Positive,0.71,0.7535,0.5505
t00172,2020-07-28 04:25:23,2020-07-28,4,Tuesday,Dina Guglielmi,United States,Phone or tablet app,Twitter for iPhone,52,False,['COVID19'],@SenSchumer @pbcsd they made deals with @comcast @TMobile @officedepot for kids to have remote learning. #COVID19 h... https://t.co/5JnWTgYXdL,made deal kid remote learning,0.0264,0.9173,0.0562,Neutral,0.0298,0.9173,0.8611
t00173,2020-07-28 04:31:46,2020-07-28,4,Tuesday,IBTimes 🇮🇳,India,Twitter website,Twitter Web App,18339,True,['Pfizer'],"Moderna, Pfizer start decisive COVID vaccine trials, eye year-end launches ▪️ Moderna Inc &amp; #Pfizer Inc launched t... https://t.co/mQlFj45EI7",moderna pfizer start decisive vaccine trial eye launch moderna inc pfizer inc launched,0.0043,0.8446,0.1511,Neutral,0.1468,0.8446,0.6934
t00174,2020-07-28 04:39:42,2020-07-28,4,Tuesday,Truth and Justice,,Phone or tablet app,Twitter for iPhone,2613,False,['COVID19'],#COVID19 Tyranny https://t.co/sh7lt6EPQF,tyranny,0.8311,0.161,0.0079,Negative,-0.8232,0.8311,0.6702
t00175,2020-07-28 04:40:46,2020-07-28,4,Tuesday,Rebecca Rouse,United States,Other or custom app,Global Citizen Mobile App,33,False,['COVID19'],Want to know how you can help to support others locally during #COVID19? Check out this @GlblCtzn article now on ho... https://t.co/XsbR3xinAA,want know help support others locally check article,0.0129,0.6939,0.2932,Neutral,0.2803,0.6939,0.4008
t00176,2020-07-28 04:56:50,2020-07-28,4,Tuesday,Amanda Brooke Moreno,United States,Phone or tablet app,Twitter for Android,801,False,,"Alabama Covid cases are at an all time high and they wanna open churches, schools, sports and everything else? Yes... https://t.co/xtuyx5koYV",alabama case time high wan open church school sport everything else yes,0.7448,0.2351,0.0201,Negative,-0.7247,0.7448,0.5097
t00177,2020-07-28 05:09:11,2020-07-28,5,Tuesday,Surajkumar,,Phone or tablet app,Twitter for iPhone,52,False,"['dipshit', 'COVID19', 'AaradhyaBachchan', 'AbolishThePolice', 'OBAMAGATE', '2020election']",@drsanjaygupta so #dipshit how many #COVID19 you seen and cured? #AaradhyaBachchan #AbolishThePolice #OBAMAGATE #2020election,dipshit many seen cured aaradhyabachchan abolishthepolice obamagate,0.9287,0.0652,0.0062,Negative,-0.9225,0.9287,0.8635
t00178,2020-07-28 05:17:00,2020-07-28,5,Tuesday,MJA,Australia,TweetDeck,TweetDeck,20430,False,"['COVID19', 'openaccess']",#COVID19 and health care environmental hygiene ... Prof @DidierPittet &amp; Alexandra Peters write #openaccess in InSight... https://t.co/6NRkwXYVF4,health care environmental hygiene prof alexandra peter write openaccess insight,0.0156,0.9227,0.0617,Neutral,0.0461,0.9227,0.8609
t00179,2020-07-28 05:18:12,2020-07-28,5,Tuesday,UNICEF Afghanistan,,Twitter website,Twitter Web App,59440,True,"['COVID19', 'Afghanistan']",Thanks to @German_Gov for pioneering through pandemic times of #COVID19 in #Afghanistan. Their flexible &amp; generous... https://t.co/tHxoDu1Its,thanks pioneering pandemic time afghanistan flexible generous,0.0071,0.0742,0.9188,Positive,0.9117,0.9188,0.8446
t00180,2020-07-28 05:21:02,2020-07-28,5,Tuesday,Mr Bubbles ala Brucey Baby,South Africa,Twitter website,Twitter Web App,1429,False,['COVID19'],Second #COVID19 wave forces new travel curbs around the globe,second wave force new travel curb around globe,0.6468,0.3399,0.0133,Negative,-0.6335,0.6468,0.3069
t00181,2020-07-28 05:28:04,2020-07-28,5,Tuesday,The Times Of India,India,Twitter website,Twitter Web App,12984504,True,['COVID19'],"1,215 new #COVID19 cases reported in Odisha, taking the total number of cases to 28,107 including 17,373 recoveries... https://t.co/P3AeyJWepH",new case reported odisha taking total case including recovery,0.205,0.7602,0.0348,Neutral,-0.1702,0.7602,0.5552
t00182,2020-07-28 05:33:02,2020-07-28,5,Tuesday,Roy Morgan,Australia,Scheduling tool,Hootsuite Inc,6726,False,['lockdown'],Melbourne enters Lockdown 2.0 but movement in the CBD higher than during initial stages of first #lockdown. A speci... https://t.co/36G9nN5NSt,melbourne enters lockdown movement cbd higher initial stage first lockdown speci,0.0413,0.9335,0.0251,Neutral,-0.0162,0.9335,0.8922
t00183,2020-07-28 05:35:05,2020-07-28,5,Tuesday,Pennyless Church,United States,Twitter website,Twitter Web App,6477,False,,"@FLOTUS @WhiteHouse 200,000 Americans dead 1,000 Americans a day dying You're the 1st lady of the United States Wha... https://t.co/GcEtKjxxAk",american dead american day dying lady united state wha,0.9167,0.0769,0.0065,Negative,-0.9102,0.9167,0.8398
t00184,2020-07-28 05:54:54,2020-07-28,5,Tuesday,Emily Cosenza,Australia,TweetDeck,TweetDeck,212,False,['COVID19'],#COVID19 UPDATE: SA records one new case today; a woman in her 20s who travelled from Victoria. Professor Nicola Sp... https://t.co/W4ts3fmmwJ,update record one new case today woman travelled victoria professor nicola,0.0658,0.9123,0.0219,Neutral,-0.0439,0.9123,0.8465
t00185,2020-07-28 06:00:44,2020-07-28,6,Tuesday,Jacques Delors Centre,,Scheduling tool,Hootsuite Inc,6721,False,['COVID19'],"„While the exact impact of #COVID19 on migratory movements is still uncertain, the need for a resilient and sustain... https://t.co/PLRZHOoXO7",exact impact migratory movement still uncertain need resilient sustain,0.3375,0.6411,0.0214,Neutral,-0.3161,0.6411,0.3037
t00186,2020-07-28 06:00:54,2020-07-28,6,Tuesday,⚜Raphaela Resists!💫 #FBR🔞#JohnLewisBridge,,Phone or tablet app,Twitter for iPad,2489,False,"['GOPCowards', 'GOPComplicitTraitors', 'GOPCorruptionOverCountry', 'BLM']",☠️☠️ Open Schools—-Are they kidding?? ☠️☠️ #GOPCowards #GOPComplicitTraitors #GOPCorruptionOverCountry #BLM 👇... https://t.co/Oj4Rs14IDy,open kidding gopcowards gopcomplicittraitors gopcorruptionovercountry blm,0.9017,0.0895,0.0088,Negative,-0.8929,0.9017,0.8123
t00187,2020-07-28 06:10:20,2020-07-28,6,Tuesday,IranNewsUpdate,United States,Twitter website,Twitter Web App,15235,True,"['Coronavirus', 'Iran', 'Tehran']","#Coronavirus in #Iran's provinces: #Tehran—234 deaths in two days, 200 medical staff contracted in a hospital... https://t.co/U2CN28ciYz",iran province death two day medical staff contracted hospital,0.8055,0.1879,0.0066,Negative,-0.7989,0.8055,0.6176
t00188,2020-07-28 06:18:13,2020-07-28,6,Tuesday,Alberta Fact Checker 🌈,,Twitter website,Twitter Web App,4073,False,,"There are hundreds of likes, retweets and comments on this. In case you were wondering why the USA has the highest... https://t.co/s6EL0oho7o",hundred like retweets comment case wondering usa highest,0.0287,0.6423,0.329,Neutral,0.3003,0.6423,0.3134
t00189,2020-07-28 06:19:17,2020-07-28,6,Tuesday,Hindustan Times,India,Twitter website,Twitter Web App,7653740,True,"['NewsAlert', 'COVID19']",#NewsAlert | European Central Bank (ECB) tells banks not to pay dividends until January 2021 over #COVID19 crisis (AFP),newsalert european central bank ecb tell bank pay dividend january crisis afp,0.2823,0.6943,0.0234,Neutral,-0.2589,0.6943,0.4119
t00190,2020-07-28 06:19:33,2020-07-28,6,Tuesday,LARIluxembourg,,Twitter website,Twitter Web App,297,False,"['COVID19', 'bioethics', 'researchethics']",Some advice to IRBs/RECs about #COVID19 vaccine challenge trials: https://t.co/vyrFzHpECG #bioethics #researchethics,advice vaccine challenge trial bioethics researchethics,0.0351,0.9238,0.041,Neutral,0.0059,0.9238,0.8828
t00191,2020-07-28 06:20:39,2020-07-28,6,Tuesday,Bodhicitta,,Phone or tablet app,Twitter for Android,179,False,['JizzTRUMPet'],@mattljames11 @MsAlasska86 @DonotInnovate @AngrierWHStaff #JizzTRUMPet reTWEETs This FrootLoop Regularly?... https://t.co/3FcGeQWbos,jizztrumpet retweets frootloop regularly,0.0251,0.9539,0.0211,Neutral,-0.004,0.9539,0.9288
t00192,2020-07-28 06:21:49,2020-07-28,6,Tuesday,Craig Thomler,,Phone or tablet app,Twitter for iPhone,10196,False,,"The whole point of civil unrest is to generate attention &amp; create discomfort for authorities, so I’m regarding the... https://t.co/nuAwaCdMEE",whole point civil unrest generate attention create discomfort authority regarding,0.4181,0.5622,0.0197,Neutral,-0.3984,0.5622,0.1441
t00193,2020-07-28 06:23:45,2020-07-28,6,Tuesday,S L Anand Vaishnov,India,Twitter website,Twitter Web App,691,False,['COVID19'],#COVID19 NOT a JOKE!!!! STAY CAUTIOUSLY PLEASE 🙏🙏🙏🙏 Age group: 20-35 please be serious,joke stay cautiously please age group please serious,0.3443,0.4586,0.1972,Neutral,-0.1471,0.4586,0.1143
t00194,2020-07-28 06:24:38,2020-07-28,6,Tuesday,Dr Vyom Sharma,Australia,Twitter website,Twitter Web App,8049,False,['covid19'],"Brand new study which has found inflammation of the heart was common in a group of #covid19 patients, most of whom... https://t.co/7MHY8zPxWi",brand new study found inflammation heart common group patient,0.1529,0.8183,0.0288,Neutral,-0.1241,0.8183,0.6654
t00195,2020-07-28 06:26:23,2020-07-28,6,Tuesday,Linda Sparrow,Australia,TweetDeck,TweetDeck,1050,False,"['forprofit', 'COVID19']",@richardmcolbeck says the fact that a facility is #forprofit has nothing to do with #COVID19 hitting that sector th... https://t.co/iV3V8h11n0,say fact facility forprofit nothing hitting sector,0.382,0.6008,0.0172,Neutral,-0.3648,0.6008,0.2187
t00196,2020-07-28 06:30:00,2020-07-28,6,Tuesday,Deloitte Africa,,Scheduling tool,Sprinklr,1595,False,['COVID19'],The imperative for inclusive growth is likely to be exacerbated by the #COVID19 crisis. @DeloitteSA hosted a Digita... https://t.co/YpDiPjZINK,imperative inclusive growth likely exacerbated crisis hosted digita,0.5251,0.4437,0.0312,Negative,-0.4939,0.5251,0.0814
t00197,2020-07-28 06:30:00,2020-07-28,6,Tuesday,Lyrium,,TweetDeck,TweetDeck,25,False,"['CocaCola', 'brands', 'digitalmarketing', 'COVID19']",#CocaCola is a clear example of how #brands are maximizing #digitalmarketing in light of the #COVID19 pandemic's im... https://t.co/hicvkJsKOW,cocacola clear example brand maximizing digitalmarketing light pandemic,0.0156,0.491,0.4935,Positive,0.4779,0.4935,0.0025
t00198,2020-07-28 06:34:10,2020-07-28,6,Tuesday,NextLevelTrading,,Twitter website,Twitter Web App,1669,False,['coronavirus'],Trained dogs can now sniff out #coronavirus. I would consider this very good news for sporting events. Just have... https://t.co/AEESkZUPds,trained dog sniff would consider good news sporting event,0.01,0.1031,0.887,Positive,0.877,0.887,0.7839
t00199,2020-07-29 15:57:54,2020-07-29,15,Wednesday,Angela Harmon,,Phone or tablet app,Twitter for Android,604,False,['COVID19'],It's no joke . My patient at 330 this morning went back on the ventilator 2months of fighting #COVID19 yall ain't r... https://t.co/EZV4tHk9pD,joke patient morning went back ventilator fighting yall,0.7629,0.2093,0.0279,Negative,-0.735,0.7629,0.5536
t00200,2020-07-29 15:58:02,2020-07-29,15,Wednesday,NEMS San Francisco,United States,Twitter website,Twitter Web App,214,False,"['WellChildWednesdays', 'pediatric', 'provider']",Join @HRSAgov in celebrating #WellChildWednesdays by scheduling an appointment with your #pediatric #provider today... https://t.co/AgrGZNaWbq,join celebrating wellchildwednesdays scheduling appointment pediatric provider today,0.0015,0.0731,0.9254,Positive,0.9239,0.9254,0.8523
t00201,2020-07-29 15:58:30,2020-07-29,15,Wednesday,Filmy Focus,India,Scheduling tool,Twitter for Advertisers,4755,False,"['Rajamouli', 'SSRajamouli', 'RRR', 'Covid19', 'CoronaVirus']",Rajamouli tested positive for Covid! @ssrajamouli #Rajamouli #SSRajamouli #RRR #Covid19 #CoronaVirus,rajamouli tested positive rajamouli ssrajamouli rrr,0.3013,0.6295,0.0692,Neutral,-0.2321,0.6295,0.3283
t00202,2020-07-29 15:59:08,2020-07-29,15,Wednesday,Judge Rex Marvel,United States,Phone or tablet app,Twitter for iPhone,360,False,,"Dr. @MyronRolle , NFL Veteran, @floridastate Alum, Brain Surgeon &amp; Rhodes Scholar warns of the dangers of staring... https://t.co/GzOzSasImq",nfl veteran alum brain surgeon rhodes scholar warns danger staring,0.105,0.8599,0.0351,Neutral,-0.0699,0.8599,0.7548
t00203,2020-07-29 15:59:19,2020-07-29,15,Wednesday,One_XXL_Dude,,Twitter website,Twitter Web App,111,False,"['LouisGohmert', 'COVID19', 'Gohmert', 'hoax']","Well, well, well... #LouisGohmert has tested positive for #COVID19 - otherwise known as a hoax. #Gohmert is positive for a #hoax.",well well well louisgohmert tested positive otherwise known hoax gohmert positive hoax,0.8148,0.1687,0.0164,Negative,-0.7984,0.8148,0.6461
t00204,2020-07-29 15:59:21,2020-07-29,15,Wednesday,Gina Mantica,,Twitter website,Twitter Web App,633,False,,"When this scientist asks for help, everyone answers the call. And now @utarlington students have access to same-day... https://t.co/ImFynCzKnT",scientist asks help everyone answer call student access,0.0067,0.3708,0.6224,Positive,0.6157,0.6224,0.2516
t00205,2020-07-29 15:59:37,2020-07-29,15,Wednesday,BCSE Clean Energy,,Scheduling tool,Hootsuite Inc,7354,False,"['PoweringForward', 'state', 'resilience', 'COVID19']","TODAY 1:45 pm ET #PoweringForward webinar on #state action on #resilience, #COVID19, featuring: Mike Harryman,... https://t.co/0rR15xHSrt",today poweringforward webinar state action resilience featuring mike harryman,0.0081,0.9296,0.0623,Neutral,0.0542,0.9296,0.8673
t00206,2020-07-29 16:00:02,2020-07-29,16,Wednesday,Deloitte Risk & Financial Advisory,United States,Scheduling tool,Sprinklr,14741,False,['COVID19'],"In a recent survey, 67% of general counsels said their workload increased during #COVID19. Our latest article expla... https://t.co/U2hgxZvHKb",recent survey general counsel said workload increased latest article expla,0.1034,0.8341,0.0625,Neutral,-0.0409,0.8341,0.7307
t00207,2020-07-29 16:00:06,2020-07-29,16,Wednesday,Silvia Bellrock,,Twitter website,Twitter Web App,7135,False,,People in Europe getting out of control changing entry restrictions and quarantine rules for each country daily...... https://t.co/KByAQuASPB,people europe getting control changing entry restriction quarantine rule country daily,0.7398,0.2477,0.0126,Negative,-0.7272,0.7398,0.4921
t00208,2020-07-29 16:00:20,2020-07-29,16,Wednesday,12 Mile Geo,,Phone or tablet app,Twitter for Android,493,False,"['Covid19', 'Madonna']","Don't spread #Covid19 lies, people. BBC News - #Madonna's Instagram account flagged for spreading misinformation https://t.co/ltw1gmAkDG",spread lie people bbc news madonna instagram account flagged spreading misinformation,0.82,0.1713,0.0086,Negative,-0.8114,0.82,0.6487
t00209,2020-07-29 16:00:31,2020-07-29,16,Wednesday,ONA,,Scheduling tool,CoSchedule,3934,False,,"ONA member Jacinta Tucker is an ICU nurse at Cleveland Clinic Union Hospital. ""People are not taking it seriously.... https://t.co/4jYDRS00tk",ona member jacinta tucker icu nurse cleveland clinic union hospital people taking seriously,0.6307,0.358,0.0113,Negative,-0.6194,0.6307,0.2727
t00210,2020-07-29 16:01:02,2020-07-29,16,Wednesday,CANVax,Canada,Scheduling tool,Hootsuite Inc,425,False,['CANVaxRes'],New #CANVaxRes | The Immunization Program in the Context of the COVID-19 Pandemic. Version 2 (24 April 2020) |... https://t.co/B8dgLsA5qb,new canvaxres immunization program context pandemic version april,0.0177,0.9465,0.0358,Neutral,0.0181,0.9465,0.9107
t00211,2020-07-29 16:01:07,2020-07-29,16,Wednesday,DoubleShot Creative,United States,Scheduling tool,Sprout Social,4196,False,,"In the current state of our world, we now more than ever must stop and think about how our actions impact others.... https://t.co/xVjzieFh2K",current state world ever must stop think action impact others,0.1679,0.7681,0.064,Neutral,-0.1039,0.7681,0.6001
t00212,2020-07-29 16:01:22,2020-07-29,16,Wednesday,Dr Mark Robinson,,Twitter website,Twitter Web App,1519,False,['COVID19'],@nowthisnews In every #COVID19 cloud their is a silver headed (or bald) @realDonaldTrump maniac... https://t.co/sgNALBRdUj,every cloud silver headed bald maniac,0.7315,0.236,0.0326,Negative,-0.6989,0.7315,0.4955
t00213,2020-07-29 16:01:28,2020-07-29,16,Wednesday,STEAM Boston,United States,Scheduling tool,Buffer,243,False,"['STEAMBoston', 'jobs', 'pandemic']",Here are some tips on how to look for a full time job during the COVID-19 pandemic: #STEAMBoston #jobs #pandemic... https://t.co/U4ouodo28n,tip look full time job pandemic steamboston job pandemic,0.0459,0.8502,0.1039,Neutral,0.058,0.8502,0.7462
t00214,2020-07-29 16:02:00,2020-07-29,16,Wednesday,laptoptravel,,Twitter website,Twitter Web App,4551,False,"['CARESAct', 'StimulusPayment']",Check the Live: IRS “Get My Payment” Site – Check Status of Your Stimulus Payment #CARESAct #StimulusPayment... https://t.co/4DHWu3CRXP,check live irs get payment site check status stimulus payment caresact stimuluspayment,0.0156,0.9378,0.0466,Neutral,0.031,0.9378,0.8912
t00215,2020-07-29 16:04:12,2020-07-29,16,Wednesday,Brands Taking Stands,Global / unstated,TweetDeck,TweetDeck,29149,False,['BrandsTakingStands'],"We’re at Wednesday, so that means, yes, once again, it’s #BrandsTakingStands Day on @TriplePundit. Stories on... https://t.co/AuDgvujbVj",wednesday mean yes brandstakingstands day story,0.0015,0.2258,0.7727,Positive,0.7712,0.7727,0.5469
t00216,2020-07-29 16:05:00,2020-07-29,16,Wednesday,Publius,,Phone or tablet app,Twitter for iPhone,0,False,,"As a citizen of the United States, it is a duty that we question the government, either at the federal, state, coun... https://t.co/YJfRKsVUta",citizen united state duty question government either federal state coun,0.0556,0.8271,0.1173,Neutral,0.0617,0.8271,0.7098
t00217,2020-07-29 16:05:05,2020-07-29,16,Wednesday,NextDayBetter,,Scheduling tool,Hootsuite Inc,2337,False,,Meet Raj Chaudhary of @sewaaifwmn - an Indian American immigrant who organized the South Asian community to cook th... https://t.co/Z0WXr5rXlN,meet raj chaudhary indian american immigrant organized south asian community cook,0.0048,0.8247,0.1704,Neutral,0.1656,0.8247,0.6543
t00218,2020-07-29 16:05:12,2020-07-29,16,Wednesday,Cullen Tiernan 🇺🇸,,Phone or tablet app,Twitter for iPhone,7685,False,['COVID19'],Love to see the positive energy Dianne is bringing to campaigning during #COVID19 — one silver lining to all of thi... https://t.co/aCGbBlalb1,love see positive energy dianne bringing campaigning one silver lining thi,0.0057,0.0207,0.9736,Positive,0.9679,0.9736,0.9529
t00219,2020-07-29 16:08:21,2020-07-29,16,Wednesday,SERVPRO of Crowley & South Johnson County,United States,Phone or tablet app,Twitter for iPad,769,False,"['help', 'business', 'professionallycleaned', 'employees', 'peaceofmind']","We are here to #help . Having your #business 🏢 #professionallycleaned , offers your #employees #peaceofmind &amp;... https://t.co/u6Dh4IDxqT",help business professionallycleaned offer employee peaceofmind,0.0055,0.2399,0.7546,Positive,0.7491,0.7546,0.5147
t00220,2020-07-29 16:08:39,2020-07-29,16,Wednesday,🗳✊🏾 Bright Bart says FLIP THE SENATE!!!👴🏾🇺🇸,,Phone or tablet app,Twitter for iPhone,15968,False,"['FreeFauci', 'COVID19']",Bars don’t need to be open. #FreeFauci #COVID19,bar need open freefauci,0.6941,0.2887,0.0171,Negative,-0.677,0.6941,0.4054
t00221,2020-07-29 16:10:05,2020-07-29,16,Wednesday,Codemotion,,Scheduling tool,Hootsuite Inc,12974,True,['COVID19'],"IBM has joined forces with others to form the #COVID19 High-Performance Computing Consortium, bringing an unprecede... https://t.co/qTVpPeEhmZ",ibm joined force others form computing consortium bringing unprecede,0.0084,0.7656,0.226,Neutral,0.2176,0.7656,0.5396
t00222,2020-07-29 16:11:21,2020-07-29,16,Wednesday,TomthunkitTM,United States,Other or custom app,The Social Jukebox,73237,False,,"Don’t plan to celebrate THIS MEMORIAL DAY. Instead plan to MOURN the UNNECESSARY LOSS of 100,000+ lives to... https://t.co/xrBrnWuxIu",plan celebrate memorial day instead plan mourn unnecessary loss life,0.8904,0.1021,0.0075,Negative,-0.8829,0.8904,0.7884
t00223,2020-07-29 16:11:58,2020-07-29,16,Wednesday,Humpty-Trumpty,United States,Phone or tablet app,Twitter for iPad,4238,False,"['COVID19', 'TrumpPressConference', 'TrumpVirus']",Trump is definitely hiring these doctors to be his new #COVID19 task force. #TrumpPressConference #TrumpVirus... https://t.co/10S2PjONzQ,trump definitely hiring doctor new task force trumppressconference trumpvirus,0.383,0.5526,0.0644,Neutral,-0.3186,0.5526,0.1697
t00224,2020-07-29 16:13:20,2020-07-29,16,Wednesday,Stephen Quinn,United States,Phone or tablet app,Twitter for iPhone,3489,True,,“Overall our numbers are not particularly encouraging” - State Health Officer Dr. Scott Harris on Alabama’s COVID-1... https://t.co/o4zTkX8lJ2,overall number particularly encouraging state health officer scott harris alabama,0.7458,0.2451,0.0091,Negative,-0.7367,0.7458,0.5007
t00225,2020-07-29 16:14:50,2020-07-29,16,Wednesday,Anita Kissée,United States,Twitter website,Twitter Web App,1271,False,['COVID19'],Looking to get tested for #COVID19 in the Treasure Valley? Start here: https://t.co/Bw3ijjSiXw @IdahoStatesman,looking get tested treasure valley start,0.045,0.8983,0.0567,Neutral,0.0117,0.8983,0.8416
t00226,2020-07-29 16:15:00,2020-07-29,16,Wednesday,YourTV Brockville,Canada,Scheduling tool,Sprout Social,450,False,['COVID19'],"National update on #COVID19 in Canada, as of 7 p.m. yesterday Confirmed Cases 114,994 +397 Active Cases: 5,948 +1... https://t.co/MRoZRMxv96",national update canada yesterday confirmed case active case,0.0568,0.9204,0.0229,Neutral,-0.0339,0.9204,0.8636
t00227,2020-07-29 16:16:11,2020-07-29,16,Wednesday,SpikeToronto,Canada,Phone or tablet app,Twitter for iPhone,2,False,"['COVID19', 'Trump', 'Fauci', 'CV19', 'coronavirus', 'Election2020']",Americans are dying of #COVID19 and #Trump is pouting about #Fauci | @CNN #CV19 #coronavirus #Election2020... https://t.co/864M7spy0c,american dying trump pouting fauci,0.8639,0.1268,0.0093,Negative,-0.8546,0.8639,0.7371
t00228,2020-07-29 16:18:29,2020-07-29,16,Wednesday,The Guy With The Thing That Is AntiFash,,Twitter website,Twitter Web App,125,False,"['TyphoidGOP', 'COVIDIOT', 'COVID19', 'VoteTheGOPOut']",@replouiegohmert is the newest incarnation of #TyphoidGOP #COVIDIOT #COVID19 #VoteTheGOPOut,newest incarnation typhoidgop covidiot votethegopout,0.9366,0.0552,0.0083,Negative,-0.9283,0.9366,0.8814
t00229,2020-07-29 16:19:20,2020-07-29,16,Wednesday,Eric D,,Twitter website,Twitter Web App,12292,False,,"Many will never again take for granted Dusk breaking. The sweet sound of birdsong, the feel of a breeze or rain on... https://t.co/XM6FsgKpC9",many never take granted dusk breaking sweet sound birdsong feel breeze rain,0.0203,0.2643,0.7154,Positive,0.6951,0.7154,0.4511
t00230,2020-07-29 16:19:27,2020-07-29,16,Wednesday,Nazmul Hoda,,Twitter website,Twitter Web App,33,False,,Do you need a data entry specialist? Then you are in the right place. I will do your all kind of data entry related... https://t.co/84e1Pd98NE,need data entry specialist right place kind data entry related,0.0069,0.2833,0.7098,Positive,0.7029,0.7098,0.4266
t00231,2020-07-29 16:22:48,2020-07-29,16,Wednesday,CARE4US,,Scheduling tool,Hootsuite Inc,5,False,"['caresact', 'homeconfinement', 'covid19', 'care4us']",Obey the #caresact - send non violent qualifying inmates to #homeconfinement NOW! #covid19 #care4us https://t.co/Jf275SlSF0,obey caresact send non violent qualifying inmate homeconfinement,0.2772,0.6548,0.0681,Neutral,-0.2091,0.6548,0.3776
t00232,2020-07-29 16:25:38,2020-07-29,16,Wednesday,Madhu Pai,,Twitter website,Twitter Web App,24381,True,['COVID19'],"Name 3 experts who are supremely confident of their ability to advise on any health issue, including #COVID19? My... https://t.co/LeKEw97Nb2",name expert supremely confident ability advise health issue including,0.0255,0.4922,0.4823,Neutral,0.4568,0.4922,0.0099
t00233,2020-07-29 16:26:21,2020-07-29,16,Wednesday,miles BLM,,Phone or tablet app,Twitter for iPhone,17,False,,"@Hxnxnah @DLDAlisa @Amy_Siskind @OregonGovBrown @realDonaldTrump So much winning, am I right? We’re crushing it rig... https://t.co/pBwNnkqPpK",much winning right crushing rig,0.0038,0.0177,0.9786,Positive,0.9748,0.9786,0.9609
t00234,2020-07-29 16:28:37,2020-07-29,16,Wednesday,AdiosCorona,,Phone or tablet app,Twitter for iPhone,136,False,"['scientific', 'papers', 'COVID19', 'transmission', 'airplane', 'flight']",@DrEricDing Please check here for 3 other #scientific #papers analyzing #COVID19 #transmission in #airplane #flight... https://t.co/vhsQthhnpM,please check scientific paper analyzing transmission airplane flight,0.0268,0.9253,0.0479,Neutral,0.0211,0.9253,0.8774
t00235,2020-07-29 16:30:05,2020-07-29,16,Wednesday,Dan,Canada,Phone or tablet app,Twitter for Android,2787,False,"['Traffic', 'WednesdayVibes', 'Stage3', 'COVID19']",Heres a character we havent seen in a while. Careful driving folks! #Traffic #WednesdayVibes #Stage3 #COVID19 https://t.co/DJLIlsCZPF,here character havent seen careful driving folk traffic wednesdayvibes,0.3652,0.5124,0.1224,Neutral,-0.2428,0.5124,0.1471
t00236,2020-07-29 16:30:10,2020-07-29,16,Wednesday,R&R Sports: RoadShow,United States,Cross-posted,Periscope,194,False,['EXCLUSIVE'],"@RoadshowSports #EXCLUSIVE TONIGHT 9pm @realchadricardo and @cr_nlsmedia , bring on @erikrichardsUSA @isaac_dixon3... https://t.co/tWeeAdpIg7",exclusive tonight bring,0.0023,0.7839,0.2138,Neutral,0.2115,0.7839,0.5701
t00237,2020-07-29 16:30:10,2020-07-29,16,Wednesday,Platts Oil,United Kingdom,Scheduling tool,Hootsuite Inc,129847,False,"['PlattsCommodityNews', 'LNG']","🔝 #PlattsCommodityNews EMEA, Jul 30: 📊 Tight Asia market driven by #LNG supply disruptions https://t.co/zxjVm0ydDS... https://t.co/jUhJMRAmR5",plattscommoditynews emea jul tight asia market driven lng supply disruption,0.1546,0.8235,0.0219,Neutral,-0.1327,0.8235,0.6689
t00238,2020-07-29 16:30:19,2020-07-29,16,Wednesday,"Eunice Dugan, MD",,Phone or tablet app,Twitter for iPhone,100,False,['covid19'],Important insight into possible future faces of #covid19 relating to cardiac disease. Many I know are hoping to get... https://t.co/DNEpG5824v,important insight possible future face relating cardiac disease many know hoping get,0.0125,0.3393,0.6481,Positive,0.6356,0.6481,0.3088
t00239,2020-07-30 20:05:20,2020-07-30,20,Thursday,Zuzume Phone Card,,Scheduling tool,Hootsuite Inc,4,False,['longdistancecalls'],Make calls worldwide for the next 30-days with $2 in FREE international &amp; domestic USA #longdistancecalls. Our Free... https://t.co/eNmneu6Kys,make call worldwide next free international domestic usa longdistancecalls free,0.0039,0.5627,0.4334,Neutral,0.4295,0.5627,0.1293
t00240,2020-07-30 20:05:22,2020-07-30,20,Thursday,David Kelly | Dáithí Ó Ceallaigh,Ireland,Phone or tablet app,Twitter for iPhone,1227,False,"['Cork', 'COVID19']",Haven’t one of seen these before - trolly sanitiser @ryanssupervalu Glanmire in #Cork #COVID19 https://t.co/OGJnZMpDpj,one seen trolly sanitiser glanmire cork,0.6618,0.3124,0.0258,Negative,-0.636,0.6618,0.3494
t00241,2020-07-30 20:07:47,2020-07-30,20,Thursday,Summit Americas OAS,United States,Phone or tablet app,Twitter for iPhone,4285,True,,Check out the @OECD policy brief that provides an overview of the role of public communication to adresss... https://t.co/Psd7XPP8gy,check policy brief provides overview role public communication adresss,0.0063,0.813,0.1807,Neutral,0.1744,0.813,0.6324
t00242,2020-07-30 20:10:00,2020-07-30,20,Thursday,Merf Radio,United States,TweetDeck,TweetDeck,1038,False,"['WorkFromHome', 'Coronavirus', 'COVID19']",Come on...own up to it! #WorkFromHome #Coronavirus #COVID19 https://t.co/xgEDX4QEyp,come workfromhome,0.5598,0.37,0.0702,Negative,-0.4896,0.5598,0.1898
t00243,2020-07-30 20:10:09,2020-07-30,20,Thursday,✊🏾Make #Juneteenth a National Holiday,United States,Phone or tablet app,Twitter for iPhone,728,False,"['COVID19', 'CancelRent']",Today is the last day to apply for rent relelief in NYC https://t.co/hEaqdqZc9d #COVID19 #CancelRent,today last day apply rent relelief nyc cancelrent,0.4004,0.5723,0.0274,Neutral,-0.373,0.5723,0.1719
t00244,2020-07-30 20:10:16,2020-07-30,20,Thursday,Stacy O Jackson,,Twitter website,Twitter Web App,1671,False,"['legal', 'COVID19', 'wellbeing']","As chief #legal officers and GCs work hard to support their teams during #COVID19, their personal #wellbeing can be... https://t.co/zCcAaewq1b",chief legal officer gc work hard support team personal wellbeing,0.0236,0.5429,0.4335,Neutral,0.4099,0.5429,0.1094
t00245,2020-07-30 20:10:49,2020-07-30,20,Thursday,Thumper Sillywabbit,United States,Phone or tablet app,Twitter for Android,1203,False,,"Why Mr.President @realDonaldTrump are you not supporting theses physicians? Disband the so-called ""taskforce"".The g... https://t.co/YarHkLFtVY",supporting thesis physician disband taskforce,0.7782,0.2138,0.0081,Negative,-0.7701,0.7782,0.5644
t00246,2020-07-30 20:11:17,2020-07-30,20,Thursday,Chris Leong,United States,Phone or tablet app,Twitter for iPhone,88,False,['COVID19'],"First, hospitals get ordered to start reporting their #COVID19 findings directly to the administration instead of t... https://t.co/ONzqDkzFB4",first hospital get ordered start reporting finding directly administration instead,0.0773,0.8908,0.0319,Neutral,-0.0454,0.8908,0.8135
t00247,2020-07-30 20:12:11,2020-07-30,20,Thursday,upsanddowns,,Phone or tablet app,Twitter for iPhone,1,False,"['COVID19', 'HOAX']",@Bethank56070327 @RealJamesWoods I tweeted this yesterday... #COVID19 is a #HOAX yes it’s a real virus but look at... https://t.co/01I5zqijh8,tweeted yesterday hoax yes real virus look,0.715,0.2649,0.0201,Negative,-0.6949,0.715,0.4501
t00248,2020-07-30 20:12:13,2020-07-30,20,Thursday,The Muthoka®,Kenya,Phone or tablet app,Twitter for Android,11269,False,"['Covid_19', 'COVID19']",SARS-CoV-2 may be here to stay. #Covid_19 #COVID19 https://t.co/1VAlrxynbg,may stay,0.7269,0.2548,0.0183,Negative,-0.7086,0.7269,0.4722
t00249,2020-07-30 20:13:25,2020-07-30,20,Thursday,stillblockedbyeaves,,Phone or tablet app,Twitter for iPhone,112,False,['COVID19'],Visited a daycare today... Teen girl working wasn’t wearing a mask. #COVID19 @GovAndyBeshear,visited daycare today teen girl working wearing mask,0.5481,0.4276,0.0244,Negative,-0.5237,0.5481,0.1205
t00250,2020-07-30 20:13:39,2020-07-30,20,Thursday,Ashleigh Lovett,United States,Twitter website,Twitter Web App,881,False,,This tragedy will impact the most vulnerable for years to come. Children have lost parents/caregivers &amp; crucial edu... https://t.co/67AjWeAK4h,tragedy impact vulnerable year come child lost crucial edu,0.8733,0.1182,0.0085,Negative,-0.8648,0.8733,0.7551
t00251,2020-07-30 20:14:02,2020-07-30,20,Thursday,Martin Prince,United Kingdom,Phone or tablet app,Twitter for Android,1975,False,"['Ethiopia', 'COVID19']",#Ethiopia @FMoHealth continues to increase #COVID19 test capacity exponentially; essential for intelligence on the... https://t.co/ZfHiTMV3GP,ethiopia continues increase test capacity exponentially essential intelligence,0.0187,0.5096,0.4717,Neutral,0.453,0.5096,0.0379
t00252,2020-07-30 20:14:46,2020-07-30,20,Thursday,Allison Sharpley,United States,Phone or tablet app,Twitter for Android,53,False,,This makes sense. Trump never pushes for anything to happen unless he's somehow going to make money off of it.... https://t.co/hMevXUXB8C,make sense trump never push anything happen unless somehow going make money,0.3013,0.6056,0.0931,Neutral,-0.2082,0.6056,0.3043
t00253,2020-07-30 20:14:54,2020-07-30,20,Thursday,EC,,Twitter website,Twitter Web App,25,False,,Why are you wearing a mask when the test for the virus 🦠 is 6 inches deep into your skull ‘Unprotected sneezing an... https://t.co/gNT897nV0s,wearing mask test virus inch deep skull unprotected sneezing,0.6654,0.3201,0.0144,Negative,-0.651,0.6654,0.3453
t00254,2020-07-30 20:16:15,2020-07-30,20,Thursday,Mobile Payments Conference,United States,Twitter website,Twitter Web App,2085,False,"['MPC20', 'MPCevent', 'virtual', 'digitalwallet', 'mobilepayments']","Small business, big partnerships? Join us @MPC20 now! #MPC20 #MPCevent #virtual #digitalwallet #mobilepayments... https://t.co/MeYff1q29k",small business big partnership join mpcevent virtual digitalwallet mobilepayments,0.0033,0.2724,0.7243,Positive,0.721,0.7243,0.4519
t00255,2020-07-30 20:16:25,2020-07-30,20,Thursday,Gelo Bap,Canada,Phone or tablet app,Twitter for Android,239,False,['RIPJohnLewis'],PREACH !!!! How can we ask people to vote if we make it so difficult for them to do so??? WTF #RIPJohnLewis... https://t.co/24z01l1nsD,preach ask people vote make difficult wtf ripjohnlewis,0.8765,0.1159,0.0076,Negative,-0.8689,0.8765,0.7607
t00256,2020-07-30 20:17:11,2020-07-30,20,Thursday,Ms. Net,,Phone or tablet app,Twitter for iPhone,3841,False,,"@mjhegar @JohnCornyn May 18, 2018 @SenSherrodBrown wrote @POTUS asking why he dismantled our global pandemic unit &amp;... https://t.co/lfEOTk4ng9",may wrote asking dismantled global pandemic unit,0.3888,0.6,0.0112,Neutral,-0.3776,0.6,0.2113
t00257,2020-07-30 20:19:08,2020-07-30,20,Thursday,UBA Group,,Phone or tablet app,Twitter for iPhone,711128,True,['COVID19'],“The transformation heightened by #COVID19 is the new way as UBA has seen remarkable increase in the use of its dig... https://t.co/TBxrpX78T6,transformation heightened new way uba seen remarkable increase use dig,0.0086,0.3715,0.6199,Positive,0.6113,0.6199,0.2484
t00258,2020-07-30 20:19:43,2020-07-30,20,Thursday,Marco Tonetti,,Phone or tablet app,Twitter for iPhone,34709,False,"['HermanCain', 'covid19']",@realDonaldTrump Didn’t #HermanCain died after contracting the #covid19 virus at your own hoax party?,hermancain died contracting virus hoax party,0.8785,0.1159,0.0056,Negative,-0.8729,0.8785,0.7626
t00259,2020-07-30 20:20:26,2020-07-30,20,Thursday,Plotkarazzo,United Kingdom,Phone or tablet app,Twitter for iPhone,674,False,,@dbriter @tonyposnanski @realDonaldTrump . @dbriter maybe you should have checked out the statement on his website... https://t.co/QZxoKPkUzn,maybe checked statement website,0.0284,0.9523,0.0193,Neutral,-0.0091,0.9523,0.9239
t00260,2020-07-30 20:21:41,2020-07-30,20,Thursday,Sıdıka Öpöz (Ruhumun kelamı),,Phone or tablet app,Twitter for Android,14,False,,Most beautyful skyline ever.. Like everything is perfect and we are not dealing with an epidemic since march 2020.... https://t.co/oQG7moDVQe,beautyful skyline ever like everything perfect dealing epidemic since march,0.0068,0.02,0.9733,Positive,0.9665,0.9733,0.9533
t00261,2020-07-30 20:21:57,2020-07-30,20,Thursday,Stephanie Moulton Sarkis PhD,United States,Phone or tablet app,Twitter for iPhone,11697,False,['COVID19'],Please reach out to @natashadaly if you have a pet that tested positive for #COVID19 or are researching Covid in do... https://t.co/US0ZDCfHMe,please reach pet tested positive researching,0.1429,0.8221,0.0351,Neutral,-0.1078,0.8221,0.6792
t00262,2020-07-30 20:23:09,2020-07-30,20,Thursday,St. Lucie County,United States,Twitter website,Twitter Web App,4204,False,"['COVID19', 'TropicalStormIsaias']","St. Lucie County #COVID19 and #TropicalStormIsaias Update July 30, 2020 - https://t.co/eUq2f860CN",lucie county tropicalstormisaias update july,0.0731,0.9099,0.017,Neutral,-0.0561,0.9099,0.8369
t00263,2020-07-30 20:24:17,2020-07-30,20,Thursday,AFSC,Global / unstated,Twitter website,Twitter Web App,17696,False,['COVID19'],".@SpeakerPelosi, @SenSchumer More than 10,000 people in federal prisons have tested positive for #COVID19. Congress... https://t.co/IxlrLApUSK",people federal prison tested positive congress,0.4104,0.5712,0.0184,Neutral,-0.392,0.5712,0.1608
t00264,2020-07-30 20:26:29,2020-07-30,20,Thursday,beenewsdaily,United States,Phone or tablet app,Twitter for iPhone,4269,False,['Economy'],"#Economy: GDP shrank at an annual rate of 32.9%, according to the Bureau of Economic Analysis, the agency that publ... https://t.co/HDggQn0nmM",economy gdp shrank annual rate according bureau economic analysis agency publ,0.533,0.4476,0.0194,Negative,-0.5136,0.533,0.0853
t00265,2020-07-30 20:27:01,2020-07-30,20,Thursday,Worldpay Global,Global / unstated,Scheduling tool,Sprinklr,21660,True,,The pandemic has disrupted many travel plans. We wanted to know how travel providers compensated their customers du... https://t.co/DoSsFcIL9c,pandemic disrupted many travel plan wanted know travel provider compensated customer,0.6194,0.3633,0.0173,Negative,-0.6021,0.6194,0.2562
t00266,2020-07-30 20:28:28,2020-07-30,20,Thursday,Mike,,Phone or tablet app,Twitter for Android,522,False,['COVID19'],#COVID19 making a killing I bet https://t.co/wV6WqS5At1,making killing bet,0.4425,0.4579,0.0996,Neutral,-0.3429,0.4579,0.0154
t00267,2020-07-30 20:28:43,2020-07-30,20,Thursday,cumberickman PersonWomanManCameraTV,,Phone or tablet app,Twitter for iPad,300,False,"['HermanCain', 'coronavirus']",@RudyGiuliani #HermanCain died of #coronavirus. Because @realDonaldTrump &amp; the @GOP ridiculed masks. He got... https://t.co/aEPZEY0OP2,hermancain died ridiculed mask got,0.8493,0.1423,0.0084,Negative,-0.8409,0.8493,0.707
t00268,2020-07-30 20:28:47,2020-07-30,20,Thursday,Inner voice,,Phone or tablet app,Twitter for iPad,0,False,"['COVID19', 'Albertastrong']",@660NEWS What’s the rest of Canada smoking ? Do they not see the rising debt levels and unemployment due to #COVID19 ? #Albertastrong 👍,rest canada smoking see rising debt level unemployment due albertastrong,0.3627,0.5781,0.0592,Neutral,-0.3035,0.5781,0.2154
t00269,2020-07-30 20:28:54,2020-07-30,20,Thursday,David Wright,,Twitter website,Twitter Web App,206,False,"['F1', 'Covid19', 'BritishGP']",Get well soon Checo. I don't care who replaces him I just hope he recovers and recovers well. #F1 #Covid19 #BritishGP,get well soon checo care replaces hope recovers recovers well britishgp,0.0486,0.2508,0.7007,Positive,0.6521,0.7007,0.4499
t00270,2020-07-30 20:30:03,2020-07-30,20,Thursday,GLOBAL CRISIS MONITORING,,Twitter website,Twitter Web App,177,False,"['COVID19', 'science', 'US', 'children']",#COVID19 #science in the #US -- New findings: #children appear to transmit in the same way adults do.,science new finding child appear transmit way adult,0.2791,0.6994,0.0215,Neutral,-0.2576,0.6994,0.4203
t00271,2020-07-30 20:31:42,2020-07-30,20,Thursday,Kirk Johnson,United States,Twitter website,Twitter Web App,43,False,"['COVID19', 'coronavirus']","I just got my answer; no mention at all of #COVID19, #coronavirus or even one of his moronic nicknames that exposes... https://t.co/H9XfArGZpG",got answer mention even one moronic nickname expose,0.6967,0.2835,0.0197,Negative,-0.677,0.6967,0.4132
t00272,2020-07-30 20:31:51,2020-07-30,20,Thursday,Inner voice,,Phone or tablet app,Twitter for iPad,0,False,['COVID19'],"@DailyMailUK Just when we’re winning #COVID19 wars, the unexpected strikes 🥺 https://t.co/9LU9CBamtF",winning war unexpected strike,0.7701,0.1873,0.0426,Negative,-0.7275,0.7701,0.5828
t00273,2020-07-30 20:32:08,2020-07-30,20,Thursday,Paul Middleton,United Kingdom,Twitter website,Twitter Web App,4045,False,['Covid19'],"Important #Covid19 message for Manchester, East Lancashire and West Yorkshire. https://t.co/77eOogsvnO",important message manchester east lancashire west yorkshire,0.011,0.7256,0.2634,Neutral,0.2524,0.7256,0.4622
t00274,2020-07-30 20:32:19,2020-07-30,20,Thursday,Chester Payne,,Twitter website,Twitter Web App,71,False,"['ProtectNurses', 'COVID19']",Tell the U.S. Senate to pass critical protections for nurses. #ProtectNurses during #COVID19. Sign @NationalNurses... https://t.co/X57AYhqCso,tell senate pas critical protection nurse protectnurses sign,0.0344,0.6463,0.3192,Neutral,0.2848,0.6463,0.3271
t00275,2020-07-30 20:32:35,2020-07-30,20,Thursday,VioletBeauXXX,United States,Cross-posted,Instagram,1200,False,"['Stream', 'peekssocial', 'Bored', 'COVID19', 'CoronaVirus', 'Quarantine']",Come check out my #Stream on #peekssocial the link is in my bio #Bored #COVID19 #CoronaVirus #Quarantine... https://t.co/iYUd7J7zrk,come check stream peekssocial link bio bored quarantine,0.1304,0.8131,0.0565,Neutral,-0.0739,0.8131,0.6828
t00276,2020-07-30 20:35:05,2020-07-30,20,Thursday,Pikes Peak Regional Building,United States,Twitter website,Twitter Web App,159,False,,Don't forget your mask.... and don't forget to wear it correctly. Health officials say wearing it the right way is... https://t.co/N3mfcTEDCj,forget mask forget wear correctly health official say wearing right way,0.019,0.4783,0.5027,Positive,0.4837,0.5027,0.0244
t00277,2020-07-30 20:37:14,2020-07-30,20,Thursday,Deuce,United States,Twitter website,Twitter Web App,3526,False,['COVID19'],"Wait, I thought his boy Trump said that #COVID19 was a hoax? Looks like he believed him and learned the ""hard"" way.... https://t.co/6YLH6YHc4F",wait thought boy trump said hoax look like believed learned hard way,0.6394,0.3328,0.0279,Negative,-0.6115,0.6394,0.3066
t00278,2020-07-30 20:39:23,2020-07-30,20,Thursday,Amar Kelkar MD,United States,Twitter website,Twitter Web App,1617,True,,"Only successful firms would receive an award ~$37.7 billion/company), as opposed to ""push"" funding (funding with up... https://t.co/jSGJCkAjah",successful firm would receive award opposed push funding funding,0.052,0.7918,0.1562,Neutral,0.1042,0.7918,0.6356
t00279,2020-07-31 17:00:45,2020-07-31,17,Friday,MPO Magazine,United States,Scheduling tool,Hootsuite Inc,1577,False,['COVID19'],U.S. gov't invests in @BDandCo Veritor solution for rapid #COVID19 diagnostic testing https://t.co/yx1HsybmJd https://t.co/oy4cXJImEX,invests veritor solution rapid diagnostic testing,0.0075,0.8529,0.1396,Neutral,0.1321,0.8529,0.7133
t00280,2020-07-31 17:01:00,2020-07-31,17,Friday,Olivier Schmouker,Canada,TweetDeck,TweetDeck,4785,False,['COVID19'],Brazil &amp; Mexico are suffering especially badly from #COVID19 because their presidents are following the pandemic-re... https://t.co/bqYTEoX06L,brazil mexico suffering especially badly president following,0.9029,0.0912,0.0059,Negative,-0.897,0.9029,0.8117
t00281,2020-07-31 17:01:57,2020-07-31,17,Friday,Maureen Ballard,United States,Phone or tablet app,Twitter for Android,360,False,['cysticfibrosis'],.@maziehirono No person with #cysticfibrosis should be forced to choose between their health and their livelihood d... https://t.co/gNuPYJD4wH,person cysticfibrosis forced choose health livelihood,0.7783,0.2136,0.0081,Negative,-0.7702,0.7783,0.5648
t00282,2020-07-31 17:24:32,2020-07-31,17,Friday,FactFinder,United States,Scheduling tool,Hootsuite Inc,160,False,"['covid19', 'india']",@fayedsouza #covid19 in #india is out of control. better prioritize what india needs to do. https://t.co/gk9FlnhVR6,india control better prioritize india need,0.8551,0.1338,0.0111,Negative,-0.844,0.8551,0.7214
t00283,2020-07-31 17:25:02,2020-07-31,17,Friday,Jeremiah Horrigan,United States,Twitter website,Twitter Web App,748,False,['resist'],@RobAnderson2018 Fauci looks so bemused by this gibbering trumpaanzee. Like a visitor to the Monkey House. #resist... https://t.co/zCZurvyHxe,fauci look bemused gibbering trumpaanzee like visitor monkey house resist,0.879,0.1084,0.0126,Negative,-0.8664,0.879,0.7706
t00284,2020-07-31 17:28:06,2020-07-31,17,Friday,Amrit,Canada,Twitter website,Twitter Web App,629,False,['statusforall'],"Just left messages for @marcomendicino, @JustinTrudeau, and @HonEdFast. We need #statusforall migrant and undocumen... https://t.co/s3sotCb2fq",left message need statusforall migrant undocumen,0.0558,0.8336,0.1107,Neutral,0.0549,0.8336,0.7229
t00285,2020-07-31 17:30:04,2020-07-31,17,Friday,dphole,United States,Cross-posted,LinkedIn,79,False,"['Covid19', 'EmployeeExperience']",Break down the break room. #Covid19 has changed the #EmployeeExperience—and the perks employers provide. https://t.co/6fqsANGal4,break break room changed perk employer provide,0.1005,0.7115,0.188,Neutral,0.0875,0.7115,0.5235
t00286,2020-07-31 17:30:30,2020-07-31,17,Friday,John Stickley #🅼🅰🅶🅰,,Phone or tablet app,Twitter for Android,12665,False,"['DrRichardBartlett', 'Texas']","@IngrahamAngle @healthysuzi Yet none of you look at the FACT of #DrRichardBartlett, of #Texas, who has saved EVERY... https://t.co/hrmKRVqmZ7",yet none look fact drrichardbartlett texas saved every,0.1855,0.5409,0.2736,Neutral,0.0881,0.5409,0.2673
t00287,2020-07-31 17:33:33,2020-07-31,17,Friday,Parikiaki Newspaper,United Kingdom,Phone or tablet app,Twitter for Android,5978,False,,Recent COVID-19 developments in Cyprus President – scientific advisory team meeting following spike in new cases... https://t.co/YAdFuI50pB,recent development cyprus president scientific advisory team meeting following spike new case,0.0478,0.917,0.0352,Neutral,-0.0126,0.917,0.8691
t00288,2020-07-31 17:38:14,2020-07-31,17,Friday,ISR Reports,,Scheduling tool,Hootsuite Inc,1597,False,['covid19'],"With no end in sight for #covid19, @Science37x, a leader in virtual clinical trials, announced plans to expand its... https://t.co/lY3JMZSkaw",end sight leader virtual clinical trial announced plan expand,0.0376,0.8322,0.1303,Neutral,0.0927,0.8322,0.7019
t00289,2020-07-31 17:40:32,2020-07-31,17,Friday,Coronavirus Updates - Alexander Higgins,,Other or custom app,Alexander Higgins,17420,False,,"Nevada reports 1,264 new cases and 29 new deaths bringing total confirmed cases there to 48,088 and 830 total death... https://t.co/psr5BliAyX",nevada report new case new death bringing total confirmed case total death,0.5891,0.3994,0.0115,Negative,-0.5776,0.5891,0.1898
t00290,2020-07-31 17:40:44,2020-07-31,17,Friday,Ann Davis Garvin 🎃 🧙♀️ 🖤,United States,Twitter website,Twitter Web App,1135,False,['COVID19'],"@profevanbennett I think the cardiologists are seeing the ""downstream effects"" of #COVID19",think cardiologist seeing downstream effect,0.204,0.7547,0.0413,Neutral,-0.1627,0.7547,0.5507
t00291,2020-07-31 17:49:08,2020-07-31,17,Friday,8min 46sec,,TweetDeck,TweetDeck,7021,False,"['uspoli', 'covid19', 'uspolitics', 'bunkerboy', 'maga', 'kag', 'PersonWomanManCameraTv']",#uspoli djt #covid19 vs Flog by @roweafr https://t.co/isdiKqJL0x #uspolitics #bunkerboy 🇺🇸🇺🇸🇺🇸🇺🇸 #maga #kag #PersonWomanManCameraTv,uspoli djt flog uspolitics bunkerboy maga kag personwomanmancameratv,0.143,0.7746,0.0824,Neutral,-0.0606,0.7746,0.6317
t00292,2020-07-31 18:00:24,2020-07-31,18,Friday,Ander J,Nigeria,Other or custom app,Socialchief,1,False,,The UK suspends it lock down ease plans following recent spikes of corona virus infections. Read here... https://t.co/UnHDPdhhvh,suspends lock ease plan following recent spike corona virus infection read,0.5924,0.3988,0.0088,Negative,-0.5836,0.5924,0.1936
t00293,2020-07-31 18:03:23,2020-07-31,18,Friday,Russ Pearce,,Phone or tablet app,Twitter for Android,506,False,,Absolutely disgusted by @opodo. For 3 months you've said the refund is on its way and now you say @TurkishAirlines... https://t.co/gsJ81sCrWJ,absolutely disgusted month said refund way say,0.9183,0.0739,0.0078,Negative,-0.9105,0.9183,0.8444
t00294,2020-07-31 18:07:57,2020-07-31,18,Friday,facelessloser,,Scheduling tool,FalconPro3,470,False,,Just an FYI there were this many cases and deaths as they were opening pubs but no one seamed to care or was it the... https://t.co/e644rrHRx6,fyi many case death opening pub one seamed care,0.766,0.2249,0.0091,Negative,-0.7569,0.766,0.541
t00295,2020-07-31 18:08:32,2020-07-31,18,Friday,Mone C.,Canada,Phone or tablet app,Twitter for Android,285,False,"['Travel', 'COVID19', 'covid19Qc']",#Travel before September #COVID19 #covid19Qc https://t.co/h8V53tYTEq,travel september,0.1715,0.8048,0.0237,Neutral,-0.1478,0.8048,0.6333
t00296,2020-07-31 18:17:30,2020-07-31,18,Friday,Tony,,Twitter website,Twitter Web App,261,False,['COVID19'],"@thehill @GOP: You own this disaster. No, I don't just mean #COVID19. I mean this man who is talking about rigged e... https://t.co/KJS6bQqljO",disaster mean mean man talking rigged,0.9366,0.0587,0.0047,Negative,-0.9319,0.9366,0.8779
t00297,2020-07-31 18:25:04,2020-07-31,18,Friday,NHC,United States,Scheduling tool,Hootsuite Inc,9205,False,"['rentrelief', 'renters', 'eviction', 'covid19']",Federal #rentrelief is in limbo as millions of #renters are at risk of #eviction during #covid19. NHC is committed... https://t.co/dT85JKwCRQ,federal rentrelief limbo million renter risk eviction nhc committed,0.7369,0.2543,0.0088,Negative,-0.7281,0.7369,0.4826
t00298,2020-07-31 18:29:17,2020-07-31,18,Friday,Jeannie Lee@CBC,Canada,Phone or tablet app,Twitter for Android,4074,True,,"Oh hi, Stage 3 But when you're done, let's never see you again Or your buddies Stages 2 and 1 And your gang lead... https://t.co/N9trbzEBiW",stage done let never see buddy stage gang lead,0.323,0.5401,0.137,Neutral,-0.186,0.5401,0.2171
t00299,2020-07-31 18:29:58,2020-07-31,18,Friday,Ms Rothwell,,Phone or tablet app,Twitter for iPhone,390,False,"['COVID19', 'healthcareheroes']","Thank you essential workers, you deserve better! #COVID19 #healthcareheroes @ontarionurses https://t.co/eXhbFsH2SZ",thank essential worker deserve better healthcareheroes,0.0159,0.0622,0.9219,Positive,0.906,0.9219,0.8598
t00300,2020-07-31 18:30:50,2020-07-31,18,Friday,UBC MPPGA Program,Canada,Scheduling tool,Hootsuite Inc,2427,False,['COVID19'],Are you relying on public transit this summer and struggling financially due to #COVID19? You may be eligible for t... https://t.co/wJZQhQi3kI,relying public transit summer struggling financially due may eligible,0.2975,0.6569,0.0456,Neutral,-0.2519,0.6569,0.3594
t00301,2020-07-31 18:34:04,2020-07-31,18,Friday,Basant Chaudhury #bkc,United Kingdom,Twitter website,Twitter Web App,59,False,['COVID19'],@rahulkanwal - very comprehensive -well done -but surely a person of your calibre should be focussing on #COVID19... https://t.co/f1Mugy8KpF,comprehensive done surely person calibre focussing,0.0218,0.1221,0.8561,Positive,0.8343,0.8561,0.734
t00302,2020-07-31 18:37:18,2020-07-31,18,Friday,Lucie Low,United States,Phone or tablet app,Twitter for iPhone,568,False,"['RADx', 'COVID19']",Live now! Hear how the #RADx program is helping ramp up testing capability for #COVID19! https://t.co/YjgrPkXqCt,live hear radx program helping ramp testing capability,0.0043,0.326,0.6697,Positive,0.6654,0.6697,0.3438
t00303,2020-07-31 18:38:37,2020-07-31,18,Friday,Angie,United States,Phone or tablet app,Twitter for iPhone,1007,False,,@washk12 @GovHerbert @SWUHEALTH @pvhs1983 here are some questions for you since you shouldn’t be educating anyone.... https://t.co/yWt5rJ7O7K,question since educating anyone,0.6856,0.307,0.0074,Negative,-0.6782,0.6856,0.3786
t00304,2020-07-31 18:49:28,2020-07-31,18,Friday,Galen Carey,United States,Twitter website,Twitter Web App,1074,False,['COVID19'],"The @NAEvangelicals take on Nevada's disparate #COVID19 treatment of casinos, bowling alleys, breweries and fitness... https://t.co/jhfhuFjcVj",take nevada disparate treatment casino bowling alley brewery fitness,0.0587,0.9234,0.0178,Neutral,-0.0409,0.9234,0.8647
t00305,2020-07-31 18:53:56,2020-07-31,18,Friday,Michael Costello,United States,Twitter website,Twitter Web App,397,False,['COVID19'],"By all means @JoeBiden and @DNC , keep defending China. #COVID19 https://t.co/1a6j9Fpfxn",mean keep defending china,0.3446,0.5576,0.0978,Neutral,-0.2468,0.5576,0.2129
t00306,2020-07-31 18:54:05,2020-07-31,18,Friday,Chris Hendel,United States,Twitter website,Twitter Web App,2035,False,"['COVID', 'COVID19']","Ugh.....damn this virus. #COVID damage from head to toe. From ‘brain fog’ to heart damage, #COVID19’s lingering p... https://t.co/jE1M27d1Jg",ugh damn virus damage head toe brain fog heart damage lingering,0.9425,0.0506,0.0069,Negative,-0.9356,0.9425,0.8919
t00307,2020-07-31 19:00:46,2020-07-31,19,Friday,Diamond Delivery,,Scheduling tool,HeyOrca,369,False,"['freight', 'covid19']",Analysts suggest that freight market is recovering. https://t.co/PIg8yVEGnY #freight #covid19 https://t.co/oAhcsKoynh,analyst suggest freight market recovering freight,0.0104,0.596,0.3935,Neutral,0.3831,0.596,0.2025
t00308,2020-07-31 19:05:19,2020-07-31,19,Friday,Poliview,,Scheduling tool,Hootsuite Inc,2,False,"['safetyfirst', 'covid19', 'startupculture']",Just a few tips in order to stay during these times! #safetyfirst #covid19 #startupculture https://t.co/CteQNOmWDp,tip order stay time safetyfirst startupculture,0.0559,0.5791,0.3649,Neutral,0.309,0.5791,0.2142
t00309,2020-07-31 19:06:00,2020-07-31,19,Friday,Vice-Admiral Haydn Edmundson,Canada,Twitter website,Twitter Web App,1526,False,"['StaySafe', 'WearAMask']","Wishing all our Defence Team members a great long weekend! Have fun, but be sure to #StaySafe. #WearAMask... https://t.co/ufvPJBx0Bu",wishing defence team member great long weekend fun sure staysafe wearamask,0.0023,0.0154,0.9823,Positive,0.98,0.9823,0.9669
t00310,2020-07-31 19:06:03,2020-07-31,19,Friday,CJA - Canadian Journal of Anesthesia,Canada,Scheduling tool,Buffer,9728,False,"['SARSCoV2', 'COVID19', 'Anesthesia']",Re-visiting preoperative #SARSCoV2 testing using a Bayesian approach https://t.co/JoqjQoEF39 #COVID19 #Anesthesia... https://t.co/H6MV2RZPKq,preoperative testing using bayesian approach anesthesia,0.0443,0.9238,0.0319,Neutral,-0.0124,0.9238,0.8795
t00311,2020-07-31 19:06:53,2020-07-31,19,Friday,NCCPR,United States,TweetDeck,TweetDeck,2324,False,,@elizashapiro @NYTMetro @kendrahurleynyc [6/7] ... — a much-needed respite from the intense and relentless surveillan... https://t.co/GHpFlN8V5d,respite intense relentless surveillan,0.0156,0.6036,0.3808,Neutral,0.3652,0.6036,0.2227
t00312,2020-07-31 19:07:26,2020-07-31,19,Friday,Lauren Barrett,United States,Phone or tablet app,Twitter for iPhone,295,False,,"“Smile with your eyes, scream inside your heart, #2020” @maddie_sofia &amp; @samsanders generating my new life motto... https://t.co/kQ60S2Yleb",smile eye scream inside heart generating new life motto,0.015,0.2812,0.7038,Positive,0.6888,0.7038,0.4226
t00313,2020-07-31 19:08:41,2020-07-31,19,Friday,"Chandan Khandai, MD",United States,Phone or tablet app,Twitter for iPhone,1772,False,"['COVID19', 'WearAMask']",When they said “The South Will Rise Again” I don’t think they meant this 😑#COVID19 #WearAMask https://t.co/a6jYR5GyZ3,said south rise think meant wearamask,0.7946,0.1911,0.0143,Negative,-0.7803,0.7946,0.6035
t00314,2020-07-31 19:09:07,2020-07-31,19,Friday,Senator John Gordner,United States,Twitter website,Twitter Web App,1539,True,"['PASenate', 'COVID19']","The #PASenate approved nearly 2 dozen bills in response to the #COVID19 pandemic. Other measures reform government,... https://t.co/UKOh2hNndn",pasenate approved nearly dozen bill response pandemic measure reform government,0.02,0.8782,0.1018,Neutral,0.0818,0.8782,0.7764
t00315,2020-07-31 19:10:07,2020-07-31,19,Friday,SheilaZulfiqarAhmed1,Pakistan,Twitter website,Twitter Web App,233,False,,"@jasghar Eid Munarik to all the scientists , doctors &amp; health workers of Pak Our heroes in our struggle against... https://t.co/U1ohWD9jYo",eid munarik scientist doctor health worker pak hero struggle,0.0055,0.0893,0.9052,Positive,0.8997,0.9052,0.8158
t00316,2020-07-31 19:12:30,2020-07-31,19,Friday,KushMyBud,,Twitter website,Twitter Web App,56,False,['COVID19'],"$TRIB looks already busy with #COVID19 between Jamestown and their Immco facility in Buffalo, while they waiting f... https://t.co/MZQtjuTSzc",trib look already busy jamestown immco facility buffalo waiting,0.4963,0.477,0.0266,Negative,-0.4697,0.4963,0.0193
t00317,2020-07-31 19:12:40,2020-07-31,19,Friday,@holiness #VoteBlueNoMatterWho,United States,Twitter website,Twitter Web App,407,False,,Can you be a part of the true body of Christ and side with Donald Trump? I don't see how. https://t.co/dQ2IAndPSz... https://t.co/25UH854h2g,part true body christ side donald trump see,0.8193,0.1715,0.0091,Negative,-0.8102,0.8193,0.6478
t00318,2020-07-31 19:15:30,2020-07-31,19,Friday,IMEC,,Scheduling tool,HubSpot,2514,False,"['FMLA', 'FLSA', 'FFCRA']","Last week, the @usdol issued new guidelines under the #FMLA, #FLSA, and #FFCRA - our friends at @Greensfelder highl... https://t.co/GqaN2DbAEH",last week issued new guideline fmla flsa ffcra friend highl,0.007,0.9203,0.0727,Neutral,0.0657,0.9203,0.8476
t00319,2020-08-01 15:43:27,2020-08-01,15,Saturday,CC,United Kingdom,Phone or tablet app,Twitter for Android,78,False,"['MSM', 'CNN', 'covid19']","The news is fake. They tell you who to like, who to hate, what you should be afraid of and who to trust. #MSM #CNN #covid19",news fake tell like hate afraid trust msm cnn,0.8643,0.1265,0.0092,Negative,-0.8551,0.8643,0.7379
t00320,2020-08-01 15:44:10,2020-08-01,15,Saturday,Kaustubh D Jichkar,,Phone or tablet app,Twitter for Android,51,False,"['Compendium', 'COVID19', 'India']","A #Compendium of spread of #COVID19 in #India from the month of March to August,2020. @DDSahyadri @VigyanPragati... https://t.co/BWrzCb9pzC",compendium spread india month march august,0.0609,0.9163,0.0228,Neutral,-0.0381,0.9163,0.8554
t00321,2020-08-01 15:45:35,2020-08-01,15,Saturday,Prof Peter Hotez MD PhD,United States,Phone or tablet app,Twitter for iPhone,85123,True,,"@CarlosdelRio7 @Christi_Paul @VictorBlackwell @NewDay Understood, but that Nov 3 plan is in reality the Jan 20, 202... https://t.co/woMScSjO65",understood nov plan reality jan,0.0218,0.9215,0.0567,Neutral,0.0349,0.9215,0.8648
t00322,2020-08-01 16:15:03,2020-08-01,16,Saturday,Peter Livingstone,United Kingdom,Scheduling tool,Sprout Social,79,False,"['COVID19', 'economy']",Fraser Tennant considers the impact of #COVID19 on the global #economy and the looming possibility of a significant... https://t.co/n95cBad2BG,fraser tennant considers impact global economy looming possibility significant,0.1565,0.824,0.0195,Neutral,-0.137,0.824,0.6675
t00323,2020-08-01 16:15:28,2020-08-01,16,Saturday,Amy Hendel,United States,Phone or tablet app,Twitter for iPhone,4173,False,"['mask', '1exposure', 'COVID19']",@SenSchumer please put #mask on - u r at risk- u need to set an example - all it takes is #1exposure #COVID19,please put mask need set example take,0.2851,0.6202,0.0947,Neutral,-0.1904,0.6202,0.3351
t00324,2020-08-01 16:19:13,2020-08-01,16,Saturday,BrisBridalBoutique,,Phone or tablet app,Twitter for iPhone,448,False,,@easyJet it has been 90 days since I requested a refund for my cancelled flights in early April. There is no way of... https://t.co/OKANhsGxXo,day since requested refund cancelled flight early april way,0.8864,0.1079,0.0057,Negative,-0.8807,0.8864,0.7784
t00325,2020-08-01 16:21:47,2020-08-01,16,Saturday,University of Illinois Res Life,,Phone or tablet app,Twitter for iPhone,723,False,,"August 1! For our former residents who are venturing into off-campus apartment living this month, please maintain g... https://t.co/Itw9lApNW4",august former resident venturing apartment living month please maintain,0.0084,0.8633,0.1282,Neutral,0.1198,0.8633,0.7351
t00326,2020-08-01 16:23:09,2020-08-01,16,Saturday,NAPAWF DC,United States,Twitter website,Twitter Web App,1458,False,['COVID19'],".@senatemajldr's HEALS Act doesn't provide access to #COVID19 testing, treatment &amp; vaccines, regardless of immigrat... https://t.co/u6UCnvGUMW",heals act provide access testing treatment vaccine regardless immigrat,0.7531,0.2389,0.008,Negative,-0.7451,0.7531,0.5143
t00327,2020-08-01 16:27:57,2020-08-01,16,Saturday,zedy,United Kingdom,Twitter website,Twitter Web App,297,False,['COVID19'],"If other businesses have to close to enable schools to open full time, then this is a price worth paying. #COVID19",business close enable school open full time price worth paying,0.5726,0.4006,0.0267,Negative,-0.5459,0.5726,0.172
t00328,2020-08-01 16:32:41,2020-08-01,16,Saturday,Carl I. Jensen,Canada,Phone or tablet app,Twitter for iPhone,3621,False,"['PanoramaRecCentre', 'COVID19']",Made my 1st trip to #PanoramaRecCentre weight room under #COVID19 safety guidelines and I have to say how impressed... https://t.co/yIYGpIKGiA,made trip panoramareccentre weight room safety guideline say impressed,0.0051,0.0676,0.9273,Positive,0.9222,0.9273,0.8598
t00329,2020-08-01 16:35:15,2020-08-01,16,Saturday,IANS Tweets,India,Twitter website,Twitter Web App,52637,True,"['Goa', 'COVID19']",#Goa on Saturday witnessed a new record in its daily tally of reported #COVID19 cases with 280 persons testing posi... https://t.co/2pQv6UGiHV,goa saturday witnessed new record daily tally reported case person testing posi,0.177,0.7874,0.0356,Neutral,-0.1414,0.7874,0.6103
t00330,2020-08-01 16:35:31,2020-08-01,16,Saturday,Dennis,United States,Phone or tablet app,Twitter for iPhone,251,False,,"No Science, Zero Standards, Protesting Does not spread?! BUT BBQ’s &amp; birthday parties do. THIS IS A DICTATOR! We ha... https://t.co/dfMQnF8QDx",science zero standard protesting spread bbq birthday party dictator,0.8919,0.0991,0.009,Negative,-0.8829,0.8919,0.7928
t00331,2020-08-01 16:46:35,2020-08-01,16,Saturday,Kapilan Sachchithananthan,,Phone or tablet app,Twitter for Android,2986,False,"['COVID19SL', 'TheVoiceTeenSriLanka']",Why did they postpone the Grand Finale? Did they find any #COVID19SL clusters from #TheVoiceTeenSriLanka? I noticed... https://t.co/OHQZUlpHtL,postpone grand finale find cluster thevoiceteensrilanka noticed,0.6523,0.339,0.0087,Negative,-0.6436,0.6523,0.3132
t00332,2020-08-01 17:00:57,2020-08-01,17,Saturday,Stankevicius International,Ireland,Bot or auto-feed,IFTTT,5,False,"['nitrile', 'gloves']",Stankevicius International: Purchasing Nitrile Gloves. Inquiries via https://t.co/crXdk9TkhZ #nitrile #gloves... https://t.co/mTDNxqWNB7,stankevicius international purchasing nitrile glove inquiry via nitrile glove,0.0086,0.9598,0.0315,Neutral,0.0229,0.9598,0.9283
t00333,2020-08-01 17:06:29,2020-08-01,17,Saturday,🍁🇨🇦CanAditude🇨🇦🍁,Canada,Phone or tablet app,Twitter for iPad,12438,False,,"NO to mandatory vaccine YES to VOLUNTARY YES to releasing Antivirols, Expectorants, Bronchial aids &amp; other treatme... https://t.co/hUd6uxUpOM",mandatory vaccine yes voluntary yes releasing antivirols expectorant bronchial aid treatme,0.0528,0.8442,0.1031,Neutral,0.0503,0.8442,0.7411
t00334,2020-08-01 17:14:03,2020-08-01,17,Saturday,Glenn Tenney,,Phone or tablet app,Twitter for iPad,450,False,['COVID19'],"AZ Rep. Raúl Grijalva tests positive for #COVID19, is symptom-free. It isn't clear how Grijalva contracted the viru... https://t.co/pQxmW2hIhI",raúl grijalva test positive clear grijalva contracted viru,0.0656,0.9022,0.0321,Neutral,-0.0335,0.9022,0.8366
t00335,2020-08-01 17:15:05,2020-08-01,17,Saturday,Desiree,,Phone or tablet app,Twitter for Android,32,False,"['ThanksCOVID', 'COVID19', 'NextLevel']",I've been weeding our lawn by hand. What level of COVID are you on? #ThanksCOVID #COVID19 #NextLevel,weeding lawn hand level thankscovid nextlevel,0.1782,0.653,0.1687,Neutral,-0.0095,0.653,0.4748
t00336,2020-08-01 17:30:29,2020-08-01,17,Saturday,College Counselors,United States,Scheduling tool,Hootsuite Inc,20310,False,"['college', 'collegetalk', 'collegebound']",What to do if you can't afford college right now https://t.co/x4iTQwynIO #college #collegetalk #collegebound... https://t.co/crTOVfVb2P,afford college right college collegetalk collegebound,0.356,0.6171,0.0269,Neutral,-0.3291,0.6171,0.2611
t00337,2020-08-01 17:43:23,2020-08-01,17,Saturday,Drunk Kim Reynolds,,Phone or tablet app,Twitter for iPhone,233,False,['COVID19'],Here are some GOP-approved treatments for #COVID19. —Build up a tolerance by getting lots of extra coronavirus. —C... https://t.co/Og2ArKe5sp,treatment tolerance getting lot extra,0.4175,0.5433,0.0392,Neutral,-0.3783,0.5433,0.1258
t00338,2020-08-01 17:50:01,2020-08-01,17,Saturday,Just breathe 💙 #NotMyMarch 👠,,Phone or tablet app,Twitter for Android,6081,False,"['COVID19', 'COVID']",#COVID19 #COVID educate yourself. Msm will not tell you these things. https://t.co/p8S6GRI7Uz,educate msm tell thing,0.5432,0.4368,0.02,Negative,-0.5232,0.5432,0.1064
t00339,2020-08-01 17:51:08,2020-08-01,17,Saturday,Oigetit Health,United States,Phone or tablet app,Twitter for iPhone,719,False,,"The United States Department of Agriculture purchases fresh produce, dairy and meat products from American producer... https://t.co/bbIjK0uVE7",united state department agriculture purchase fresh produce dairy meat product american producer,0.0129,0.9006,0.0865,Neutral,0.0736,0.9006,0.814
t00340,2020-08-01 17:54:39,2020-08-01,17,Saturday,billy gaines,United States,Phone or tablet app,Twitter for iPhone,31,False,"['Democrats', 'Trump']","#Democrats wailed about #Trump ally Roger Stone’s sentence reduction for process crimes, but are deafly silent abo... https://t.co/7vnkJsU3KD",democrat wailed trump ally roger stone sentence reduction process crime deafly silent abo,0.6743,0.3164,0.0093,Negative,-0.665,0.6743,0.3579
t00341,2020-08-01 18:00:04,2020-08-01,18,Saturday,Robert Allen Strupp,United States,TweetDeck,TweetDeck,1125,False,"['Covid19', 'EPIDEMIC']",7.31 #Covid19 #EPIDEMIC. POP vs DEATHS: NZ 4m pop Deaths 22 Japan 126M pop Deaths 977 So.Korea 50M pop. Deaths... https://t.co/Yh5HdeBCSD,epidemic pop death pop death japan pop death pop death,0.3646,0.6187,0.0167,Neutral,-0.3479,0.6187,0.2541
t00342,2020-08-01 18:03:02,2020-08-01,18,Saturday,Melissa Berdiel,,Phone or tablet app,Twitter for iPhone,179,False,,@realDonaldTrump This is your administration’s doing. You were late handling Covid-19 in February. And now the chec... https://t.co/pMLKgqsRAZ,administration late handling february chec,0.9018,0.0926,0.0056,Negative,-0.8962,0.9018,0.8093
t00343,2020-08-01 18:04:55,2020-08-01,18,Saturday,🅲🅷🆁🅸🆂 🅻🅸🆃🆃🅻🅴,United States,Phone or tablet app,Twitter for Android,5323,False,['COVID19'],Unhappy campers. #COVID19 https://t.co/1ok3NOS5vc,unhappy camper,0.8938,0.0967,0.0095,Negative,-0.8843,0.8938,0.7971
t00344,2020-08-01 18:25:12,2020-08-01,18,Saturday,Capital FM Malawi,,Phone or tablet app,Twitter for iPhone,80835,False,,President @LAZARUSCHAKWERA announces the “Zikomo Presidential Awards” to reward dedicated health workers fighting t... https://t.co/FQAy7FdXyq,president announces zikomo presidential award reward dedicated health worker fighting,0.0034,0.2844,0.7122,Positive,0.7088,0.7122,0.4279
t00345,2020-08-01 18:32:02,2020-08-01,18,Saturday,Liu Bao Bei,,Phone or tablet app,Twitter for Android,113,False,,@tonyver45 @JoshNBCNews It may be that it's at the command of a regime that wants to end your freedom and your chil... https://t.co/FNBdChLDg9,may command regime want end freedom chil,0.8014,0.1923,0.0064,Negative,-0.795,0.8014,0.6091
t00346,2020-08-01 18:32:14,2020-08-01,18,Saturday,leo811(tiki kim) *My Mask Protects Me. Try it.,United States,Twitter website,Twitter Web App,335,False,,".@ColumbusZoo .@GovMikeDeWine .@OHdeptofhealth .@CDC Outrageous Irresponsibilty! Opening a high contact water ""ri... https://t.co/ahCgU7SJoZ",outrageous irresponsibilty opening high contact water,0.9175,0.077,0.0056,Negative,-0.9119,0.9175,0.8405
t00347,2020-08-01 18:43:55,2020-08-01,18,Saturday,CGTN,,Twitter website,Twitter Web App,13885511,True,['COVID19'],"Global #COVID19 deaths surpass 680,000: Johns Hopkins University https://t.co/Rq4TWN0c0I",global death surpass john hopkins university,0.3336,0.6383,0.0281,Neutral,-0.3055,0.6383,0.3048
t00348,2020-08-01 18:55:21,2020-08-01,18,Saturday,"🏀Arif K Mirza, MD🏀😷🧠",United States,Phone or tablet app,Twitter for iPhone,9082,False,,I checked my 4y daughter &amp; she wanted all fingers tested “baba! what if one test is wrong!” ... Relieved she believ... https://t.co/5JWyjFthfE,checked daughter wanted finger tested baba one test wrong relieved believ,0.0337,0.3563,0.61,Positive,0.5763,0.61,0.2537
t00349,2020-08-01 18:57:09,2020-08-01,18,Saturday,Tony Turner,United States,Phone or tablet app,Twitter for iPhone,7592,False,['COVID19'],"After our younger daughter had a second co-worker test positive for #COVID19, she got tested herself. It came back... https://t.co/M77t8m3knv",younger daughter second test positive got tested came back,0.0593,0.9035,0.0372,Neutral,-0.0221,0.9035,0.8442
t00350,2020-08-01 18:57:21,2020-08-01,18,Saturday,Violent Cal,United States,Twitter website,Twitter Web App,1611,False,"['covid19', 'RVA', 'Richmond', 'COVID']","Masks are virtue signaling assholes, statist nazis, and compliant pussies. Get over it. Herd immunize. #covid19 #RVA #Richmond #COVID",mask virtue signaling asshole statist nazi compliant pussy get herd immunize rva richmond,0.9011,0.0895,0.0094,Negative,-0.8917,0.9011,0.8116
t00351,2020-08-01 18:58:50,2020-08-01,18,Saturday,Joe Rossi,United States,Twitter website,Twitter Web App,1504,False,,"We got numb to it around March 2017, but when one pauses to really think about it, it's impossible to overstate how... https://t.co/92QkLQePk8",got numb around march one pause really think impossible overstate,0.525,0.447,0.028,Negative,-0.497,0.525,0.078
t00352,2020-08-01 19:00:00,2020-08-01,19,Saturday,Symanntha Renn,United States,TweetDeck,TweetDeck,1320,False,"['COVID19', 'Summer2020']",I’m holding my world together with compromises and string. #COVID19 #Summer2020 https://t.co/FzTcajTkSx,holding world together compromise string,0.443,0.5017,0.0554,Neutral,-0.3876,0.5017,0.0587
t00353,2020-08-01 19:01:00,2020-08-01,19,Saturday,Rob,,TweetDeck,TweetDeck,140,False,"['MN', 'COVID19']","* 55,188 (+725) people in #MN diagnosed with #COVID19 * 1,606 (+6) have died * Hospitalized today: 317 (+5) * ICU t... https://t.co/mpDNVSAokZ",people diagnosed died hospitalized today icu,0.797,0.1959,0.0071,Negative,-0.7899,0.797,0.6011
t00354,2020-08-01 19:01:46,2020-08-01,19,Saturday,Joe Corré,United Kingdom,Scheduling tool,Hootsuite Inc,2866,True,"['TheRat', 'JimRatcliffe', 'INEOS', 'taxpayer', 'COVID19', 'coronavirus']",Has #TheRat #JimRatcliffe of #INEOS been allowed to get #taxpayer backed £500m #COVID19 #coronavirus emergency loan... https://t.co/UAQFo4sY2i,therat jimratcliffe ineos allowed get taxpayer backed emergency loan,0.3522,0.6293,0.0185,Neutral,-0.3337,0.6293,0.277
t00355,2020-08-01 19:03:30,2020-08-01,19,Saturday,Deepak Chandramohan,,Phone or tablet app,Twitter for Android,122,False,"['S3599', 'S3599', 'HEALSAct', 'medtwitter', 'HealthCareHeroes']",#S3599 can add stability to healthcare workforce and help hospitals #S3599 #HEALSAct #medtwitter #HealthCareHeroes... https://t.co/kK66uZ3htW,add stability healthcare workforce help hospital healsact medtwitter healthcareheroes,0.0046,0.2175,0.778,Positive,0.7734,0.778,0.5605
t00356,2020-08-01 19:08:02,2020-08-01,19,Saturday,Lily Evans Potter (fan),,Phone or tablet app,Twitter for iPhone,7153,False,,"@GwenGraham @FloridaGOP Womp-womp. @GovRonDeSantis is a joke and a national embarrassment, thanks to his refusal t... https://t.co/aNcGvc65zR",joke national embarrassment thanks refusal,0.9426,0.0508,0.0065,Negative,-0.9361,0.9426,0.8918
t00357,2020-08-01 19:08:16,2020-08-01,19,Saturday,Bruce Mirken,United States,Twitter website,Twitter Web App,1737,False,['COVID19'],Employers illegally pressure workers to sign #COVID19 liability waivers. https://t.co/Z1ty3Zqd4Z via @khnews,employer illegally pressure worker sign liability waiver via,0.5518,0.4366,0.0116,Negative,-0.5402,0.5518,0.1152
t00358,2020-08-01 19:13:12,2020-08-01,19,Saturday,Closedadaw,United States,Phone or tablet app,Twitter for iPhone,118,False,,"Thread by @jennycohn1: If you decide to vote by mail, apply ASAP &amp;amp;, if allowed in ur county (check), return ur... https://t.co/wj4uj6XTR0",thread decide vote mail apply asap allowed county check return,0.0118,0.8812,0.107,Neutral,0.0952,0.8812,0.7742
t00359,2020-08-02 17:04:38,2020-08-02,17,Sunday,coronatrackingbot,United States,Bot or auto-feed,trackingbot2020,72,False,"['Coronavirus', 'COVID19']",#Coronavirus #COVID19 Global Cases by Johns Hopkins CSSE as of 08/02/20 12:00 CDT https://t.co/SOkZcOAVOC,global case john hopkins csse cdt,0.1261,0.8549,0.019,Neutral,-0.1071,0.8549,0.7289
t00360,2020-08-02 17:05:03,2020-08-02,17,Sunday,Imwalker,,Phone or tablet app,Twitter for Android,2,False,"['ReduceReimburse', 'ReduceNITtuitionfees', 'mhrd', 'COVID19']",#ReduceReimburse #ReduceNITtuitionfees #mhrd #COVID19 Whole semester is to be conducted online But NITians are to p... https://t.co/oyhhsK79t1,reducereimburse reducenittuitionfees mhrd whole semester conducted online nitians,0.4767,0.5,0.0233,Neutral,-0.4534,0.5,0.0233
t00361,2020-08-02 17:06:45,2020-08-02,17,Sunday,Sports ON Tap Chicago,United States,Phone or tablet app,Twitter for iPhone,654,False,"['Pac12', 'COVID19']",Savvy move by the #Pac12 players to ask to be paid as a part of their #COVID19 demands. Won’t be long for players... https://t.co/GwfSDlnWOH,savvy move player ask paid part demand long player,0.2516,0.6712,0.0773,Neutral,-0.1743,0.6712,0.4196
t00362,2020-08-02 17:42:20,2020-08-02,17,Sunday,Abel C Dixon,,Twitter website,Twitter Web App,2,False,,Online classes demands hefty internet expenses We request the NITs to REIMBURSE A PART OF THE MESS EXCESS to cover... https://t.co/fO0RvpROPR,online class demand hefty internet expense request nit reimburse part mess excess cover,0.6339,0.3459,0.0202,Negative,-0.6137,0.6339,0.288
t00363,2020-08-02 17:43:06,2020-08-02,17,Sunday,United States,,Phone or tablet app,Twitter for Android,1328,False,['COVID19'],"More people in US have died of #COVID19 than entire population of Salinas, California, the 164th largest city in U... https://t.co/AvbdG1bdNx",people died entire population salina california largest city,0.7245,0.2616,0.0139,Negative,-0.7106,0.7245,0.4629
t00364,2020-08-02 17:49:50,2020-08-02,17,Sunday,#NOLAed4Liberation,United States,Phone or tablet app,Twitter for iPad,291,False,"['dontsleep', 'neoliberaleducation', 'COVID19']",@janelletscott They stay busy. #dontsleep #neoliberaleducation #COVID19,stay busy dontsleep neoliberaleducation,0.3798,0.5586,0.0617,Neutral,-0.3181,0.5586,0.1788
t00365,2020-08-02 17:54:06,2020-08-02,17,Sunday,Armando Elenes,United States,Twitter website,Twitter Web App,173,False,"['shameful', 'COVID19', 'WeFeedYou']",Hearing from so many farm workers about not being paid after testing positive for COVID-19. #shameful #COVID19 #WeFeedYou,hearing many farm worker paid testing positive shameful wefeedyou,0.9183,0.075,0.0067,Negative,-0.9116,0.9183,0.8433
t00366,2020-08-02 17:56:07,2020-08-02,17,Sunday,UxbEconomist,United Kingdom,Phone or tablet app,Twitter for iPhone,4386,False,,@paulrey99 Which as you know Paul is something I said earlier &amp; have repeated several times on my timeline. So I’m... https://t.co/sRZKGIRsM0,know paul something said earlier repeated several time timeline,0.0201,0.9,0.0799,Neutral,0.0598,0.9,0.8201
t00367,2020-08-02 18:00:31,2020-08-02,18,Sunday,NCL International,,Twitter website,Twitter Web App,0,False,['COVID19'],#COVID19 cancels Cambodia project: https://t.co/25LIBaUKpm https://t.co/98I8RYz26i,cancel cambodia project,0.83,0.1647,0.0053,Negative,-0.8247,0.83,0.6653
t00368,2020-08-02 18:07:09,2020-08-02,18,Sunday,Li Xiaosi,,Twitter website,Twitter Web App,12131,True,['Wuhan'],@thecyrusjanssen My mom is 85&amp;lives in #Wuhan. Millions of people there incl. her were in quarantine for 76 days. N... https://t.co/PyiGKK7OTd,mom life wuhan million people incl quarantine day,0.3054,0.6654,0.0292,Neutral,-0.2762,0.6654,0.3601
t00369,2020-08-02 18:10:23,2020-08-02,18,Sunday,PolymathSoftwareSolutions,,Twitter website,Twitter Web App,30,False,"['Rnumber', 'coronavirus', 'coronavirusuk', 'coronavirusUSA']",@DHSCgovuk @PHE_uk #Rnumber unchanged at 1.10 https://t.co/2YyKJaIHW1 #coronavirus #coronavirusuk #coronavirusUSA... https://t.co/36S0B8IQaK,rnumber unchanged coronavirusuk coronavirususa,0.2445,0.7166,0.0389,Neutral,-0.2056,0.7166,0.472
t00370,2020-08-02 18:10:52,2020-08-02,18,Sunday,Sambad English,,Phone or tablet app,Twitter for Android,35508,False,"['BREAKING', 'Karnataka', 'COVID19']",#BREAKING | #Karnataka CM BS Yediyurappa tests positive for #COVID19. https://t.co/mZmz7xQho1,breaking karnataka yediyurappa test positive,0.1613,0.82,0.0187,Neutral,-0.1426,0.82,0.6587
t00371,2020-08-02 18:22:43,2020-08-02,18,Sunday,Francois Garcia,,Phone or tablet app,Tweetbot for iOS,226,False,"['pubs', 'covid19']","Staffordshire Pub, 19 tested positive. #pubs #covid19 https://t.co/DRdYyNVwJg",staffordshire pub tested positive pub,0.1144,0.8488,0.0368,Neutral,-0.0776,0.8488,0.7345
t00372,2020-08-02 18:42:29,2020-08-02,18,Sunday,सिद्धार्थ,,Twitter website,Twitter Web App,448,False,,@SeemaAhuja1 @GorwayGlobal @pash22 @jeff_cranmer @Jim10341007 @prat1112001 @dawalelo @malini_aisola @d_s_thakur... https://t.co/LWphk6RlzJ,,0.013,0.9373,0.0497,Neutral,0.0367,0.9373,0.8875
t00373,2020-08-02 18:51:41,2020-08-02,18,Sunday,Mikey🚛📸📹,United Kingdom,Phone or tablet app,Twitter for iPhone,1621,False,"['London', 'COVID19']","Thread of Today’s Visit to #London what it’s like during #COVID19 100% authentic, if your looking for Bullshit and... https://t.co/EB4S5GdvJC",thread today visit london like authentic looking bullshit,0.4437,0.4842,0.0721,Neutral,-0.3716,0.4842,0.0405
t00374,2020-08-02 19:00:50,2020-08-02,19,Sunday,DAILY SABAH,,Scheduling tool,Hootsuite Inc,485811,True,['COVID19'],Don't let that #COVID19 mask steal your bridal glow: Brides in Turkey adopt new gilded accessory to ensure both sty... https://t.co/Cc22FZpsre,let mask steal bridal glow bride turkey adopt new gilded accessory ensure sty,0.0603,0.5239,0.4158,Neutral,0.3555,0.5239,0.1082
t00375,2020-08-02 19:01:26,2020-08-02,19,Sunday,Walk-In Lab,United States,Scheduling tool,LaterMedia,863,False,,Has the Covid-19 pandemic left you stressed out and depressed? According to @HarvardHealthPublications yoga practi... https://t.co/ilBajNvUqk,pandemic left stressed depressed according yoga practi,0.5175,0.4613,0.0212,Negative,-0.4963,0.5175,0.0562
t00376,2020-08-02 19:21:11,2020-08-02,19,Sunday,iPostal1,United States,Twitter website,Twitter Web App,297,False,,"In the wake of this global pandemic, more of us are setting up business operations from home. @DigitalEdgeorg offer... https://t.co/I9lr71S0xo",wake global pandemic setting business operation home offer,0.03,0.8739,0.0961,Neutral,0.0661,0.8739,0.7778
t00377,2020-08-02 19:38:00,2020-08-02,19,Sunday,Autodesk,Global / unstated,Scheduling tool,Sprout Social,284304,True,['COVID19'],"Behold the 21st-century hard hat, and how it's facilitating #COVID19 tracing on construction sites: https://t.co/8UhT91S7Hb",behold hard hat facilitating tracing construction site,0.025,0.8815,0.0935,Neutral,0.0685,0.8815,0.788
t00378,2020-08-02 19:48:02,2020-08-02,19,Sunday,Laur.Rynn,United States,Phone or tablet app,Twitter for Android,16,False,"['COVID19', 'pandemic']",So we've all spent this whole ass year in the house 😞 its August bro like what the freak #COVID19 #pandemic,spent whole as year house august bro like freak pandemic,0.9334,0.0601,0.0065,Negative,-0.9269,0.9334,0.8732
t00379,2020-08-02 19:49:51,2020-08-02,19,Sunday,"❤️ Gito, The Lover AND The Fighter 👊",United States,Phone or tablet app,Twitter for Android,4,False,,@DanScavino You people are retarded. And I don't mean that in the derogatory way that the word has been used in the... https://t.co/5wRPRpqFlM,people retarded mean derogatory way word used,0.9266,0.0675,0.0059,Negative,-0.9207,0.9266,0.8591
t00380,2020-08-02 19:54:08,2020-08-02,19,Sunday,Heidi Hoffman,United States,Phone or tablet app,Twitter for iPhone,131,False,['COVID19'],Pretty much. #COVID19 https://t.co/dGKLSwgmOa,pretty much,0.3807,0.5673,0.052,Neutral,-0.3287,0.5673,0.1866
t00381,2020-08-02 20:00:22,2020-08-02,20,Sunday,GiftCard365,United States,Twitter website,Twitter Web App,3,False,"['USA', 'giftcard']",Get $100 Buffalo Gift Card For #USA Click Here : https://t.co/sfSYYD2JQb OR https://t.co/QRxUdAcFdr #giftcard... https://t.co/KTJ2LCdhKx,get buffalo gift card usa click giftcard,0.0074,0.7521,0.2405,Neutral,0.2331,0.7521,0.5116
t00382,2020-08-02 20:06:12,2020-08-02,20,Sunday,COVID19 News,Global / unstated,Scheduling tool,ContentStudio.io,84,False,"['covid19', 'CoronaVirusUpdates']",COVID-19 outbreak declared at fourth Ottawa child-care centre | CTV News #covid19 #CoronaVirusUpdates https://t.co/1A0uBWFwwJ,outbreak declared fourth ottawa centre ctv news coronavirusupdates,0.2769,0.6982,0.0249,Neutral,-0.252,0.6982,0.4213
t00383,2020-08-02 20:08:48,2020-08-02,20,Sunday,SAY NO TO MASKS,United Kingdom,Phone or tablet app,Twitter for iPhone,1942,False,['masks'],"So, it’s “nasty” to ask a politician for evidence that #masks either work or are necessary. We are literally being... https://t.co/4YxKfwhDn1",nasty ask politician evidence mask either work necessary literally,0.7899,0.1983,0.0118,Negative,-0.7781,0.7899,0.5915
t00384,2020-08-02 20:34:09,2020-08-02,20,Sunday,Atleast I’m Enjoyin the Ride!,,Phone or tablet app,Twitter for iPhone,239,False,['COVID19'],Wow. Incredible. It’s like it mutates how it attacks the body. #COVID19 https://t.co/MqugjGI1K0,wow incredible like mutates attack body,0.4988,0.3218,0.1794,Negative,-0.3194,0.4988,0.177
t00385,2020-08-02 20:43:19,2020-08-02,20,Sunday,Journal of Child Psychology and Psychiatry,,Scheduling tool,Buffer,7907,False,['CAMHS'],"In Conversation... Dr. Andrew Beck ‘CAMHS, COVID19, and CBT’ Beck talks about the changes he has seen in #CAMHS an... https://t.co/fgI3Q7ZIsR",conversation andrew beck camhs cbt beck talk change seen camhs,0.0037,0.9145,0.0818,Neutral,0.0781,0.9145,0.8326
t00386,2020-08-02 20:43:48,2020-08-02,20,Sunday,Fed up MASK IT OR CASKET😷,,Phone or tablet app,Twitter for Android,329,False,"['BOUNTYONOURMILITARY', 'TRE45SON', 'COVID19', 'GOPSCAM']",#BOUNTYONOURMILITARY #TRE45SON #COVID19 #GOPSCAM Damn him and his deflections and lies. https://t.co/0sqirKQNZC,bountyonourmilitary gopscam damn deflection lie,0.9511,0.0427,0.0063,Negative,-0.9448,0.9511,0.9084
t00387,2020-08-02 20:59:20,2020-08-02,20,Sunday,I AM AN NIFTIAN,,Phone or tablet app,Twitter for Android,2,False,,We urge @dietsabya @ajtaknews_ @thewire_in @TheLallantop @ZeeNewsEnglish @BBCIndia @indiatvnews @PragNews... https://t.co/lJ0tBINXQu,urge,0.0161,0.845,0.1389,Neutral,0.1228,0.845,0.7061
t00388,2020-08-02 21:11:18,2020-08-02,21,Sunday,Kwara State Government,Nigeria,Phone or tablet app,Twitter for Android,712,False,"['Covid19KwaraUpdate', 'COVID19', 'COVID19']","#Covid19KwaraUpdate: 2nd August, 2020 | 9:00pm - 41 #COVID19 cases discharged - 5 new #COVID19 cases confirmed... https://t.co/Bz0llG0LwY",august case discharged new case confirmed,0.1013,0.8777,0.0211,Neutral,-0.0802,0.8777,0.7764
t00389,2020-08-02 21:12:49,2020-08-02,21,Sunday,Carlitos,,Phone or tablet app,Twitter for iPhone,385,False,['COVID19'],Everybody on this ship is negative about current situation (#COVID19) I’ve chosen to stay optimistic till the end.... https://t.co/q0EpwehnIM,everybody ship negative current situation chosen stay optimistic till end,0.6052,0.3408,0.054,Negative,-0.5512,0.6052,0.2645
t00390,2020-08-02 21:13:03,2020-08-02,21,Sunday,@SyriaIrl,Ireland,Twitter website,Twitter Web App,2281,False,,"fears of new wave of displacement as regime resumes bombing""including the towns and cities of Jabal al-Zawiya and s... https://t.co/x072h61S0x",fear new wave displacement regime resume bombing including town city jabal,0.7112,0.2817,0.0071,Negative,-0.7041,0.7112,0.4295
t00391,2020-08-02 21:14:13,2020-08-02,21,Sunday,tomasz przechlewski,,Other or custom app,tprzechlewski.app,127,False,"['coronavirus', 'COVID19']",#coronavirus #COVID19 Data from https://t.co/ns0qnOyYqU https://t.co/Vn5elkVE62,data,0.115,0.8583,0.0267,Neutral,-0.0883,0.8583,0.7433
t00392,2020-08-02 21:15:09,2020-08-02,21,Sunday,Dr. Renée Cassidy,United States,Phone or tablet app,Twitter for iPhone,924,False,['COVID19'],"and avoid indoor public eating and stay home when you’re sick, etc. No one method of avoiding #COVID19 is perfect,... https://t.co/pMXJ2OaCo2",avoid indoor public eating stay home sick etc one method avoiding perfect,0.5164,0.4434,0.0402,Negative,-0.4762,0.5164,0.073
t00393,2020-08-02 21:18:05,2020-08-02,21,Sunday,Pooh Bear,Global / unstated,Phone or tablet app,Twitter for Android,84,False,['Hydroxychloroquine'],@breeadail @newsmax 'A total of 1542 patients were randomised to #Hydroxychloroquine and compared with 3132 patient... https://t.co/Jr3mx42DnW,total patient randomised hydroxychloroquine compared patient,0.0221,0.9574,0.0204,Neutral,-0.0017,0.9574,0.9353
t00394,2020-08-02 21:19:41,2020-08-02,21,Sunday,Liat 🌊🇬🇱🇺🇸 #democratsavage✊,United States,Phone or tablet app,Twitter for iPhone,906,False,,I’ll stick w the expert- “Fauci’s point accurately describes the US situation. While some states followed CDC’s gui... https://t.co/XGcVlrDIE0,stick fauci point accurately describes situation state followed cdc gui,0.026,0.8754,0.0986,Neutral,0.0726,0.8754,0.7767
t00395,2020-08-02 21:23:20,2020-08-02,21,Sunday,Tashintheclouds,,Phone or tablet app,Twitter for Android,831,False,['NZ'],"#NZ charges its youth via big student loans, but refuses to charge even a token fee for for quarantine costs. Koha... https://t.co/y5tpvTJ4Pv",charge youth via big student loan refuse charge even token fee quarantine cost koha,0.747,0.2452,0.0078,Negative,-0.7392,0.747,0.5018
t00396,2020-08-02 21:30:11,2020-08-02,21,Sunday,XpertHR,United States,Scheduling tool,Khoros,11049,False,"['COVID19', 'Resource', 'coronavirus']",#COVID19 #Resource Roundup: Check out all of our most popular #coronavirus content from this past week.... https://t.co/BlWd152UIY,resource roundup check popular content past week,0.0476,0.7921,0.1602,Neutral,0.1126,0.7921,0.6319
t00397,2020-08-02 21:30:32,2020-08-02,21,Sunday,ActivistBowen,,Twitter website,Twitter Web App,3181,False,"['COVID2019', 'COVID19']","PBS NEWSHOUR (August 3, 2020; 5:00 HKT) #COVID2019 #COVID19",pb newshour august hkt,0.2397,0.7394,0.0208,Neutral,-0.2189,0.7394,0.4997
t00398,2020-08-02 21:38:43,2020-08-02,21,Sunday,"Matthew Cortland, Esq",,Twitter website,Twitter Web App,33644,False,,"In March, Deborah Birx, MD (response coordinator for the White House coronavirus task force) said we're all ""reassu... https://t.co/AsI9WjH3Nw",march deborah birx response coordinator white house task force said reassu,0.0291,0.9289,0.042,Neutral,0.0129,0.9289,0.8869
t00399,2020-08-04 03:15:45,2020-08-04,3,Tuesday,The Bright Flame Official,,Phone or tablet app,Twitter for iPhone,2,False,"['masks', 'covid']","Email Sent! Masks Endanger The Childrens Future . Join Our Email Family In Bio, Get My Free e-Book! . #masks #covid... https://t.co/Ot0qnJbNRb",email sent mask endanger childrens future join email family bio get free mask,0.0308,0.4517,0.5175,Positive,0.4867,0.5175,0.0659
t00400,2020-08-04 03:16:47,2020-08-04,3,Tuesday,FOX 7 Austin,United States,TweetDeck,TweetDeck,130888,True,,A new study lists @CityofSanMarcos in the top ten most financially vulnerable college towns in the U.S. during... https://t.co/6WUDacnDsK,new study list top ten financially vulnerable college town,0.0492,0.917,0.0338,Neutral,-0.0154,0.917,0.8678
t00401,2020-08-04 03:19:06,2020-08-04,3,Tuesday,OneMindStand,,Phone or tablet app,Twitter for Android,32,False,,Pandemic audiobook by A.G. Riddle Listen this audiobook Get your free trail of audible here... https://t.co/gH1JlFahjg,pandemic audiobook riddle listen audiobook get free trail audible,0.0042,0.8302,0.1657,Neutral,0.1615,0.8302,0.6645
t00402,2020-08-04 04:05:43,2020-08-04,4,Tuesday,moneycontrol,India,Twitter website,Twitter Web App,894012,True,,"Jubilant Life Sciences launches generic version of antiviral drug remdesivir under brand name 'JUBI-R', priced at R... https://t.co/IMp1vIJvba",jubilant life science launch generic version antiviral drug remdesivir brand name priced,0.0126,0.9173,0.0701,Neutral,0.0575,0.9173,0.8472
t00403,2020-08-04 04:06:18,2020-08-04,4,Tuesday,RDXGOA,India,Twitter website,Twitter Web App,3959,False,"['Covid', 'Altinho', 'Panjim', 'COVID19', 'Marga']","#Covid Death Reported in Goa: 29 yr old patient from #Altinho, #Panjim succumbed to #COVID19 at ESI Hospital, #Marga.",death reported goa old patient altinho panjim succumbed esi hospital marga,0.6429,0.3466,0.0106,Negative,-0.6323,0.6429,0.2963
t00404,2020-08-04 04:11:32,2020-08-04,4,Tuesday,Vitriol on the Nose,United States,Phone or tablet app,Twitter for Android,102,False,,Rebuttal: What good is money if the economy isn't open for you to spend it? What good is money if you &amp; your loved... https://t.co/XIIm8mZ5yf,rebuttal good money economy open spend good money loved,0.1776,0.7272,0.0952,Neutral,-0.0824,0.7272,0.5496
t00405,2020-08-04 04:15:02,2020-08-04,4,Tuesday,PRIDE IN DIVERSITY,Australia,Scheduling tool,Hootsuite Inc,3178,False,"['regional', 'LGBTQ']",Friendly reminder for #regional #LGBTQ folks: Let’s have a Kiki! Join @ACONhealth and connect online with other Reg... https://t.co/qah2IcMuvl,friendly reminder regional lgbtq folk let kiki join connect online reg,0.005,0.4721,0.5229,Positive,0.5179,0.5229,0.0508
t00406,2020-08-04 04:17:07,2020-08-04,4,Tuesday,ZaWarNer,United States,Phone or tablet app,Twitter for iPhone,19,False,['MAGAt'],Here is a question for every #MAGAt. If you hire someone to amend your soil and he tells you that the reason it is... https://t.co/DU8Dh8EErw,question every magat hire someone amend soil tell reason,0.4414,0.5358,0.0228,Neutral,-0.4186,0.5358,0.0943
t00407,2020-08-04 04:23:37,2020-08-04,4,Tuesday,Economic Times,,TweetDeck,TweetDeck,3666315,True,['COVID19'],"➠ 52,050 new positive cases &amp; 803 deaths in India in the last 24 hours ➠ India's #COVID19 tally rises to 18,55,746... https://t.co/kNg5Mzl2AU",new positive case death india last hour india tally rise,0.1707,0.778,0.0513,Neutral,-0.1194,0.778,0.6073
t00408,2020-08-04 04:30:50,2020-08-04,4,Tuesday,Evariste,,Twitter website,Twitter Web App,87,False,,Trump is mindbogglingly stupid. He shows graphs that his advisors cherry picked for him and points at how the US i... https://t.co/jO9tIiIBk4,trump mindbogglingly stupid show graph advisor cherry picked point,0.8968,0.0928,0.0105,Negative,-0.8863,0.8968,0.804
t00409,2020-08-04 04:34:16,2020-08-04,4,Tuesday,🇺🇸 🏛 🇺🇸,,Phone or tablet app,Twitter for Android,559,False,"['TheScience', 'COVID19', 'PoliticsVsScience', 'TrunpCrimeFamily']",@IvankaTrump you know about #TheScience right? @WHO #COVID19 #PoliticsVsScience #TrunpCrimeFamily... https://t.co/iANjTXWc19,know thescience right politicsvsscience trunpcrimefamily,0.2748,0.6972,0.028,Neutral,-0.2468,0.6972,0.4225
t00410,2020-08-04 04:35:02,2020-08-04,4,Tuesday,Focus - Ready for Tomorrow,,Scheduling tool,Hootsuite Inc,81,False,"['restaurants', 'spike', 'Cambodia']","Recently, all-you-can-eat #restaurants have seen a #spike in popularity in #Cambodia. Some restaurants have attempt... https://t.co/A0b2wBJSJe",recently restaurant seen spike popularity cambodia restaurant attempt,0.0072,0.6623,0.3305,Neutral,0.3233,0.6623,0.3318
t00411,2020-08-04 04:51:51,2020-08-04,4,Tuesday,Muslimah HTM,,Phone or tablet app,Twitter for Android,9946,False,"['KENYA', 'COVID19']",[GLOBAL] #KENYA - Press Release Under the Banner of Combating #COVID19 a New Innovation is made to our Deen.. Fu... https://t.co/4DoSyi0lIe,global kenya press release banner combating new innovation made deen,0.0103,0.8693,0.1204,Neutral,0.1101,0.8693,0.7489
t00412,2020-08-04 05:15:00,2020-08-04,5,Tuesday,New Straits Times,,TweetDeck,TweetDeck,717150,True,"['NSTletters', 'Covid19']",#NSTletters Youth unemployment is a big concern due to #Covid19. https://t.co/lhR6lnTvwo,nstletters youth unemployment big concern due,0.6649,0.3185,0.0166,Negative,-0.6483,0.6649,0.3464
t00413,2020-08-04 05:25:21,2020-08-04,5,Tuesday,GannawarraShire,Australia,Twitter website,Twitter Web App,886,False,,"Changes to @GannawarraShire services will occur from Thursday, August 6 due to the State Government's implementatio... https://t.co/hk5zh23uH3",change service occur thursday august due state government implementatio,0.0514,0.9288,0.0198,Neutral,-0.0316,0.9288,0.8773
t00414,2020-08-04 05:36:59,2020-08-04,5,Tuesday,benjy singer,,Twitter website,Twitter Web App,452,False,"['corona', 'Israel', 'covid19', 'coronavirus']",Latest #corona news from #Israel: #covid19 #coronavirus https://t.co/ebpmQflPAz,latest corona news israel,0.5373,0.4439,0.0189,Negative,-0.5184,0.5373,0.0934
t00415,2020-08-04 05:38:53,2020-08-04,5,Tuesday,APO Group English,,Other or custom app,Africa Newsroom,10678,True,['Africa'],Coronavirus - Rwanda: COVID-19 update (3rd August 2020) @RwandaHealth @MoetiTshidi @WHOAFRO @DrTedros @WHO #Africa... https://t.co/slRRG9dDe8,rwanda update august africa,0.1002,0.8836,0.0162,Neutral,-0.084,0.8836,0.7833
t00416,2020-08-04 06:02:51,2020-08-04,6,Tuesday,Mr Matthews 🔶🇬🇧🇪🇺,United Kingdom,Phone or tablet app,Twitter for Android,150,False,"['COVID19', 'Brexit']","If it is not possible to stockpile medicines due to #COVID19 and the #Brexit causes supply issues people will die,... https://t.co/MlzlTsp5Br",possible stockpile medicine due brexit cause supply issue people die,0.8359,0.1549,0.0092,Negative,-0.8267,0.8359,0.681
t00417,2020-08-04 06:19:03,2020-08-04,6,Tuesday,Dubz Talk,,Phone or tablet app,Twitter for iPhone,117,False,"['COVID19', 'India']",This not a fake news below Quoted tweet #COVID19 #India https://t.co/RKMSRUNQmF,fake news quoted tweet india,0.154,0.7492,0.0968,Neutral,-0.0572,0.7492,0.5952
t00418,2020-08-04 06:27:44,2020-08-04,6,Tuesday,RealtyMyths,India,Twitter website,Twitter Web App,1523,False,"['COVID19', 'Loan', 'Funds', 'Lockdown', 'RBI']",Extension of COVID-19 Loan Moratorium Read more - https://t.co/D8NrWSXnKE #COVID19 #Loan #Funds #Lockdown #RBI... https://t.co/sA3VJlByOE,extension loan moratorium read loan fund lockdown rbi,0.0678,0.9107,0.0215,Neutral,-0.0463,0.9107,0.8429
t00419,2020-08-04 06:29:04,2020-08-04,6,Tuesday,Dr. Ally Dunhill 🏴󠁧󠁢󠁳󠁣󠁴󠁿,United Kingdom,Phone or tablet app,Twitter for iPhone,1398,False,,"@UNYouthEnvoy Inclusion for all, asking, listening &amp; learning from people with disabilities about their lived exper... https://t.co/2eVYSMwsFL",inclusion asking listening learning people disability lived exper,0.0099,0.5428,0.4474,Neutral,0.4375,0.5428,0.0954
t00420,2020-08-04 06:31:04,2020-08-04,6,Tuesday,SWAPNIL K.K.,Global / unstated,Phone or tablet app,Twitter for Android,602,False,,What if tadipar is just faking his illness ? What if it's just the publicity stunt to gain the popularity and sym... https://t.co/BDUkM8Jf4Z,tadipar faking illness publicity stunt gain popularity sym,0.4975,0.4901,0.0124,Negative,-0.4851,0.4975,0.0075
t00421,2020-08-04 06:37:34,2020-08-04,6,Tuesday,Andrew Holmes,Global / unstated,Phone or tablet app,Twitter for iPhone,219,False,,"Indonesia providing model of letting Coronavirus run rampant.. Trust, protect, safe, secure.. What is Dan Andrews... https://t.co/4f1issWL6s",indonesia providing model letting run rampant trust protect safe secure dan andrew,0.1904,0.7568,0.0529,Neutral,-0.1375,0.7568,0.5664
t00422,2020-08-04 06:44:20,2020-08-04,6,Tuesday,Calvin Swine,Canada,Phone or tablet app,Twitter for iPhone,2531,False,"['Trump', 'deaths', 'COVID19']","@jonfavs Strangely, #Trump is right about percentage #deaths. If you take the number of total #COVID19 deaths in... https://t.co/3WlRrmMiGX",strangely trump right percentage death take total death,0.3778,0.5893,0.033,Neutral,-0.3448,0.5893,0.2115
t00423,2020-08-04 06:46:32,2020-08-04,6,Tuesday,TOI Guwahati,,TweetDeck,TweetDeck,765,True,"['COVID19', 'ArunachalPradesh']","60 more test positive for #COVID19 in #ArunachalPradesh taking tally to 1,752, reports PTI quoting senior health official",test positive arunachalpradesh taking tally report pti quoting senior health official,0.1964,0.7806,0.023,Neutral,-0.1734,0.7806,0.5842
t00424,2020-08-04 07:05:49,2020-08-04,7,Tuesday,lucia hernandez,United Kingdom,Phone or tablet app,Twitter for iPhone,450,False,,@RoyalMail @hackneycouncil went to local mail office to pick up parcel. Staff no wearing mask and public no wearing... https://t.co/D18z2FYZqT,went local mail office pick parcel staff wearing mask public wearing,0.4649,0.5167,0.0183,Neutral,-0.4466,0.5167,0.0518
t00425,2020-08-04 07:13:16,2020-08-04,7,Tuesday,SDG Nigeria Knowledge Hub 🔊,,Bot or auto-feed,IFTTT,1202,False,['China'],"WHO: ""Epidemiological studies will begin in Wuhan, #China to identify the potential source of infection of the earl... https://t.co/HNTiVSqWT1",epidemiological study begin wuhan china identify potential source infection earl,0.096,0.8849,0.0191,Neutral,-0.0769,0.8849,0.7889
t00426,2020-08-04 07:13:26,2020-08-04,7,Tuesday,Dominique✨#MaskUp #SocialDistancing,,Phone or tablet app,Twitter for iPhone,15557,False,,"In TX man’s obituary family blames trump,Abbott,&amp;all politicians who care more 4 popularity &amp; votes, &amp; self centere... https://t.co/n8PUd1IxKn",man obituary family blame trump abbott politician care popularity vote self centere,0.6416,0.3464,0.012,Negative,-0.6296,0.6416,0.2953
t00427,2020-08-04 07:24:27,2020-08-04,7,Tuesday,India in a Jar,,Twitter website,Twitter Web App,4548,False,,Spread this Awareness campaign - Indian farmers are struggling to restart after lockdown. @BBCDevon @KerryWradio... https://t.co/GLeuXQuRkV,spread awareness campaign indian farmer struggling restart lockdown,0.1936,0.7076,0.0988,Neutral,-0.0948,0.7076,0.514
t00428,2020-08-04 07:32:37,2020-08-04,7,Tuesday,DrSheldonCooper,United Kingdom,TweetDeck,TweetDeck,35,False,"['nCoV2019', 'coronavirus', 'COVID2019', 'COVID19']","Confirmed cases &amp; deaths outside PRC, as of 3/08/2020. #nCoV2019 #coronavirus #COVID2019 #COVID19 https://t.co/zpZR7koNvL",confirmed case death outside prc,0.4159,0.5711,0.013,Neutral,-0.4029,0.5711,0.1552
t00429,2020-08-04 07:34:10,2020-08-04,7,Tuesday,Alessandro Calzavara,,Phone or tablet app,Twitter for Android,153,False,,"@MCHammer Great job by Dr.Lee and ...Hammer, sorry, I have to tell you, Dr.Lee dances better then you 😁 (I'm joking... https://t.co/WvKk80oft9",great job hammer sorry tell dance better joking,0.0058,0.0283,0.9659,Positive,0.9601,0.9659,0.9375
t00430,2020-08-04 07:34:17,2020-08-04,7,Tuesday,Jugal / जुगल,India,Phone or tablet app,Twitter for Android,7930,False,['COVID19'],"Common thread connecting the three most impacted #COVID19 nations ~ India 🇮🇳, USA 🇺🇸 &amp; Brazil 🇧🇷? ""Toxic levels o... https://t.co/mcBOPY36mv",common thread connecting three impacted nation india usa brazil toxic level,0.4627,0.5133,0.024,Neutral,-0.4387,0.5133,0.0506
t00431,2020-08-04 07:35:03,2020-08-04,7,Tuesday,HDAH,,Scheduling tool,Buffer,1229,False,"['COVID19', 'DomesticAbuse']","#COVID19 has been incredibly hard financially for all charities. Doubly hard, #DomesticAbuse charities have seen de... https://t.co/eN11lnmz1A",incredibly hard financially charity doubly hard domesticabuse charity seen,0.7641,0.2176,0.0183,Negative,-0.7458,0.7641,0.5466
t00432,2020-08-04 07:36:35,2020-08-04,7,Tuesday,Rachel Beth Ahrens,United States,Twitter website,Twitter Web App,1447,False,['OralHealthIsHealth'],"Something on the home front for future reference. #OralHealthIsHealth. Take care of your teeth, and that includes... https://t.co/dHVpo2uK8l",something home front future reference oralhealthishealth take care teeth includes,0.0118,0.7863,0.2019,Neutral,0.1901,0.7863,0.5844
t00433,2020-08-04 07:38:20,2020-08-04,7,Tuesday,Ellesmere Solicitors ⚖,Nigeria,Phone or tablet app,Twitter for Android,650,False,,We offer Company and Business name registeration services with the Corporate Affairs Commission. Kindly 📲 080370320... https://t.co/ThPfTUuVmE,offer company business name registeration service corporate affair commission kindly,0.0109,0.912,0.0771,Neutral,0.0662,0.912,0.8348
t00434,2020-08-04 07:39:45,2020-08-04,7,Tuesday,Ebenezer O. Ayelabola,,Phone or tablet app,Twitter for Android,1418,False,"['COVID19', 'wassce2020']",Why do @WHO not allow autopsy conducted on the #COVID19 dead bodies? @WHONigeria @Fmohnigeria #wassce2020,allow autopsy conducted dead body,0.8512,0.1439,0.0049,Negative,-0.8463,0.8512,0.7073
t00435,2020-08-04 07:41:32,2020-08-04,7,Tuesday,🗣️VoiceOfReason💪🏽,South Africa,Phone or tablet app,Twitter for Android,95,False,"['WeThePeople', 'Plandemic', 'COVID19']",If only this can be possible! #WeThePeople #Plandemic #COVID19 @SAgovnews @CyrilRamaphosa @KhuselaS @MYANC https://t.co/1dovT8b8BL,possible wethepeople plandemic,0.1437,0.4942,0.3621,Neutral,0.2184,0.4942,0.1321
t00436,2020-08-04 07:45:11,2020-08-04,7,Tuesday,A l e,United Kingdom,Phone or tablet app,Twitter for Android,462,False,,"Lovely times. In A Twist On Loyalty Programs, Emirates Is Promising Travelers A Free Funeral If Infected With... https://t.co/lM5pLgEpZw",lovely time twist loyalty program emirate promising traveler free funeral infected,0.0046,0.0849,0.9105,Positive,0.9059,0.9105,0.8257
t00437,2020-08-04 07:45:21,2020-08-04,7,Tuesday,Maison-Home,United Kingdom,Twitter website,Twitter Web App,25,False,,"Our 70% alcohol based hand sanitiser will keep your hands feeling protected, clean and fragrant 💧💧 - 🛒 -... https://t.co/zUirp6Xruy",alcohol based hand sanitiser keep hand feeling protected clean fragrant,0.006,0.1649,0.8291,Positive,0.8231,0.8291,0.6642
t00438,2020-08-04 07:49:50,2020-08-04,7,Tuesday,Matt Kemp,United Kingdom,Phone or tablet app,Twitter for iPhone,935,False,,You’ve got to worry when the actual President of the actual United States of America’s is as stupid as this total E... https://t.co/nT53Mynwsb,got worry actual president actual united state america stupid total,0.9018,0.0875,0.0107,Negative,-0.8911,0.9018,0.8143
t00439,2020-08-06 14:49:45,2020-08-06,14,Thursday,Russ Shilling,,Phone or tablet app,Twitter for iPad,1274,False,['pandemic'],Really good discussion of prior #pandemic war games and lessons that went unlearned by the current administration!... https://t.co/wdKK0pDsF9,really good discussion prior pandemic war game lesson went unlearned current administration,0.0458,0.2385,0.7157,Positive,0.6699,0.7157,0.4771
t00440,2020-08-06 14:55:31,2020-08-06,14,Thursday,ROC United,United States,Twitter website,Twitter Web App,12532,True,"['Unemployment', 'COVID19']","#Unemployment benefits during #COVID19 are critical to many like @MomsRising member Daniella, a mom working three j... https://t.co/fYFcFo2727",unemployment benefit critical many like member daniella mom working three,0.0432,0.6046,0.3522,Neutral,0.309,0.6046,0.2524
t00441,2020-08-06 14:57:08,2020-08-06,14,Thursday,Space for Earth,Global / unstated,Twitter website,Twitter Web App,3555,False,"['COVID19', 'Space4Earth']",Satellites provide crucial data on crops during the #COVID19 crisis 🛰️🌾 #Space4Earth https://t.co/Z6yoNXBQaA,satellite provide crucial data crop crisis,0.0138,0.7017,0.2845,Neutral,0.2707,0.7017,0.4171
t00442,2020-08-06 15:03:04,2020-08-06,15,Thursday,CVR,United Kingdom,Twitter website,Twitter Web App,3221,False,['COVID19'],"New @ISARIC1 protocol led by @JTSglobalhealth aims to determine long-term health impacts of #COVID19, by sending it... https://t.co/sCHDEiQIE8",new protocol led aim determine health impact sending,0.0321,0.934,0.0339,Neutral,0.0018,0.934,0.9001
t00443,2020-08-06 15:03:32,2020-08-06,15,Thursday,Kroger Health,United States,Scheduling tool,Hootsuite Inc,457,False,['COVID19'],"While experts are still studying #COVID19 and how the virus is being spread, many believe that air conditioning cou... https://t.co/WBo7zllzBF",expert still studying virus spread many believe air conditioning cou,0.2954,0.6809,0.0237,Neutral,-0.2717,0.6809,0.3855
t00444,2020-08-06 15:04:48,2020-08-06,15,Thursday,mentalhealthmatters,,Phone or tablet app,Twitter for iPhone,1289,False,,"Lots of people told me I was selfish, I was weird because the covid-19 didn't scare me. There you know why? Some of... https://t.co/1QSC9qsYHt",lot people told selfish weird scare know,0.8539,0.1373,0.0087,Negative,-0.8452,0.8539,0.7166
t00445,2020-08-06 15:06:28,2020-08-06,15,Thursday,IAM Platform,Global / unstated,Other or custom app,IAMBLOG2TWITTER,17962,False,"['cdc', 'coronavirus', 'covid19', 'mers']",23 new coronavirus cases reported in Maine READ MORE: https://t.co/VQdDlzaNu3 #cdc #coronavirus #covid19 #mers... https://t.co/qvguTbAsmQ,new case reported maine read cdc mers,0.1574,0.8236,0.019,Neutral,-0.1384,0.8236,0.6661
t00446,2020-08-06 15:10:21,2020-08-06,15,Thursday,Todd Hancock,Canada,Scheduling tool,Hootsuite Inc,8542,False,"['podcast', 'EconolineCrush', 'BobRock', 'COVID19']","A 33 minute #podcast with #EconolineCrush singer Trevor Hurst! We talked recording with #BobRock, #COVID19,... https://t.co/JPZKPG8eSz",minute podcast econolinecrush singer trevor hurst talked recording bobrock,0.0074,0.8536,0.1391,Neutral,0.1317,0.8536,0.7145
t00447,2020-08-06 15:14:01,2020-08-06,15,Thursday,KayLoren,United States,Twitter website,Twitter Web App,670,False,"['CitiesAreEssential', 'COVID19']",@SenToomey #CitiesAreEssential in the #COVID19 response &amp; recovery. Our hometowns need help NOW through DIRECT reli... https://t.co/8kPWYnAvqO,citiesareessential response recovery hometown need help direct reli,0.0337,0.4593,0.5069,Positive,0.4732,0.5069,0.0476
t00448,2020-08-06 15:23:07,2020-08-06,15,Thursday,Pharm2Market,,Scheduling tool,SocialPilot.co,115,False,"['Covid19', 'nursinghome']",Lilly starts phase 3 test of COVID-19 antibody in nursing homes | @Lillypad @NIAID #Covid19 #nursinghome... https://t.co/dRyiSJbHL6,lilly start phase test antibody nursing home nursinghome,0.0367,0.9323,0.031,Neutral,-0.0057,0.9323,0.8957
t00449,2020-08-06 15:24:20,2020-08-06,15,Thursday,Pragativadi,India,Twitter website,Twitter Web App,11380,False,"['COVID19', 'Odisha']",1150 #COVID19 patients recover in #Odisha https://t.co/eICieNTBwt,patient recover odisha,0.0511,0.8894,0.0595,Neutral,0.0084,0.8894,0.8299
t00450,2020-08-06 15:27:44,2020-08-06,15,Thursday,Alicia Ault,,TweetDeck,TweetDeck,2928,False,,"New study: respiratory droplets last longer, go further; same for aerosolized viral particles, esp in higher humidi... https://t.co/PPWRhknltU",new study respiratory droplet last longer aerosolized viral particle esp higher humidi,0.019,0.8666,0.1144,Neutral,0.0954,0.8666,0.7522
t00451,2020-08-06 15:31:00,2020-08-06,15,Thursday,Sedgwick County,,Twitter website,Twitter Web App,9221,True,['COVID19'],Sedgwick County together with Legacy on College Hill announce eight positive #COVID19 cases (six residents and two... https://t.co/O07obi7zc5,sedgwick county together legacy college hill announce eight positive case six resident two,0.0293,0.9286,0.0421,Neutral,0.0128,0.9286,0.8865
t00452,2020-08-06 15:35:31,2020-08-06,15,Thursday,Nina Ryder,United Kingdom,Phone or tablet app,Twitter for iPhone,3003,False,"['ToryScandals', 'ToryCorruption', 'HerdImmunityScandal', 'LockdownFatigueScandal', 'DataScandal']",#ToryScandals Massive #ToryCorruption @Under_Covid #HerdImmunityScandal #LockdownFatigueScandal #DataScandal... https://t.co/lDeyFDjCca,toryscandals massive torycorruption herdimmunityscandal lockdownfatiguescandal datascandal,0.8639,0.1265,0.0096,Negative,-0.8543,0.8639,0.7375
t00453,2020-08-06 15:36:35,2020-08-06,15,Thursday,FEI (Financial Executives International),United States,Scheduling tool,Hootsuite Inc,3096,False,['PPP'],5 things financial executives need to read today: Highlights from the latest #PPP loan forgiveness FAQs and the 5 s... https://t.co/9f6ZYy0LyE,thing financial executive need read today highlight latest ppp loan forgiveness faq,0.0086,0.8233,0.1681,Neutral,0.1595,0.8233,0.6552
t00454,2020-08-06 15:44:48,2020-08-06,15,Thursday,Tent Partnership for Refugees,United States,Scheduling tool,Sprout Social,9811,True,"['refugees', 'COVID19']","""As we celebrate #refugees’ contributions to the fight for racial justice and the #COVID19 response, we should also... https://t.co/Zf5gtPpHm7",celebrate refugee contribution fight racial justice response also,0.0129,0.3352,0.6519,Positive,0.639,0.6519,0.3167
t00455,2020-08-06 15:46:40,2020-08-06,15,Thursday,Jeffrey fa,United States,Phone or tablet app,Twitter for iPhone,168,False,['COVID19'],@ProFootballTalk Hopefully the floodgates will open! Life over Money! Or in other cases the love of money over Life! #COVID19 Kills!,hopefully floodgate open life money case love money life kill,0.5513,0.2979,0.1508,Negative,-0.4005,0.5513,0.2534
t00456,2020-08-06 15:49:20,2020-08-06,15,Thursday,Phil McNamara,United States,Phone or tablet app,Twitter for iPhone,3615,False,,This is exciting. Great to see Virginia leading the way here. When will DC develop an app? @MayorBowser @_DCHealth... https://t.co/PMD1aKqP6j,exciting great see virginia leading way develop app,0.0017,0.0151,0.9832,Positive,0.9815,0.9832,0.9681
t00457,2020-08-06 15:49:42,2020-08-06,15,Thursday,Tom Mason TM️ 💵,United States,Phone or tablet app,Twitter for iPhone,177,False,['COVID19'],So have you been tested for #COVID19 ?,tested,0.1047,0.8684,0.0269,Neutral,-0.0778,0.8684,0.7637
t00458,2020-08-06 15:50:45,2020-08-06,15,Thursday,🎩MAD_Hatter🎩,United States,Twitter website,Twitter Web App,208,False,,@WSJ Several months back scientific data supported not wearing a mask https://t.co/W0Gu2BL9jC. I would like to see... https://t.co/jzj51Be0bw,several month back scientific data supported wearing mask would like see,0.0474,0.7864,0.1662,Neutral,0.1188,0.7864,0.6202
t00459,2020-08-06 15:51:02,2020-08-06,15,Thursday,VOW FM News,South Africa,Phone or tablet app,Twitter for Android,150,False,,The top stories for the evening with Yonaka Theledi (@Yonaka_Theledi) -SPCA aims to remove the tigers found at a H... https://t.co/nwfl6gPzcz,top story evening yonaka theledi aim remove tiger found,0.0108,0.8687,0.1205,Neutral,0.1097,0.8687,0.7482
t00460,2020-08-06 15:51:18,2020-08-06,15,Thursday,Less than 100 days. Do your part. VOTE.,,Twitter website,Twitter Web App,131,False,,"@WestWingReport Cause you know, when we have a raging pandemic and over 150,000 dead Americans, with expired... https://t.co/hwicTOKCnb",cause know raging pandemic dead american expired,0.7809,0.2083,0.0107,Negative,-0.7702,0.7809,0.5726
t00461,2020-08-06 15:52:32,2020-08-06,15,Thursday,RidinwitBiden,United States,Phone or tablet app,Twitter for iPad,481,False,"['personwomanmancameratv', 'ItIsWhatItIs', 'Epstein']",@Niki_Lyn_ @BeckySarasotabf @rccola1962 @stillgray Interesting. #personwomanmancameratv #ItIsWhatItIs #Epstein... https://t.co/9py9cG6aeK,interesting personwomanmancameratv itiswhatitis epstein,0.0103,0.515,0.4747,Neutral,0.4644,0.515,0.0403
t00462,2020-08-06 15:52:47,2020-08-06,15,Thursday,Big Daddy Vin,United States,Phone or tablet app,Twitter for Android,17416,True,['COVID19'],@realDonaldTrump You're the problem. 22.5% of global #COVID19 deaths are Americans. Yes. Americans who believed you... https://t.co/ItAJYAz1kx,problem global death american yes american believed,0.9232,0.0695,0.0072,Negative,-0.916,0.9232,0.8537
t00463,2020-08-06 15:54:38,2020-08-06,15,Thursday,Hotpage News,United States,Twitter website,Twitter Web App,26227,False,"['COVID19', 'Covid']","University of Texas anticipates testing ""several hundred"" symptomatic people every day - #COVID19 #Covid... https://t.co/RxYwQcLs7t",university texas anticipates testing several hundred symptomatic people every day,0.0974,0.8733,0.0293,Neutral,-0.0681,0.8733,0.7759
t00464,2020-08-06 15:57:29,2020-08-06,15,Thursday,Gina Marie,United States,Twitter website,Twitter Web App,719,False,"['movies', 'comedy', 'indiefilm']",The New Normal premieres TOMORROW! https://t.co/iNwtiWeprd via @YouTube @ADAMDEVINE #movies #comedy #indiefilm... https://t.co/IlO8L18STv,new normal premiere tomorrow via movie comedy indiefilm,0.0023,0.7381,0.2596,Neutral,0.2573,0.7381,0.4786
t00465,2020-08-06 15:59:57,2020-08-06,15,Thursday,Mount Sinai Health System,United States,Scheduling tool,Falcon Social Media Management,86149,True,,Tune into Facebook Live today at 1:00PM ET for a message from @CAP_MDNY regarding the research and innovation takin... https://t.co/75hyOYD8no,tune facebook live today message regarding research innovation takin,0.0041,0.8203,0.1756,Neutral,0.1715,0.8203,0.6446
t00466,2020-08-06 16:00:45,2020-08-06,16,Thursday,J.C. Wilder 🍸,,Phone or tablet app,Twitter for Android,937,False,,Thoughts and prayers for the @NRA... (Crickets) I can't say that with a straight face. SCREW the NRA.... https://t.co/VcNa2yiVeb,thought prayer cricket say straight face screw nra,0.7204,0.253,0.0266,Negative,-0.6938,0.7204,0.4674
t00467,2020-08-06 16:02:14,2020-08-06,16,Thursday,Ryerson Research,Canada,Scheduling tool,Hootsuite Inc,4129,False,['COVID19'],"Ryerson alumnus @AdamDmytriw is the Canadian Lead for the North American Neurovascular #COVID19 Consortium, where h... https://t.co/lp7eLlOarS",ryerson alumnus canadian lead north american neurovascular consortium,0.0071,0.9521,0.0408,Neutral,0.0337,0.9521,0.9113
t00468,2020-08-06 16:02:44,2020-08-06,16,Thursday,Lyanne Melendez,United States,Phone or tablet app,Twitter for iPhone,5652,True,"['colleges', 'COVID19']",My colleague @JulianGABC7 will be reporting on #colleges amid #COVID19. https://t.co/Kciz8T5UEo,colleague reporting college amid,0.0291,0.9274,0.0435,Neutral,0.0144,0.9274,0.8839
t00469,2020-08-06 16:05:15,2020-08-06,16,Thursday,Denise Patel,,Twitter website,Twitter Web App,369,False,['PFAS'],"TAKE ACTION! Not only does #PFAS affect our immune systems, @McDonalds is one of the few affordable meals in low-in... https://t.co/KvG9vJ8xQa",take action pfas affect immune system one affordable meal,0.0899,0.5761,0.334,Neutral,0.2441,0.5761,0.2421
t00470,2020-08-06 16:10:05,2020-08-06,16,Thursday,IAVI,Global / unstated,Scheduling tool,Hootsuite Inc,25904,False,"['antibodies', 'infectiousdiseases']","“Increasingly, #antibodies are the future of preventing and treating #infectiousdiseases."" 🗣️ James E. Crowe, Jr.,... https://t.co/CdXVRIJ6Pv",increasingly antibody future preventing treating infectiousdiseases james crowe,0.0046,0.4096,0.5858,Positive,0.5812,0.5858,0.1762
t00471,2020-08-06 16:12:50,2020-08-06,16,Thursday,Indiana State Department of Health,,Twitter website,Twitter Web App,29497,True,"['COVID19', 'Indiana']",The latest #COVID19 case information for #Indiana is now available on the ISDH website. Here are the updated number... https://t.co/GB0bhuuK5D,latest case information indiana available isdh website updated,0.013,0.9415,0.0456,Neutral,0.0326,0.9415,0.8959
t00472,2020-08-06 16:14:50,2020-08-06,16,Thursday,Franz Arnaud,,Twitter website,Twitter Web App,2464,False,"['USA', 'France', 'Quebec', 'Canada', 'cdnpoli', 'ChinaVirus', 'COVID19', 'coronavirus']",I believe you! I know it! Bless! #USA #France #Quebec #Canada #cdnpoli @SenatCA #ChinaVirus #COVID19 #coronavirus https://t.co/PnSECCU8eT,believe know bless usa france quebec canada cdnpoli chinavirus,0.0127,0.0776,0.9097,Positive,0.897,0.9097,0.8321
t00473,2020-08-06 16:20:03,2020-08-06,16,Thursday,Cannabis and Cannabinoid Research Journal,,Scheduling tool,Hootsuite Inc,4399,False,['CBD'],Important new research assessing the potential role for #CBD during ARDS - perhaps extending CBD as part of the tre... https://t.co/cN0rWKI10f,important new research assessing potential role cbd ards perhaps extending cbd part tre,0.0063,0.4533,0.5404,Positive,0.5341,0.5404,0.0871
t00474,2020-08-06 16:21:12,2020-08-06,16,Thursday,Trump2020,,Phone or tablet app,Twitter for iPhone,29530,False,,"The democrat party has fulfilled its’ goal of re-enslaving not only African Americans, but the entire population wi... https://t.co/NLRN8xqPcQ",democrat party fulfilled goal african american entire population,0.1288,0.7527,0.1185,Neutral,-0.0103,0.7527,0.6239
t00475,2020-08-06 16:26:46,2020-08-06,16,Thursday,Dr. Joe Thompson,,Phone or tablet app,Twitter for iPhone,1545,False,['COVID19'],Please join me on @ACHI_Net’s Facebook page at 11:30 a.m. for a live #COVID19 update in partnership with... https://t.co/KSGLjththt,please join facebook page live update partnership,0.005,0.8618,0.1332,Neutral,0.1282,0.8618,0.7286
t00476,2020-08-06 16:29:45,2020-08-06,16,Thursday,findingphysics,United States,Phone or tablet app,Twitter for iPhone,3,False,,Here’s my latest podcast “A Teacher’s Perspective: Reframing Fear as Excitement”. https://t.co/Aeunvcrgtw... https://t.co/werBzAl0HJ,latest podcast teacher perspective reframing fear excitement,0.011,0.7295,0.2595,Neutral,0.2485,0.7295,0.4699
t00477,2020-08-06 16:32:03,2020-08-06,16,Thursday,Amina,,Twitter website,Twitter Web App,0,False,"['Education', 'COVID19']",#Education is suffering as a result of #COVID19. Increased operations costs to meet new staffing needs &amp; procure es... https://t.co/O37uZ1a8pm,education suffering result increased operation cost meet new staffing need procure,0.8143,0.1763,0.0095,Negative,-0.8048,0.8143,0.638
t00478,2020-08-06 16:37:50,2020-08-06,16,Thursday,James Johnson,United States,Twitter website,Twitter Web App,557,False,['WhiteSupremacist'],"Trump, a failed businessman, #WhiteSupremacist Con Man becomes POTUS The Result: -An economy teetering on collapse.... https://t.co/OYv35odvdA",trump failed businessman whitesupremacist con man becomes potus result economy teetering collapse,0.935,0.0586,0.0064,Negative,-0.9286,0.935,0.8764
t00479,2020-08-07 12:52:56,2020-08-07,12,Friday,Vertopia Foundation,Nigeria,Phone or tablet app,Twitter for Android,121,False,,For financial donations: Vertopia Publize Publications (GTB 0199591627) For material donations and other enquirie... https://t.co/NKbo5HqjyO,financial donation vertopia publize publication gtb material donation enquirie,0.0227,0.9396,0.0377,Neutral,0.015,0.9396,0.9019
t00480,2020-08-07 12:53:20,2020-08-07,12,Friday,WeCollaborateforNutrition,India,Twitter website,Twitter Web App,237,False,"['DYK', 'StanpaanHaiVardaan']",#DYK breastfeeding and all the 17 SDGs are linked? Learn how: https://t.co/NqOi3Wlqg2 #StanpaanHaiVardaan... https://t.co/kQ8g5YB7AW,dyk breastfeeding sdgs linked learn stanpaanhaivardaan,0.0082,0.895,0.0968,Neutral,0.0886,0.895,0.7981
t00481,2020-08-07 12:54:23,2020-08-07,12,Friday,centeringpendulum,Canada,Twitter website,Twitter Web App,589,False,,"@jacqwest They thought they could force workers, newcomers, newly graduates into carrying the lion-share of the bud... https://t.co/XTN2P8uaWI",thought could force worker newcomer newly graduate carrying bud,0.1554,0.7995,0.0451,Neutral,-0.1103,0.7995,0.6441
t00482,2020-08-07 12:54:33,2020-08-07,12,Friday,Dr. Kelsey Leonard,,Phone or tablet app,Twitter for iPhone,4235,False,['COVID19'],The more things change the more they stay the same...welcome to the #COVID19 “Compounds” NYC’s rich elites are buyi... https://t.co/srlRN96Ib0,thing change stay welcome compound nyc rich elite buyi,0.6173,0.3449,0.0378,Negative,-0.5795,0.6173,0.2723
t00483,2020-08-07 12:54:45,2020-08-07,12,Friday,HT Punjab,India,TweetDeck,TweetDeck,76005,True,['COVID19'],Virus scare in political circles of Himachal after power minister tests positive for #COVID19 (reports... https://t.co/VL5VvMBBQ1,virus scare political circle himachal power minister test positive report,0.3823,0.5982,0.0195,Neutral,-0.3628,0.5982,0.2159
t00484,2020-08-07 12:55:25,2020-08-07,12,Friday,steph,United States,Phone or tablet app,Twitter for iPhone,3122,False,,The US: alright world our travel bans are lifting and we are finally coming to travel!! The rest of the world: no... https://t.co/K5aUALdl8f,alright world travel ban lifting finally coming travel rest world,0.1315,0.577,0.2916,Neutral,0.1601,0.577,0.2854
t00485,2020-08-07 12:55:36,2020-08-07,12,Friday,raychilling in a mask,United States,Phone or tablet app,Twitter for iPhone,190,False,"['virtual', 'COVID19', 'stayconnected']",@CSPNewJersey is hosting #virtual groups for free during the #COVID19 pandemic. #stayconnected https://t.co/WMWla7gQjT,hosting virtual group free pandemic stayconnected,0.0105,0.7574,0.2321,Neutral,0.2216,0.7574,0.5254
t00486,2020-08-07 12:55:55,2020-08-07,12,Friday,Zoe D Fowke (My linkedin is Zoe Fowkee),United Kingdom,Phone or tablet app,Twitter for Android,4550,False,,ac/said/er via Whitehall rebecca in reverse. They said its a fair Hurst Teacher. Flying newts class. So weird how m... https://t.co/xbVyqZi195,via whitehall rebecca reverse said fair hurst teacher flying newt class weird,0.5089,0.4716,0.0195,Negative,-0.4894,0.5089,0.0373
t00487,2020-08-07 12:55:57,2020-08-07,12,Friday,"Estelle Alain ""Get Younger Skin Secrets Now""",,Twitter website,Twitter Web App,83,False,"['workfromhome', 'personalcare', 'beauty']","WOW! So You Want Radiant, Wrinkle Free Skin? Amazing New Beauty Blog Post! #workfromhome #personalcare #beauty... https://t.co/4umMxP3hcQ",wow want radiant wrinkle free skin amazing new beauty blog post workfromhome personalcare beauty,0.0024,0.0199,0.9777,Positive,0.9753,0.9777,0.9578
t00488,2020-08-07 12:58:52,2020-08-07,12,Friday,Louis & His Nanny,,Scheduling tool,Twitter Media Studio,5,False,"['covid19', 'backtoschool', 'StaySafe']",Why do I need to wear a mask? - Nina telling Louis the importance of wearing a mask #covid19 #backtoschool #StaySafe https://t.co/jikQ4V5Ekq,need wear mask nina telling louis importance wearing mask backtoschool staysafe,0.0527,0.8002,0.147,Neutral,0.0943,0.8002,0.6532
t00489,2020-08-07 12:59:07,2020-08-07,12,Friday,라손,,Phone or tablet app,Twitter for iPhone,1677,False,,"“Obesity is a serious global problem, and the suboptimal vaccine-induced immune responses observed in the obese pop... https://t.co/9co7erOue1",obesity serious global problem suboptimal immune response observed obese pop,0.7619,0.2268,0.0113,Negative,-0.7506,0.7619,0.5351
t00490,2020-08-07 12:59:10,2020-08-07,12,Friday,Lanrick Bennett Jr.,,Twitter website,Twitter Web App,2787,False,['TorontoDanforth'],@FedExCanada We've seen you in the wild here in #TorontoDanforth! These are definitely neigbourhoods that will cele... https://t.co/biRO73IsN3,seen wild torontodanforth definitely neigbourhoods cele,0.0045,0.3077,0.6877,Positive,0.6832,0.6877,0.38
t00491,2020-08-07 12:59:44,2020-08-07,12,Friday,Jordi Riera,,Phone or tablet app,Twitter for Android,1079,False,['COVID19'],Proposal of an independent evaluation of Spanish response to the #COVID19 pandemic. Keypoint is the heterogeneity o... https://t.co/XjtuXGCEXe,proposal independent evaluation spanish response pandemic keypoint heterogeneity,0.0533,0.9105,0.0362,Neutral,-0.0171,0.9105,0.8572
t00492,2020-08-07 13:00:00,2020-08-07,13,Friday,CESI Guelph,,TweetDeck,TweetDeck,1724,False,['nonprofits'],@ONTrillium is offering funding for #nonprofits delivering services &amp; programs in Ontario. Organizations must be lo... https://t.co/cNIqYkaZ03,offering funding nonprofit delivering service program ontario organization must,0.0054,0.7137,0.2809,Neutral,0.2755,0.7137,0.4327
t00493,2020-08-07 13:00:01,2020-08-07,13,Friday,JAMA,United States,Scheduling tool,Sprinklr,384398,True,['COVID19'],For a #COVID19 vaccine to be successful it is critical @US_FDA's independence be respected &amp; politicians kept from... https://t.co/9ED3XwrDcB,vaccine successful critical independence respected politician kept,0.0861,0.7348,0.1791,Neutral,0.093,0.7348,0.5557
t00494,2020-08-07 13:00:05,2020-08-07,13,Friday,Larry Copeland Jr.,,Cross-posted,LinkedIn,72,False,,"The enablers of genomics and data science that drive precision medicine, can drive the revolution in precision heal... https://t.co/zigZB7v9q8",enablers genomics data science drive precision medicine drive revolution precision heal,0.0152,0.689,0.2958,Neutral,0.2806,0.689,0.3932
t00495,2020-08-07 13:00:11,2020-08-07,13,Friday,"Zoe ""Proud Lowlife & Scum""",,Twitter website,Twitter Web App,29461,False,['Covid19'],"@CarolinaOpinion If trump had done his job instead of declaring #Covid19 the ""new democrat hoax"" we would have far... https://t.co/PS7h7uzvrf",trump done job instead declaring new democrat hoax would far,0.7444,0.233,0.0226,Negative,-0.7218,0.7444,0.5114
t00496,2020-08-07 13:00:23,2020-08-07,13,Friday,Abt Associates,United States,Scheduling tool,Sprout Social,11465,True,['COVID19'],"“#COVID19 just highlighted all the needs that we've seen in our community.” Lisa Smith of Lawrence, Mass’s Neighbor... https://t.co/YqVHfV53MP",highlighted need seen lisa smith lawrence mass neighbor,0.07,0.6507,0.2793,Neutral,0.2093,0.6507,0.3714
t00497,2020-08-07 13:00:26,2020-08-07,13,Friday,NHS Salford CCG,,Scheduling tool,Orlo,15715,True,,"Walking, cycling &amp; using your own vehicle are better than car shares right now. But if you need to travel by car wi... https://t.co/1QeGm12vjd",walking cycling using vehicle better car share right need travel car,0.0141,0.4278,0.5581,Positive,0.544,0.5581,0.1303
t00498,2020-08-07 13:00:39,2020-08-07,13,Friday,York University School of Continuing Studies,Canada,Scheduling tool,MeetEdgar,1332,False,['Blockchain'],"Join #Blockchain Development instructor Affaf Ahtisham on August 20th for an exclusive, behind-the-scenes look at w... https://t.co/cHrOJCrxeW",join blockchain development instructor affaf ahtisham august exclusive look,0.0044,0.8022,0.1934,Neutral,0.189,0.8022,0.6088
t00499,2020-08-07 13:01:05,2020-08-07,13,Friday,OpenMind,Global / unstated,Scheduling tool,Salesforce - Social Studio,14019,False,['COVID19'],#COVID19 | Sweden has never imposed a lockdown due to the pandemic. 🇸🇪 🦠 This is something that has been both comme... https://t.co/e1sEx5fycx,sweden never imposed lockdown due pandemic something comme,0.0811,0.8618,0.0571,Neutral,-0.024,0.8618,0.7806
t00500,2020-08-07 13:01:25,2020-08-07,13,Friday,West End Church,United States,Scheduling tool,LaterMedia,663,False,,👨🏾🍳👩🏽🍳Family Life Drive Thru Cookout &amp; Car Decorating Contest! Register by this Sunday August 9:... https://t.co/lTerqsni1K,life drive thru cookout car decorating contest register sunday august,0.0032,0.6658,0.3311,Neutral,0.3279,0.6658,0.3347
t00501,2020-08-07 13:01:45,2020-08-07,13,Friday,@COSATU Today,South Africa,Twitter website,Twitter Web App,151926,False,['COVID19'],Recruit workers to join COSATU Now! Mobilize against #COVID19 infections at every workplace Now! We shall overcom... https://t.co/RBoqyWad4z,recruit worker join cosatu mobilize infection every workplace shall overcom,0.0499,0.6031,0.347,Neutral,0.2971,0.6031,0.2561
t00502,2020-08-07 13:01:48,2020-08-07,13,Friday,QED Group,United States,Scheduling tool,Hootsuite Inc,1394,False,"['COVID19', 'CGDV']",#COVID19 isn’t going anywhere anytime soon. #CGDV’s Understanding COVID-19 Across the Globe Data Challenge wants yo... https://t.co/7SReP9ZybE,going anywhere anytime soon cgdv understanding across globe data challenge want,0.3647,0.5864,0.049,Neutral,-0.3157,0.5864,0.2217
t00503,2020-08-07 13:02:00,2020-08-07,13,Friday,"Diana Adneris Rivera, M. Psych, M. Ed",United States,Phone or tablet app,Twitter for Android,290,False,,This collaboration presents useful recommendations for parents + caregivers of young children + adolescents facing... https://t.co/1JkZRgNDch,collaboration present useful recommendation parent caregiver young child adolescent facing,0.006,0.3287,0.6653,Positive,0.6593,0.6653,0.3366
t00504,2020-08-07 13:02:10,2020-08-07,13,Friday,(((Mia Bloom)))🦈👽🧠🏳️🌈🇱🇧supporter,United States,Phone or tablet app,Twitter for iPhone,18578,False,['covid19'],Atlantans if you need a #covid19 test: drive up testing available in Decatur &amp; with no co pay https://t.co/xJU9pGsqxk,atlantans need test drive testing available decatur pay,0.0353,0.884,0.0807,Neutral,0.0454,0.884,0.8033
t00505,2020-08-07 13:02:39,2020-08-07,13,Friday,Sapio DSS Covid Volunteer,India,Twitter website,Twitter Web App,87,False,,We are proud to announce our association with SUFI- Steel Users Federation of India and jointly fight against... https://t.co/WssBZS48Bv,proud announce association steel user federation india jointly fight,0.0034,0.1046,0.892,Positive,0.8886,0.892,0.7873
t00506,2020-08-07 13:02:46,2020-08-07,13,Friday,Maya Solis,United States,Phone or tablet app,Twitter for iPhone,255,False,"['Covid19', 'Unemployment', 'NRAFraud']","#Covid19, #Unemployment, #NRAFraud to name a few pressing issues, but glad his priorities are on point 🤦🏻♀️.... https://t.co/NsBoFaYwXA",unemployment nrafraud name pressing issue glad priority point,0.6063,0.2989,0.0948,Negative,-0.5115,0.6063,0.3074
t00507,2020-08-07 13:02:54,2020-08-07,13,Friday,USAID Belarus,,Twitter website,Twitter Web App,461,False,"['COVID19', 'US']",Partnership of civil society activists helps to solve common challenges &amp; problems &amp; respond to #COVID19. #US Gover... https://t.co/Ho96Y9RF66,partnership civil society activist help solve common challenge problem respond gover,0.0114,0.4836,0.5049,Positive,0.4935,0.5049,0.0213
t00508,2020-08-07 13:03:02,2020-08-07,13,Friday,Gregory Silberman,United States,Scheduling tool,Hootsuite Inc,12693,False,['wealthmanagement'],"Ant Could Be the Biggest IPO Ever, but It Will Bypass the U.S. Others Could Follow. #wealthmanagement... https://t.co/7WmoytjqCA",ant could biggest ipo ever bypass others could follow wealthmanagement,0.0058,0.2662,0.728,Positive,0.7222,0.728,0.4618
t00509,2020-08-07 13:03:40,2020-08-07,13,Friday,Musafir Namah,United States,Twitter website,Twitter Web App,2994,False,"['CoronaVirusindia', 'Siddaramaiah']",#CoronaVirusindia Congress MLA and former Karnataka Chief Minister #Siddaramaiah's son Dr Yathindra Siddaramaiah on... https://t.co/dqSJk9qCgg,coronavirusindia congress mla former karnataka chief minister siddaramaiah son yathindra siddaramaiah,0.1032,0.8637,0.0331,Neutral,-0.0701,0.8637,0.7605
t00510,2020-08-07 13:04:44,2020-08-07,13,Friday,wolf dog mom,,Phone or tablet app,Twitter for iPhone,1667,False,['covid19'],this degree of testing and rapid results are necessary to suppress the spread of #covid19 here in the US.... https://t.co/aYX2thWYYo,degree testing rapid result necessary suppress spread,0.198,0.7405,0.0616,Neutral,-0.1364,0.7405,0.5425
t00511,2020-08-07 13:05:00,2020-08-07,13,Friday,Venkatesh V,India,Phone or tablet app,Twitter for Android,3299,False,"['RRR', 'DVVDanayya', 'coronavirus', 'RRRMovie', 'COVID19']",#RRR Producer #DVVDanayya tested positive for #coronavirus. Wishing him speedy recovery. #RRRMovie #COVID19 https://t.co/8K5wuPyVfq,rrr producer dvvdanayya tested positive wishing speedy recovery rrrmovie,0.0734,0.5393,0.3873,Neutral,0.3139,0.5393,0.152
t00512,2020-08-07 13:06:35,2020-08-07,13,Friday,COVID19 News,Global / unstated,Scheduling tool,ContentStudio.io,83,False,['covid19'],Vietnam says the new strain of coronavirus behind its ominous COVID-19 spike is 3 times more contagious #covid19... https://t.co/CS50ALcmEg,vietnam say new strain behind ominous spike time contagious,0.7658,0.2213,0.0128,Negative,-0.753,0.7658,0.5445
t00513,2020-08-07 13:07:34,2020-08-07,13,Friday,"Ken Morris, Jr.,",Ireland,Phone or tablet app,Twitter for iPhone,168,False,,"Biggest increase in jobs for July, restaurants and bars. Sadly, biggest loss for jobs in August will be restaurant... https://t.co/r8ed3OxKp6",biggest increase job july restaurant bar sadly biggest loss job august restaurant,0.6506,0.3128,0.0366,Negative,-0.614,0.6506,0.3378
t00514,2020-08-07 13:08:05,2020-08-07,13,Friday,🍑The GOP is trash 🍑,,Phone or tablet app,Twitter for Android,68,False,,For perspective Lumpkin County has had 27% of its total covid cases occur in **just the last two weeks alone**... https://t.co/EU40TnWLKu,perspective lumpkin county total case occur last two week alone,0.1439,0.8331,0.023,Neutral,-0.1209,0.8331,0.6892
t00515,2020-08-07 13:08:28,2020-08-07,13,Friday,M Tscano,,Phone or tablet app,Twitter for iPhone,90,False,['golfing'],@realDonaldTrump Uh huh.... too busy #golfing and wasting money on security detail instead of continuing... https://t.co/RNHeDBZCau,huh busy golfing wasting money security detail instead continuing,0.7237,0.2601,0.0162,Negative,-0.7075,0.7237,0.4635
t00516,2020-08-07 13:08:34,2020-08-07,13,Friday,Naftali Kaminski,,Phone or tablet app,Twitter for iPhone,4676,False,['COVID19'],"The American failure handling the #COVID19 pandemic is tragic, embarrassing &amp; indisputable. Says Dr. Mishori. We ne... https://t.co/Pu8HKXwIWz",american failure handling pandemic tragic embarrassing indisputable say mishori,0.9024,0.0896,0.008,Negative,-0.8944,0.9024,0.8128
t00517,2020-08-07 13:08:36,2020-08-07,13,Friday,Tuyet T-N.,United States,Twitter website,Twitter Web App,2967,False,['COVID19'],Emerging research highlights a connection between #COVID19 and significant neurological effects in young brains... https://t.co/QP2e68odmP,emerging research highlight connection significant neurological effect young brain,0.0183,0.8974,0.0843,Neutral,0.066,0.8974,0.8131
t00518,2020-08-07 13:08:38,2020-08-07,13,Friday,West Hartlepool RFC,,Scheduling tool,Hootsuite Inc,2512,False,,We’ll be open from 5pm today to make the most of the lovely weather! The forecast is good for the weekend and we’l... https://t.co/DlpJVJT8Tv,open today make lovely weather forecast good weekend,0.0012,0.0163,0.9825,Positive,0.9813,0.9825,0.9662
t00519,2020-08-08 10:15:01,2020-08-08,10,Saturday,GV Wire | News & Politics,United States,Scheduling tool,Buffer,5415,False,['COVID19'],78 out of 100 patients studied showed heart impacts from #COVID19. | https://t.co/xx66sWUdrt https://t.co/sX1kfpdWm6,patient studied showed heart impact,0.3828,0.5932,0.024,Neutral,-0.3588,0.5932,0.2103
t00520,2020-08-08 10:16:20,2020-08-08,10,Saturday,neshzw,,Cross-posted,Instagram,1065,False,"['harare', 'hararezimbabwe', 'covid19', 'socialmediamanager', 'socialmedia', 'googlecertified']",Trust the process... - - - #harare #hararezimbabwe #covid19 #socialmediamanager #socialmedia #googlecertified... https://t.co/SaLBpTl9th,trust process harare hararezimbabwe socialmediamanager socialmedia googlecertified,0.0203,0.7058,0.2739,Neutral,0.2536,0.7058,0.4319
t00521,2020-08-08 10:18:52,2020-08-08,10,Saturday,Gwadar Pro Official,Pakistan,Phone or tablet app,Twitter for iPhone,8769,False,"['Chinese', 'Pakistan', 'SukiKinari']",270 #Chinese technicians r to arrive in #Pakistan next week for construction of #SukiKinari hydropower project unde... https://t.co/LvKWHdaOVf,chinese technician arrive pakistan next week construction sukikinari hydropower project unde,0.0142,0.9485,0.0373,Neutral,0.0231,0.9485,0.9112
t00522,2020-08-08 11:08:39,2020-08-08,11,Saturday,Mark Tschudin,,Twitter website,Twitter Web App,98,False,['COVID19'],The control of money has inevitably passed from central banks to govt's using #COVID19 as a catalyst &amp; cover. Cap... https://t.co/P2mkV8xLv5,control money inevitably passed central bank govt using catalyst cover cap,0.2261,0.7415,0.0324,Neutral,-0.1937,0.7415,0.5154
t00523,2020-08-08 11:09:22,2020-08-08,11,Saturday,Impact Borderless Digital,Global / unstated,Twitter website,Twitter Web App,104,False,"['IBDmodel', 'WeekendReflections', 'COVID19']","#IBDmodel #WeekendReflections: Model projects 25661 total #COVID19 cases in Kenya today, Aug. 8, given about 4000 t... https://t.co/dMqtFs5fqL",ibdmodel weekendreflections model project total case kenya today aug given,0.0628,0.9111,0.0261,Neutral,-0.0367,0.9111,0.8483
t00524,2020-08-08 11:17:18,2020-08-08,11,Saturday,YALDA Africa,,Twitter website,Twitter Web App,3001,False,['COVID19'],Read about how you can make use of Gender Data in creating #COVID19 pandemic response policies.... https://t.co/iXbVxhHiXE,read make use gender data creating pandemic response policy,0.0154,0.8747,0.1099,Neutral,0.0945,0.8747,0.7648
t00525,2020-08-08 11:21:56,2020-08-08,11,Saturday,"Vanessa Campo-Ruiz, MD PhD",,Phone or tablet app,Twitter for iPhone,860,False,"['Hydroxychloroquine', 'COVID19', 'clinicaltrials']",Yale Faculty on #Hydroxychloroquine and its Use in #COVID19: rigorous #clinicaltrials show it is NOT EFFECTIVE as a... https://t.co/GygI8IOCGe,yale faculty hydroxychloroquine use rigorous clinicaltrials show effective,0.7502,0.239,0.0108,Negative,-0.7394,0.7502,0.5113
t00526,2020-08-08 11:25:30,2020-08-08,11,Saturday,Dr Hareen De Silva,United Kingdom,Phone or tablet app,Twitter for Android,707,False,,So many choices! The UK moves into stricter mask wearing rules. Make sure to wash your cloth masks regularly especi... https://t.co/Cc3qTy5t3o,many choice move stricter mask wearing rule make sure wash cloth mask regularly especi,0.1015,0.748,0.1505,Neutral,0.049,0.748,0.5975
t00527,2020-08-08 11:31:33,2020-08-08,11,Saturday,County Technicians,,Phone or tablet app,Twitter for Android,5,False,,"HP probook core i7, 8gb ram, 1tb hdd fifa installed...... trade in accepted ksh. 40,000 Contact :0704060970, 071259... https://t.co/rX172Rl4OG",probook core ram hdd fifa installed trade accepted ksh contact,0.0135,0.8366,0.1499,Neutral,0.1364,0.8366,0.6868
t00528,2020-08-08 11:39:25,2020-08-08,11,Saturday,@amys_bus_ticket 🌊 #VOTE #2020 #PaperBallots,,Twitter website,Twitter Web App,3108,False,,Trump endangers Rich Little Children at his Bedminster Golf Course... as a prop for his 'COVID19 press conference'... https://t.co/Zcnst0d5Lc,trump endangers rich little child bedminster golf course prop press conference,0.7635,0.2235,0.013,Negative,-0.7505,0.7635,0.54
t00529,2020-08-08 11:44:24,2020-08-08,11,Saturday,Paul Nelson,United States,Twitter website,Twitter Web App,385,False,"['Weekbyweek', 'COVID19', 'Ohio', 'coronavirus', 'TrumpVirus2020']",#Weekbyweek #COVID19 cases in #Ohio #coronavirus #TrumpVirus2020 https://t.co/v2IzJF93Yf https://t.co/T3UtoXIlU2,weekbyweek case ohio,0.5229,0.4531,0.024,Negative,-0.4989,0.5229,0.0698
t00530,2020-08-08 11:45:00,2020-08-08,11,Saturday,goworld.org,,Scheduling tool,Buffer,0,False,"['COVID19', 'kindness', 'unsunghero', 'GOWORLD']",#COVID19 has given us a chance to do more things for others. #kindness #unsunghero #GOWORLD https://t.co/FZvcUBnuQF,given chance thing others kindness unsunghero goworld,0.0068,0.0794,0.9138,Positive,0.907,0.9138,0.8344
t00531,2020-08-08 12:00:10,2020-08-08,12,Saturday,Seefinish Insights,Nigeria,Twitter website,Twitter Web App,25782,False,"['WorldMaskWeek', 'TakeResponsibility', 'Coronavirus', 'COVID19']",The new world #WorldMaskWeek! Nigeria #TakeResponsibility ❤️ against #Coronavirus #COVID19 https://t.co/z31YQbKws7,new world worldmaskweek nigeria takeresponsibility,0.02,0.3254,0.6546,Positive,0.6346,0.6546,0.3292
t00532,2020-08-08 12:20:09,2020-08-08,12,Saturday,LGPD - Lei Geral de Proteção de Dados,,Phone or tablet app,Twitter for iPhone,486,False,"['lgpd', 'gdpr', 'ccpa', 'dataprotection']","Europe launches apps to track coronavirus contacts, stoking privacy concerns #lgpd #gdpr #ccpa #dataprotection... https://t.co/L6276eWD4y",europe launch apps track contact stoking privacy concern lgpd gdpr ccpa dataprotection,0.3712,0.6151,0.0137,Neutral,-0.3575,0.6151,0.2439
t00533,2020-08-08 12:29:17,2020-08-08,12,Saturday,COVID 19 India Updates,,Phone or tablet app,Twitter for Android,1133,False,"['Bihar', 'COVID19']",#Bihar Update of the day 3992 more #COVID19 +ve cases have been reported so far on 7th August. Total count of posi... https://t.co/0XlL9RTGjk,bihar update day case reported far august total count posi,0.3768,0.6081,0.0151,Neutral,-0.3617,0.6081,0.2313
t00534,2020-08-08 12:37:02,2020-08-08,12,Saturday,Simon Smart,,Phone or tablet app,Twitter for iPad,1036,False,"['COVID19', 'Portugal']",As at Aug 8 - UK 309005 cases of #COVID19 &amp; 46511 deaths. #Portugal 52351 cases &amp; 1746 deaths. New cases on Aug 7 -... https://t.co/6gUKW1CMFr,aug case death portugal case death new case aug,0.2769,0.7075,0.0157,Neutral,-0.2612,0.7075,0.4306
t00535,2020-08-08 12:38:38,2020-08-08,12,Saturday,First Officer,United States,Twitter website,Twitter Web App,1478,False,"['Georgia', 'COVID19', 'GOP']",How @BrianKempGA is making #Georgia howl! #COVID19 #GOP https://t.co/fFWODgxusq,making georgia howl gop,0.8036,0.1786,0.0178,Negative,-0.7858,0.8036,0.6249
t00536,2020-08-08 12:55:31,2020-08-08,12,Saturday,peter avanti,United States,Phone or tablet app,Twitter for Android,180,False,['COVID19'],"Milbank asks about total failure vs #COVID19: ""How was the most powerful &amp; advanced nation on earth brought so low?... https://t.co/msWWjOupz2",milbank asks total failure powerful advanced nation earth brought low,0.6049,0.3679,0.0272,Negative,-0.5777,0.6049,0.2371
t00537,2020-08-08 13:03:42,2020-08-08,13,Saturday,LongHash,United States,Phone or tablet app,Twitter for iPhone,3698,False,['COVID19'],"#COVID19 hasn’t stopped China’s blockchain boom. 10,000+ new blockchain companies have been established in the firs... https://t.co/BDKarPE9lj",stopped china blockchain boom new blockchain company established fir,0.021,0.387,0.5921,Positive,0.5711,0.5921,0.2051
t00538,2020-08-08 13:10:14,2020-08-08,13,Saturday,Praveen kumar,India,Phone or tablet app,Twitter for Android,51,False,,"District wise abstract of covid19 positive cases in Tamilnadu dated 08.8.2020 Total-5883⬆️(2,90,907) Active-53481... https://t.co/yjW3F6eYvF",district wise abstract positive case tamilnadu dated,0.0336,0.913,0.0534,Neutral,0.0198,0.913,0.8595
t00539,2020-08-08 13:11:31,2020-08-08,13,Saturday,JammuNews,,Phone or tablet app,Twitter for Android,1390,False,"['CoronaVirusUpdates', 'COVID19']",8 August : Media Bulletin on Novel #CoronaVirusUpdates #COVID19 https://t.co/zrajAedcm7,august medium bulletin novel coronavirusupdates,0.0548,0.9241,0.0211,Neutral,-0.0337,0.9241,0.8693
t00540,2020-08-08 13:14:50,2020-08-08,13,Saturday,Krista Weiss,,Phone or tablet app,Twitter for iPhone,524,False,"['COVID19', 'Relief', 'Package', 'Coronavirus']",Latest economic updates #COVID19 #Relief #Package #Coronavirus https://t.co/sYkgjm7R1G,latest economic update relief package,0.0888,0.8536,0.0576,Neutral,-0.0312,0.8536,0.7648
t00541,2020-08-08 13:20:37,2020-08-08,13,Saturday,myupchar,India,TweetDeck,TweetDeck,580,False,['Tobacco'],"#Tobacco consumption is the most avoidable cause of death in the world, killing more than 8 million every year. Stu... https://t.co/HrFyxo8tXo",tobacco consumption avoidable cause death world killing million every year stu,0.8753,0.1151,0.0096,Negative,-0.8657,0.8753,0.7601
t00542,2020-08-08 13:26:21,2020-08-08,13,Saturday,Missy Buchanan,United States,Twitter website,Twitter Web App,4372,False,,"This week, I dropped off peaches from a local orchard on the porch of a 90-something friend who lives alone. She ca... https://t.co/bww9Xsu4tl",week dropped peach local orchard porch friend life alone,0.0073,0.8701,0.1226,Neutral,0.1153,0.8701,0.7476
t00543,2020-08-08 13:29:33,2020-08-08,13,Saturday,Arab News,,Twitter website,Twitter Web App,289364,True,"['OPINION', 'Merkel']","#OPINION: #Merkel, like other female leaders from Iceland to Taiwan and from New Zealand to Finland and Denmark, ha... https://t.co/UZHzpNgrcy",opinion merkel like female leader iceland taiwan new zealand finland denmark,0.0154,0.8796,0.105,Neutral,0.0896,0.8796,0.7745
t00544,2020-08-08 13:49:31,2020-08-08,13,Saturday,Phil Rt. Honoursson 🏴󠁧󠁢󠁳󠁣󠁴󠁿🇪🇺(😱🇬🇧👎),,Phone or tablet app,Twitter for iPhone,2330,False,['edinburghcastle'],#edinburghcastle on a sunny pandemic Saturday. Socially distanced and a lot quieter than you would expect in Summer... https://t.co/nso8qOvtJP,edinburghcastle sunny pandemic saturday socially distanced lot quieter would expect summer,0.0491,0.6553,0.2956,Neutral,0.2465,0.6553,0.3597
t00545,2020-08-08 13:58:09,2020-08-08,13,Saturday,Alan Kotok,United States,Twitter website,Twitter Web App,2762,False,,"Physical symptoms experienced by people with Covid-19 infections are well documented, but the psychological toll is... https://t.co/e2pEpA3nlP",physical symptom experienced people infection well documented psychological toll,0.3494,0.6309,0.0198,Neutral,-0.3296,0.6309,0.2815
t00546,2020-08-08 13:58:46,2020-08-08,13,Saturday,🇺🇸 All Truth Matters 🇺🇸,United States,Phone or tablet app,Twitter for iPhone,363,False,,I ALWAYS consider it to be a wise choice to rely on the ⁦@nytimes⁩ to provide an accurate analysis of anything havi... https://t.co/A2APi2poLe,always consider wise choice rely provide accurate analysis anything havi,0.0283,0.547,0.4246,Neutral,0.3963,0.547,0.1224
t00547,2020-08-08 14:06:39,2020-08-08,14,Saturday,The Boxtones,,Phone or tablet app,Twitter for iPhone,7679,True,['HUMANITY'],.@Boxtones &amp; @GulfForGood #HUMANITY charity is asking you to help spread awareness &amp; raise funds for children affec... https://t.co/hyWkqwegls,humanity charity asking help spread awareness raise fund child affec,0.0063,0.5927,0.4011,Neutral,0.3948,0.5927,0.1916
t00548,2020-08-08 14:16:53,2020-08-08,14,Saturday,East Sussex Medical Events Service,,Phone or tablet app,Twitter for iPhone,1019,False,,"Great weather, great comedy, amazing food... and superb beer ( so we are told 😌) Off to get a Pizza 😍... https://t.co/CNYUqi5Z0K",great weather great comedy amazing food superb beer told get pizza,0.0022,0.0074,0.9904,Positive,0.9882,0.9904,0.983
t00549,2020-08-08 14:18:00,2020-08-08,14,Saturday,goodgrief app,,Scheduling tool,Buffer,1679,False,,"Social distancing is hard. Even so, we can cope by giving and receiving social support through video, phone or tex... https://t.co/CBdvXRbCah",social distancing hard even cope giving receiving social support video phone tex,0.0704,0.7752,0.1544,Neutral,0.084,0.7752,0.6207
t00550,2020-08-08 14:18:20,2020-08-08,14,Saturday,mary grimm,,Twitter website,Twitter Web App,494,False,"['COVID19', 'rawdatafallout']","Dr. B, on being masked. https://t.co/gh2k4Paeod #COVID19 #rawdatafallout",masked rawdatafallout,0.0909,0.8611,0.0479,Neutral,-0.043,0.8611,0.7702
t00551,2020-08-08 14:19:52,2020-08-08,14,Saturday,💧 Fierce Dinosaur 🔥 🐨 🔥 🐨 🔥 🐨 😪 😡,Australia,Twitter website,Twitter Web App,2436,False,,"Yes, but it is NOT in fact $12,500 for every man woman &amp; child - mostly it goes to those who vote LNP; the poor get... https://t.co/6JZzoIC2xN",yes fact every man woman child mostly go vote lnp poor get,0.6641,0.3161,0.0198,Negative,-0.6443,0.6641,0.348
t00552,2020-08-08 14:20:54,2020-08-08,14,Saturday,Kari Joys MS,Global / unstated,TweetDeck,TweetDeck,133685,False,"['Beauty', 'JoyTrain', 'Joy', 'Love', 'Peace', 'Kindness', 'spdc', 'IDWP', 'GoldenHearts', 'IAM']",Real #Beauty is what the heart can hold! #JoyTrain #Joy #Love #Peace #Kindness #spdc #IDWP #GoldenHearts #IAM... https://t.co/AEoQdLXVuJ,real beauty heart hold joytrain joy love peace kindness spdc idwp goldenhearts iam,0.0029,0.0618,0.9352,Positive,0.9323,0.9352,0.8734
t00553,2020-08-08 14:23:23,2020-08-08,14,Saturday,ತರ್ಲೆ Thimma,India,Phone or tablet app,Twitter for Android,5313,False,['COVID19'],"How many more till the big guys are tested for #COVID19 positive... Does this mean, the big guys weren't wearing ma... https://t.co/8fibRDEagL",many till big guy tested positive mean big guy wearing,0.3174,0.6603,0.0223,Neutral,-0.2951,0.6603,0.3429
t00554,2020-08-08 14:24:23,2020-08-08,14,Saturday,"Jay Ryerse, CISSP",,Scheduling tool,PostBeyond,155,False,"['cybersecurity', 'free']",Thinking about a switch to #cybersecurity? Work for an MSP and want to enhance your cyber fundamentals? #free... https://t.co/qMQdpADSRi,thinking switch cybersecurity work msp want enhance cyber fundamental free,0.0075,0.7034,0.2891,Neutral,0.2816,0.7034,0.4143
t00555,2020-08-08 14:26:51,2020-08-08,14,Saturday,Brooke Louise,United States,Phone or tablet app,Twitter for iPhone,413,False,['COVID19'],For those of you that think #COVID19 just goes away at 2 weeks... I’m coming up on 3 weeks now and just got my seco... https://t.co/Ve0CF0OSVs,think go away week coming week got seco,0.1409,0.7719,0.0872,Neutral,-0.0537,0.7719,0.631
t00556,2020-08-08 14:30:18,2020-08-08,14,Saturday,NYC Health + Hospitals,United States,Scheduling tool,Hootsuite Inc,29230,True,,We are taking extra precautions to make sure our patients are safe: + Everyone will have their temperature checked.... https://t.co/auWUgRAWtW,taking extra precaution make sure patient safe everyone temperature checked,0.0096,0.6734,0.317,Neutral,0.3074,0.6734,0.3564
t00557,2020-08-08 14:30:31,2020-08-08,14,Saturday,Gaurav Patni,,Phone or tablet app,Twitter for Android,263,False,"['COVID19', 'Maharashtra']","12,822 #COVID19 cases, 11081 recovery &amp; 275 deaths reported in #Maharashtra today. Total number of cases in the sta... https://t.co/ITajowhZWs",case recovery death reported maharashtra today total case sta,0.5382,0.4471,0.0147,Negative,-0.5235,0.5382,0.0911
t00558,2020-08-08 14:35:15,2020-08-08,14,Saturday,Mindy Domb,United States,Twitter website,Twitter Web App,2183,False,['COVID19'],Here's a comparison between the USA and Europe re: #COVID19 you don't get to read every day. https://t.co/cJQCO9lmtM,comparison usa europe get read every day,0.0939,0.8455,0.0606,Neutral,-0.0333,0.8455,0.7515
t00559,2020-08-09 03:08:19,2020-08-09,3,Sunday,GlobalPandemic.NET,Global / unstated,Other or custom app,GlobalPandemic.NET,26089,False,,"ALERT: Pelosi, Schumer slam Trump's 'meager' executive orders on COVID-19 relief - Global Pandemic News |... https://t.co/agRxI06KeA",alert pelosi schumer slam trump executive order relief global pandemic news,0.211,0.7564,0.0325,Neutral,-0.1785,0.7564,0.5454
t00560,2020-08-09 03:09:19,2020-08-09,3,Sunday,With Bear,,Twitter website,Twitter Web App,42,False,['NoSailOrder'],.@CDCgov must extend its #NoSailOrder until cruise ships can demonstrate a commitment to protect public health and... https://t.co/Q0gW1q7XQY,must extend nosailorder cruise ship demonstrate commitment protect public health,0.3123,0.6641,0.0236,Neutral,-0.2887,0.6641,0.3519
t00561,2020-08-09 03:12:11,2020-08-09,3,Sunday,yosiaki hasimoto,,Phone or tablet app,Twitter for iPhone,308,False,"['covid19', 'coronavirus', 'stayhome', 'socialdistance']",stay home as much as possible. #covid19 #coronavirus #stayhome #socialdistance,stay home much possible stayhome socialdistance,0.3088,0.6125,0.0787,Neutral,-0.2301,0.6125,0.3037
t00562,2020-08-09 04:11:54,2020-08-09,4,Sunday,Cynthia Trentelman,Canada,Phone or tablet app,Twitter for iPhone,448,False,"['onpoli', 'MaskUp', 'COVID19']",All the best to Ontario students and parents this year. Be safe. #onpoli #MaskUp #COVID19 https://t.co/WKYrr71hCj,best ontario student parent year safe onpoli maskup,0.0129,0.1122,0.8749,Positive,0.862,0.8749,0.7627
t00563,2020-08-09 04:13:27,2020-08-09,4,Sunday,Keerthana J,India,Phone or tablet app,Twitter for Android,756,False,"['COVID19', 'India']","Highest single-day spike of 64,399 #COVID19 positive cases &amp; 861 deaths reported in #India, in the last 24 hours.... https://t.co/u7fAngYp58",highest spike positive case death reported india last hour,0.5005,0.4732,0.0262,Negative,-0.4743,0.5005,0.0273
t00564,2020-08-09 04:21:06,2020-08-09,4,Sunday,DesignGuru,,Phone or tablet app,Twitter for iPhone,118,False,,"“If your job is gone and you can’t get a new one, a rich president who has only ever worked for his daddy has no cl... https://t.co/rHBwOrfHmB",job gone get new one rich president ever worked daddy,0.781,0.2041,0.0149,Negative,-0.7661,0.781,0.5768
t00565,2020-08-09 04:25:49,2020-08-09,4,Sunday,Sam c,,Twitter website,Twitter Web App,35,False,"['COVID19', 'MaskUp']",Researchers created a test to determine which masks are the least effective - CNN #COVID19 #MaskUp https://t.co/L6bguEzSOv,researcher created test determine mask least effective cnn maskup,0.3806,0.5851,0.0342,Neutral,-0.3464,0.5851,0.2045
t00566,2020-08-09 04:28:44,2020-08-09,4,Sunday,A2Z-NEWS Channel,India,Phone or tablet app,Twitter for Android,313,False,['COVID19'],Deeply anguished by news of tragic fire accident at a #COVID19 facility in Vijayawada. Centre assures all support t... https://t.co/yRsutpJDSA,deeply anguished news tragic fire accident facility vijayawada centre assures support,0.8547,0.1343,0.011,Negative,-0.8437,0.8547,0.7205
t00567,2020-08-09 04:37:01,2020-08-09,4,Sunday,paanimart,India,Scheduling tool,Zoho Social,75,False,"['Aventura', 'Watersoftener', 'Discountedprice', 'Buyonline', 'OnlyBangalore', 'Covid19']",#Aventura #Watersoftener #Discountedprice #Buyonline #OnlyBangalore #Covid19 offer Transport cost and Installatio... https://t.co/XVyWsRbRiS,aventura watersoftener discountedprice buyonline onlybangalore offer transport cost installatio,0.124,0.846,0.03,Neutral,-0.094,0.846,0.7221
t00568,2020-08-09 04:51:21,2020-08-09,4,Sunday,siva drakshrapu,India,Phone or tablet app,Twitter for Android,2,False,"['COVID19', 'Vijayawada']",Shocked and distressed to learn about fire accident in a #COVID19 center at #Vijayawada. My deepest condolences to... https://t.co/oSCJF1u4sd,shocked distressed learn fire accident center vijayawada deepest condolence,0.8407,0.1495,0.0098,Negative,-0.8309,0.8407,0.6911
t00569,2020-08-09 04:58:33,2020-08-09,4,Sunday,Rajeshwar🧘♂️ Bharatvaasi,India,Phone or tablet app,Twitter for iPhone,159,False,,Saddened news! A hotel 🏨 turned into COVID19 Facility Center burn To ashes taking more than 10 lives. Its a reputed... https://t.co/DjpPmb9SFG,saddened news hotel turned facility center burn ash taking life reputed,0.9202,0.0748,0.005,Negative,-0.9152,0.9202,0.8454
t00570,2020-08-09 04:59:19,2020-08-09,4,Sunday,desphology,,Twitter website,Twitter Web App,1598,False,"['Halloween', 'facemask', 'facemasks', 'COVID19']",Ancient Egyptian Hieroglyphs Blue Face Mask for #Halloween https://t.co/WnBjhjwfdV #facemask #facemasks #COVID19... https://t.co/GviMUN9hSB,ancient egyptian hieroglyph blue face mask halloween facemask facemasks,0.0627,0.8887,0.0486,Neutral,-0.0141,0.8887,0.8261
t00571,2020-08-09 05:20:25,2020-08-09,5,Sunday,Diligently Seeking✝️🙏🏻,,Phone or tablet app,Twitter for iPhone,770,False,"['Fauci', 'coronavirus', 'COVID19']","Let’s make sure we clearly understand this. In this convo, from 7/28/20, #Fauci says #coronavirus #COVID19 is ever... https://t.co/caiNsegghS",let make sure clearly understand convo fauci say ever,0.0535,0.888,0.0585,Neutral,0.005,0.888,0.8295
t00572,2020-08-09 05:54:38,2020-08-09,5,Sunday,Naeem R Thomas,,Phone or tablet app,Twitter for iPhone,2,False,"['Stimuluscheck', 'COVID19']",@realDonaldTrump So no stimulus payments? #Stimuluscheck #COVID19,stimulus payment stimuluscheck,0.6706,0.3159,0.0135,Negative,-0.6571,0.6706,0.3548
t00573,2020-08-09 06:07:21,2020-08-09,6,Sunday,Louise Sigfrid,United Kingdom,Phone or tablet app,Twitter for iPhone,361,False,['COVID19'],"Sweden's coronavirus figures are falling sharply, #COVID19 https://t.co/GP6heoAqUq",sweden figure falling sharply,0.6985,0.2851,0.0164,Negative,-0.6821,0.6985,0.4133
t00574,2020-08-09 06:20:51,2020-08-09,6,Sunday,PIB in Andhra Pradesh,India,Phone or tablet app,Twitter for Android,3436,True,"['CoronaVirusUpdates', 'COVID19']","#CoronaVirusUpdates: 📍Total #COVID19 Cases in India (as on August 9, 2020) ➡️68.78% Cured/Discharged/Migrated (1... https://t.co/ai3EVJhgH4",coronavirusupdates case india august,0.1382,0.8387,0.0231,Neutral,-0.1151,0.8387,0.7006
t00575,2020-08-09 06:22:56,2020-08-09,6,Sunday,"Norm Farrell, IN-SIGHTS.CA",Canada,Twitter website,Twitter Web App,4826,False,,Only a matter of time before conspiracy theory crowd move on from Bill Gates and start blaming Jeff Bezos for... https://t.co/6LamDk40dX,matter time conspiracy theory crowd move bill gate start blaming jeff bezos,0.4374,0.5249,0.0377,Neutral,-0.3997,0.5249,0.0875
t00576,2020-08-09 06:50:05,2020-08-09,6,Sunday,Brifly.,India,Phone or tablet app,Twitter for iPhone,126,False,['Dharwad'],"Office of Department of Information and Public Relations, #Dharwad is being sanitized after an employee was tested... https://t.co/dQpyzay57k",office department information public relation dharwad sanitized employee tested,0.0124,0.9215,0.066,Neutral,0.0536,0.9215,0.8555
t00577,2020-08-09 07:09:52,2020-08-09,7,Sunday,Dr Sophie Nightingale,Australia,Phone or tablet app,Twitter for iPhone,568,False,['COVID19'],@Nishaobgyn Surely NSW can learn from Vic. Please. 😷 and close the pubs! Why do we always think it won’t happen to us?? #COVID19,surely nsw learn vic please close pub always think happen,0.8651,0.1218,0.0132,Negative,-0.8519,0.8651,0.7433
t00578,2020-08-09 07:20:24,2020-08-09,7,Sunday,SolipsismCrisis 🔞,,Twitter website,Twitter Web App,304,False,"['COVID19', 'Covid19UK']",Oh look... #COVID19 #Covid19UK https://t.co/tvsUaUd06z,look,0.4574,0.4921,0.0505,Neutral,-0.4069,0.4921,0.0347
t00579,2020-08-09 07:21:31,2020-08-09,7,Sunday,TV Games,United Kingdom,Twitter website,Twitter Web App,148,False,,A lot of talk around at the moment around how Britain should restucture/rescue its economy following the double hit... https://t.co/u0bsOXC85n,lot talk around moment around britain economy following double hit,0.1019,0.8565,0.0416,Neutral,-0.0603,0.8565,0.7546
t00580,2020-08-09 07:26:06,2020-08-09,7,Sunday,SoulStone,,Phone or tablet app,Twitter for Android,213,False,,"@WHO You mad or what ? Why do you take U-turn every other month ? Every other month, you come up with a new theor... https://t.co/x0MXgX5xsz",mad take every month every month come new theor,0.7601,0.2309,0.009,Negative,-0.7511,0.7601,0.5291
t00581,2020-08-09 07:34:40,2020-08-09,7,Sunday,Sambad English,,Twitter website,Twitter Web App,35842,False,"['Odisha', 'Khordha', 'Ganjam', 'COVID19', 'Sambad', 'SambadEnglish']",#Odisha | #Khordha surpasses #Ganjam in #COVID19 cases #Sambad #SambadEnglish https://t.co/2UaYUlDqFr,odisha khordha surpasses ganjam case sambad sambadenglish,0.0309,0.8959,0.0732,Neutral,0.0423,0.8959,0.8227
t00582,2020-08-09 07:43:42,2020-08-09,7,Sunday,TarHeelBruin,,Phone or tablet app,Twitter for iPhone,1775,False,"['WTF', 'COVID19', 'Noonecoming']",Outdoor markets popping up so we can get out... It’s 109 degrees outside #WTF #COVID19 #Noonecoming https://t.co/65VPSqpAn8,outdoor market popping get degree outside wtf noonecoming,0.7223,0.2553,0.0223,Negative,-0.7,0.7223,0.467
t00583,2020-08-09 08:11:41,2020-08-09,8,Sunday,Deniz Engelhardt,,Phone or tablet app,Twitter for iPhone,1612,False,['COVID19'],🇳🇿 New Zealand has gone 100 days without community transmission of #COVID19 — here's how they did it https://t.co/aZpbQVrjkh,new zealand gone day without community transmission,0.0281,0.8389,0.133,Neutral,0.1049,0.8389,0.706
t00584,2020-08-09 08:21:02,2020-08-09,8,Sunday,Farida Bemba Nabourema,,Phone or tablet app,Twitter for iPhone,33367,False,,"Dear African presidents who love to travel, live abroad and visit us on the continent on the holidays, we know that... https://t.co/u2JUQxJ4cr",dear african president love travel live abroad visit continent holiday know,0.0228,0.4083,0.5689,Positive,0.5461,0.5689,0.1605
t00585,2020-08-09 08:21:17,2020-08-09,8,Sunday,Brifly.,India,Phone or tablet app,Twitter for iPhone,126,False,"['NewZealand', 'COVID19']",#NewZealand has now gone 100 days with no community spread of #COVID19 detected. The news is confirmed by the Minis... https://t.co/szvWOJKFH7,newzealand gone day community spread detected news confirmed mini,0.0215,0.8698,0.1087,Neutral,0.0872,0.8698,0.7611
t00586,2020-08-09 08:36:42,2020-08-09,8,Sunday,UNFPA Bangladesh,,Twitter website,Twitter Web App,6037,False,['COVID19'],Breastfeeding should not be stopped out of the fear of having #COVID19. Ensure to: 😷 Wear a mask during feeding 💧... https://t.co/HcTvNr3ugt,breastfeeding stopped fear ensure wear mask feeding,0.4624,0.5044,0.0331,Neutral,-0.4293,0.5044,0.042
t00587,2020-08-09 08:50:33,2020-08-09,8,Sunday,Dr Angharad Watson,,Phone or tablet app,Twitter for Android,426,False,,For all the people excusing Boris's incompetence by saying that nobody knew what we were facing or how to handle it... https://t.co/GfEQrTmxkP,people excusing boris incompetence saying nobody knew facing handle,0.8493,0.142,0.0087,Negative,-0.8406,0.8493,0.7073
t00588,2020-08-09 08:52:23,2020-08-09,8,Sunday,Deccan Herald,India,Twitter website,Twitter Web App,57950,True,['Covid19'],Festival committees in the city are brainstorming ways to ensure the safety of pandal-hoppers amid the #Covid19 cri... https://t.co/t8kDlG8rEl,festival committee city brainstorming way ensure safety amid cri,0.0309,0.8886,0.0805,Neutral,0.0496,0.8886,0.808
t00589,2020-08-09 08:52:34,2020-08-09,8,Sunday,Social Distance Warrior,,Phone or tablet app,Twitter for iPhone,2,False,['WearYourFuckingMask'],"@seanhannity, hey buddy, let’s play the, “Remember when you said this” game. So, do you? #WearYourFuckingMask... https://t.co/2aag2wSR7W",hey buddy let play remember said game wearyourfuckingmask,0.6101,0.3409,0.0491,Negative,-0.561,0.6101,0.2692
t00590,2020-08-09 08:54:32,2020-08-09,8,Sunday,Kees71,,Phone or tablet app,Twitter for Android,730,False,,"@huisdoktertim @rschonck David Icke: ""There is no Covid19, it doesn't exist. At no time did they isolate that so-ca... https://t.co/blIDhOxHos",david icke exist time isolate,0.4456,0.5275,0.0269,Neutral,-0.4187,0.5275,0.0819
t00591,2020-08-09 08:56:11,2020-08-09,8,Sunday,Mitra.H,,Twitter website,Twitter Web App,1355,False,"['Iran', 'coronavirus']","#Iran's #coronavirus death toll is at 84,900 Group of physicians write to regime's officials emphasizing that 200 o... https://t.co/y91NBkpOJq",iran death toll group physician write regime official emphasizing,0.5881,0.4016,0.0102,Negative,-0.5779,0.5881,0.1865
t00592,2020-08-09 08:59:37,2020-08-09,8,Sunday,Sayed Mùhammad Shah Abeezur Rahmán.,India,Phone or tablet app,Twitter for Android,307,False,,@COVIDNewsByMIB @ICMRDELHI @MoHFW_INDIA @PMOIndia @HMOIndia @drharshvardhan @PrakashJavdekar @PIBHomeAffairs... https://t.co/ttw2ItUXtR,,0.0126,0.9353,0.0521,Neutral,0.0395,0.9353,0.8832
t00593,2020-08-09 09:00:06,2020-08-09,9,Sunday,Sugan D Palanee,United Kingdom,Scheduling tool,Sprinklr,1368,False,"['COVID19', 'AI']","#COVID19 is accelerating #AI deployment, but are business leaders and policymakers giving enough consideration to i... https://t.co/JzhX0jL6Y8",accelerating deployment business leader policymakers giving enough consideration,0.0618,0.8192,0.119,Neutral,0.0572,0.8192,0.7002
t00594,2020-08-09 09:01:50,2020-08-09,9,Sunday,"Ministry of Health, Malawi",,Phone or tablet app,Twitter for Android,1505,False,['COVID19'],"On education, solutions will be on a case by case basis. School opening is being discussed. #COVID19",education solution case case basis school opening discussed,0.0419,0.8783,0.0798,Neutral,0.0379,0.8783,0.7985
t00595,2020-08-09 09:06:42,2020-08-09,9,Sunday,Jibu Elias,India,Phone or tablet app,Twitter for iPhone,376,False,,Exploring the possibility of going into a cryogenic hibernation till the end of 2020. Someone please wake me up on... https://t.co/ld632weWWk,exploring possibility going cryogenic hibernation till end someone please wake,0.1753,0.77,0.0547,Neutral,-0.1206,0.77,0.5947
t00596,2020-08-09 09:07:07,2020-08-09,9,Sunday,Rajprasong_News,,Phone or tablet app,Twitter for iPhone,12553,False,['Thailand'],#Thailand is among only 7 countries and territories categorized in the latest US travel advisory as being at low-ri... https://t.co/HeKAm5ADXh,thailand among country territory categorized latest travel advisory,0.377,0.6078,0.0152,Neutral,-0.3618,0.6078,0.2307
t00597,2020-08-09 09:12:23,2020-08-09,9,Sunday,GracepointICC,Nigeria,Phone or tablet app,Twitter for Android,831,False,"['Gracepoint', 'WeMerry', 'COVID19']",We serve a very big God! #Gracepoint #WeMerry amid #COVID19,serve big god gracepoint wemerry amid,0.0053,0.0382,0.9565,Positive,0.9512,0.9565,0.9183
t00598,2020-08-10 15:11:38,2020-08-10,15,Monday,Respect - Unemployed,United Kingdom,Twitter website,Twitter Web App,1161,False,"['Scotland', 'schools']",@JohnSwinney Our advice #Scotland... Ignore @scotgov! Open #schools demand @JohnSwinney @10DowningStreet... https://t.co/MretI2yAU4,advice scotland ignore open school demand,0.2724,0.6474,0.0803,Neutral,-0.1921,0.6474,0.375
t00599,2020-08-10 15:11:59,2020-08-10,15,Monday,Marcus Looney = Source Hill,United States,Cross-posted,Instagram,132,False,"['writingcommunity', 'writing', 'screenwriting', 'covid19']",Always smile even on the darkest days #writingcommunity #writing #screenwriting #covid19 # https://t.co/0ScJqDsSlf,always smile even darkest day writingcommunity writing screenwriting,0.0209,0.1812,0.7979,Positive,0.777,0.7979,0.6166
t00600,2020-08-10 15:12:22,2020-08-10,15,Monday,Libertine Scribbles,India,Twitter website,Twitter Web App,74,False,"['WearAMask', 'COVID19']",Stay home at guys!! If you step out make sure you wear a mask #WearAMask #COVID19 @YUVSTRONG12 @CampaignYolo... https://t.co/4BsNBwlk2X,stay home guy step make sure wear mask wearamask,0.063,0.7415,0.1954,Neutral,0.1324,0.7415,0.5461
t00601,2020-08-10 15:13:02,2020-08-10,15,Monday,STAYHOMESAVELIFE,,Phone or tablet app,Twitter for Android,2417,False,['COVID19'],This was better than #COVID19 atleast you die a happy soul. https://t.co/LtL0SuaPVZ,better atleast die happy soul,0.0465,0.1065,0.847,Positive,0.8005,0.847,0.7405
t00602,2020-08-10 15:13:59,2020-08-10,15,Monday,Doni's RC Adventures,,Phone or tablet app,Twitter for Android,50,False,"['Trump2020', 'Trump2020Landslide']",@TryAgai94108261 @mmpadellan Trump will be remembered as the greatest President ever #Trump2020 #Trump2020Landslide... https://t.co/OllV1o0TNq,trump remembered greatest president ever,0.0029,0.0156,0.9815,Positive,0.9786,0.9815,0.9659
t00603,2020-08-10 15:15:18,2020-08-10,15,Monday,Krishna Accessories House,,Twitter website,Twitter Web App,2,False,,Shop the best steelbird dashing flip up face shields from Krishna Accessories House at the best price and protect y... https://t.co/YiCJwBS06W,shop best steelbird dashing flip face shield krishna accessory house best price protect,0.0067,0.1891,0.8042,Positive,0.7975,0.8042,0.6151
t00604,2020-08-10 15:15:30,2020-08-10,15,Monday,Citizens Action Group,Nigeria,Twitter website,Twitter Web App,136,False,,"By understanding the factors that put the aged ones at an increased risk, you can make decisions about what kind of... https://t.co/9licDP9697",understanding factor put aged one increased risk make decision kind,0.1303,0.8197,0.0499,Neutral,-0.0804,0.8197,0.6894
t00605,2020-08-10 15:16:21,2020-08-10,15,Monday,M. A. Taylor Stark,,Twitter website,Twitter Web App,22,False,"['COVID19', 'NotJustAVisitor']","""We should not have to BEG to be part of our Loved Ones life"" #COVID19 #NotJustAVisitor @MayorOfLA @GavinNewsom... https://t.co/7HEMuj2Tqe",beg part loved one life notjustavisitor,0.2984,0.6139,0.0878,Neutral,-0.2106,0.6139,0.3155
t00606,2020-08-10 15:20:10,2020-08-10,15,Monday,Naomi🇨🇦,,Twitter website,Twitter Web App,3187,False,"['COVID19', 'COVID19']",Serious question: Is #COVID19 racist? Black people are disproportionally affected by #COVID19.... https://t.co/OvfeOd9pK1,serious question racist black people disproportionally affected,0.7482,0.2448,0.0069,Negative,-0.7413,0.7482,0.5034
t00607,2020-08-10 15:23:21,2020-08-10,15,Monday,Latina Comunica,United States,Phone or tablet app,Twitter for iPhone,1258,False,['COVID19'],Almost 100k children have tested positive for #COVID19 in the US https://t.co/V1AV4G10oV,almost child tested positive,0.3075,0.6547,0.0378,Neutral,-0.2697,0.6547,0.3472
t00608,2020-08-10 15:25:15,2020-08-10,15,Monday,InterAcademy Partnership (IAP),Global / unstated,Twitter website,Twitter Web App,3113,False,,"🇨🇺Rafael Bello, from the Marta Abreu Central University in Las Villas, was elected along with seven Cuban experts t... https://t.co/WXJ9ew2orh",bello marta abreu central university la villa elected along seven cuban expert,0.0061,0.8277,0.1662,Neutral,0.1601,0.8277,0.6616
t00609,2020-08-10 15:31:05,2020-08-10,15,Monday,Melissa V.,,Twitter website,Twitter Web App,16,False,,We call upon the White House’s negotiators @MarkMeadows @stevenmnuchin1 to join @SenSchumer @SpeakerPelosi once ag... https://t.co/NoC684Hy6n,call upon white house negotiator join,0.0218,0.8959,0.0823,Neutral,0.0605,0.8959,0.8136
t00610,2020-08-10 15:34:08,2020-08-10,15,Monday,KC Happenin',,Phone or tablet app,Twitter for Android,128,False,"['TrumpIsANationalDisgrace', 'coronavirus']","@DemocracyInn Don't let up, people. Vote like your life depends on it!!! #TrumpIsANationalDisgrace #coronavirus... https://t.co/gyDJSm1GPo",let people vote like life depends trumpisanationaldisgrace,0.706,0.2234,0.0707,Negative,-0.6353,0.706,0.4826
t00611,2020-08-10 15:37:46,2020-08-10,15,Monday,JΞRΞMY ☆ BL♜SS,United States,Phone or tablet app,Twitter for iPad,766,False,['COVID19'],PSA America &amp; @sam_vinograd 🔮🇺🇸 my #COVID19 Test; was (Negative) 💍🕊🧬 -JB https://t.co/iOI8ZPKwa7,psa america test negative,0.1136,0.6697,0.2167,Neutral,0.1031,0.6697,0.4529
t00612,2020-08-10 15:38:17,2020-08-10,15,Monday,M Health Fairview,United States,Twitter website,Twitter Web App,6389,False,['COVID19'],"This weekend we gave free #COVID19 tests to over 1,100 people. “I’m thrilled there are so many people here,” our do... https://t.co/MlS6kiIuyO",weekend gave free test people thrilled many people,0.0021,0.0289,0.969,Positive,0.9669,0.969,0.9401
t00613,2020-08-10 15:38:34,2020-08-10,15,Monday,chip mcdonald,United States,Phone or tablet app,Twitter for Android,918,False,,"Don't be the person referring to what you think are technical aspects of ""the vaccine"" as if they're all the same.... https://t.co/qZtPaHjylE",person referring think technical aspect vaccine,0.4818,0.4888,0.0294,Neutral,-0.4524,0.4888,0.007
t00614,2020-08-10 15:40:07,2020-08-10,15,Monday,Congressional Progressive Caucus Center,United States,Scheduling tool,Hootsuite Inc,5584,False,"['COVID19', 'unemployment']","The #COVID19 pandemic has reiterated three important things: how necessary #unemployment insurance is, how powerful... https://t.co/csrcMiaXQ4",pandemic reiterated three important thing necessary unemployment insurance powerful,0.2122,0.6717,0.1161,Neutral,-0.0961,0.6717,0.4595
t00615,2020-08-10 15:45:08,2020-08-10,15,Monday,"King County, WA",United States,Twitter website,Twitter Web App,82191,True,['COVID19'],"During the #COVID19 pandemic, fire agencies will take new steps to protect firefighters, residents and the environm... https://t.co/7tJAdGliuJ",pandemic fire agency take new step protect firefighter resident environm,0.0425,0.8819,0.0757,Neutral,0.0332,0.8819,0.8062
t00616,2020-08-10 15:47:58,2020-08-10,15,Monday,APLU,United States,Twitter website,Twitter Web App,8023,True,"['DYK', 'COVID19']",#DYK @Mizzou researchers recently developed an ethanol-based hand sanitizer to curb the spread of #COVID19? The tea... https://t.co/i9lS4DeogL,dyk researcher recently developed hand sanitizer curb spread tea,0.0541,0.8728,0.0731,Neutral,0.019,0.8728,0.7997
t00617,2020-08-10 15:48:19,2020-08-10,15,Monday,LarryBee🤡,,Phone or tablet app,Twitter for Android,1725,False,['bbnaijialockdown'],"Available at cheaper offer and many more ..... Order for yours now Ibadan , Lagos ........ #bbnaijialockdown... https://t.co/7tyaQ7nbck",available cheaper offer many order ibadan lagos bbnaijialockdown,0.0076,0.6231,0.3693,Neutral,0.3617,0.6231,0.2538
t00618,2020-08-10 15:51:41,2020-08-10,15,Monday,The PRI,United Kingdom,Twitter website,Twitter Web App,21763,True,,"Podcast: @gemma_james1, PRI, Marc Robert, Water Asset Management, @wateraid, &amp; Maher Abdullah Al, Fakir Fashion, di... https://t.co/HAPGd8rY1H",podcast pri marc robert water asset management maher abdullah fakir fashion,0.0065,0.9356,0.0579,Neutral,0.0514,0.9356,0.8777
t00619,2020-08-10 15:58:42,2020-08-10,15,Monday,rainmaker,,Phone or tablet app,Twitter for Android,687,False,"['Florida', 'COVID19']",@DWUhlfelderLaw @rcrockett #Florida @RonDeSantisFL is just asking for an outbreak #COVID19. What in the name of all... https://t.co/srGBGcwQZC,florida asking outbreak name,0.8924,0.0998,0.0078,Negative,-0.8846,0.8924,0.7926
t00620,2020-08-10 16:00:24,2020-08-10,16,Monday,🏥 Alder Hey 🌳,United Kingdom,Scheduling tool,Sprout Social,48597,True,,Wearing a face covering 😷 can help to protect you &amp; others around you who may be vulnerable to viruses such as... https://t.co/AeRoIgbHFu,wearing face covering help protect others around may vulnerable virus,0.0867,0.7519,0.1614,Neutral,0.0747,0.7519,0.5905
t00621,2020-08-10 16:00:29,2020-08-10,16,Monday,Massachusetts Medical Society (MMS),,Scheduling tool,Hootsuite Inc,11118,True,"['Massachusetts', 'COVID19']","Nearly 7,000 #Massachusetts children have contracted #COVID19, including 118 hospitalizations, according to a repor... https://t.co/ZG5pQd4qo8",nearly massachusetts child contracted including hospitalization according repor,0.4805,0.5041,0.0154,Neutral,-0.4651,0.5041,0.0237
t00622,2020-08-10 16:04:15,2020-08-10,16,Monday,Barry Pearman Mental Health - Faith : Hope : Love,,Scheduling tool,Hootsuite Inc,14091,False,,If you want to beat COVID-19 you need to ask yourself this question ‘What is the most important thing?’ and I hope... https://t.co/Cmjhx0mlN6,want beat need ask question important thing hope,0.0387,0.4816,0.4797,Neutral,0.441,0.4816,0.0019
t00623,2020-08-10 16:05:35,2020-08-10,16,Monday,Pathfinders,Global / unstated,Scheduling tool,Hootsuite Inc,1056,False,['COVID19'],"#COVID19 isn't just threatening peoples' health, it's exposing deep-rooted inequalities and increasing vulnerabilit... https://t.co/fBwoh1w91Q",threatening people health exposing inequality increasing vulnerabilit,0.8645,0.1287,0.0068,Negative,-0.8577,0.8645,0.7358
t00624,2020-08-10 16:06:02,2020-08-10,16,Monday,Make America Honest😷🌹🔥🎶🎨🏘🔥💚🔥🌎💃🏻⚖️🗽🕺🏼🗳🇺🇸🔬🔭👊🏿🤝🌈🙌✌️,United States,Twitter website,Twitter Web App,3731,False,"['MedicareForAll', 'GreenNewDeal', 'UBI', 'Covid19']","Yep, just look at all the Dems voter suppression No🔻 #MedicareForAll #GreenNewDeal #UBI At least #Covid19 Relie... https://t.co/Pd3uQeeVyi",yep look dems voter suppression medicareforall greennewdeal ubi least relie,0.7478,0.2317,0.0205,Negative,-0.7273,0.7478,0.5162
t00625,2020-08-10 16:06:49,2020-08-10,16,Monday,WaterAid Sierra Leone,,Twitter website,Twitter Web App,75,False,"['Handwashing', 'COVID19']",#Handwashing with soap and clean water is one of the most effective ways to prevent the spread of #COVID19. We have... https://t.co/FjnkfqmUoB,handwashing soap clean water one effective way prevent spread,0.0163,0.3981,0.5856,Positive,0.5693,0.5856,0.1876
t00626,2020-08-10 16:08:28,2020-08-10,16,Monday,Christopher Rabbit,United States,Phone or tablet app,Twitter for Android,692,False,,@GovInslee @Seahawks To keep ALL teams and staff healthy you need to test EVERYONE everyday they enter that stadium... https://t.co/5XJEKEj8qn,keep team staff healthy need test everyone everyday enter stadium,0.0446,0.7182,0.2372,Neutral,0.1926,0.7182,0.4811
t00627,2020-08-10 16:09:48,2020-08-10,16,Monday,Nikki Fried,United States,Phone or tablet app,Twitter for iPhone,25912,True,,"At a time when we should be united, we are more divided than ever. But together, Florida can recover from... https://t.co/1WKUe3OhRO",time united divided ever together florida recover,0.5874,0.3653,0.0474,Negative,-0.54,0.5874,0.2221
t00628,2020-08-10 16:11:09,2020-08-10,16,Monday,Kim Richards,,Twitter website,Twitter Web App,45785,False,['Covid19'],Got tested for #Covid19 at one of @CoreResponse's MANY Drive-thru testing sites in L.A.. Kudos to @SeanPenn &amp; Ann L... https://t.co/26gxIjMb86,got tested one many testing site kudos ann,0.0046,0.1012,0.8942,Positive,0.8896,0.8942,0.793
t00629,2020-08-10 16:11:23,2020-08-10,16,Monday,boopie,United States,Twitter website,Twitter Web App,35,False,"['covid19', 'football']","@Jim_Jordan Go ahead and play yourself, then don't come to the hospital when u get covid #covid19 #football",ahead play come hospital get football,0.7008,0.2805,0.0186,Negative,-0.6822,0.7008,0.4203
t00630,2020-08-10 16:12:20,2020-08-10,16,Monday,Serena Natile,United Kingdom,Twitter website,Twitter Web App,655,False,,"In this blog post for the @IJLC_CUP series, I reflect on the process and politics of academic publishing and how... https://t.co/CevIlMJK9t",blog post series reflect process politics academic publishing,0.0081,0.9184,0.0736,Neutral,0.0655,0.9184,0.8448
t00631,2020-08-10 16:16:37,2020-08-10,16,Monday,On3 Public Relations,United States,Twitter website,Twitter Web App,1446,False,['ConvalescentPlasma'],"Dr. Michael Patete, MD, FACS, and President of @FloridaMedical explains why #ConvalescentPlasma donations are neede... https://t.co/0T8iqvGRuQ",michael patete facs president explains convalescentplasma donation neede,0.0122,0.9216,0.0662,Neutral,0.054,0.9216,0.8554
t00632,2020-08-10 16:18:15,2020-08-10,16,Monday,Anita McKernan,Canada,Phone or tablet app,Twitter for iPhone,108,False,"['COVID19', 'isolation', 'Toronto', 'photography', 'streetphotography']",Queen Street in April (Toronto) #COVID19 #isolation #Toronto #photography #streetphotography https://t.co/3TV64T3e5R,queen street april toronto isolation toronto photography streetphotography,0.0632,0.9014,0.0354,Neutral,-0.0278,0.9014,0.8382
t00633,2020-08-10 16:20:05,2020-08-10,16,Monday,Charles Raven 🥑🥒🥬🥦🧄🧅🥕🥜🥝🥥🍇🍈🍉🍊🍌🍍,Canada,Twitter website,Twitter Web App,4602,False,,Eating animals has created the world's worst pandemics. The World Leaders know this but they only care about money... https://t.co/8W6DN3hP55,eating animal created world worst pandemic world leader know care money,0.927,0.0657,0.0073,Negative,-0.9197,0.927,0.8613
t00634,2020-08-10 16:20:39,2020-08-10,16,Monday,David Moore,United States,Scheduling tool,Dynamic Signal,416,False,['financialreporting'],To say that #financialreporting for the most recent quarter was challenging is an enormous understatement. How can... https://t.co/lTgnoImz2P,say financialreporting recent quarter challenging enormous understatement,0.7072,0.273,0.0198,Negative,-0.6874,0.7072,0.4341
t00635,2020-08-10 16:25:01,2020-08-10,16,Monday,Science in the City,Canada,Scheduling tool,Sprout Social,1621,False,['COVID19'],"#COVID19 has had major impacts on how science is done. In this Q&amp;A with @PHCResearch, Dr. Zabrina Brumme from... https://t.co/W0fqq6FMJQ",major impact science done zabrina brumme,0.1004,0.866,0.0336,Neutral,-0.0668,0.866,0.7656
t00636,2020-08-10 16:25:11,2020-08-10,16,Monday,The Conference Board,Global / unstated,Twitter website,Twitter Web App,15062,True,['EconomyWatch'],#EconomyWatch 💱 Join @USCMarshall's Ayse Imrohoroglu &amp; @BERcoza's George Kershoff WED 8/12 at 11am for insights on... https://t.co/qqy1JkFuJn,economywatch join ayse imrohoroglu george kershoff wed insight,0.0056,0.9297,0.0648,Neutral,0.0592,0.9297,0.8649
t00637,2020-08-10 16:27:39,2020-08-10,16,Monday,Stephanie Innes,United States,Twitter website,Twitter Web App,6317,True,"['Arizona', 'COVID19', 'deaths']","#Arizona ranks 13th in the country for its number of #COVID19 #deaths (raw number) as of Sunday - 4,150 deaths, put... https://t.co/JBN9YASpJS",arizona rank country death raw sunday death put,0.6042,0.3856,0.0102,Negative,-0.594,0.6042,0.2186
t00638,2020-08-11 06:55:53,2020-08-11,6,Tuesday,Danny Nel,,Phone or tablet app,Twitter for Android,6209,False,['SouthAfrica'],Yes #SouthAfrica 🇿🇦 can become another Singapore. Their success story. Honesty: No stealing allowed Mediocrity... https://t.co/SW6Z2Q0880,yes southafrica become another singapore success story honesty stealing allowed mediocrity,0.0069,0.1003,0.8928,Positive,0.8859,0.8928,0.7924
t00639,2020-08-11 06:57:00,2020-08-11,6,Tuesday,V6 News,India,Scheduling tool,Twitter Media Studio,144068,False,"['Telangana', 'EtelaRajender']",#Telangana Health Minister #EtelaRajender has said strict action would be taken against private hospitals charging... https://t.co/LfKnHNa6Ri,telangana health minister etelarajender said strict action would taken private hospital charging,0.068,0.9144,0.0176,Neutral,-0.0504,0.9144,0.8464
t00640,2020-08-11 06:59:25,2020-08-11,6,Tuesday,Dr. Shahzad Faisal Chaudhary,United Kingdom,Phone or tablet app,Twitter for iPhone,173,False,"['Fauci', 'Coronavirus', 'SARSCoV2', 'COVID19', 'vaccine']",Dr. Anthony #Fauci says that the chances of #Coronavirus #SARSCoV2 #COVID19 #vaccine being highly effective are not... https://t.co/TaCNHGp1xP,anthony fauci say chance vaccine highly effective,0.5218,0.4542,0.0239,Negative,-0.4979,0.5218,0.0676
t00641,2020-08-11 07:34:38,2020-08-11,7,Tuesday,chilternbear,,Phone or tablet app,Twitter for iPhone,3868,False,,@Haggis_UK There are 4.8 million people in New Zealand which is equivalent to around a third of the population of... https://t.co/j0lmKZj3R4,million people new zealand equivalent around third population,0.048,0.8876,0.0644,Neutral,0.0164,0.8876,0.8232
t00642,2020-08-11 07:35:19,2020-08-11,7,Tuesday,Randy Steves,,Phone or tablet app,Twitter for iPhone,280,False,,"You can’t charge someone for attempted murder for not wearing a face mask. What happened to “my body, my choice” li... https://t.co/4MtaGR8e4e",charge someone attempted murder wearing face mask happened body choice,0.8587,0.1352,0.006,Negative,-0.8527,0.8587,0.7235
t00643,2020-08-11 07:40:54,2020-08-11,7,Tuesday,The Guardian Nigeria,Nigeria,Scheduling tool,Echobox,1812802,True,,This is not philosophising... instead I am indeed making a bold statement that will fortify us against the time and t... https://t.co/jSso1LfspH,philosophising instead indeed making bold statement fortify time,0.033,0.6734,0.2936,Neutral,0.2606,0.6734,0.3799
t00644,2020-08-11 07:44:54,2020-08-11,7,Tuesday,Credevo,,Unknown,,132,False,"['ema', 'covid19']",EU authorities agree new measures to support availability of medicines used in the COVID-19 pandemic #ema #covid19 https://t.co/7mJJpOCvCe,authority agree new measure support availability medicine used pandemic ema,0.0419,0.8701,0.088,Neutral,0.0461,0.8701,0.7821
t00645,2020-08-11 07:46:23,2020-08-11,7,Tuesday,rugby365.com,,Twitter website,Twitter Web App,35035,False,,#⃣NEWS: The @Hurricanesrugby's South African wing Kobus van Wyk will have a few sleepless nights this week 🏉Hearing... https://t.co/lkiU4gWnDa,south african wing kobus van wyk sleepless night week,0.4161,0.57,0.0139,Neutral,-0.4022,0.57,0.1539
t00646,2020-08-11 07:51:32,2020-08-11,7,Tuesday,dagda1,,Twitter website,Twitter Web App,553,False,['COVID19'],I wonder how much of the #COVID19 reaction has been influenced by a dying paper-based media hungry for views. All... https://t.co/Qa3oFMJOJi,wonder much reaction influenced dying medium hungry view,0.518,0.4686,0.0135,Negative,-0.5045,0.518,0.0494
t00647,2020-08-11 07:58:49,2020-08-11,7,Tuesday,SIBM NAGPUR,India,Phone or tablet app,Twitter for Android,67,False,,May Shri Krishna shower you with his choicest blessings on the auspicious day of Shri Krishna Janmashtami.... https://t.co/NsaviyLNg4,may shri krishna shower choicest blessing auspicious day shri krishna janmashtami,0.0023,0.0315,0.9662,Positive,0.9639,0.9662,0.9347
t00648,2020-08-11 08:00:42,2020-08-11,8,Tuesday,European Hospital,,Scheduling tool,Hootsuite Inc,5989,False,,Researchers at @HeriotWattUni and @EdinUniUsher have developed a new mathematical model to better understand how ai... https://t.co/FvsuQnNLv0,researcher developed new mathematical model better understand,0.0044,0.7502,0.2454,Neutral,0.241,0.7502,0.5047
t00649,2020-08-11 08:00:51,2020-08-11,8,Tuesday,Weekly Social Diary,Pakistan,Cross-posted,Instagram,1559,False,['markzuckerberg'],Its World Mask Week and #markzuckerberg shared his little friend showing us how to wear a mask properly!... https://t.co/vb9UT3G7iK,world mask week markzuckerberg shared little friend showing wear mask properly,0.0029,0.184,0.8132,Positive,0.8103,0.8132,0.6292
t00650,2020-08-11 08:11:51,2020-08-11,8,Tuesday,105.5 The Dove,United States,Scheduling tool,SocialNewsDesk,2854,False,['DoveDailyUpdate'],Hillsborough County schools still set for online learning; cruise industry hits Florida economy #DoveDailyUpdate... https://t.co/X6EZfR5Qc7,hillsborough county school still set online learning cruise industry hit florida economy dovedailyupdate,0.0061,0.8591,0.1348,Neutral,0.1287,0.8591,0.7243
t00651,2020-08-11 08:28:03,2020-08-11,8,Tuesday,8min 46sec,,TweetDeck,TweetDeck,7033,False,"['Covid19', 'covidApp', 'Privacy', 'auspol', 'thedrum']",#Covid19 NO #covidApp #Privacy Spying by @schrankartoons https://t.co/jPB5PO4VcX #auspol #thedrum,covidapp privacy spying auspol thedrum,0.4573,0.5206,0.0221,Neutral,-0.4352,0.5206,0.0633
t00652,2020-08-11 08:33:51,2020-08-11,8,Tuesday,Gulf Daily News,,TweetDeck,TweetDeck,23732,True,"['UnitedStates', 'Covid19']",U.S. Covid-19 deaths drop for first time in four weeks Read More - https://t.co/1EiOg0QR1n #UnitedStates #Covid19... https://t.co/6SozNqjCfY,death drop first time four week read unitedstates,0.4134,0.5663,0.0204,Neutral,-0.393,0.5663,0.1529
t00653,2020-08-11 08:41:48,2020-08-11,8,Tuesday,Kearney MEA,,Twitter website,Twitter Web App,940,False,['KearneyMEA'],"In a recent report developed in partnership with @ALAGHAR_GROUP, #KearneyMEA investigates the social impact of... https://t.co/0XWkyaeWQm",recent report developed partnership kearneymea investigates social impact,0.0114,0.9022,0.0865,Neutral,0.0751,0.9022,0.8157
t00654,2020-08-11 08:43:07,2020-08-11,8,Tuesday,ScotParl Outreach,United Kingdom,Twitter website,Twitter Web App,1431,False,['COVID19'],@SP_HealthSport is looking at the impact of #COVID19 on the delivery of social care. If you're an adult who RECEIV... https://t.co/xZc7rQFAMi,looking impact delivery social care adult receiv,0.0293,0.93,0.0407,Neutral,0.0114,0.93,0.8894
t00655,2020-08-11 08:58:20,2020-08-11,8,Tuesday,Weary Physician,United Kingdom,Phone or tablet app,Twitter for Android,2,False,,@netpoette @KEL_423714 @jpkiekens Please show me a suitable clinical trial where hydroxychloroquine reduces the ris... https://t.co/57PqTIqJiQ,please show suitable clinical trial hydroxychloroquine reduces ri,0.1112,0.8102,0.0786,Neutral,-0.0326,0.8102,0.6991
t00656,2020-08-11 09:06:27,2020-08-11,9,Tuesday,Jenny Barron,United States,TweetDeck,TweetDeck,3879,True,['BREAKING'],#BREAKING: President Vladimir Putin says Russia's coronavirus vaccine has been registered; his daughter is among th... https://t.co/Rnl7vUkU1j,breaking president vladimir putin say russia vaccine registered daughter among,0.0262,0.9188,0.055,Neutral,0.0288,0.9188,0.8638
t00657,2020-08-11 09:13:46,2020-08-11,9,Tuesday,Jacqui Cannon FRSA,United Kingdom,Phone or tablet app,Twitter for iPhone,674,False,"['COVID19', 'LBD', 'Awareness']",Please take a few mins to read this blog on @lbsorg website #COVID19 #LBD #Awareness https://t.co/zp6a11NoOm,please take min read blog website lbd awareness,0.0193,0.7674,0.2133,Neutral,0.194,0.7674,0.554
t00658,2020-08-11 09:14:40,2020-08-11,9,Tuesday,Lizzie,United Kingdom,Phone or tablet app,Twitter for iPhone,6,False,['Covid19'],I got a text from my local medical centre asking if I wanna partake in a #Covid19 vaccine trial. I’ve been poked an... https://t.co/kTu65s15qd,got text local medical centre asking wan partake vaccine trial poked,0.0911,0.8636,0.0452,Neutral,-0.0459,0.8636,0.7725
t00659,2020-08-11 09:16:39,2020-08-11,9,Tuesday,Prag News,,Scheduling tool,Buffer,1664,False,,Social distancing norms seem to have vanished from the minds of people in Guwahati as citizens can clearly be seen... https://t.co/PUa5E3pnHR,social distancing norm seem vanished mind people guwahati citizen clearly seen,0.6637,0.3234,0.0128,Negative,-0.6509,0.6637,0.3403
t00660,2020-08-11 09:21:41,2020-08-11,9,Tuesday,#UzalendoNewsKE,Kenya,TweetDeck,TweetDeck,2492,False,['COVID19'],#COVID19: Russian President Vladimir Putin has alleged that a coronavirus vaccine developed in the country has been... https://t.co/g1u1XmlRTw,russian president vladimir putin alleged vaccine developed country,0.3285,0.6573,0.0142,Neutral,-0.3143,0.6573,0.3288
t00661,2020-08-11 09:26:03,2020-08-11,9,Tuesday,Yes2,United Kingdom,Phone or tablet app,Twitter for Android,517,False,,Recent coronavirus deaths broken down by UK country/nation incase you are struggling to see this important informat... https://t.co/EUgAT3hUif,recent death broken incase struggling see important informat,0.1676,0.7891,0.0433,Neutral,-0.1243,0.7891,0.6215
t00662,2020-08-11 09:27:48,2020-08-11,9,Tuesday,APFOOD,,Twitter website,Twitter Web App,182,False,"['agrifood', 'data']",.@foodagility's $10M initiative is bringing #agrifood and tech businesses to create #data-driven solutions to help... https://t.co/6LPvHcZMjS,initiative bringing agrifood tech business create solution help,0.0044,0.2841,0.7115,Positive,0.7071,0.7115,0.4274
t00663,2020-08-11 09:39:48,2020-08-11,9,Tuesday,VOW FM News,South Africa,Phone or tablet app,Twitter for Android,153,False,,Your news coming at 12PM with Karabo Tebele (@Bluekaybee) - @CityofJoburgZA mayor @GeoffMakhubo applauds JMPD off... https://t.co/9MWfDTPLjF,news coming karabo tebele mayor applauds jmpd,0.0066,0.6801,0.3133,Neutral,0.3067,0.6801,0.3668
t00664,2020-08-11 09:44:51,2020-08-11,9,Tuesday,Marco The Grand,United Kingdom,Twitter website,Twitter Web App,125,False,['COVID19'],This backwards cesspool of corruption #COVID19 https://t.co/TQOPRuCC7g https://t.co/ZegXFQqXVL,backwards cesspool corruption,0.9193,0.0731,0.0076,Negative,-0.9117,0.9193,0.8463
t00665,2020-08-11 09:45:00,2020-08-11,9,Tuesday,Mango News,India,TweetDeck,TweetDeck,1628,False,,PM Modi held a video conference with CM's of 10 States and discussed over the Covid-19 situation. This was the 7th... https://t.co/17cYaMC295,modi held video conference state discussed situation,0.0149,0.9144,0.0708,Neutral,0.0559,0.9144,0.8436
t00666,2020-08-11 09:52:52,2020-08-11,9,Tuesday,Casper Sand,,Twitter website,Twitter Web App,5121,False,"['Norge', 'covid19', 'Corona']",Whoops... #Norge #covid19 #Corona https://t.co/0VqQitLFCO,whoop norge corona,0.4891,0.4637,0.0472,Negative,-0.4419,0.4891,0.0254
t00667,2020-08-11 10:00:18,2020-08-11,10,Tuesday,Mike Sutton,,Scheduling tool,Powered by Sprinklr,5,False,['COVID19'],"Managing the #COVID19 pandemic, especially as economic activity resumes, will require specific measures and changes... https://t.co/tlNSZgvjyv",managing pandemic especially economic activity resume require specific measure change,0.1936,0.7702,0.0362,Neutral,-0.1574,0.7702,0.5767
t00668,2020-08-11 10:00:50,2020-08-11,10,Tuesday,🇦🇺🇮🇪🏴󠁧󠁢󠁳󠁣󠁴󠁿🇺🇸Peter Oataway,Australia,Phone or tablet app,Twitter for iPad,2558,False,['Perth'],I want to make love to @ladygaga doesn't mean it will ever happen 1985 I drove to #Perth the hard way - across the... https://t.co/QZzxoatghE,want make love mean ever happen drove perth hard way across,0.1548,0.6274,0.2178,Neutral,0.063,0.6274,0.4096
t00669,2020-08-11 10:00:58,2020-08-11,10,Tuesday,Tate Jiang,,Phone or tablet app,Twitter for Android,13,False,"['KiaKaha', 'COVID19']","Community Transmission is back to NZ, let's fight and win again! #KiaKaha #COVID19 https://t.co/hha95Ga1dA",community transmission back let fight win kiakaha,0.0122,0.1834,0.8044,Positive,0.7922,0.8044,0.6209
t00670,2020-08-11 10:01:36,2020-08-11,10,Tuesday,TRT World Now,,TweetDeck,TweetDeck,89491,True,['Covid19'],New Zealand records first community #Covid19 infection in 102 days,new zealand record first community infection day,0.3245,0.648,0.0276,Neutral,-0.2969,0.648,0.3235
t00671,2020-08-11 10:02:10,2020-08-11,10,Tuesday,OTV,India,Twitter website,Twitter Web App,544641,True,"['coronavirus', 'Odisha', 'COVID19']",'COVID bandhus' of Ganjam succour in fight against #coronavirus #Odisha #COVID19 https://t.co/nUHEDNsxxf,bandhus ganjam succour fight odisha,0.0727,0.7836,0.1437,Neutral,0.071,0.7836,0.6398
t00672,2020-08-11 10:03:45,2020-08-11,10,Tuesday,Wolverine,United Kingdom,Phone or tablet app,Twitter for Android,81,False,"['passport', 'SocialDistancing']",@ReutersUK With huge queues at security &amp; #passport areas with zero #SocialDistancing enforced @HeathrowAirport has... https://t.co/JstjDqpAW8,huge queue security passport area zero socialdistancing enforced,0.6292,0.3539,0.0169,Negative,-0.6123,0.6292,0.2753
t00673,2020-08-11 10:04:34,2020-08-11,10,Tuesday,CapeTalk on 567AM,South Africa,Scheduling tool,Buffer,234535,True,,"""I'm a writer and I know how to spell a lot of words, but sometimes it can take me half an hour to figure out how t... https://t.co/br1inDQfe9",writer know spell lot word sometimes take half hour figure,0.1633,0.6936,0.1431,Neutral,-0.0202,0.6936,0.5303
t00674,2020-08-11 10:05:36,2020-08-11,10,Tuesday,Tentaran.com,India,Twitter website,Twitter Web App,1460,False,['COVID19'],Finally Some Good News from 2020 Russia becomes the first country to approve #COVID19 vaccine; President Vladimir... https://t.co/OlSMXHFcGu,finally good news russia becomes first country approve vaccine president vladimir,0.0038,0.0881,0.9082,Positive,0.9044,0.9082,0.8201
t00675,2020-08-11 10:08:49,2020-08-11,10,Tuesday,ET NOW,India,Twitter website,Twitter Web App,574279,True,"['COVID19', 'VladimirPutin', 'Putin']","Russia approves first #COVID19 vaccine, says #VladimirPutin. #Putin adds that his daughter has already been vaccina... https://t.co/CNqA4oz6iY",russia approves first vaccine say vladimirputin putin add daughter already vaccina,0.0084,0.8289,0.1628,Neutral,0.1544,0.8289,0.6661
t00676,2020-08-11 10:09:03,2020-08-11,10,Tuesday,Steve Lanys-Morris,Canada,Twitter website,Twitter Web App,497,False,"['COVID19', 'billionaires']",Noam Chomsky: Trump Is Using Pandemic to Enrich Billionaires as Millions Lose Work https://t.co/4sifCJ2ImZ #COVID19 #billionaires,noam chomsky trump using pandemic enrich billionaire million lose work billionaire,0.4832,0.4897,0.0271,Neutral,-0.4561,0.4897,0.0064
t00677,2020-08-11 10:13:11,2020-08-11,10,Tuesday,Coronavirus Updates,,Bot or auto-feed,COVID19-Updates,482,False,"['coronavirus', 'CoronaVirusUpdate', 'COVID19', 'CoronavirusPandemic']","2,345 new cases and 184 new deaths in Iran [11:13 GMT] #coronavirus #CoronaVirusUpdate #COVID19 #CoronavirusPandemic",new case new death iran gmt coronavirusupdate coronaviruspandemic,0.7489,0.2408,0.0103,Negative,-0.7386,0.7489,0.5082
t00678,2020-08-12 05:09:23,2020-08-12,5,Wednesday,indtoday,India,Twitter website,Twitter Web App,1135,False,['Telangana'],"COVID19: #Telangana registers 1,897 fresh Coronavirus cases, 9 new deaths - IND TODAY watch at... https://t.co/8xZk0EAaKP",telangana register fresh case new death ind today watch,0.4592,0.5281,0.0127,Neutral,-0.4465,0.5281,0.069
t00679,2020-08-12 05:10:19,2020-08-12,5,Wednesday,PharticusMaximus,United States,Twitter website,Twitter Web App,1404,False,,I went to @Sedanos here in Miami to pick up some groceries yesterday. Look what I found on a bottle of @Motts apple... https://t.co/rRbDFqAlG7,went miami pick grocery yesterday look found bottle apple,0.0044,0.7223,0.2732,Neutral,0.2688,0.7223,0.4491
t00680,2020-08-12 05:13:46,2020-08-12,5,Wednesday,IndiaSpend,India,Twitter website,Twitter Web App,58065,True,['COVID19'],"In May, India’s effective reproduction number was 1.23, down from 1.83 in March. India’s overall #COVID19 figures c... https://t.co/gUhkHMpbHs",may india effective reproduction march india overall figure,0.1155,0.8368,0.0477,Neutral,-0.0678,0.8368,0.7213
t00681,2020-08-12 06:10:30,2020-08-12,6,Wednesday,Dr Ranjith Reddy - TRS #StayHome #StaySafe,India,Phone or tablet app,Twitter for Android,5340,True,,"This is really unfortunate. Fear is the greatest enemy of all. Urge the citizens to stay strong, take all the neces... https://t.co/2jW34adQeB",really unfortunate fear greatest enemy urge citizen stay strong take neces,0.8245,0.1574,0.0182,Negative,-0.8063,0.8245,0.6671
t00682,2020-08-12 06:11:17,2020-08-12,6,Wednesday,Robert Williams,United States,Twitter website,Twitter Web App,3568,False,['COVID19'],"11-August #COVID19 Case Progress chart for key US states. 3 states (IN, PR, and ND) are reporting an all-time high... https://t.co/4YjWFE8W91",case progress chart key state state reporting high,0.0082,0.8475,0.1443,Neutral,0.1361,0.8475,0.7031
t00683,2020-08-12 06:17:52,2020-08-12,6,Wednesday,Flipkart Stories,India,Twitter website,Twitter Web App,61895,True,"['ProgramManagement', 'Flipsters']","Read how our #ProgramManagement team worked days, nights, and weekends, enabling #Flipsters to collaborate and serv... https://t.co/EG7SkZppLr",read programmanagement team worked day night weekend enabling flipsters collaborate serv,0.0053,0.6195,0.3752,Neutral,0.3699,0.6195,0.2443
t00684,2020-08-12 06:22:36,2020-08-12,6,Wednesday,BeingAfricanInAfrica,,Twitter website,Twitter Web App,96,False,"['Ubuntu', 'COVID19']",#Ubuntu in the time of #COVID19 Within the confines of lockdown that have since seen me stay at home for more than... https://t.co/DDO6t6gnGW,ubuntu time within confines lockdown since seen stay home,0.2957,0.6791,0.0252,Neutral,-0.2705,0.6791,0.3834
t00685,2020-08-12 06:24:33,2020-08-12,6,Wednesday,JK 24x7 News,India,Phone or tablet app,Twitter for iPhone,23243,False,,FIFA &amp; Asian Confederation have jointly decided that the upcoming qualifying matches for FIFA World Cup Qatar 2022... https://t.co/7IOcGrDFyA,fifa asian confederation jointly decided upcoming qualifying match fifa world cup qatar,0.0058,0.9354,0.0587,Neutral,0.0529,0.9354,0.8767
t00686,2020-08-12 06:30:17,2020-08-12,6,Wednesday,ETHealthWorld,India,Other or custom app,econ b2b post,5650,True,['Bihar'],ETHealthworld | Need to increase COVID-19 testing in 10 most-affected states: PM Modi tells CMs #Bihar... https://t.co/FwuIDoohAW,ethealthworld need increase testing state modi tell cm bihar,0.0195,0.8842,0.0964,Neutral,0.0769,0.8842,0.7878
t00687,2020-08-12 06:37:11,2020-08-12,6,Wednesday,Hans van Dijk,,Phone or tablet app,Twitter for iPad,997,False,['COVID19'],"One of England’s most senior doctors: “Face masks could increase risk of infection, medical chief warns” #COVID19 https://t.co/cG0RGobv7R",one england senior doctor face mask could increase risk infection medical chief warns,0.3296,0.6275,0.0429,Neutral,-0.2867,0.6275,0.2979
t00688,2020-08-12 06:40:46,2020-08-12,6,Wednesday,The Hand That Feeds You,,Twitter website,Twitter Web App,837,False,['COVID19'],Months where Trump said #COVID19 would just go away: February March April May June July August The entire... https://t.co/cW7CLs4UDZ,month trump said would away february march april may june july august entire,0.1678,0.7824,0.0498,Neutral,-0.118,0.7824,0.6146
t00689,2020-08-12 06:41:21,2020-08-12,6,Wednesday,Lefa Best Lechesa⚽💗,,Phone or tablet app,Twitter for Android,724,False,"['KaizerChiefs', 'BidvestWits']",It's game on tonight at 18:00 @OrlandoStadium Which team will win tonight 🔥⚽🔥⚽ #KaizerChiefs #BidvestWits... https://t.co/HPJ0b2ncRA,game tonight team win tonight kaizerchiefs bidvestwits,0.0034,0.5514,0.4452,Neutral,0.4418,0.5514,0.1061
t00690,2020-08-12 06:56:27,2020-08-12,6,Wednesday,TRT World Now,,TweetDeck,TweetDeck,89550,True,['Covid19'],A look at the intense spread of active cases of #Covid19 which has infected over 20 million people since the start... https://t.co/U0ghl5EBZr,look intense spread active case infected million people since start,0.5257,0.4532,0.0212,Negative,-0.5045,0.5257,0.0725
t00691,2020-08-12 07:13:23,2020-08-12,7,Wednesday,SDG Nigeria Knowledge Hub 🔊,,Bot or auto-feed,IFTTT,1207,False,"['COVID19', 'WearAMask']",WHO: 😷 How to wear a medical mask safely: Do’s More: https://t.co/eAhuPXM9E6 #COVID19 #WearAMask... https://t.co/YleLataP57,wear medical mask safely wearamask,0.3878,0.5691,0.0431,Neutral,-0.3447,0.5691,0.1812
t00692,2020-08-12 07:21:23,2020-08-12,7,Wednesday,ASEAN+3 Macroeconomic Research Office (AMRO),,Twitter website,Twitter Web App,27,False,,AMRO and ESM Chief Economists Hoe Ee Khor and Rolf Strauch @r_strauch explain in a blog why policy responses to mit... https://t.co/TJ7YtIg5ym,amro esm chief economist hoe khor rolf strauch explain blog policy response mit,0.0131,0.9379,0.049,Neutral,0.0359,0.9379,0.8888
t00693,2020-08-12 07:30:55,2020-08-12,7,Wednesday,Bell Direct,Australia,Twitter website,Twitter Web App,3405,True,['NPAT'],"Could Magellan rival BlackRock's iShares? $MFG released it's FY20 results, reporting #NPAT +5% to $396.2m due to gr... https://t.co/bQ3TVqZueo",could magellan rival blackrock ishares mfg released result reporting npat due,0.0063,0.4083,0.5855,Positive,0.5792,0.5855,0.1772
t00694,2020-08-12 07:32:06,2020-08-12,7,Wednesday,Dr Kelly 🔶 🕷,,Phone or tablet app,Twitter for iPhone,3791,False,"['recession', 'COVID19', 'brexit']","We simply won’t be able to cope with a #recession, #COVID19 and #brexit",simply able cope recession brexit,0.9025,0.0879,0.0095,Negative,-0.893,0.9025,0.8146
t00695,2020-08-12 07:50:03,2020-08-12,7,Wednesday,LydiaR,United Kingdom,Phone or tablet app,Twitter for Android,98,False,"['COVID19', 'coronavirus']",Just Read if you are going out partying and refusing to wear a mask #COVID19 #coronavirus https://t.co/hpEbyXlNaD,read going partying refusing wear mask,0.4768,0.4977,0.0256,Neutral,-0.4512,0.4977,0.0209
t00696,2020-08-12 08:03:28,2020-08-12,8,Wednesday,NDS,Australia,Scheduling tool,Buffer,3950,False,,"Victorian disability service providers are invited to join us at 10am on Friday, 14 August, for our next NDS COVID-... https://t.co/k40RK46iM4",victorian disability service provider invited join friday august next nd,0.0057,0.7862,0.2081,Neutral,0.2024,0.7862,0.578
t00697,2020-08-12 08:11:00,2020-08-12,8,Wednesday,Say No To Sino,,Other or custom app,Promo.com,699,False,"['BoycottChina', 'BoycottCCP', 'BoycottMadeInChina', 'BoycottBeijing']",🖕 BOYCOTT EVERYTHING CHINA 🖕 C.C.P. IS EVIL #BoycottChina #BoycottCCP #BoycottMadeInChina #BoycottBeijing... https://t.co/lquerl4JEE,boycott everything china evil boycottchina boycottccp boycottmadeinchina boycottbeijing,0.9347,0.0592,0.0061,Negative,-0.9286,0.9347,0.8755
t00698,2020-08-12 08:12:07,2020-08-12,8,Wednesday,PCTweets #nomasks #KBF,United Kingdom,Phone or tablet app,Twitter for iPhone,1121,False,,My thoughts on the UK officially entering an entirely voluntary recession caused by @BorisJohnson’s government.... https://t.co/a80iozuomy,thought officially entering entirely voluntary recession caused government,0.5808,0.4068,0.0124,Negative,-0.5684,0.5808,0.174
t00699,2020-08-12 08:15:35,2020-08-12,8,Wednesday,KAPIL SINGHAL,India,Phone or tablet app,Twitter for Android,401,False,"['अनंत_हेगड़े_माफ़ी_मांगो', 'BSNL_Pride_Of_India', 'Even', 'COVID19', 'BSNL']","#अनंत_हेगड़े_माफ़ी_मांगो #BSNL_Pride_Of_India #Even in the terrible situations of #COVID19, #BSNL staff provision... https://t.co/fBA2yKSAbq",even terrible situation bsnl staff provision,0.053,0.5623,0.3847,Neutral,0.3317,0.5623,0.1776
t00700,2020-08-12 08:22:21,2020-08-12,8,Wednesday,Ben Whitelaw,,Twitter website,Twitter Web App,5499,True,['covid19'],"Back in April, @citylab readers were asked to create a map to express how their world had changed during #covid19.... https://t.co/T8uiUEfZdL",back april reader asked create map express world changed,0.0184,0.9395,0.0421,Neutral,0.0237,0.9395,0.8975
t00701,2020-08-12 08:29:53,2020-08-12,8,Wednesday,michael fogarty,,Phone or tablet app,Twitter for Android,511,False,,@BorisJohnson @RishiSunak @MattHancock G7 counties - Top of the excess death table Top of the biggest recession... https://t.co/4yJQD5qTum,county top excess death table top biggest recession,0.6786,0.2953,0.0262,Negative,-0.6524,0.6786,0.3833
t00702,2020-08-12 08:31:16,2020-08-12,8,Wednesday,WISH Qatar,,Twitter website,Twitter Web App,4693,False,['covid19'],"It is normal to feel sad, stressed, confused, scared or angry during a crisis especially during #covid19 Talking to... https://t.co/JZAuxRpCiy",normal feel sad stressed confused scared angry crisis especially talking,0.659,0.3232,0.0178,Negative,-0.6412,0.659,0.3358
t00703,2020-08-12 08:51:11,2020-08-12,8,Wednesday,Marc C Johnson,United States,Phone or tablet app,Twitter for iPhone,1658,False,,We’re in the midst of a massive propaganda effort to try and convince Americans that what they are seeing with thei... https://t.co/7aZa7JlEit,midst massive propaganda effort try convince american seeing thei,0.6861,0.3029,0.011,Negative,-0.6751,0.6861,0.3831
t00704,2020-08-12 08:58:15,2020-08-12,8,Wednesday,Ndidi Okezie🕊,,Phone or tablet app,Twitter for iPhone,6361,False,,Thanks @IainDale @LBC for having me. I spoke abt the critical need for a joined up National Strategy on the multifa... https://t.co/IPcWaPQoiZ,thanks spoke abt critical need joined national strategy multifa,0.0065,0.1807,0.8128,Positive,0.8063,0.8128,0.6322
t00705,2020-08-12 08:58:44,2020-08-12,8,Wednesday,SCI💡,United Kingdom,Twitter website,Twitter Web App,3498,False,"['WednesdayThoughts', 'covid19']","#WednesdayThoughts 💬 ◾️The abaca tree, a relative of the banana, produces fibre that could help cut #covid19 plast... https://t.co/SpJS3PdXoC",wednesdaythoughts abaca tree relative banana produce fibre could help cut plast,0.0252,0.8429,0.1319,Neutral,0.1067,0.8429,0.7109
t00706,2020-08-12 09:08:15,2020-08-12,9,Wednesday,👨🏻💻,,Phone or tablet app,Twitter for Android,36,False,['COVID19'],Haters could learn a lot from this. #COVID19 https://t.co/ryH8YTnq8M @BillyTeKahika,hater could learn lot,0.2414,0.6668,0.0918,Neutral,-0.1496,0.6668,0.4254
t00707,2020-08-12 09:19:04,2020-08-12,9,Wednesday,Steve A Morris,United States,Twitter website,Twitter Web App,717,False,['COVID19'],"First it is important to understand that the #COVID19 virus does not kill you, your body's overreacting response (a... https://t.co/0nxOdbmFlL",first important understand virus kill body overreacting response,0.3654,0.5779,0.0567,Neutral,-0.3087,0.5779,0.2125
t00708,2020-08-12 09:20:53,2020-08-12,9,Wednesday,Dr.med. Bernd Kynast,,Twitter website,Twitter Web App,3273,False,"['Atomicbombs', 'covid19', 'shelters', 'microm', 'concrete', 'steel']",#Atomicbombs &amp; #covid19 #shelters can be easily cracked by #microm based #concrete &amp; #steel eating in combination... https://t.co/lYgWcgurz5,atomicbombs shelter easily cracked microm based concrete steel eating combination,0.576,0.4016,0.0224,Negative,-0.5536,0.576,0.1744
t00709,2020-08-12 09:21:02,2020-08-12,9,Wednesday,NETRALNEWS,,Phone or tablet app,Twitter for Android,1507,False,"['Indonesia', 'MinistryofSocialAffairs']",Social Affairs Minister: Remote Indigenous Communities Can Receive Social Aid. #Indonesia #MinistryofSocialAffairs... https://t.co/baKCLxdFRO,social affair minister remote indigenous community receive social aid indonesia ministryofsocialaffairs,0.0057,0.9061,0.0882,Neutral,0.0825,0.9061,0.8179
t00710,2020-08-12 09:23:16,2020-08-12,9,Wednesday,ShelfLife.ie,Ireland,Twitter website,Twitter Web App,5392,False,"['covid19', 'SMEs', 'visa', 'commerce', 'digitisation']",One in five Irish SMEs fear their future is at risk due to Covid-19 https://t.co/1SRhECDwnU #covid19 #SMEs #visa #commerce #digitisation,one five irish smes fear future risk due smes visa commerce digitisation,0.7653,0.2213,0.0134,Negative,-0.7519,0.7653,0.5439
t00711,2020-08-12 09:24:50,2020-08-12,9,Wednesday,National Herald,India,Other or custom app,National Herald,99708,True,"['suicide', 'Jharkhand']","As per police records, every day 5 #suicide deaths are being reported in #Jharkhand for one reason or the other dur... https://t.co/zVL1Klah4E",per police record every day suicide death reported jharkhand one reason dur,0.6303,0.3607,0.009,Negative,-0.6213,0.6303,0.2696
t00712,2020-08-12 09:28:01,2020-08-12,9,Wednesday,Mirco,,Twitter website,Twitter Web App,444,False,"['UK', 'COVID19']",One day in Bradford is enough to understand why #UK is such a disaster from the point of view of #COVID19 spreading.,one day bradford enough understand disaster point view spreading,0.8721,0.1189,0.009,Negative,-0.8631,0.8721,0.7532
t00713,2020-08-12 09:29:35,2020-08-12,9,Wednesday,CSPPS,,Twitter website,Twitter Web App,1654,False,"['InternationalYouthDay', 'youth']","Today is #InternationalYouthDay, a day to recognise &amp; celebrate the key role of #youth as game-changers. Young peo... https://t.co/IiNqXKeYqZ",today internationalyouthday day recognise celebrate key role youth young peo,0.002,0.0387,0.9593,Positive,0.9573,0.9593,0.9206
t00714,2020-08-12 09:30:30,2020-08-12,9,Wednesday,Blue Door Property Guardians,United Kingdom,Scheduling tool,Hootsuite Inc,177,False,['COVID19'],These are surreal times. That seems the only thing that we can say for sure about the #COVID19 landscape. If you’ve... https://t.co/cyKxNQQJZR,surreal time seems thing say sure landscape,0.3117,0.6317,0.0567,Neutral,-0.255,0.6317,0.32
t00715,2020-08-12 09:34:05,2020-08-12,9,Wednesday,"David Butcher: Pop of SPRINGFIELD, MO - Dead",United States,Twitter website,Twitter Web App,723,False,['COVID19'],A sure sign that all that #COVID19 money you are borrowing from the Treasury is not going to the people who need it. https://t.co/85X9fwUthK,sure sign money borrowing treasury going people need,0.8492,0.1386,0.0121,Negative,-0.8371,0.8492,0.7106
t00716,2020-08-12 09:34:28,2020-08-12,9,Wednesday,Doctor Roshan R 🌍,India,Phone or tablet app,Twitter for Android,11430,True,['covid19'],"What an amazing story. The patient, a doctor himself suffering from #covid19 and struggling to breathe inside the... https://t.co/hwS7ACAqvd",amazing story patient doctor suffering struggling breathe inside,0.0434,0.2014,0.7553,Positive,0.7119,0.7553,0.5539
t00717,2020-08-12 09:40:05,2020-08-12,9,Wednesday,MEED,,Twitter website,Twitter Web App,10745,False,"['report', 'Construction']",UAE CONSTRUCTION AFTER COVID-19 is the eleventh #report from the @meeddubai @MashreqTweets #Construction... https://t.co/Ue69e7ixUD,uae construction eleventh report construction,0.39,0.5922,0.0178,Neutral,-0.3722,0.5922,0.2023
t00718,2020-08-13 06:44:48,2020-08-13,6,Thursday,Agenparl,,Other or custom app,Agenparl,6055,False,"['Rabobank', 'Result', 'Coronavirus']",#Rabobank Posts Net #Result of EUR 227 million for First Half-Year 2020 - https://t.co/VlZbr7xiPh #Coronavirus... https://t.co/tRnM5lOren,rabobank post net result eur million first,0.4957,0.4809,0.0234,Negative,-0.4723,0.4957,0.0148
t00719,2020-08-13 06:45:23,2020-08-13,6,Thursday,Dr. Andrea C. Simonelli,Global / unstated,Phone or tablet app,Twitter for Android,1103,False,,The future is now. Living in 120° heat for several days straight w/o air con is terrible for your body. Building... https://t.co/Dv5ICTtaUt,future living heat several day straight air con terrible body building,0.7852,0.1964,0.0184,Negative,-0.7668,0.7852,0.5888
t00720,2020-08-13 06:49:04,2020-08-13,6,Thursday,Integral Overview,,Twitter website,Twitter Web App,531,False,,Humanity has not yet entered into a transition from an egoistic conception to an integral conception. Nature is jus... https://t.co/YzjaaaewyI,humanity yet entered transition egoistic conception integral conception nature jus,0.0665,0.8488,0.0846,Neutral,0.0181,0.8488,0.7642
t00721,2020-08-13 07:31:21,2020-08-13,7,Thursday,WFP MENA,,Twitter website,Twitter Web App,16942,True,,"This is Yemen. It has been devastated by floods. Yet more hardship for families already enduring conflict, econom... https://t.co/RYG3v7gRp3",yemen devastated flood yet hardship family already enduring conflict econom,0.8943,0.0988,0.0069,Negative,-0.8874,0.8943,0.7955
t00722,2020-08-13 07:32:50,2020-08-13,7,Thursday,Petr Lupač,,Twitter website,Twitter Web App,177,False,['COVID19'],Twitter changes in #COVID19 times https://t.co/ue4RrehQoZ ... and a map for @simongerman600,twitter change time map,0.0261,0.9386,0.0353,Neutral,0.0092,0.9386,0.9033
t00723,2020-08-13 07:38:25,2020-08-13,7,Thursday,ScottWork,United Kingdom,Twitter website,Twitter Web App,0,False,['gatwicktrainstation'],"On my way down to #gatwicktrainstation to see staff before we do observations with them in the coming weeks, nice t... https://t.co/MUVU2fsD0O",way gatwicktrainstation see staff observation coming week nice,0.0024,0.0827,0.9149,Positive,0.9125,0.9149,0.8322
t00724,2020-08-13 07:41:53,2020-08-13,7,Thursday,Shane Woodford,,Phone or tablet app,Twitter for iPad,13003,False,"['USA', 'Florida', 'Arizona', 'Georgia', 'COVID19']","In the #USA #Florida, #Arizona, and #Georgia all saw significant increases in daily #COVID19 deaths yesterday and i... https://t.co/qscpvW74Ib",usa florida arizona georgia saw significant increase daily death yesterday,0.5789,0.4025,0.0186,Negative,-0.5603,0.5789,0.1764
t00725,2020-08-13 07:44:07,2020-08-13,7,Thursday,Zee News English,India,Twitter website,Twitter Web App,5231805,True,"['COVID19', 'coronavirus']","Chicken imported from Brazil tests positive for coronavirus, says China #COVID19 #coronavirus https://t.co/fEHyyGJdkI",chicken imported brazil test positive say china,0.6064,0.3734,0.0202,Negative,-0.5862,0.6064,0.2331
t00726,2020-08-13 07:50:13,2020-08-13,7,Thursday,Millî Gazete (ENG),,Twitter website,Twitter Web App,1193,False,"['Turkey', 'COVID19']","📰Today's headlines | Turkey’s death toll from coronavirus rises to 5,891 🔗https://t.co/mS2GjX4xer #Turkey #COVID19 https://t.co/o4FhmEdt4e",headline turkey death toll rise turkey,0.5011,0.4801,0.0188,Negative,-0.4823,0.5011,0.021
t00727,2020-08-13 07:58:00,2020-08-13,7,Thursday,welfare.ie,Ireland,Twitter website,Twitter Web App,20105,True,['Covid19'],Our #Covid19 Income Support Helpline is open today from 9am-5pm: 1890-800-024 Our Intreo Centres are open today fr... https://t.co/9Gy5sCK3oh,income support helpline open today intreo centre open today,0.0041,0.7571,0.2388,Neutral,0.2347,0.7571,0.5183
t00728,2020-08-13 08:00:16,2020-08-13,8,Thursday,GlobalPandemic.NET,Global / unstated,Other or custom app,GlobalPandemic.NET,26095,False,['Coronavirus'],ALERT: China says chicken wings from Brazil tested positive for coronavirus - Global Pandemic News | #Coronavirus... https://t.co/CYfhT5E6gg,alert china say chicken wing brazil tested positive global pandemic news,0.5708,0.4097,0.0195,Negative,-0.5513,0.5708,0.1611
t00729,2020-08-13 08:00:31,2020-08-13,8,Thursday,MrsChaluwa,,Phone or tablet app,Twitter for Android,3,False,,"Don't lean in so close when you want to speak to me. And without your mask on, for that matter... I'm not deaf now.... https://t.co/RUJDmPECR4",lean close want speak without mask matter deaf,0.0996,0.6771,0.2232,Neutral,0.1236,0.6771,0.4539
t00730,2020-08-13 08:11:22,2020-08-13,8,Thursday,Hua Chunying 华春莹,,Twitter website,Twitter Web App,620975,True,['Fauci'],China's #Fauci Dr. Zhong Nanshan was awarded Medal of the Republic for his outstanding contributions to China's fig... https://t.co/BGTluWZKAz,china fauci zhong nanshan awarded medal republic outstanding contribution china fig,0.0041,0.2636,0.7323,Positive,0.7282,0.7323,0.4688
t00731,2020-08-13 08:29:19,2020-08-13,8,Thursday,@SAgovnews,,Phone or tablet app,Twitter for iPhone,277705,True,['COVID19'],Makhura: #COVID19 pandemic in Gauteng is entering a new period. We are still going through the storm of COVID. We a... https://t.co/diaf13ghX4,makhura pandemic gauteng entering new period still going storm,0.5512,0.4332,0.0156,Negative,-0.5356,0.5512,0.118
t00732,2020-08-13 08:35:36,2020-08-13,8,Thursday,Office for National Statistics (ONS),United Kingdom,Twitter website,Twitter Web App,310326,True,['COVID19'],"While #COVID19 deaths were more common in highly polluted areas early in the pandemic, this trend decreased as the... https://t.co/XvbdGOH2U6",death common highly polluted area early pandemic trend decreased,0.572,0.4132,0.0148,Negative,-0.5572,0.572,0.1588
t00733,2020-08-13 08:46:10,2020-08-13,8,Thursday,CapricornFM News,,Twitter website,Twitter Web App,36623,True,['COVID19'],#COVID19 Some pre-school and crèche owners in Polokwane have expressed their frustrations to Capricorn FM News abou... https://t.co/Br7qFBYTXr,crèche owner polokwane expressed frustration capricorn news abou,0.5922,0.396,0.0117,Negative,-0.5805,0.5922,0.1962
t00734,2020-08-13 08:47:26,2020-08-13,8,Thursday,ScienceOpen,United States,Twitter website,Twitter Web App,16452,False,"['OpenAccess', 'Crisis']","From the #OpenAccess journal @clinical_social, a new article regarding the current Health #Crisis: 'Health Economic... https://t.co/g6TJx1bN1c",openaccess journal new article regarding current health crisis economic,0.0065,0.9079,0.0856,Neutral,0.0791,0.9079,0.8223
t00735,2020-08-13 09:02:08,2020-08-13,9,Thursday,trambellir.com,,Twitter website,Twitter Web App,15,False,"['COVID19', 'Tokyo']","#COVID19 Test | Now in Tokyo!😌 If you're looking for an easy-accessible clinic for COVID-19 checkup in #Tokyo, our... https://t.co/MP4N3Hswbq",test tokyo looking clinic checkup tokyo,0.0043,0.3518,0.6438,Positive,0.6395,0.6438,0.292
t00736,2020-08-13 09:15:05,2020-08-13,9,Thursday,ParasNsui,,Phone or tablet app,Twitter for Android,6,False,['Covid19'],"All schools/colleges are closed due to #Covid19 &amp; classes are being conducted online, so these smartphones will be... https://t.co/RW7uvpqYCU",closed due class conducted online smartphones,0.4197,0.5632,0.017,Neutral,-0.4027,0.5632,0.1435
t00737,2020-08-13 09:21:25,2020-08-13,9,Thursday,Barack Obama Europe,United States,Twitter website,Twitter Web App,677,False,"['Pandemics', 'challenges', 'sustainingpeace', 'SecurityCouncil']",#Pandemics and #challenges of #sustainingpeace - #SecurityCouncil (12 August 2020) https://t.co/XjpIKk6ksu via... https://t.co/NkPU6vdjP0,pandemic challenge sustainingpeace securitycouncil august via,0.0144,0.9412,0.0444,Neutral,0.03,0.9412,0.8968
t00738,2020-08-13 09:25:20,2020-08-13,9,Thursday,PresidentWynne,,Phone or tablet app,Twitter for Android,1,False,,Fast food places with plastic guards in the wi der that eveyone ducks under and reaches through like Literally no... https://t.co/cPPKvBG2fJ,fast food place plastic guard der eveyone duck reach like literally,0.7176,0.2649,0.0176,Negative,-0.7,0.7176,0.4527
t00739,2020-08-13 09:31:03,2020-08-13,9,Thursday,Versus the Crowd,,Twitter website,Twitter Web App,4,False,"['malala', 'msm', 'covid19']",Education kills terrorism. Never underestimate the power of education #malala #msm #covid19 https://t.co/MCCYb7ORwD,education kill terrorism never underestimate power education malala msm,0.1694,0.5354,0.2952,Neutral,0.1258,0.5354,0.2402
t00740,2020-08-13 09:36:12,2020-08-13,9,Thursday,Richard M - Bastille awaits!,United Kingdom,Phone or tablet app,Twitter for Android,6871,False,['COVID19'],The answer to #COVID19 https://t.co/i8CDtLFN1A,answer,0.1611,0.726,0.1128,Neutral,-0.0483,0.726,0.5649
t00741,2020-08-13 09:38:00,2020-08-13,9,Thursday,The Lancet,United States,Scheduling tool,HubSpot,570731,True,['COVID19'],Editor's Pick on The Lancet's #COVID19 Resource Centre—A Comment @TheLancetInfDis from Anita E Heywood &amp; C Raina Ma... https://t.co/V63IHy3xVI,editor pick lancet resource comment anita heywood raina,0.0131,0.9457,0.0412,Neutral,0.0281,0.9457,0.9046
t00742,2020-08-13 09:57:11,2020-08-13,9,Thursday,Papa Ola Lokahi,,Twitter website,Twitter Web App,290,False,,"A new interview with @PHIdotorg's Dr. Marta Induni, of PHI's Tracing Health initiative, explores how... https://t.co/g6MNWce5KV",new interview marta induni phi tracing health initiative explores,0.0054,0.899,0.0957,Neutral,0.0903,0.899,0.8033
t00743,2020-08-13 10:02:20,2020-08-13,10,Thursday,Kofi Bartels,Global / unstated,Phone or tablet app,Twitter for iPhone,32773,True,['Covid19'],"No enforcement of social distancing, hand washing/sanitizing, mask wearing, marked queuing and other #Covid19 proto... https://t.co/NdUa28NTbL",enforcement social distancing hand mask wearing marked queuing proto,0.1731,0.7952,0.0317,Neutral,-0.1414,0.7952,0.6221
t00744,2020-08-13 10:02:35,2020-08-13,10,Thursday,WHO South-East Asia,India,Twitter website,Twitter Web App,104104,True,['COVID19'],Each of us can stop the spread of #COVID19. Avoid the 3Cs. 👇 🛗 closed spaces with poor ventilation 🏟️crowded pla... https://t.co/pvxUPKYOQs,stop spread avoid closed space poor ventilation pla,0.5575,0.4125,0.03,Negative,-0.5275,0.5575,0.1449
t00745,2020-08-13 10:13:14,2020-08-13,10,Thursday,Michelle Choi,United States,Twitter website,Twitter Web App,3436,True,['backtoschool'],As more kids head #backtoschool - Harris County is strongly encouraging districts to delay reopening in-person lear... https://t.co/woyXkjRt3F,kid head backtoschool harris county strongly encouraging district delay reopening lear,0.1178,0.849,0.0331,Neutral,-0.0847,0.849,0.7312
t00746,2020-08-13 10:23:09,2020-08-13,10,Thursday,Keysoft Traffic,,Twitter website,Twitter Web App,228,False,"['traffic', 'COVID19', 'highwaysnews']",Traffic levels continue to grow https://t.co/WO0wUxxjum #traffic #COVID19 #highwaysnews https://t.co/hJBq80z7u4,traffic level continue grow traffic highwaysnews,0.5185,0.4588,0.0227,Negative,-0.4958,0.5185,0.0597
t00747,2020-08-13 10:24:24,2020-08-13,10,Thursday,@SAgovnews,,Phone or tablet app,Twitter for iPhone,277704,True,,Makhura: Our resources need to be directed to saving lives and Covid but also post-Covid to have a better improved... https://t.co/grpPbCakao,makhura resource need directed saving life also better improved,0.1088,0.7835,0.1077,Neutral,-0.0011,0.7835,0.6747
t00748,2020-08-13 10:24:37,2020-08-13,10,Thursday,Xinyu S. Pan,United States,Phone or tablet app,Twitter for iPhone,115,False,,“Many possible explanations for why the pandemic is impacting women more than men in science. But particularly comp... https://t.co/XcPwH5vqr3,many possible explanation pandemic impacting woman men science particularly comp,0.3021,0.6725,0.0254,Neutral,-0.2767,0.6725,0.3704
t00749,2020-08-13 10:25:42,2020-08-13,10,Thursday,GautengGov,South Africa,Phone or tablet app,Twitter for iPhone,219321,True,"['COVID19', 'Makhura']","#COVID19 | #Makhura In keeping with our commitment to transparency and accountability, the @GautengTreasury will pu... https://t.co/wKVPY1LKIu",makhura keeping commitment transparency accountability,0.0719,0.8813,0.0468,Neutral,-0.0251,0.8813,0.8095
t00750,2020-08-13 10:26:35,2020-08-13,10,Thursday,Siobhán,Ireland,Phone or tablet app,Twitter for iPhone,4071,False,['COVID19'],@philipnolan1 Tbh Philip I’m sickened to the pit of my stomach by those profiting from #COVID19 Their day will come,tbh philip sickened pit stomach profiting day come,0.9288,0.0619,0.0093,Negative,-0.9195,0.9288,0.867
t00751,2020-08-13 10:28:35,2020-08-13,10,Thursday,Susan Says VOTE for Biden/Harris Becraft,United States,Phone or tablet app,Twitter for iPad,2357,False,['COVID19'],@tiger150 @THEHermanCain I wonder if Herman has #COVID19 post-mortem. &lt;I just slapped my hand&gt;.,wonder herman slapped hand,0.5035,0.4676,0.0289,Negative,-0.4746,0.5035,0.0358
t00752,2020-08-13 10:30:00,2020-08-13,10,Thursday,BioTechniques,United Kingdom,Scheduling tool,Twitter for Advertisers,10826,False,['COVID19'],The @DHSCgovuk has partnered with @nanopore to make use of their novel LamPORE test in a bid to manage and contain new #COVID19 cases.,partnered make use novel lampore test bid manage contain new case,0.0136,0.8884,0.098,Neutral,0.0844,0.8884,0.7904
t00753,2020-08-13 10:30:22,2020-08-13,10,Thursday,Covid Data,,Bot or auto-feed,coronaData_Test,54,False,"['Coronavirus', 'COVID19']",New COVID-19 Data at 2020-08-13 06:30:01 am EDT #Coronavirus #COVID19 https://t.co/iPR5N7wL74,new data edt,0.1557,0.8074,0.0368,Neutral,-0.1189,0.8074,0.6517
t00754,2020-08-13 10:34:01,2020-08-13,10,Thursday,GENOCIDE IN SOUTHERN KD,Nigeria,Phone or tablet app,Twitter for Android,163,False,"['COVID19', 'Pandemicgovt']",@APCNigeria is more of pandemic to Nigeria than #COVID19 @PDPVanguard @OfficialPDPNig #Pandemicgovt,pandemic nigeria pandemicgovt,0.7231,0.2522,0.0247,Negative,-0.6984,0.7231,0.4709
t00755,2020-08-13 10:34:35,2020-08-13,10,Thursday,Rommel Villegas,,Twitter website,Twitter Web App,553,False,['COVID19'],"The worldwide total recoveries from #COVID19 numbers at 13,719,780 as of August 13, 2020 4:15 PM PhST The recoverie... https://t.co/ahRbd214UX",worldwide total recovery number august phst recoverie,0.0375,0.9293,0.0332,Neutral,-0.0043,0.9293,0.8918
t00756,2020-08-13 10:38:58,2020-08-13,10,Thursday,SmartFlight,Global / unstated,Phone or tablet app,Twitter for iPhone,2252,False,"['coronavirus', 'pandemic', 'COVID19']","India’s Virus Death Toll Becomes the World’s Fourth Largest, Topping U.K. #coronavirus #pandemic #COVID19 https://t.co/2zpBjKNn64",india virus death toll becomes world fourth largest topping pandemic,0.7052,0.2773,0.0175,Negative,-0.6877,0.7052,0.428
t00757,2020-08-14 01:17:22,2020-08-14,1,Friday,"uché blackstock, md",,Twitter website,Twitter Web App,56811,True,,"People are still in my mentions asking *why* Black, Latino and Indigenous people are being infected and dying disp... https://t.co/0PohHaFdXQ",people still mention asking black latino indigenous people infected dying disp,0.7231,0.2699,0.007,Negative,-0.7161,0.7231,0.4532
t00758,2020-08-14 01:18:12,2020-08-14,1,Friday,"Caitlin S., Masked PhD😷",United States,Phone or tablet app,Twitter for iPad,6830,False,['BackToSchool'],I have five nephews. I have five nephews going #BackToSchool soon. I have a brother who is a teacher. I have a bro... https://t.co/AVya03ntT2,five nephew five nephew going backtoschool soon brother teacher bro,0.0048,0.6728,0.3224,Neutral,0.3176,0.6728,0.3504
t00759,2020-08-14 01:21:22,2020-08-14,1,Friday,TAC 🌊 TogetherAsEverAsOne 🌊 #VoteBidenHarris2020,Global / unstated,Twitter website,Twitter Web App,9919,False,"['GOP', 'IdiotInChief', 'ImpeachedForever', 'IMPOTUS']",". #GOP is owned by the #IdiotInChief, the #ImpeachedForever, the #IMPOTUS! I wonder how much $ would have gone to... https://t.co/qvRSKezOeU",gop owned idiotinchief impeachedforever impotus wonder much would gone,0.898,0.0893,0.0127,Negative,-0.8853,0.898,0.8087
t00760,2020-08-14 02:14:16,2020-08-14,2,Friday,Grimpeur Bros Specialty Coffee,,Phone or tablet app,Twitter for iPhone,1930,False,,".@GregAbbott_TX @GovAbbott: Public Safety? More than 9,289 Texans are DEAD in 5 months directly due to your failed... https://t.co/DhAvEl89ap",public safety texan dead month directly due failed,0.9308,0.0647,0.0045,Negative,-0.9263,0.9308,0.8661
t00761,2020-08-14 02:15:08,2020-08-14,2,Friday,World Bank MENA,United States,Scheduling tool,Hootsuite Inc,31212,True,['MENA'],Improving broadband services in #MENA countries is impeded by: 1) Inability of telecom operators to continue busi... https://t.co/7Vae7KPYgJ,improving broadband service mena country impeded inability telecom operator continue busi,0.6242,0.3581,0.0177,Negative,-0.6065,0.6242,0.2661
t00762,2020-08-14 02:22:20,2020-08-14,2,Friday,Mr T 2,,Phone or tablet app,Twitter for iPhone,18101,False,['covid19'],#covid19 cases increased faster in Denver than in Weld County from 5/6 to 8/13 despite the mandatory mask requireme... https://t.co/9KdnHEHKN3,case increased faster denver weld county despite mandatory mask requireme,0.5045,0.4774,0.0181,Negative,-0.4864,0.5045,0.027
t00763,2020-08-14 02:26:54,2020-08-14,2,Friday,Alex McLaren,Australia,Twitter website,Twitter Web App,741,False,['COVID19'],No health system was adequately prepared for a pandemic. #COVID19 highlighting pain points e.g. Aged Care sector... https://t.co/3v0S5N2vTI,health system adequately prepared pandemic highlighting pain point aged care sector,0.8333,0.1568,0.0099,Negative,-0.8234,0.8333,0.6766
t00764,2020-08-14 02:29:30,2020-08-14,2,Friday,Captain Pineapple,,Phone or tablet app,Twitter for Android,18,False,,"My wife said ""I don't like going out in public now"" and I said ""you usually avoid it like the plague"" without think... https://t.co/880hn5Kdz7",wife said like going public said usually avoid like plague without think,0.6604,0.3207,0.0189,Negative,-0.6415,0.6604,0.3397
t00765,2020-08-14 02:36:28,2020-08-14,2,Friday,SueDinNY,United States,Twitter website,Twitter Web App,3836,False,"['FDA', 'Hydroxycholoroquine']","The #FDA is not about the American public welfare, it's about the money. #Hydroxycholoroquine has been shown to mak... https://t.co/2hj80ldDTZ",fda american public welfare money hydroxycholoroquine shown mak,0.5157,0.4477,0.0366,Negative,-0.4791,0.5157,0.0681
t00766,2020-08-14 02:48:14,2020-08-14,2,Friday,KimBergie,,Phone or tablet app,Twitter for iPhone,1220,False,['COVID19'],“May we never forget that behind every coronavirus statistic there is unquantifiable human suffering.” #COVID19... https://t.co/t6JZy2qA8z,may never forget behind every statistic unquantifiable human,0.8411,0.1466,0.0122,Negative,-0.8289,0.8411,0.6945
t00767,2020-08-14 02:53:50,2020-08-14,2,Friday,Maritime Executive,United States,Twitter website,Twitter Web App,49855,False,"['ports', 'bpa']",BPA Objects to New Quarantine Rule for Cross-Channel Ferry Passengers https://t.co/AWjRs6ivAL #ports #bpa... https://t.co/1ZVRiCuOwK,bpa object new quarantine rule ferry passenger port bpa,0.0422,0.9387,0.0191,Neutral,-0.0231,0.9387,0.8965
t00768,2020-08-14 02:54:49,2020-08-14,2,Friday,Paul Taylor,Canada,Phone or tablet app,Twitter for iPhone,3860,False,"['COVID19', 'cancers']",'Collateral damage” from #COVID19 — Doctors worry patients diagnosed with more advanced #cancers because of delays.... https://t.co/Y6bYNlFqqF,damage doctor worry patient diagnosed advanced cancer delay,0.7925,0.1994,0.0081,Negative,-0.7844,0.7925,0.5932
t00769,2020-08-14 03:11:01,2020-08-14,3,Friday,Binita Shrivastava,,Phone or tablet app,Twitter for Android,20,False,"['NewNormal', 'Covid19']","Are you following the #NewNormal during the #Covid19 pandemic? If not, here is a quick reminder to: 1) Maintain... https://t.co/d5RU23DsRT",following newnormal pandemic quick reminder maintain,0.0597,0.8597,0.0806,Neutral,0.0209,0.8597,0.7791
t00770,2020-08-14 03:38:47,2020-08-14,3,Friday,Anup Soans,India,Twitter website,Twitter Web App,6962,False,['COVID19'],"Long before #COVID19, Hinduja Hospital was an early adopter of remote care models. Back in 2006, it launched Care@... https://t.co/tWI9VnQA81",long hinduja hospital early adopter remote care model back launched care,0.011,0.8544,0.1347,Neutral,0.1237,0.8544,0.7197
t00771,2020-08-14 03:52:53,2020-08-14,3,Friday,x- Not Pucking Around,United States,Phone or tablet app,Twitter for iPhone,62,False,['COVID19'],@YouTubeTV WTF??? ... dropped you when sports went away because of #COVID19 paying $49.99. Now to restart you want... https://t.co/N8m8jggz8o,wtf dropped sport went away paying restart want,0.9076,0.0854,0.0071,Negative,-0.9005,0.9076,0.8222
t00772,2020-08-14 04:04:18,2020-08-14,4,Friday,AIR News Guwahati,India,Phone or tablet app,Twitter for Android,14130,True,"['Covid19', 'Covid19']","📻Regional Assamese Morning News 🕘0900 Hours 🗓️14/08/2020, #Covid19 শুনক, #Covid19 সম্পৰ্কীয় সকলো গুৰুত্বপূৰ্ণ ক... https://t.co/8iSCLO8Ic5",assamese morning news hour,0.0728,0.9044,0.0228,Neutral,-0.05,0.9044,0.8315
t00773,2020-08-14 04:05:37,2020-08-14,4,Friday,Freedom Sports and Entertainment,United States,Phone or tablet app,Twitter for iPhone,1520,False,['sportsbiz'],#sportsbiz Freedom Sports Biz Now produced show - we check in with Dan Mason GM of @RocRedWings a few months back d... https://t.co/xfnXdd2eCS,sportsbiz freedom sport biz produced show check dan mason month back,0.0033,0.8561,0.1406,Neutral,0.1373,0.8561,0.7155
t00774,2020-08-14 04:30:00,2020-08-14,4,Friday,ET Panache,India,TweetDeck,TweetDeck,32452,True,['Covid19'],"Atul Rai, CEO of @staqutech, says his mobile phone comes ‘next to oxygen’ in order of priority. #Covid19... https://t.co/cnRJjckYOq",atul rai ceo say mobile phone come next oxygen order priority,0.0258,0.8557,0.1185,Neutral,0.0927,0.8557,0.7373
t00775,2020-08-14 04:49:32,2020-08-14,4,Friday,Congressman Lacy Clay,United States,Phone or tablet app,Twitter for iPad,50,False,"['DoYourJobMitch', 'HEROESActNOW', 'FamiliesFirst', 'EssentialWorkers']",#DoYourJobMitch call the US Senate back into session and pass the #HEROESActNOW #FamiliesFirst #EssentialWorkers... https://t.co/XmR22sdmxS,doyourjobmitch call senate back session pas heroesactnow familiesfirst essentialworkers,0.0532,0.6413,0.3055,Neutral,0.2523,0.6413,0.3358
t00776,2020-08-14 05:01:25,2020-08-14,5,Friday,GlobalPunjabTV,,Twitter website,Twitter Web App,666,False,"['CoronaVirusUpdates', 'IndiaFightsCorona', '24Lakh']",With over 64K new cases COVID-19 tally in India cross 24 Lakh-mark #CoronaVirusUpdates #IndiaFightsCorona #24Lakh... https://t.co/M8BnzIXQ19,new case tally india cross coronavirusupdates indiafightscorona,0.4318,0.5168,0.0514,Neutral,-0.3804,0.5168,0.085
t00777,2020-08-14 05:03:45,2020-08-14,5,Friday,"Mark K. Chee, Ph.D.",United States,Twitter website,Twitter Web App,108,False,"['Sweden', 'COVID19', 'pandemic']",https://t.co/R0c6J0IhER Examining the case of #Sweden during the #COVID19 #pandemic.,examining case sweden pandemic,0.1398,0.8351,0.0251,Neutral,-0.1147,0.8351,0.6953
t00778,2020-08-14 05:09:14,2020-08-14,5,Friday,Dotcat,,Twitter website,Twitter Web App,257,False,['Covid19'],#Covid19 is a lab modified virus based on some bat coronavirus called ZC45 and ZXC21 which discovered and owned by... https://t.co/ypsj5iIlgG,lab modified virus based bat called discovered owned,0.3709,0.6121,0.0171,Neutral,-0.3538,0.6121,0.2412
t00779,2020-08-14 05:20:41,2020-08-14,5,Friday,ᴜᴅᴀʏᴀɴᴛ ᴛᴏʙʏ ᴍᴀʟʜᴏᴜᴛʀᴀ 🇮🇳,,Phone or tablet app,Twitter for Android,967,False,,Yet another study has established that BCG (Bacille Calmette-Guerin) vaccine increases the ability of the immune sy... https://t.co/XZHzG0DFw8,yet another study established bcg bacille vaccine increase ability immune,0.0058,0.4773,0.5168,Positive,0.511,0.5168,0.0395
t00780,2020-08-14 05:30:51,2020-08-14,5,Friday,Freddy Krueger,,Phone or tablet app,Twitter for Android,23,False,"['California', 'gavinnewsom', 'newsom', 'COVID19']","California coronavirus case count tops 600,000 #California #gavinnewsom #newsom #COVID19... https://t.co/I5VtoSytrw",california case count top california gavinnewsom newsom,0.1672,0.7852,0.0476,Neutral,-0.1196,0.7852,0.618
t00781,2020-08-14 05:34:47,2020-08-14,5,Friday,Mosesmagolego,South Africa,Phone or tablet app,Twitter for Android,14,False,,@EricanSA WORLD OF IMAGINATIONS: Nations must encourage citizens to open bank accounts &amp; avoid walking around with... https://t.co/pBlwPSCt5F,world imagination nation must encourage citizen open bank account avoid walking around,0.0513,0.8706,0.0781,Neutral,0.0268,0.8706,0.7926
t00782,2020-08-14 06:08:01,2020-08-14,6,Friday,Dr. Thomas Wilckens,,Scheduling tool,Buffer,3627,False,['coronavirus'],"... shortcomings of currently available testing #coronavirus. What if, ALLl conventional tests (PCR &amp; Antib... https://t.co/CA63fz0C4K",shortcoming currently available testing alll conventional test pcr antib,0.4164,0.561,0.0226,Neutral,-0.3938,0.561,0.1445
t00783,2020-08-14 06:20:47,2020-08-14,6,Friday,Coronavirus Updates Korea,,Twitter website,Twitter Web App,747,False,"['covid19korea', 'coronavirus', 'corona', 'covid19']","(14/14) +103 confirmed cases nationwide over past 24 hours (14,873 total). #covid19korea #coronavirus #corona #covid19",confirmed case nationwide past hour total corona,0.2102,0.7492,0.0406,Neutral,-0.1696,0.7492,0.5391
t00784,2020-08-14 06:21:23,2020-08-14,6,Friday,Rajesh Mohan🌈--PPE for FRONTLINE--,,Twitter website,Twitter Web App,9267,False,['COVID19'],On the low recruitment of racial &amp; ethnic minorities into #COVID19 vaccine trials Trust is a problem. With researc... https://t.co/QbGJyQfF3v,low recruitment racial ethnic minority vaccine trial trust problem researc,0.7227,0.2678,0.0095,Negative,-0.7132,0.7227,0.4549
t00785,2020-08-14 06:39:26,2020-08-14,6,Friday,IL CATTIVO,,Twitter website,Twitter Web App,889,False,"['COVID19', 'NewNormal', 'DnaNudge', 'HealthPassport', 'CovidPassTech', 'COVAX']",#COVID19 🔸 SUPER THREAD #NewNormal #DnaNudge #HealthPassport #CovidPassTech #COVAX https://t.co/4WDjEi7rju,super thread newnormal dnanudge healthpassport covidpasstech covax,0.0703,0.8723,0.0574,Neutral,-0.0129,0.8723,0.802
t00786,2020-08-14 06:57:43,2020-08-14,6,Friday,Marc Lewis,South Africa,TweetDeck,TweetDeck,12450,False,,"ICYMI [WATCH] Duane Vermeulen speaks to @Newzroom405 about the @BlueBullsRugby, @VodacomRugga and the impact... https://t.co/hjczfx0Ivi",icymi watch duane vermeulen speaks impact,0.005,0.9295,0.0654,Neutral,0.0604,0.9295,0.8641
t00787,2020-08-14 07:00:00,2020-08-14,7,Friday,Bridge Kenya,Kenya,TweetDeck,TweetDeck,1845,False,['FeelGoodFriday'],"It's a #FeelGoodFriday How are you staying safe at home? Handwashing, social distancing and wearing a mask are the... https://t.co/ag4LT6ltOl",feelgoodfriday staying safe home handwashing social distancing wearing mask,0.0063,0.1897,0.804,Positive,0.7977,0.804,0.6143
t00788,2020-08-14 07:00:00,2020-08-14,7,Friday,Medical Detection Dogs,United Kingdom,TweetDeck,TweetDeck,30649,False,['COVID19'],Belle has joined our #COVID19 project and started learning the system so she's ready to work on samples when they a... https://t.co/qCqjxxHhAB,belle joined project started learning system ready work sample,0.0059,0.6128,0.3814,Neutral,0.3755,0.6128,0.2314
t00789,2020-08-14 07:00:36,2020-08-14,7,Friday,The Guardian Nigeria,Nigeria,Scheduling tool,Echobox,1815126,True,,Practice social distancing when picking up a copy of The Guardian at your local newsstand to read the... https://t.co/wgCTrkgQQI,practice social distancing picking copy guardian local newsstand read,0.0146,0.9183,0.0671,Neutral,0.0525,0.9183,0.8512
t00790,2020-08-14 07:01:33,2020-08-14,7,Friday,TTEClife,Global / unstated,Scheduling tool,Falcon Social Media Management,5848,False,['COVID19'],"How do you get the Most out of Distributed Workforces beyond the #COVID19 pandemic? Check out NeilRussell-Smith, He... https://t.co/lMTfDaB4pi",get distributed workforce beyond pandemic check,0.0247,0.8808,0.0945,Neutral,0.0698,0.8808,0.7863
t00791,2020-08-14 07:04:39,2020-08-14,7,Friday,MICROWAVE MEALZ,,Twitter website,Twitter Web App,3,False,['COVID19'],#COVID19 0.5 COVID DEATHIS PER 1000 1 COVID DEATH PER 2000 PEOPLE IN USA DEATH RATE IN USA PER 1000 IS ABOUT 8.8 FO... https://t.co/G5tjaw1tCy,deathis per death per people usa death rate usa per,0.5492,0.4345,0.0162,Negative,-0.533,0.5492,0.1147
t00792,2020-08-14 07:06:23,2020-08-14,7,Friday,Career Building,Australia,Twitter website,Twitter Web App,54,False,,"To all who now work from home, give yourselves a pat on the back. You are doing an amazing job! 👏 Have a great wee... https://t.co/C6EiQXdKt7",work home give pat back amazing job great wee,0.004,0.0125,0.9835,Positive,0.9795,0.9835,0.971
t00793,2020-08-14 07:09:30,2020-08-14,7,Friday,Canada in Indonesia,,Twitter website,Twitter Web App,3659,True,,Youth are agents of change to build a better future for their communities. 🇨🇦 is proud to support the work of... https://t.co/AKRF1z2NU8,youth agent change build better future community proud support work,0.0032,0.0558,0.941,Positive,0.9378,0.941,0.8852
t00794,2020-08-14 07:15:00,2020-08-14,7,Friday,ABS-CBN News,Philippines,TweetDeck,TweetDeck,7040038,True,['COVID19'],DOH: Safeguards in place for time-based tagging of #COVID19 recoveries https://t.co/HfJZdwf0ww,doh safeguard place tagging recovery,0.0337,0.9168,0.0496,Neutral,0.0159,0.9168,0.8672
t00795,2020-08-14 07:15:04,2020-08-14,7,Friday,Chartered College of Teaching,United Kingdom,Scheduling tool,Hootsuite Inc,43620,False,"['COVID19', 'FutureOfTeaching']",Our #COVID19 report looked into the role of assessment in the #FutureOfTeaching. Find out more about what our mem... https://t.co/BeOKjJgkSE,report looked role assessment futureofteaching find mem,0.0434,0.8922,0.0644,Neutral,0.021,0.8922,0.8278
t00796,2020-08-14 07:22:06,2020-08-14,7,Friday,I H,,Phone or tablet app,Twitter for iPhone,1,False,,There’s no reason for @realDonaldTrump to fuel @USPS to handle the voting since it was local leaders like... https://t.co/w7hwRCiZ35,reason fuel handle voting since local leader like,0.6041,0.385,0.0109,Negative,-0.5932,0.6041,0.2191
t00797,2020-08-16 02:00:11,2020-08-16,2,Sunday,CovidUpdate,,Other or custom app,eupdater,118,False,,"🦠 Follow @CovidUpdateEU : Update around the World 🌍 🚑 Total cases: 21,601,847 (9248 since last update) Cases close... https://t.co/mIRV2B4Mff",follow update around world total case since last update case close,0.0127,0.9427,0.0446,Neutral,0.0319,0.9427,0.8981
t00798,2020-08-16 02:00:49,2020-08-16,2,Sunday,Jim Henson,United States,TweetDeck,TweetDeck,6200,False,,77% of Texans said they thought it was unsafe to go to go to a bar or club in the @TxPolProject Poll. More data po... https://t.co/p0CD7nIL0p,texan said thought unsafe bar club poll data,0.3384,0.6414,0.0202,Neutral,-0.3182,0.6414,0.303
t00799,2020-08-16 02:05:04,2020-08-16,2,Sunday,Jesse Miller,Canada,Phone or tablet app,Twitter for iPhone,5881,False,"['Kony2012', 'COVID19']",Based on my week I’m starting to believe that young people cared more about #Kony2012 than they do about #COVID19,based week starting believe young people cared,0.3399,0.6101,0.0501,Neutral,-0.2898,0.6101,0.2702
t00800,2020-08-16 03:15:42,2020-08-16,3,Sunday,Paulus.Ralimo,,Phone or tablet app,Twitter for Android,173,False,,@KNaomi_N Can we start Praying for each other 🙏. People are dying out there and mentally It’s affecting some of us... https://t.co/TGHXDUpNe5,start praying people dying mentally affecting,0.405,0.513,0.082,Neutral,-0.323,0.513,0.1081
t00801,2020-08-16 03:16:38,2020-08-16,3,Sunday,Jeff Miller 🇺🇸,United States,Phone or tablet app,Twitter for Android,825,False,,"Haha blunt, straightforward, and true. Will be good to have this candor and clear-mindedness in the Senate. Love Lu... https://t.co/IFx6AgVVx8",haha blunt straightforward true good candor senate love,0.0058,0.0421,0.952,Positive,0.9462,0.952,0.9099
t00802,2020-08-16 03:25:42,2020-08-16,3,Sunday,Cathy Harris Norman,,Twitter website,Twitter Web App,891,False,['COVID19'],"Maybe an odd thing but the World being in the midsts of this egregious pandemic #COVID19, I am starting to feel hop... https://t.co/7Y02VdOKva",maybe odd thing world midst egregious pandemic starting feel hop,0.6093,0.3569,0.0338,Negative,-0.5755,0.6093,0.2524
t00803,2020-08-16 03:30:34,2020-08-16,3,Sunday,Rick Ramirez,United States,Phone or tablet app,Twitter for iPhone,91,False,,"1/ Please retweet to share AMAZING LINEUP Aug 17th! Featuring international experts @SunetraGupta , @DrDavidKatz... https://t.co/OGrcbmm2MI",please retweet share amazing lineup aug featuring international expert,0.0015,0.0156,0.9828,Positive,0.9813,0.9828,0.9672
t00804,2020-08-16 03:33:36,2020-08-16,3,Sunday,Voice of Xiamen,,Twitter website,Twitter Web App,1188,False,"['Xiamen', 'COVID19']","#Xiamen reports one new imported #COVID19 case on Saturday, said the Xiamen Municipal Health Commission on Sunday m... https://t.co/eOuAoZt06I",xiamen report one new imported case saturday said xiamen municipal health commission sunday,0.2516,0.7334,0.015,Neutral,-0.2366,0.7334,0.4819
t00805,2020-08-16 03:44:18,2020-08-16,3,Sunday,Jimmyjawbreakr,,Phone or tablet app,Twitter for Android,5,False,['Covid19'],"@NBCNews ""It is what it is""...right @realDonaldTrump ? #Covid19",right,0.3327,0.6408,0.0265,Neutral,-0.3062,0.6408,0.3081
t00806,2020-08-16 03:58:07,2020-08-16,3,Sunday,Carrie Cahill Mulligan,,Phone or tablet app,Twitter for iPhone,2124,False,"['coronavirus', 'COVID19']","With today’s 17 new #coronavirus cases, there have now been 6,980 cases of #COVID19 in New Hampshire to date:... https://t.co/Q7ngEAMS4z",today new case case new hampshire date,0.3204,0.6488,0.0308,Neutral,-0.2896,0.6488,0.3284
t00807,2020-08-16 04:02:07,2020-08-16,4,Sunday,"Hansa Bhargava, MD",United States,Phone or tablet app,Twitter for iPhone,2784,False,,"Yet another stressor for parents as rates of stress, anxiety rise - the childcare burden. We’ve got to find solutio... https://t.co/y6rUZUfBTM",yet another stressor parent rate stress anxiety rise childcare burden got find solutio,0.6148,0.3564,0.0288,Negative,-0.586,0.6148,0.2584
t00808,2020-08-16 04:03:00,2020-08-16,4,Sunday,ANI,India,Twitter website,Twitter Web App,4648219,True,['COVID19'],"Spike of 63,489 cases and 944 deaths reported in India, in the last 24 hours. The #COVID19 tally in the country ri... https://t.co/iny9CASf01",spike case death reported india last hour tally country,0.5797,0.4054,0.015,Negative,-0.5647,0.5797,0.1743
t00809,2020-08-16 04:22:49,2020-08-16,4,Sunday,Arun Mahesh Babu,,Twitter website,Twitter Web App,6308,False,"['AhmedabadFightsCorona', 'Mask', 'COVID19', 'Sundayvibes']",Share the trail but practice safe Social distancing on it! #AhmedabadFightsCorona #Mask #COVID19 #Sundayvibes https://t.co/wQMTOrGQfd,share trail practice safe social distancing ahmedabadfightscorona mask sundayvibes,0.1091,0.7375,0.1534,Neutral,0.0443,0.7375,0.5841
t00810,2020-08-16 04:59:37,2020-08-16,4,Sunday,Strain Asylum,Global / unstated,Twitter website,Twitter Web App,1830,False,,@ASlavitt @NathanGrubaugh @awyllie13 @VogelsChantal @robbysikka Thank you all for working on this oh-so-promising b... https://t.co/WGElF5ianc,thank working,0.0023,0.014,0.9837,Positive,0.9814,0.9837,0.9698
t00811,2020-08-16 05:15:20,2020-08-16,5,Sunday,Exposing ICBC,,Twitter website,Twitter Web App,319,False,,"Get ready for increased premiums... again. This is a smoke screen so when rates ""drop by 20%"" in May 2021, it feels... https://t.co/lkvI5KB6aE",get ready increased premium smoke screen rate drop may feel,0.6288,0.3474,0.0237,Negative,-0.6051,0.6288,0.2814
t00812,2020-08-16 05:38:07,2020-08-16,5,Sunday,Muscat Daily,,Phone or tablet app,Twitter for iPhone,22665,False,['COVID19'],How does contact tracing work? #COVID19 Source: WHO https://t.co/9S77TYSZlQ,contact tracing work source,0.0752,0.9004,0.0244,Neutral,-0.0508,0.9004,0.8251
t00813,2020-08-16 05:41:03,2020-08-16,5,Sunday,Covid-19 Bot,,Bot or auto-feed,Covid-19 Bot,38,False,,"Cases: 21,460,392 (+693) Deaths: 771,074 (+11) Recovered: 13,447,588 (+1,746) Active Cases: 8,012,804 (37.34%) C... https://t.co/i6rrMVPUmZ",case death recovered active case,0.2726,0.7085,0.019,Neutral,-0.2536,0.7085,0.4359
t00814,2020-08-16 06:15:38,2020-08-16,6,Sunday,HMF_UK 🏴󠁧󠁢󠁳󠁣󠁴󠁿🏴󠁧󠁢󠁷󠁬󠁳󠁿🏴󠁧󠁢󠁥󠁮󠁧󠁿,United Kingdom,Phone or tablet app,Twitter for Android,2020,False,"['Hypocrisy', 'BBCBreakfast', 'COVID19']",Nail hit on head. #Hypocrisy #BBCBreakfast #COVID19 https://t.co/DC3nIsjdBR,nail hit head hypocrisy bbcbreakfast,0.8473,0.1398,0.0129,Negative,-0.8344,0.8473,0.7075
t00815,2020-08-16 06:43:44,2020-08-16,6,Sunday,Kshitij Chandiok,India,Cross-posted,Instagram,134,False,"['JaiHind', 'IndependenceDay', 'India', 'Bharat', 'TriColour', 'Bicycle', 'Cycle', 'Cycling']",Independence Day ride with the boys! #JaiHind #IndependenceDay #India #Bharat #TriColour #Bicycle #Cycle #Cycling... https://t.co/t2DKRWZTUO,independence day ride boy jaihind independenceday india bharat tricolour bicycle cycle cycling,0.0029,0.1662,0.8309,Positive,0.828,0.8309,0.6647
t00816,2020-08-16 06:59:05,2020-08-16,6,Sunday,Shahwaiz,Pakistan,Phone or tablet app,Twitter for Android,56,False,['UNESCO'],This picture was uploaded yesterday by #UNESCO. Notice eyes n expression of Muslim women shown in the picture.... https://t.co/wV3q9tVRZw,picture uploaded yesterday unesco notice eye expression muslim woman shown picture,0.0103,0.9125,0.0772,Neutral,0.0669,0.9125,0.8353
t00817,2020-08-16 07:00:20,2020-08-16,7,Sunday,Abhi.Ban,India,Twitter website,Twitter Web App,11,False,"['Unemployment', 'COVID19']",#Unemployment let's talk about the unemployment rate in India right now it is the highest in the time of #COVID19 a... https://t.co/nm1SrfbYOa,unemployment let talk unemployment rate india right highest time,0.5091,0.4556,0.0354,Negative,-0.4737,0.5091,0.0535
t00818,2020-08-16 07:05:03,2020-08-16,7,Sunday,Sefton Council,,Scheduling tool,Hootsuite Inc,21529,True,['COVID19'],"Sefton's two walk-through #COVID19 sites, opposite Bootle Town Hall and at Southport Town Hall, are open 8am to 8pm... https://t.co/9tTnX9U2u7",sefton two site opposite bootle town hall southport town hall open,0.0097,0.9206,0.0697,Neutral,0.06,0.9206,0.8509
t00819,2020-08-16 07:15:42,2020-08-16,7,Sunday,Aimee Bisset,,Twitter website,Twitter Web App,899,False,"['hero', '4Humanity', 'COVID19']","WANTED: Modern day #hero for #4Humanity campaign, this campaign is for the 3rd phase of #COVID19 vaccine from UA... https://t.co/dRCC5jIlXh",wanted modern day hero campaign campaign phase vaccine,0.0171,0.7709,0.212,Neutral,0.1949,0.7709,0.5589
t00820,2020-08-16 07:24:24,2020-08-16,7,Sunday,Dazzler,United Kingdom,Phone or tablet app,Twitter for iPhone,13,False,['COVID19'],Hmmmm.... There might be a second wave. Let’s decommission the Nightingale hospitals. 🤔🤔🤔 @BorisJohnson #COVID19,hmmmm might second wave let decommission nightingale hospital,0.3833,0.5967,0.0201,Neutral,-0.3632,0.5967,0.2134
t00821,2020-08-16 07:28:37,2020-08-16,7,Sunday,Alexandra Lyyli Ankrah,,Twitter website,Twitter Web App,1508,False,['Sikh'],We will remember. The contribution of #Sikh peoples a tradition of bravery and sacrifice which continues today acro... https://t.co/cJ1hjPrgCp,remember contribution sikh people tradition bravery sacrifice continues today acro,0.0099,0.2439,0.7462,Positive,0.7363,0.7462,0.5023
t00822,2020-08-16 08:00:01,2020-08-16,8,Sunday,TheMorningStandard,India,Scheduling tool,Buffer,818,True,"['Delhi', 'COVID19']","#Delhi recorded 1,118 fresh #COVID19 cases and 26 deaths due to the virus in the last 24 hours, taking its total... https://t.co/JrGt0X5v20",delhi recorded fresh case death due virus last hour taking total,0.5895,0.3936,0.0168,Negative,-0.5727,0.5895,0.1959
t00823,2020-08-16 08:10:19,2020-08-16,8,Sunday,Rich Daddy,United States,Phone or tablet app,Twitter for iPhone,105,False,['COVID19'],#COVID19 has got me like https://t.co/FBaSjc5Qd9,got like,0.8613,0.1246,0.0141,Negative,-0.8472,0.8613,0.7367
t00824,2020-08-16 08:10:59,2020-08-16,8,Sunday,Nine News Queensland,Australia,Scheduling tool,Grabyo,135513,True,['Covid19'],"A #Covid19 vaccine could be on the horizon, with the Health Minister revealing he's now optimistic a breakthrough i... https://t.co/C02lRcbEjn",vaccine could horizon health minister revealing optimistic breakthrough,0.0055,0.2784,0.7161,Positive,0.7106,0.7161,0.4377
t00825,2020-08-16 08:29:47,2020-08-16,8,Sunday,The Ken,India,TweetDeck,TweetDeck,30025,True,,.@sumanthr's second story of the week explored what Practo’s new $32M funding round means for it. The healthtech co... https://t.co/5u7REScQno,second story week explored practo new funding round mean healthtech,0.0044,0.8089,0.1867,Neutral,0.1823,0.8089,0.6221
t00826,2020-08-16 08:47:00,2020-08-16,8,Sunday,洋介チェルノブイリ,,Twitter website,Twitter Web App,1091,False,,@clareappleyard hi I did write about Japanese fine system. I appreciate you if you read or spread your friend thank... https://t.co/D3f0Z8tFA6,write japanese fine system appreciate read spread friend thank,0.0039,0.0922,0.9039,Positive,0.9,0.9039,0.8117
t00827,2020-08-16 08:49:29,2020-08-16,8,Sunday,Antoine Neuraz,,Phone or tablet app,Tweetbot for iOS,23,False,"['NLP', 'EHR', 'COVID19']",How #NLP can help amplifying signals in #EHR. Example with an emergent disease like #COVID19 published in @jmirpub... https://t.co/rz9chPRND9,nlp help amplifying signal ehr example emergent disease like published,0.0108,0.7203,0.2689,Neutral,0.2581,0.7203,0.4514
t00828,2020-08-16 08:49:53,2020-08-16,8,Sunday,TacoFaceFreedom,India,Phone or tablet app,Twitter for iPhone,17,False,,@moayush should be embarrassed today and should be dissolved. AYUSH Minister Shripad Naik spreads miss informatio... https://t.co/odZokEW0Xp,embarrassed today dissolved ayush minister shripad naik spread miss informatio,0.907,0.0884,0.0046,Negative,-0.9024,0.907,0.8185
t00829,2020-08-16 08:52:11,2020-08-16,8,Sunday,JayEnAar,,Twitter website,Twitter Web App,4456,False,"['Covid19', 'Pandemic', 'lockdown', 'India']","Yes, it was #Covid19 #Pandemic and the #lockdown that did it for the economy, but #India should be in no doubt that... https://t.co/Z872VSQmwE",yes pandemic lockdown economy india doubt,0.3755,0.5567,0.0678,Neutral,-0.3077,0.5567,0.1813
t00830,2020-08-16 08:54:11,2020-08-16,8,Sunday,JandK Headlines,,Phone or tablet app,Twitter for Android,31013,False,"['Kashmir', 'COVID19']",Religious places reopens in #Kashmir after five months of #COVID19 lockdown. Video by @basiitzargar https://t.co/3wMop0UfLV,religious place reopens kashmir five month lockdown video,0.0135,0.8815,0.105,Neutral,0.0915,0.8815,0.7765
t00831,2020-08-16 08:57:08,2020-08-16,8,Sunday,Vi,Australia,Twitter website,Twitter Web App,1293,False,"['COVID19Vic', 'COVID19Aus', 'COVID', 'COVID19', 'Covid19VicData', 'snafu']","So how many deaths is it, @ABCaustralia? #COVID19Vic #COVID19Aus #COVID #COVID19 #Covid19VicData #snafu https://t.co/BTcfkHcdy3",many death snafu,0.4799,0.5047,0.0154,Neutral,-0.4645,0.5047,0.0249
t00832,2020-08-16 08:58:53,2020-08-16,8,Sunday,4ALLSEASONS,United Kingdom,Phone or tablet app,Twitter for iPhone,358,False,,"Hello everyone, we have been making the most of the good weather as it doesn’t ever last in Scotland. We are busy t... https://t.co/EJzKQvkPzE",hello everyone making good weather ever last scotland busy,0.0038,0.0274,0.9688,Positive,0.965,0.9688,0.9413
t00833,2020-08-16 09:00:37,2020-08-16,9,Sunday,Unicef UK,,Scheduling tool,Hootsuite Inc,231770,True,['covid19'],"Amid the #covid19 pandemic, Unicef has supplies more than 84 tons of soap to most vulnerable families including tho... https://t.co/pJS3JnHeOW",amid pandemic unicef supply ton soap vulnerable family including tho,0.3331,0.6166,0.0504,Neutral,-0.2827,0.6166,0.2835
t00834,2020-08-16 09:06:52,2020-08-16,9,Sunday,Malaria No More India,India,Twitter website,Twitter Web App,49,False,,"Monsoon increases the chances of getting malaria. Be prepared beforehand. Use mosquito repellents, coils, and bedne... https://t.co/giIle4yZFO",monsoon increase chance getting malaria prepared beforehand use mosquito repellent coil bedne,0.4507,0.5168,0.0325,Neutral,-0.4182,0.5168,0.0662
t00835,2020-08-16 09:07:10,2020-08-16,9,Sunday,Strayt,United Kingdom,Phone or tablet app,Twitter for iPhone,18,False,"['loser', 'COVID19Vic']",@SkyNewsAust @DanielAndrewsMP Great if martial law is your thing. Good luck with that #loser #COVID19Vic... https://t.co/Vvo5nxI0Ah,great martial law thing good luck loser,0.6296,0.2464,0.124,Negative,-0.5056,0.6296,0.3832
t00836,2020-08-16 09:15:06,2020-08-16,9,Sunday,CYRIL,Ireland,Phone or tablet app,Twitter for Android,36,False,"['Israel', 'SaudiArabia']","@realDonaldTrump What happened was not done by US envoy, Israel #Israel and saudi Arabia #SaudiArabia are doing all... https://t.co/dd89gI7beG",happened done envoy israel israel saudi arabia saudiarabia,0.464,0.5162,0.0198,Neutral,-0.4442,0.5162,0.0522
t00837,2020-08-17 03:07:23,2020-08-17,3,Monday,MichaelLowe,,Twitter website,Twitter Web App,442,False,,@lauferlaw @trish_regan the few billion the USPS needs is a drop in the bucket compared to @realDonaldTrump's tax c... https://t.co/PosJUD5UeJ,billion usps need drop bucket compared tax,0.5099,0.4561,0.034,Negative,-0.4759,0.5099,0.0538
t00838,2020-08-17 03:08:30,2020-08-17,3,Monday,Joyce Honigford,,Phone or tablet app,Twitter for Android,4,False,,@DonaldJTrumpJr my daughter relapsed from leukemia in December 2019. Caught covid-19 in June. Fully recovered using... https://t.co/9p6dxKcjGf,daughter relapsed leukemia december caught june fully recovered using,0.2097,0.7221,0.0683,Neutral,-0.1414,0.7221,0.5124
t00839,2020-08-17 03:11:56,2020-08-17,3,Monday,Kiran Kumar Pabbathi,,Twitter website,Twitter Web App,250,False,"['ArtificialIntelligence', 'SushantSingRajput']",#ArtificialIntelligence #SushantSingRajput project needs serious investigation.Such a brilliant mind's homicide z b... https://t.co/sMcjHr1NYq,artificialintelligence sushantsingrajput project need serious brilliant mind homicide,0.156,0.4743,0.3698,Neutral,0.2138,0.4743,0.1045
t00840,2020-08-17 04:07:10,2020-08-17,4,Monday,Cori 🗽,United States,Twitter website,Twitter Web App,8670,False,,Joe Biden is an absolute coward. He wants to debate Trump on Zoom now. This guy cannot lead our country. He is a... https://t.co/qaa4Q05IoP,joe biden absolute coward want debate trump zoom guy lead country,0.9276,0.0651,0.0072,Negative,-0.9204,0.9276,0.8625
t00841,2020-08-17 04:08:08,2020-08-17,4,Monday,Open Letters,,Bot or auto-feed,Resistbot Open Letters,17407,True,,🖋 Sign “Authorize COVID-19 Rapid Testing” and I’ll deliver a copy to your officials: https://t.co/FyKxuXN0Aw 📨 No.... https://t.co/eSXDyU9pdQ,sign authorize rapid testing deliver copy official,0.0456,0.9189,0.0354,Neutral,-0.0102,0.9189,0.8733
t00842,2020-08-17 04:15:48,2020-08-17,4,Monday,Manickam Tagore MP🇮🇳✋மாணிக்கம் தாகூர்,,Phone or tablet app,Twitter for iPhone,22948,True,,India 🇮🇳 lost 50000 lives . But no one takes responsibility🤔 One day 941 deaths reported in India But no one take... https://t.co/5iLeDUSFKy,india lost life one take one day death reported india one take,0.9002,0.0948,0.005,Negative,-0.8952,0.9002,0.8055
t00843,2020-08-17 04:20:19,2020-08-17,4,Monday,japanism,,Phone or tablet app,Twitter for iPhone,748,False,['Japan'],#Japan PMs aloof tone deaf and now MIA in hospital largely withdrawn from government decision making and question d... https://t.co/VJvLGQRO58,japan pm aloof tone deaf mia hospital largely withdrawn government decision making question,0.7408,0.2511,0.0082,Negative,-0.7326,0.7408,0.4897
t00844,2020-08-17 04:22:53,2020-08-17,4,Monday,luden,United States,Phone or tablet app,Twitter for iPhone,14,False,"['COVID19', 'concerts']",#COVID19 #concerts are nuts! https://t.co/0mqbkYtj9o,concert nut,0.7476,0.2084,0.0439,Negative,-0.7037,0.7476,0.5392
t00845,2020-08-17 04:30:21,2020-08-17,4,Monday,East Asia Forum,,Scheduling tool,Buffer,22054,False,['COVID19'],"Industrial policy the wrong treatment for #COVID19 woes, writes the EAF Editorial Board (@ANUCrawford).... https://t.co/02VWCHOLpD",industrial policy wrong treatment woe writes eaf editorial board,0.7565,0.2346,0.0089,Negative,-0.7476,0.7565,0.5219
t00846,2020-08-17 04:40:13,2020-08-17,4,Monday,Judy Hager 🌊🌊🌊,United States,Twitter website,Twitter Web App,4736,False,,Please read the entire thread. This is what we are opening ourselves up to when we open schools. Teachers want... https://t.co/L4iHsFc8FX,please read entire thread opening open school teacher want,0.0234,0.7286,0.248,Neutral,0.2246,0.7286,0.4805
t00847,2020-08-17 04:45:27,2020-08-17,4,Monday,Mimi #FoundRoksiefied,,Phone or tablet app,Twitter for Android,1443,False,['Rosie_XSpedyweightloss'],Nothing beats the day than a #Rosie_XSpedyweightloss package in your life . It takes care of everything and soothes... https://t.co/kYCE7GuFRG,nothing beat day package life take care everything soothes,0.0031,0.0167,0.9802,Positive,0.9771,0.9802,0.9636
t00848,2020-08-17 04:46:04,2020-08-17,4,Monday,Shubham Jain,India,Phone or tablet app,Twitter for iPhone,3,False,"['corono', 'epidemic']",I strongly feel GOI has now lost whole hope against #corono #epidemic Plz GOI I beg you I am a common citizen of th... https://t.co/yjNxbSubt4,strongly feel goi lost whole hope corono epidemic plz goi beg common citizen,0.8564,0.1301,0.0135,Negative,-0.8429,0.8564,0.7264
t00849,2020-08-17 05:03:06,2020-08-17,5,Monday,NewsVoir,India,Twitter website,Twitter Web App,501,False,"['COVID19', 'realestate']","Despite #COVID19 Disruptions, Ace Group Committed to Timely Delivery of Projects @AceGroupIndia #realestate Read... https://t.co/RYqM3D8ZXO",despite disruption ace group committed timely delivery project realestate read,0.029,0.6573,0.3137,Neutral,0.2847,0.6573,0.3436
t00850,2020-08-17 05:30:47,2020-08-17,5,Monday,contentworks,,Scheduling tool,AgoraPulse Manager,1821,False,,"Today, we're heading down under to take a look at the top 5 companies headquartered in Australia and how they're fa... https://t.co/xA99i9wEzr",today heading take look top company headquartered australia,0.0056,0.8721,0.1222,Neutral,0.1166,0.8721,0.7499
t00851,2020-08-17 05:42:19,2020-08-17,5,Monday,New Straits Times,,TweetDeck,TweetDeck,718075,True,"['NSTworld', 'India', 'coronavirus']","#NSTworld #India's death toll from the #coronavirus surpassed 50,000 on Monday, with more than 900 new fatalities r... https://t.co/yBugQbhkHz",nstworld india death toll surpassed monday new fatality,0.7017,0.284,0.0143,Negative,-0.6874,0.7017,0.4177
t00852,2020-08-17 05:55:40,2020-08-17,5,Monday,Mudhi Mixture,India,Twitter website,Twitter Web App,51,False,"['Odisha', 'COVID19']","#Odisha #COVID19 Report | 16th August 2020 More than 50,000 tests conducted in the last 24 hours with 2244 new cas... https://t.co/MRwb3VXii1",odisha report august test conducted last hour new ca,0.0459,0.9123,0.0418,Neutral,-0.0041,0.9123,0.8665
t00853,2020-08-17 05:57:36,2020-08-17,5,Monday,ANI,India,Twitter website,Twitter Web App,4652880,True,['COVID19'],"2,244 new #COVID19 cases, 1,550 recoveries reported in Odisha on 16th August. Total number of cases stands at 62,29... https://t.co/1XnlVP8yMl",new case recovery reported odisha august total case stand,0.1437,0.8203,0.036,Neutral,-0.1077,0.8203,0.6765
t00854,2020-08-17 06:17:34,2020-08-17,6,Monday,Ablife,United States,Phone or tablet app,Twitter for iPhone,11,False,"['pandemicUSA', 'covid19', 'China']","The smoking gun, funding China, #pandemicUSA #covid19 #China",smoking gun funding china pandemicusa china,0.8275,0.1584,0.0141,Negative,-0.8134,0.8275,0.6691
t00855,2020-08-17 06:37:02,2020-08-17,6,Monday,COVID19 in Asia-Pacific,,Phone or tablet app,Twitter for iPhone,37731,False,,Airlangga University is currently developing in collaboration with several Indonesian institutions “the first... https://t.co/gzWf6b3Ox3,airlangga university currently developing collaboration several indonesian institution first,0.004,0.7959,0.2001,Neutral,0.1961,0.7959,0.5957
t00856,2020-08-17 06:46:26,2020-08-17,6,Monday,Coronavirus Updates,,Bot or auto-feed,COVID19-Updates,502,False,"['coronavirus', 'CoronaVirusUpdate', 'COVID19', 'CoronavirusPandemic']",30 new cases in Hungary [7:46 GMT] #coronavirus #CoronaVirusUpdate #COVID19 #CoronavirusPandemic,new case hungary gmt coronavirusupdate coronaviruspandemic,0.6595,0.3262,0.0143,Negative,-0.6452,0.6595,0.3334
t00857,2020-08-17 06:47:56,2020-08-17,6,Monday,G Plus,,Twitter website,Twitter Web App,28565,True,,"For people suffering from Down Syndrome and Autism, the pandemic, lockdown, etc are far beyond their levels of comp... https://t.co/4WLDYsmQol",people suffering syndrome autism pandemic lockdown etc far beyond level comp,0.7804,0.2042,0.0154,Negative,-0.765,0.7804,0.5763
t00858,2020-08-17 06:52:13,2020-08-17,6,Monday,Steven Nunnery,,Phone or tablet app,Twitter for Android,616,False,"['Walmart', 'producer', 'documentary', 'medical', 'HIPPA', 'MaskUp', 'Security', 'covid19']",#Walmart #producer #documentary #medical #HIPPA #MaskUp #Security #covid19 https://t.co/jJ8OVvoGCn Its hard to... https://t.co/bnvSNxpoX6,walmart producer documentary medical hippa maskup security hard,0.6447,0.3314,0.024,Negative,-0.6207,0.6447,0.3133
t00859,2020-08-17 06:59:49,2020-08-17,6,Monday,Myan Lyca,,Phone or tablet app,Twitter for iPhone,10,False,,"❗️Now is the time that everyone needs to be careful .😣 ❗️According to (17.8.2020), there are (375) confirmed cases... https://t.co/VxMXUt4jXS",time everyone need careful confirmed case,0.4115,0.5624,0.0261,Neutral,-0.3854,0.5624,0.1509
t00860,2020-08-17 07:03:56,2020-08-17,7,Monday,Deccan Herald,India,Twitter website,Twitter Web App,58295,True,['Covid19'],Cruise ship passengers had their temperatures checked and took #Covid19 tests Sunday so they could set sail on what... https://t.co/MZZW9VBXBq,cruise ship passenger temperature checked took test sunday could set sail,0.032,0.928,0.04,Neutral,0.008,0.928,0.888
t00861,2020-08-17 07:06:19,2020-08-17,7,Monday,COVID19 News,Global / unstated,Scheduling tool,ContentStudio.io,85,False,"['CoronaVirusUpdates', 'covid19']","Biden, Harris call for all states to mandate masks after first joint Covid-19 briefing #CoronaVirusUpdates #covid19 https://t.co/MHSlv4HSpR",biden harris call state mandate mask first joint briefing coronavirusupdates,0.0815,0.8528,0.0656,Neutral,-0.0159,0.8528,0.7713
t00862,2020-08-17 07:29:49,2020-08-17,7,Monday,Bolt News,India,Scheduling tool,Blog2Social APP,240,False,,"Divyansh Singh, August 17, 2020, Bangalore SC Dismisses Plea to Postpone NEET, JEE: Exams To Be Held In September.... https://t.co/2LPO2i93Yx",divyansh singh august bangalore dismisses plea postpone neet jee exam held september,0.2118,0.7702,0.018,Neutral,-0.1938,0.7702,0.5584
t00863,2020-08-17 07:38:07,2020-08-17,7,Monday,Phil Nice (I'm with stupid 👉 🇬🇧 🇺🇲 🇧🇷 🇷🇺),United Kingdom,Phone or tablet app,Twitter for Android,6871,False,,Bozo the clown and the corrupt cabal have been fed a truth serum. You have five minutes to ask them one question be... https://t.co/J9XWBZh3hJ,bozo clown corrupt cabal fed truth serum five minute ask one question,0.7792,0.207,0.0138,Negative,-0.7654,0.7792,0.5722
t00864,2020-08-17 07:38:35,2020-08-17,7,Monday,COVID 19 India Updates,,Phone or tablet app,Twitter for Android,1181,False,['COVID19'],"894 new #COVID19 cases, 2,006 recoveries &amp; 10 deaths reported in Telangana on August 16, taking the total number of... https://t.co/7RGpqUAZDv",new case recovery death reported telangana august taking total,0.5317,0.4529,0.0154,Negative,-0.5163,0.5317,0.0788
t00865,2020-08-17 07:50:48,2020-08-17,7,Monday,ABS-CBN News Channel,Philippines,TweetDeck,TweetDeck,5011132,True,['COVID19'],No one can come close': Roque says Duterte in 'perpetual isolation' due to #COVID19 threat https://t.co/XGrc9z9HMt,one come close roque say duterte isolation due threat,0.346,0.6197,0.0343,Neutral,-0.3117,0.6197,0.2736
t00866,2020-08-17 08:00:25,2020-08-17,8,Monday,Alchemy Arts,,Scheduling tool,Buffer,661,False,['COVID19'],Don't forget that we've produced a number of visual aids to help you make sense of the latest #COVID19 information!... https://t.co/IKRVpaPo8S,forget produced visual aid help make sense latest information,0.0046,0.2665,0.7289,Positive,0.7243,0.7289,0.4624
t00867,2020-08-17 08:01:17,2020-08-17,8,Monday,BITC Gender Equality,United Kingdom,Scheduling tool,Hootsuite Inc,8792,False,,"*TODAY 11am* Every child should be supported to achieve in education, leading to a successful working life. In this... https://t.co/Y8pmVJJr8Z",today every child supported achieve education leading successful working life,0.0027,0.0958,0.9016,Positive,0.8989,0.9016,0.8058
t00868,2020-08-17 08:01:20,2020-08-17,8,Monday,Carole Gordon,United Kingdom,Phone or tablet app,Twitter for iPad,1189,False,"['COVID19', 'Oleander']",Only “some” health officials are alarmed at Trump pushing a highly toxic plant as a cure for #COVID19? #Oleander https://t.co/bpya0yrvtU,health official alarmed trump pushing highly toxic plant cure oleander,0.7431,0.2468,0.0101,Negative,-0.733,0.7431,0.4964
t00869,2020-08-17 08:01:54,2020-08-17,8,Monday,@SNCLavalin,Global / unstated,Scheduling tool,Hootsuite Inc,22251,True,"['COVID19', 'construction']",We will soon see the impacts of #COVID19 to our onsite #construction workforce. Read Steve Tubby’s article to learn... https://t.co/OyBanksGo0,soon see impact onsite construction workforce read steve tubby article learn,0.1383,0.8087,0.053,Neutral,-0.0853,0.8087,0.6704
t00870,2020-08-17 08:03:16,2020-08-17,8,Monday,Dinesh Chauhan,India,Phone or tablet app,Twitter for Android,884,False,['Covid19'],"In India death count surpassed 50,000 due to #Covid19 . Who is responsible for this tragedy ? 1) Jwahar Lal Nehru 2... https://t.co/YQqhub9qZm",india death count surpassed due responsible tragedy jwahar lal nehru,0.8475,0.1432,0.0093,Negative,-0.8382,0.8475,0.7043
t00871,2020-08-17 08:05:11,2020-08-17,8,Monday,PDICH1,Nigeria,Phone or tablet app,Twitter for Android,275,False,"['WASH', 'COVID19', 'handwashing']",There is still a huge need of #WASH facilities especially for children in developing countries #COVID19 #handwashing https://t.co/DhrgknqmSP,still huge need wash facility especially child developing country handwashing,0.3294,0.622,0.0486,Neutral,-0.2808,0.622,0.2927
t00872,2020-08-17 08:06:29,2020-08-17,8,Monday,Vicar of Dimbleby 🇪🇺,,Phone or tablet app,Twitter for Android,631,False,['COVID19'],"@CaroleHorsford @Benface1989 @GMB @ProfKarolSikora Do you not know #COVID19 kills and disables for life, whilst tho... https://t.co/qav0i9Jd3z",know kill disables life whilst tho,0.6163,0.3717,0.012,Negative,-0.6043,0.6163,0.2445
t00873,2020-08-17 08:08:53,2020-08-17,8,Monday,Lalitendu Bidyadhar Mohapatra,India,Phone or tablet app,Twitter for Android,1079,True,,Held a press meet at the party office today along with Puri District BJP President Shri Ashrit Pattnaik. We deman... https://t.co/Z8cw9njsnH,held press meet party office today along puri district bjp president shri ashrit pattnaik deman,0.0047,0.9467,0.0486,Neutral,0.0439,0.9467,0.8981
t00874,2020-08-17 08:12:40,2020-08-17,8,Monday,Dr. Satya Prakash Yadav,,Phone or tablet app,Twitter for iPhone,15305,False,"['covid19', 'SARCov2']",#covid19 @VincentRK @EricTopol any good reference or data on #SARCov2 PCR in patients with leukemia particularly... https://t.co/i915AstLoq,good reference data pcr patient leukemia particularly,0.0503,0.9066,0.0432,Neutral,-0.0071,0.9066,0.8563
t00875,2020-08-17 08:13:11,2020-08-17,8,Monday,Race to beat the virus - Vote Blue 2020 ! 🇺🇸,,Twitter website,Twitter Web App,225,False,['COVID19'],@DanCrenshawTX #COVID19 deaths 8/16/20 TX - 107 UK - 5 Germany - 0 France - 1 Spain - 0 Italy - 4 UK/GER/FR/SP To... https://t.co/NYyd2VfEH7,death germany france spain italy,0.2459,0.7403,0.0138,Neutral,-0.2321,0.7403,0.4945
t00876,2020-08-17 08:16:13,2020-08-17,8,Monday,4King.com,,Twitter website,Twitter Web App,335,False,"['COVID19', 'SouthAfrica']",Rhino poaching cases drop sharply amid #COVID19 in #SouthAfrica 👏 Lets keep up the good work! https://t.co/PcHyR1VnX8,rhino poaching case drop sharply amid southafrica let keep good work,0.0133,0.1499,0.8368,Positive,0.8235,0.8368,0.687
t00877,2020-08-18 16:00:26,2020-08-18,16,Tuesday,David Kisamfu,,Other or custom app,@thedextazlab,1840,False,,"COVID-19 Updates (globally) Total cases: 22,121,009 Dead: 778,883 Recovered: 14,854,475 Last updated: August 18... https://t.co/oGrbWFG01i",update globally total case dead recovered last updated august,0.1953,0.7762,0.0285,Neutral,-0.1668,0.7762,0.5808
t00878,2020-08-18 16:00:34,2020-08-18,16,Tuesday,McKinsey Capital Projects & Infrastructure,,Scheduling tool,Sprout Social,2960,False,"['COVID19', 'construction']",The impact of #COVID19 on #construction is stark. But owners and operators that act now to embrace more efficient a... https://t.co/rxbcYqUm41,impact construction stark owner operator act embrace efficient,0.504,0.468,0.028,Negative,-0.476,0.504,0.036
t00879,2020-08-18 16:01:19,2020-08-18,16,Tuesday,Best #domainnames are at BrandsTek.com Shop & Save,,Cross-posted,LinkedIn,548,False,['socialmedia'],New discussion threads Democrat National Convention just posted on https://t.co/EztcaUQJxC Get Real! #socialmedia... https://t.co/b0trLvxQek,new discussion thread democrat national convention posted get real socialmedia,0.0079,0.8708,0.1214,Neutral,0.1135,0.8708,0.7494
t00880,2020-08-18 16:20:05,2020-08-18,16,Tuesday,MaMaH,United States,Phone or tablet app,Twitter for Android,313,False,"['COVIDIOTS', 'COVIDIDIOTS', 'COVID', 'COVID19', 'Corona', 'coronavirus']",Every FL native knows that's a poison! #COVIDIOTS #COVIDIDIOTS #COVID #COVID19 #Corona #coronavirus... https://t.co/ErowtiIycW,every native know poison covidiots covididiots corona,0.9125,0.0764,0.0111,Negative,-0.9014,0.9125,0.8362
t00881,2020-08-18 16:20:34,2020-08-18,16,Tuesday,Margo 👀👂,Canada,Phone or tablet app,Twitter for Android,3219,False,"['wuhanparty', 'Uighurs', 'Xi']",@BBCWorld #wuhanparty bet the party goers are actually #Uighurs #Xi shipped out of concentration camps to act/prete... https://t.co/kLGCw1cqbo,wuhanparty bet party goer actually uighur shipped concentration camp,0.5391,0.4434,0.0176,Negative,-0.5215,0.5391,0.0957
t00882,2020-08-18 16:24:19,2020-08-18,16,Tuesday,FURHAT SUBLA,,Phone or tablet app,Twitter for Android,63,False,"['streets', 'terraces']","Smoking banned on #streets &amp; #terraces where a 2- meter safety distance cannot be guaranteed, Guide to new measur... https://t.co/yogBTOASjA",smoking banned street terrace meter safety distance guaranteed guide new measur,0.6039,0.3843,0.0118,Negative,-0.5921,0.6039,0.2196
t00883,2020-08-18 16:26:08,2020-08-18,16,Tuesday,AVeryFarMan,,Twitter website,Twitter Web App,28,False,,@DanRather It has no bearing on my life. I'm already voting for @TheDemocrats. I don't have time to watch the cheer... https://t.co/sMHKNcnSqP,bearing life already voting time watch cheer,0.5114,0.4238,0.0648,Negative,-0.4466,0.5114,0.0876
t00884,2020-08-18 16:27:25,2020-08-18,16,Tuesday,CBC Ottawa,,TweetDeck,TweetDeck,234732,True,"['COVID19', 'Ottawa']",The 2 newly-reported #COVID19 outbreaks in #Ottawa are at long-term care homes: Residence Saint-Louis and Billingsw... https://t.co/qQ8Jvicyck,outbreak ottawa care home residence billingsw,0.3234,0.6606,0.016,Neutral,-0.3074,0.6606,0.3373
t00885,2020-08-18 16:30:20,2020-08-18,16,Tuesday,Sam Pye,United Kingdom,Phone or tablet app,Twitter for Android,20901,False,"['Germany', 'coronavirus']",Bloomberg: #Germany records the highest number of new #coronavirus cases in nearly four months... https://t.co/FdPOAxNTtD,bloomberg germany record highest new case nearly four month,0.1295,0.7825,0.088,Neutral,-0.0415,0.7825,0.653
t00886,2020-08-18 16:34:21,2020-08-18,16,Tuesday,Mind on 🔥,,Twitter website,Twitter Web App,1464,False,['sharks'],Ya'll thought Sharknado was just a joke? Wait until election month when they come FR! @SharkWeek #sharks... https://t.co/YtTQEwXqny,thought sharknado joke wait election month come shark,0.5988,0.3518,0.0494,Negative,-0.5494,0.5988,0.2469
t00887,2020-08-18 16:36:18,2020-08-18,16,Tuesday,SimpleReason,,Twitter website,Twitter Web App,13,False,,@SaraSmallTV @FOXNashville Of *course* it won't be enough. Brace yourselves for the casualties. The death rate of... https://t.co/yiiZTjMHWj,course enough brace casualty death rate,0.8838,0.1098,0.0064,Negative,-0.8774,0.8838,0.774
t00888,2020-08-18 16:43:53,2020-08-18,16,Tuesday,Cardiovascular Biz,United States,Scheduling tool,Hootsuite Inc,7145,False,"['covid19', 'cardiotwitter', 'cardiology']",ICYMI: Statin use lowers the risk of severe illness from COVID-19 by 30% #covid19 #cardiotwitter #cardiology... https://t.co/5ov4fEYXwY,icymi statin use lower risk severe illness cardiotwitter cardiology,0.0372,0.6965,0.2663,Neutral,0.2291,0.6965,0.4302
t00889,2020-08-18 16:55:19,2020-08-18,16,Tuesday,Canada in Senegal,,Twitter website,Twitter Web App,5786,True,"['StudyinginCanada', 'Immigration']",#StudyinginCanada #Immigration International Students 🎓🎒 Do you have questions about your study permit? Updated in... https://t.co/ZY6fB4mIr0,studyingincanada immigration international student question study permit updated,0.0066,0.9552,0.0381,Neutral,0.0315,0.9552,0.9171
t00890,2020-08-18 17:00:10,2020-08-18,17,Tuesday,ChristMeal.com,Global / unstated,Scheduling tool,Cubi.so,3799,False,"['covid19', 'Ghana', 'BeSafe']",#covid19 #Ghana Update: Don't self medicate! Visit a hospital or call 112 for assistance #BeSafe,ghana update self medicate visit hospital call assistance besafe,0.2583,0.6856,0.0561,Neutral,-0.2022,0.6856,0.4273
t00891,2020-08-18 17:04:57,2020-08-18,17,Tuesday,Urban League of Rochester,United States,Scheduling tool,Buffer,75,False,,"Thank you, @News_8 for featuring our Afterschool Academy and program director Charisma Travis! The Urban League con... https://t.co/HG4T1bwuXB",thank featuring afterschool academy program director charisma travis urban league con,0.0018,0.0292,0.9691,Positive,0.9673,0.9691,0.9399
t00892,2020-08-18 17:05:25,2020-08-18,17,Tuesday,Susan Tran,United States,Phone or tablet app,Twitter for iPhone,14093,True,"['Patriots', 'Gillette']","Asked about #Patriots desire to have 20% capacity of fans at #Gillette, @MassGovernor says he’s had convos w them a... https://t.co/nbH8MbCPJl",asked patriot desire capacity fan gillette say convos,0.0139,0.9506,0.0355,Neutral,0.0216,0.9506,0.9151
t00893,2020-08-18 17:18:59,2020-08-18,17,Tuesday,Donnchadh_Whelan,,Phone or tablet app,Twitter for Android,1,False,"['COVID19', 'GAA']","#COVID19 So my son who plays #GAA has a match on Thursday away. So I'm supposed to drop him, wait in my car, and aw... https://t.co/VafQ2D2enJ",son play gaa match thursday away supposed drop wait car,0.7181,0.2715,0.0104,Negative,-0.7077,0.7181,0.4466
t00894,2020-08-18 17:29:28,2020-08-18,17,Tuesday,Andy Ostroy,United States,Phone or tablet app,Twitter for iPhone,80471,True,"['MyPillow', 'oleandrin']",Favorite @AC360 quote of all time..to #MyPillow’s @realMikeLindell over his dangerous #oleandrin hype: “How do you... https://t.co/wZx2hSbXjw,favorite quote time mypillow dangerous oleandrin hype,0.2667,0.5346,0.1986,Neutral,-0.0681,0.5346,0.2679
t00895,2020-08-18 17:32:42,2020-08-18,17,Tuesday,Apex Ukrainian Girl,,Phone or tablet app,Twitter for Android,2,False,,I dont overly like the mall... I like going once or twice during Christmas time because they decorate and the deal... https://t.co/JhkzJ0SyJx,dont overly like mall like going twice christmas time decorate deal,0.2706,0.5164,0.213,Neutral,-0.0576,0.5164,0.2458
t00896,2020-08-18 17:33:35,2020-08-18,17,Tuesday,Commissioner Dave A. Chokshi,United States,Phone or tablet app,Twitter for iPhone,15529,True,"['GetTestedTuesday', 'COVID19']",NYC: Today is #GetTestedTuesday! Getting tested is critical to controlling the spread of #COVID19. Free testing is... https://t.co/ZgMcNzZ9Tb,nyc today gettestedtuesday getting tested critical controlling spread free testing,0.0069,0.2715,0.7216,Positive,0.7147,0.7216,0.4501
t00897,2020-08-18 17:35:06,2020-08-18,17,Tuesday,Josh Cole,United Kingdom,Cross-posted,Instagram,182,False,"['London', 'August', 'covid_19', 'covid19']",#London #August #covid_19 #covid19 @ Green Park https://t.co/CI78sirier,london august green park,0.2084,0.7562,0.0355,Neutral,-0.1729,0.7562,0.5478
t00898,2020-08-18 17:38:22,2020-08-18,17,Tuesday,Bruce Winder,Canada,Phone or tablet app,Twitter for iPhone,367,False,,Thanks for all your support this summer !! Very thankful to be number 5 in the retail industry on... https://t.co/zAt2nQFgqM,thanks support summer thankful retail industry,0.0022,0.0088,0.989,Positive,0.9868,0.989,0.9802
t00899,2020-08-18 17:41:37,2020-08-18,17,Tuesday,Michelle Antoinette Nelson,United States,Phone or tablet app,Twitter for iPhone,2898,False,,@andersoncooper gave the numbered list of reasons why the My Pillow guy is a soul-less cretin... to 👏🏾his 👏🏾face👏🏾.... https://t.co/PVRCTs9ZQm,gave numbered list reason pillow guy cretin,0.852,0.1323,0.0157,Negative,-0.8363,0.852,0.7197
t00900,2020-08-18 17:43:06,2020-08-18,17,Tuesday,"Chris J. Gonzalez, MD",,Phone or tablet app,Twitter for iPhone,96,False,['CommunityEngagement'],A4: having existing resources actually reach individuals is critical! That’s why #CommunityEngagement is so importa... https://t.co/RpR5vnpXl4,existing resource actually reach individual critical communityengagement importa,0.0108,0.2881,0.7012,Positive,0.6904,0.7012,0.4131
t00901,2020-08-18 17:55:50,2020-08-18,17,Tuesday,Frank Conte,United States,Twitter website,Twitter Web App,715,False,"['EastBoston', 'Covid19']",https://t.co/kz55IHfWmf @adrianmadaro speaks out on #EastBoston #Covid19 rate,speaks eastboston rate,0.0577,0.9184,0.024,Neutral,-0.0337,0.9184,0.8607
t00902,2020-08-18 18:00:01,2020-08-18,18,Tuesday,Achaibo Clinical,,Scheduling tool,Buffer,336,False,,COVID-19: How a new blood test could help speed up vaccine development and population screening... https://t.co/DgNUx6yFx7,new blood test could help speed vaccine development population screening,0.0146,0.8177,0.1677,Neutral,0.1531,0.8177,0.65
t00903,2020-08-18 18:00:06,2020-08-18,18,Tuesday,CIC Cambridge,United States,Scheduling tool,HubSpot,2039,False,"['EnergyConnect', 'energy', 'cleantech']",This week @VentureCafe: Get ready for #EnergyConnect 2020! A day dedicated to innovations in #energy 🔋 #cleantech 🍃... https://t.co/TuQ5fKJhTM,week get ready energyconnect day dedicated innovation energy cleantech,0.0014,0.061,0.9376,Positive,0.9362,0.9376,0.8766
t00904,2020-08-18 18:04:55,2020-08-18,18,Tuesday,Joyce Msuya,Kenya,Phone or tablet app,Twitter for iPhone,18463,True,['COVID19'],"People with mild or no #COVID19 symptoms can be cared for at home with the supervision of a health worker, if adequ... https://t.co/Rfe88jXeUj",people mild symptom cared home supervision health worker adequ,0.0502,0.8679,0.082,Neutral,0.0318,0.8679,0.7859
t00905,2020-08-18 18:11:40,2020-08-18,18,Tuesday,Anna Maino,United Kingdom,Phone or tablet app,Twitter for iPhone,492,False,"['Ophthalmology', 'COVID19', 'resilience']","Putting together ophthalmology, ikigai and rock songs #Ophthalmology #COVID19 #resilience M... https://t.co/1lmReffjDC",putting together ophthalmology ikigai rock song ophthalmology resilience,0.0196,0.8958,0.0846,Neutral,0.065,0.8958,0.8113
t00906,2020-08-18 18:12:41,2020-08-18,18,Tuesday,Vinit Dabade,,Phone or tablet app,Twitter for Android,8,False,"['who', 'heardimunity', 'POSTPONEJEE_NEET', 'PostponeJEE_NEETinSept', 'COVID19']",#who #heardimunity #POSTPONEJEE_NEET #PostponeJEE_NEETinSept #COVID19 Postpond jee neet students life maters https://t.co/x0qUJAQelZ,heardimunity postpond jee neet student life mater,0.3725,0.6012,0.0263,Neutral,-0.3462,0.6012,0.2288
t00907,2020-08-18 18:12:47,2020-08-18,18,Tuesday,FOX 46 Charlotte,United States,Twitter website,Twitter Web App,36602,True,['UPDATE'],"NC COVID-19 #UPDATE: The cumulative number of coronavirus cases in North Carolina is at least 146,779. There have b... https://t.co/sQW7PsD678",update cumulative case north carolina least,0.2751,0.7021,0.0228,Neutral,-0.2523,0.7021,0.4269
t00908,2020-08-18 18:13:34,2020-08-18,18,Tuesday,Innocent Matara,Kenya,Phone or tablet app,Twitter for Android,50069,False,"['SenateDrama', 'COVID19']",Do you think @FredMatiangi and @IG_NPS Mutyambai will obey the Senate Speaker summon tomorrow? #SenateDrama #COVID19 @garvin_mungai,think mutyambai obey senate speaker summon tomorrow senatedrama,0.1282,0.8484,0.0234,Neutral,-0.1048,0.8484,0.7202
t00909,2020-08-18 18:14:12,2020-08-18,18,Tuesday,DON WAVO 🌊🏝,Global / unstated,Phone or tablet app,Twitter for iPhone,196,False,"['NewMusic', 'COVID19', 'TuesdayMotivation']",DON CORLEONE MUSIC VIDEO OUT NOW 🌊🏝🏁 https://t.co/9ahKo93rtg #NewMusic #COVID19 #TuesdayMotivation... https://t.co/rHYVB9xhzv,corleone music video newmusic tuesdaymotivation,0.0079,0.6905,0.3016,Neutral,0.2937,0.6905,0.3889
t00910,2020-08-18 18:15:18,2020-08-18,18,Tuesday,NOW Magazine,Canada,Scheduling tool,Hootsuite Inc,218514,True,['COVID19'],Hospital biostatistician @imgrund breaks down trends he's seeing in Ontario's #COVID19 stats: https://t.co/r2MwmuX3vq,hospital biostatistician break trend seeing ontario stats,0.0165,0.9586,0.0249,Neutral,0.0084,0.9586,0.9337
t00911,2020-08-18 18:15:50,2020-08-18,18,Tuesday,Mark Messinger,United States,TweetDeck,TweetDeck,589,False,['COVID19'],"My insurer, Premera says, if you have to get #COVID19, try to do that within the next month. After Oct 1 it'll get... https://t.co/PyG35REIYe",insurer premera say get try within next month oct get,0.1323,0.7875,0.0801,Neutral,-0.0522,0.7875,0.6552
t00912,2020-08-18 18:17:10,2020-08-18,18,Tuesday,GOPArkansas 🇺🇸,United States,Phone or tablet app,Twitter for iPhone,1167,False,"['Republicans', 'COVID19']","Democrats have blocked efforts by #Republicans to help the Americans during #COVID19. The result, only $1200 per pe... https://t.co/TS1sNOh08o",democrat blocked effort republican help american result per,0.8479,0.1428,0.0094,Negative,-0.8385,0.8479,0.7051
t00913,2020-08-18 18:19:36,2020-08-18,18,Tuesday,Rich Beauchesne,United States,Twitter website,Twitter Web App,3087,False,"['PortsmouthNH', 'COVID19']",In case you missed this. #PortsmouthNH Justin Finn beats #COVID19. Story by @DinanElizabeth @jfinn9411... https://t.co/cktlNm3qcF,case missed portsmouthnh justin finn beat story,0.0056,0.5402,0.4542,Neutral,0.4486,0.5402,0.086
t00914,2020-08-18 18:19:54,2020-08-18,18,Tuesday,Jim Gray,,Phone or tablet app,Twitter for Android,696,False,,Don't use public transport but school bus ok; don't watch sport outdoors but Mass indoors ok; stay home but extend... https://t.co/uKhH6p3BNs,use public transport school bus watch sport outdoors mass indoors stay home extend,0.0799,0.8275,0.0926,Neutral,0.0127,0.8275,0.7349
t00915,2020-08-18 18:22:43,2020-08-18,18,Tuesday,miss❣️outspoken💋💄,,Phone or tablet app,Twitter for iPhone,6,False,"['instagram', 'houston', 'texas', 'dnc', 'BlackTwitter', 'makeup', 'DynamiteVideoTeaser']",Make sure u are following my #instagram ❤️ #houston #texas #dnc #BlackTwitter #makeup #DynamiteVideoTeaser... https://t.co/D5JGsPYQnA,make sure following instagram houston texas dnc blacktwitter makeup dynamitevideoteaser,0.0027,0.368,0.6293,Positive,0.6266,0.6293,0.2613
t00916,2020-08-22 00:18:21,2020-08-22,0,Saturday,Blood Donors India,India,Other or custom app,Blood Donors India,1220398,True,"['Faridabad', 'Blood', 'COVID19']",#Faridabad Need #Blood Type : AB-positive At : QRG Hospital Blood Component : Need Plasma from AB+ve #COVID19 rec... https://t.co/YKNXh0azT1,faridabad need blood type qrg hospital blood component need plasma rec,0.076,0.902,0.0221,Neutral,-0.0539,0.902,0.826
t00917,2020-08-22 00:18:52,2020-08-22,0,Saturday,Dr. Theresa Chapple,United States,Twitter website,Twitter Web App,8006,False,['COVID19'],Pre-planning 2- Think about screening before joining the pod. Will everyone in the pod network take a #COVID19 test... https://t.co/kDu7l8dE5F,think screening joining pod everyone pod network take test,0.0318,0.933,0.0352,Neutral,0.0034,0.933,0.8977
t00918,2020-08-22 00:46:42,2020-08-22,0,Saturday,TheRealPfeiffer 🧢 🐐☂️🍎,United States,Phone or tablet app,Twitter for iPhone,2337,False,['Covid19'],@brookeleawood Not me. If you vote third party it’s like voting for #Covid19. I’d like to be able to go back to see... https://t.co/K2wA2xIvjF,vote third party like voting like able back see,0.6631,0.3144,0.0226,Negative,-0.6405,0.6631,0.3487
t00919,2020-08-22 01:00:00,2020-08-22,1,Saturday,Our Revolution,,TweetDeck,TweetDeck,146803,True,"['DefendDemocracy', 'COVID19']",The only consistent COVID response from Trump has been playing GOLF. #DefendDemocracy #COVID19 https://t.co/iKtrqm7pFz,consistent response trump playing golf defenddemocracy,0.7385,0.2346,0.0269,Negative,-0.7116,0.7385,0.5039
t00920,2020-08-22 01:01:28,2020-08-22,1,Saturday,Ayondae's Collections,,Scheduling tool,LaterMedia,58,False,"['covid19', 'manadatory', 'tanayuhyaad', '6ftapart', 'doyourpart', 'flattenthecurve']",Click the link in our bio to order. #covid19 #manadatory #tanayuhyaad #6ftapart #doyourpart #flattenthecurve... https://t.co/OKNvLBT9bq,click link bio order manadatory tanayuhyaad doyourpart flattenthecurve,0.0443,0.8951,0.0607,Neutral,0.0164,0.8951,0.8344
t00921,2020-08-22 01:08:33,2020-08-22,1,Saturday,Balkingpoints.com,,Twitter website,Twitter Web App,1527,False,"['OH', 'Covid19', 'news']","""tied in #OH"" = nonsense. If DT is in trouble in the Midwest he is in Ohio #Covid19 #news https://t.co/juveHBGqU7",tied nonsense trouble midwest ohio news,0.7572,0.23,0.0128,Negative,-0.7444,0.7572,0.5273
t00922,2020-08-22 01:29:21,2020-08-22,1,Saturday,Center for HDMA,United States,Twitter website,Twitter Web App,246,False,,"In the last month, San Diego County Skilled Nursing Facilities have reported 94 new COVID-19 cases in residents and... https://t.co/5G8uzMKxGj",last month san diego county skilled nursing facility reported new case resident,0.2193,0.7596,0.0211,Neutral,-0.1982,0.7596,0.5403
t00923,2020-08-22 01:29:56,2020-08-22,1,Saturday,Quarantined Desi Stree 😷,,Phone or tablet app,Twitter for Android,327,False,"['Covid19', 'Coronavirus', 'Covid']","WHO hopes COVID-19 pandemic ends within 2 years, says chief Tedros Adhanom Ghebreyesus #Covid19 #Coronavirus #Covid... https://t.co/PetOoHBrzF",hope pandemic end within year say chief tedros adhanom ghebreyesus,0.2324,0.7122,0.0554,Neutral,-0.177,0.7122,0.4798
t00924,2020-08-22 01:43:04,2020-08-22,1,Saturday,PSA - Plato Socrates Aristotle Parler,United States,Phone or tablet app,Twitter for iPhone,11558,False,['COVID19'],If Biden wants to do whatever we can do to save lives why doesn’t he shut down Planned Parenthood? #COVID19,biden want whatever save life shut planned parenthood,0.4966,0.4725,0.0309,Negative,-0.4657,0.4966,0.024
t00925,2020-08-22 02:00:10,2020-08-22,2,Saturday,B4B Corp,United States,Phone or tablet app,Twitter for Android,29,False,['covid19'],To WHO and all those trying to figure out a cure for #covid19 please do the world a favor and use our treatment we... https://t.co/VJ1ye1JNUU,trying figure cure please world favor use treatment,0.2116,0.6388,0.1496,Neutral,-0.062,0.6388,0.4272
t00926,2020-08-22 02:07:11,2020-08-22,2,Saturday,Andrew,United States,Phone or tablet app,Twitter for Android,635,False,['COVID19'],Two months from now we're going to look back on any University that participated in sports during #COVID19 with disgust.,two month going look back university participated sport disgust,0.907,0.0858,0.0072,Negative,-0.8998,0.907,0.8212
t00927,2020-08-22 02:18:00,2020-08-22,2,Saturday,KCMO Health Dept,United States,Twitter website,Twitter Web App,9550,False,['COVID19'],We are seeing many #COVID19 cases come from small gatherings. The virus can be spread by people who do not have... https://t.co/SwU2fe68pn,seeing many case come small gathering virus spread people,0.641,0.3417,0.0172,Negative,-0.6238,0.641,0.2993
t00928,2020-08-22 02:44:42,2020-08-22,2,Saturday,Tony Caldwell,,Twitter website,Twitter Web App,693,False,"['COVID19', 'Ottawa', 'ottnews', 'ottsports']",#COVID19 times at Lansdowne Park in #Ottawa Friday. #ottnews #ottsports https://t.co/Jf6aWfFH8l,time lansdowne park ottawa friday ottnews ottsports,0.0406,0.9415,0.0178,Neutral,-0.0228,0.9415,0.9009
t00929,2020-08-22 02:51:44,2020-08-22,2,Saturday,Michel Plaxton ✏️📺📕💻🎥🚀,Canada,Cross-posted,Instagram,2371,False,"['covid19', 'TTC', 'toronto']","“Mass” transit in the era of #covid19. #TTC #toronto @ Toronto, Ontario https://t.co/BWInyRDUQM",mass transit era ttc toronto toronto ontario,0.096,0.862,0.0419,Neutral,-0.0541,0.862,0.766
t00930,2020-08-22 03:04:25,2020-08-22,3,Saturday,Nextlevltherapy,,Scheduling tool,Social Genie by Brighter Vision,0,False,['COVID19'],Are you trying to find happiness during #COVID19? Learn more about the habits of happy people as detailed by a lif... https://t.co/RyhBwKokgf,trying find happiness learn habit happy people detailed lif,0.0257,0.3718,0.6025,Positive,0.5768,0.6025,0.2308
t00931,2020-08-22 03:59:07,2020-08-22,3,Saturday,Cecilia Chung,,Phone or tablet app,Twitter for iPhone,4726,True,['COVID19'],These 3 symptoms are common in people who have died of #COVID19 https://t.co/u3hCSQUq8S,symptom common people died,0.4884,0.4914,0.0202,Neutral,-0.4682,0.4914,0.003
t00932,2020-08-22 04:07:23,2020-08-22,4,Saturday,Prince de Versailles,United States,Phone or tablet app,Twitter for Android,598,False,"['COVID19', 'CriminalInChief', 'TraitorTrump']",Part 2: @maddow tracks the dangerous &amp; deadly decisions to #COVID19 made by the #CriminalInChief aka #TraitorTrump'... https://t.co/I5b88L7BTp,part track dangerous deadly decision made criminalinchief aka traitortrump,0.7085,0.2777,0.0138,Negative,-0.6947,0.7085,0.4308
t00933,2020-08-22 04:19:06,2020-08-22,4,Saturday,Lee Hiller 💛🐝VeganVVoter💙🔥,,Scheduling tool,Tweet Suite,30924,False,"['facemasks', 'facemasks4all', 'gifts', 'shoppingonline', 'healthandsafety', 'onlineshopping', 'socialdistancing']",🌸✋🌼😷💮👐🌸😷🌼✋💮 #facemasks #facemasks4all #gifts #shoppingonline #healthandsafety #onlineshopping #socialdistancing... https://t.co/gipP9j7eAJ,facemasks gift shoppingonline healthandsafety onlineshopping socialdistancing,0.0801,0.8486,0.0713,Neutral,-0.0088,0.8486,0.7685
t00934,2020-08-22 04:28:03,2020-08-22,4,Saturday,The Logical Indian,India,TweetDeck,TweetDeck,86479,True,,"According to the study, relative humidity of 40 to 60 percent could reduce the spread of viruses and their absorpti... https://t.co/BxUPb8pFSU",according study relative humidity percent could reduce spread virus absorpti,0.0207,0.7771,0.2022,Neutral,0.1815,0.7771,0.575
t00935,2020-08-22 04:39:55,2020-08-22,4,Saturday,Steve Williams,,Phone or tablet app,Twitter for iPhone,498,False,,@brithume @RepAndyBiggsAZ @DavidMuir and @ABCWorldNews pandering and fear mongering is pathetic asking questions Ab... https://t.co/jJRsAypVD9,pandering fear mongering pathetic asking question,0.9252,0.0701,0.0047,Negative,-0.9205,0.9252,0.8551
t00936,2020-08-22 05:00:06,2020-08-22,5,Saturday,Conservative in Utah,,Twitter website,Twitter Web App,42,False,,"Davis County has 3,542 cases, 200 hospitalizations, and 21 deaths. There were 46 new cases which is the highest am... https://t.co/Kl6L8afmGY",davis county case hospitalization death new case highest,0.2849,0.6825,0.0326,Neutral,-0.2523,0.6825,0.3976
t00937,2020-08-22 05:17:00,2020-08-22,5,Saturday,MPPSC ADDA,,Twitter website,Twitter Web App,61,False,,"On this occasion of Ganesh Chaturthi, I wish Lord Ganpati visits your home with bags full of happiness, prosperity,... https://t.co/wZU7b04kc1",occasion ganesh chaturthi wish lord ganpati visit home bag full happiness prosperity,0.0027,0.0386,0.9588,Positive,0.9561,0.9588,0.9202
t00938,2020-08-22 05:56:10,2020-08-22,5,Saturday,Telugu Bullet,,Scheduling tool,Hootsuite Inc,731,False,"['covid19', 'onam']",Subdued start to Onam celebrations in Kerala amid Covid https://t.co/2VtDaj3NOC #covid19 #onam https://t.co/tyUzu7gtFP,subdued start onam celebration kerala amid onam,0.2486,0.7123,0.0391,Neutral,-0.2095,0.7123,0.4637
t00939,2020-08-22 06:01:32,2020-08-22,6,Saturday,Parent Security,,Bot or auto-feed,WordPress.com,103,False,"['covid19', 'kids']","Beshear reports 785 new COVID-19 cases, eight deaths; 97 are kids under 18; wear those masks | #covid19 | #kids | ... https://t.co/qJVBXXYlfc",beshear report new case eight death kid wear mask kid,0.4515,0.5175,0.0309,Neutral,-0.4206,0.5175,0.066
t00940,2020-08-22 07:04:13,2020-08-22,7,Saturday,"Indrit Vucaj, Ph.D.",,Bot or auto-feed,IFTTT,372,False,"['learn4life', 'education', 'COVID19']","Follow latest #learn4life #education advice, tools, and events by iste: When #COVID19 hit and schools closed, stude... https://t.co/UA41wSgEQO",follow latest education advice tool event iste hit school closed stude,0.0264,0.9023,0.0712,Neutral,0.0448,0.9023,0.8311
t00941,2020-08-22 07:14:12,2020-08-22,7,Saturday,AsherSunset,,Twitter website,Twitter Web App,0,False,['COVID19'],#COVID19 is one of my worst nightmare,one worst nightmare,0.9248,0.0639,0.0113,Negative,-0.9135,0.9248,0.8609
t00942,2020-08-22 07:23:36,2020-08-22,7,Saturday,AfrOptimist,,Cross-posted,LinkedIn,1510,False,"['Covid19', 'economic', 'trade']","""The ongoing #Covid19 crisis has ravaged global #economic activity, has severely disrupted #trade and global... https://t.co/qt5eWwAWlz",ongoing crisis ravaged global economic activity severely disrupted trade global,0.8753,0.1174,0.0072,Negative,-0.8681,0.8753,0.7579
t00943,2020-08-22 07:50:29,2020-08-22,7,Saturday,SHEDRACK MWAI KINYALI,,Phone or tablet app,Twitter for Android,13,False,,"@ndataniplots_Ke ""Hepa Landlord Na Ndatani"" ...by owning your own through Ndatani step -by-step housing plan... https://t.co/BrGU3fOSBA",hepa landlord ndatani owning ndatani step housing plan,0.0055,0.907,0.0875,Neutral,0.082,0.907,0.8195
t00944,2020-08-22 08:16:21,2020-08-22,8,Saturday,Shi 💖 #WearAMask #SocialDistancing #StayHealthy💖,,Twitter website,Twitter Web App,32856,False,"['AI', 'COVID19']","#AI model suggests #COVID19 will grow more infectious https://t.co/pHCyoMoZSM TY, @DrIanWeissman &amp; @DrHugue... https://t.co/hFMJ9Vmar1",model suggests grow infectious,0.2208,0.7323,0.0468,Neutral,-0.174,0.7323,0.5115
t00945,2020-08-22 08:18:29,2020-08-22,8,Saturday,MP,,Twitter website,Twitter Web App,83,False,"['WakeUpAmerica', 'WakeUpWorld', 'medicalfascism', 'covid1984', 'COVID19', 'Covid_19', 'covid', 'CrimesAgainstHumanity']",#WakeUpAmerica #WakeUpWorld #medicalfascism #covid1984 #COVID19 #Covid_19 #covid #CrimesAgainstHumanity... https://t.co/ZE3tw6BfEH,wakeupamerica wakeupworld medicalfascism crimesagainsthumanity,0.8858,0.1049,0.0093,Negative,-0.8765,0.8858,0.7809
t00946,2020-08-22 08:20:33,2020-08-22,8,Saturday,Amber Support,United Kingdom,Twitter website,Twitter Web App,8255,False,['MusicMoments'],"For our 105th (!!) #MusicMoments session, Gaby's mum joined in to celebrate; you will be blown away by her piano sk... https://t.co/xCnoL0uPeQ",musicmoments session gaby mum joined celebrate blown away piano,0.0013,0.0207,0.978,Positive,0.9767,0.978,0.9574
t00947,2020-08-22 08:33:02,2020-08-22,8,Saturday,Werindia,United States,Scheduling tool,Buffer,3343,False,"['COVID19', 'Fusion', 'WeRIndia']",Bengal Gov. Orders For Free #COVID19 Treatment In Private Hospitals https://t.co/e6aMQz8QL4 #Fusion #WeRIndia https://t.co/bqXXe1cYCR,bengal gov order free treatment private hospital fusion werindia,0.0457,0.9012,0.0531,Neutral,0.0074,0.9012,0.848
t00948,2020-08-22 08:42:16,2020-08-22,8,Saturday,Rob Ferrer,United Kingdom,Phone or tablet app,Twitter for Android,463,False,['COVID19'],What's the point in the government rules/guidelines on #COVID19? Our local PCSO shared a photo of him chatting to... https://t.co/UXKy7In9Dn,point government local pcso shared photo chatting,0.4404,0.5459,0.0137,Neutral,-0.4267,0.5459,0.1055
t00949,2020-08-22 09:18:56,2020-08-22,9,Saturday,Mel Bartley,,Twitter website,Twitter Web App,5925,False,,Question: how long did it take for native people invaded by Europeans to become resistant to viruses like common co... https://t.co/bBK2NyFd3D,question long take native people invaded european become resistant virus like common,0.1516,0.8235,0.0249,Neutral,-0.1267,0.8235,0.6719
t00950,2020-08-22 09:38:13,2020-08-22,9,Saturday,Prasar Bharati News Services,,TweetDeck,TweetDeck,51708,True,['COVID19'],Ganesh Chaturthi is being celebrated across the country amid #COVID19 pandemic with all precautions. People in Bang... https://t.co/DFyf8oVuvq,ganesh chaturthi celebrated across country amid pandemic precaution people bang,0.0102,0.3,0.6898,Positive,0.6796,0.6898,0.3898
t00951,2020-08-22 09:39:42,2020-08-22,9,Saturday,GlobalPandemic.NET,Global / unstated,Other or custom app,GlobalPandemic.NET,26091,False,,"ALERT: Hospital staff members say they can't get coronavirus tests, are forced to reuse PPE - Global Pandemic News... https://t.co/vxS8rIvlBE",alert hospital staff member say get test forced reuse ppe global pandemic news,0.7786,0.2127,0.0087,Negative,-0.7699,0.7786,0.5659
t00952,2020-08-22 10:08:08,2020-08-22,10,Saturday,brianct,Australia,Twitter website,Twitter Web App,1842,False,,In Spain rally against mandatory imposition such as mandatory masks @Charlotte3003G @robinmonotti @OffGuardian0... https://t.co/Ay3KMIquIz,spain rally mandatory imposition mandatory mask,0.1148,0.8565,0.0287,Neutral,-0.0861,0.8565,0.7417
t00953,2020-08-22 10:16:55,2020-08-22,10,Saturday,White Rabbit,,Phone or tablet app,Twitter for iPhone,0,False,,Chinese military publications from 2015 and 2017 specifically describe Biology as among seven “new domains of warfa... https://t.co/3Zo9HKKX77,chinese military publication specifically describe biology among seven new domain warfa,0.1063,0.8733,0.0204,Neutral,-0.0859,0.8733,0.7669
t00954,2020-08-22 10:28:30,2020-08-22,10,Saturday,Firstpost,India,Twitter website,Twitter Web App,2078381,True,,"A low-cost saliva test that will enable people to collect their own samples with minimal discomfort, without invasi... https://t.co/dgEQ1OGJNk",saliva test enable people collect sample minimal discomfort without invasi,0.0174,0.7123,0.2703,Neutral,0.2529,0.7123,0.4419
t00955,2020-08-22 10:33:59,2020-08-22,10,Saturday,Pachamama has a posse,,Twitter website,Twitter Web App,766,False,,"Now imagine a mediaeval person walking around a modern town. No colour. No singing. Hardly any people, even without... https://t.co/RP8ew2EOMQ",imagine mediaeval person walking around modern town colour singing hardly people even without,0.3041,0.6599,0.036,Neutral,-0.2681,0.6599,0.3558
t00956,2020-08-29 19:45:02,2020-08-29,19,Saturday,DWB-Foundation,Kenya,Twitter website,Twitter Web App,276,False,['COVID19'],"By supporting and caring for each other ❤️ during #COVID19 ,we will all win the fight against the spread of the vir... https://t.co/G9X1juaubV",supporting caring win fight spread vir,0.0147,0.1515,0.8338,Positive,0.8191,0.8338,0.6823
t00957,2020-08-29 19:56:27,2020-08-29,19,Saturday,Vicky Woodcock,,Phone or tablet app,Twitter for Android,9,False,"['PeoplesPMQs', 'maternitypetition', 'ExcludedUK', 'COVID19']",At #PeoplesPMQs @BorisJohnson committed to reading the #maternitypetition. Over 3m #ExcludedUK from #COVID19 suppor... https://t.co/lYLuhp0qF8,peoplespmqs committed reading maternitypetition excludeduk suppor,0.0311,0.8415,0.1274,Neutral,0.0963,0.8415,0.7141
t00958,2020-08-29 20:00:00,2020-08-29,20,Saturday,US Army Fort Benning,United States,Twitter website,Twitter Web App,40481,True,,We remind all Soldiers assigned to Fort Benning that a violation of General Order #5 could result in UCMJ or admini... https://t.co/eQm0YgaFyM,remind soldier assigned fort benning violation general order could result ucmj admini,0.266,0.7146,0.0194,Neutral,-0.2466,0.7146,0.4486
t00959,2020-08-29 20:00:14,2020-08-29,20,Saturday,Miami-Dade County,United States,Scheduling tool,Salesforce - Social Studio,107375,True,,Get tested. Do your part. Save lives. Schedule an appointment at https://t.co/JtaGmsIjQc for free testing sites loc... https://t.co/VbDqB9gxbB,get tested part save life schedule appointment free testing site loc,0.0154,0.65,0.3347,Neutral,0.3193,0.65,0.3153
t00960,2020-08-29 20:02:56,2020-08-29,20,Saturday,Johnson & Johnson Global Health,,Phone or tablet app,Twitter for iPhone,37823,False,"['COVID19', 'PHC']","👏👏 We couldn’t agree more! #COVID19 has exposed the weak spots in our health systems, and when we strengthen #PHC a... https://t.co/1n2RKIcsq3",agree exposed weak spot health system strengthen phc,0.0384,0.1493,0.8123,Positive,0.7739,0.8123,0.6629
t00961,2020-08-29 20:10:43,2020-08-29,20,Saturday,Justin Mullins,,Twitter website,Twitter Web App,54,False,,Hit 112 days in OpenPandemics - Covid19 on World Community Grid this morning. I should hit my 120 day processing ti... https://t.co/iuBG6KRI3C,hit day openpandemics world community grid morning hit day processing,0.0523,0.7619,0.1858,Neutral,0.1335,0.7619,0.5761
t00962,2020-08-29 20:14:49,2020-08-29,20,Saturday,Coronavirus Updates,,Bot or auto-feed,COVID19-Updates,555,False,"['coronavirus', 'CoronaVirusUpdate', 'COVID19', 'CoronavirusPandemic']","1,465 new cases and 12 new deaths in Israel [21:14 GMT] #coronavirus #CoronaVirusUpdate #COVID19 #CoronavirusPandemic",new case new death israel gmt coronavirusupdate coronaviruspandemic,0.7578,0.2303,0.0119,Negative,-0.7459,0.7578,0.5274
t00963,2020-08-29 20:22:45,2020-08-29,20,Saturday,Roham,,Phone or tablet app,Twitter for Android,0,False,['COVID19'],@JoeBiden 100%No because when lots of people death in USA for #COVID19 you can't or it's better to say you shouldn'... https://t.co/ype6guVlEh,lot people death usa better say,0.7644,0.2202,0.0155,Negative,-0.7489,0.7644,0.5442
t00964,2020-08-29 20:23:53,2020-08-29,20,Saturday,Covid-19 Statistic's,,Unknown,,2,False,['COVID19'],"Country: [Benin] 0 confirmed cases of #COVID19 for today Saturday, August 29th 2020, 4:22:42 pm. 2,145 total cases confirmed in Benin!",country benin confirmed case today saturday august total case confirmed benin,0.1118,0.8343,0.0539,Neutral,-0.0579,0.8343,0.7225
t00965,2020-08-29 20:27:13,2020-08-29,20,Saturday,RachelGoodstein,,Phone or tablet app,Twitter for iPhone,438,False,['COVID19'],ICYMI @SpeakerPelosi @SenSchumer @ChuckGrassley @splcenter #COVID19 as terrorist weapon https://t.co/ovHLJMIZB0,icymi terrorist weapon,0.8465,0.1475,0.006,Negative,-0.8405,0.8465,0.699
t00966,2020-08-29 20:34:21,2020-08-29,20,Saturday,Dee Sull,United States,Phone or tablet app,Twitter for iPhone,289,False,,"Yesterday,I was deeply saddened and hurt for my client who passed away untimely from Covid19.We were obtaining lega... https://t.co/oJxoX1ndjl",yesterday deeply saddened hurt client passed away untimely obtaining lega,0.8995,0.0932,0.0073,Negative,-0.8922,0.8995,0.8063
t00967,2020-08-29 20:50:30,2020-08-29,20,Saturday,Tim White,Ireland,Phone or tablet app,Twitter for Android,267,False,['COVID19'],For all those saying that because hospitalisations are down we don't need to be as careful about #COVID19 anymore -... https://t.co/iEYI5N5a6m,saying hospitalisation need careful anymore,0.5143,0.4532,0.0325,Negative,-0.4818,0.5143,0.0611
t00968,2020-08-29 20:55:38,2020-08-29,20,Saturday,"Beth S. Linas, PhD, MHS (she/her)",United States,Phone or tablet app,Twitter for iPhone,10956,True,['COVID19'],This is pretty concerning...what’s behind the #COVID19 test refusal? Can’t the school prevent their attendance if t... https://t.co/8nkQSCenTO,pretty concerning behind test refusal school prevent attendance,0.8539,0.1412,0.0049,Negative,-0.849,0.8539,0.7127
t00969,2020-08-29 21:03:58,2020-08-29,21,Saturday,Gamechangers,United States,Phone or tablet app,Twitter for iPhone,1501,False,['COVID19'],When #COVID19 is over and we can finally be social again 😂 https://t.co/VVqMfmAsBt,finally social,0.0605,0.4226,0.517,Positive,0.4565,0.517,0.0944
t00970,2020-08-29 21:10:02,2020-08-29,21,Saturday,Alameda County Public Health Department,,Scheduling tool,Hootsuite Inc,5115,False,['COVID19'],You know what looks great with any summer look? A face covering that will stop the spread of #COVID19... https://t.co/OSSTElFluV,know look great summer look face covering stop spread,0.0293,0.1859,0.7848,Positive,0.7555,0.7848,0.5989
t00971,2020-08-29 21:11:48,2020-08-29,21,Saturday,CoViD19-ΛFЯICΛ,,Twitter website,Twitter Web App,5158,False,['CoViD19SO'],"SOMALIA 35 new confirmed cases of #CoViD19SO, 2 new deaths, 98 new recoveries Total: - Confirmed cases of... https://t.co/PQzB8naxeW",somalia new confirmed case new death new recovery total confirmed case,0.1423,0.8324,0.0253,Neutral,-0.117,0.8324,0.6901
t00972,2020-08-29 21:31:20,2020-08-29,21,Saturday,Dushyant Vachhani,,Twitter website,Twitter Web App,38,False,"['EarlyVoting', 'NewYork']",@Bardicvoice Do in person #EarlyVoting (able &amp; willing) as it gets counted on Nov-3 EOD. e.g. #NewYork's early voti... https://t.co/6u0WJYM9g1,person earlyvoting able willing get counted eod newyork early voti,0.0103,0.8946,0.0951,Neutral,0.0848,0.8946,0.7995
t00973,2020-08-29 21:33:51,2020-08-29,21,Saturday,EpiTrace© Sentinel Solutions Inc.,Canada,Other or custom app,Hiplay,36,False,"['Children', 'covid19']",#Children with no COVID-19 symptoms may shed virus for weeks https://t.co/oXixcn0xe9 #covid19 https://t.co/4DWkHkX2E1,child symptom may shed virus week,0.552,0.4234,0.0247,Negative,-0.5273,0.552,0.1286
t00974,2020-08-29 21:54:32,2020-08-29,21,Saturday,Monique,,Twitter website,Twitter Web App,1,False,['Covid19'],Tackle those seasonal allergies with essential oils. #Covid19 https://t.co/iRWvf6yst0 https://t.co/ZfL7n5XXt3,tackle seasonal allergy essential oil,0.0929,0.7608,0.1463,Neutral,0.0534,0.7608,0.6145
t00975,2020-08-29 22:13:42,2020-08-29,22,Saturday,"Stephen Beckett, PhD",United States,Twitter website,Twitter Web App,1274,False,,"Today in GA: +2386 cases, +198 hospitalizations, +105 deaths (3rd highest) recorded since yesterdays report.... https://t.co/oS835SD060",today case hospitalization death highest recorded since yesterday report,0.6029,0.3828,0.0143,Negative,-0.5886,0.6029,0.2201
t00976,2020-08-29 22:17:08,2020-08-29,22,Saturday,Rocco Vertuccio,United States,Phone or tablet app,Twitter for iPhone,3240,False,"['COVID19', 'NYC']",⁦@metmuseum⁩ reopens after historic closure By ⁦@APaolicelli17⁩ #COVID19 #NYC https://t.co/HZQZUPzYvW,reopens historic closure nyc,0.1112,0.8655,0.0234,Neutral,-0.0878,0.8655,0.7543
t00977,2020-08-29 22:28:20,2020-08-29,22,Saturday,1VocalGuy,,Twitter website,Twitter Web App,162,False,['COVID19'],"Is anyone else concerned with the mortality rate for #COVID19? Total cases in Canada: 127,614. Total deaths: 9,113.... https://t.co/jbTEZx8neD",anyone else concerned mortality rate total case canada total death,0.6601,0.3288,0.0111,Negative,-0.649,0.6601,0.3313
t00978,2020-08-29 22:35:18,2020-08-29,22,Saturday,Erin Hannah,United Kingdom,Phone or tablet app,Twitter for iPhone,46,False,,Really wish @marksandspencer would bottle up their hand sanitizer they have in stores! Legit the best thing about 😍... https://t.co/qqluzngdpe,really wish would bottle hand sanitizer store legit best thing,0.0093,0.0205,0.9702,Positive,0.9609,0.9702,0.9498
t00979,2020-08-29 22:38:09,2020-08-29,22,Saturday,mabel able🌺HI🇺🇸💖🌄🎤🐦🗻🦞🏝️🎶🖼️🐕📽️🦊🎄🥮,,Twitter website,Twitter Web App,348,False,"['covid19', 'pandemic']","Erh, this #covid19 is a #pandemic Every leader from every nation has casualty in their hands Everyone of then tryi... https://t.co/y1pRkqMmoJ",erh pandemic every leader every nation casualty hand everyone tryi,0.8146,0.1733,0.0122,Negative,-0.8024,0.8146,0.6413
t00980,2020-08-29 22:43:36,2020-08-29,22,Saturday,Coronavirus Updates,,Bot or auto-feed,COVID19-Updates,555,False,"['coronavirus', 'CoronaVirusUpdate', 'COVID19', 'CoronavirusPandemic']",850 new cases and 17 new deaths in Japan [23:43 GMT] #coronavirus #CoronaVirusUpdate #COVID19 #CoronavirusPandemic,new case new death japan gmt coronavirusupdate coronaviruspandemic,0.782,0.2077,0.0103,Negative,-0.7717,0.782,0.5743
t00981,2020-08-29 22:44:54,2020-08-29,22,Saturday,CM Haughey Solicitors,Ireland,Phone or tablet app,Twitter for iPhone,796,False,"['Civilliberties', 'COVID19']",#Civilliberties group concerned at how #COVID19 -19 laws being drawn up via @IrishTimes https://t.co/iqf7E6XXrc,civilliberties group concerned law drawn via,0.6029,0.3885,0.0085,Negative,-0.5944,0.6029,0.2144
t00982,2020-08-29 22:52:45,2020-08-29,22,Saturday,Michele Capobianco,Global / unstated,Twitter website,Twitter Web App,308,False,['politics'],@BallouxFrancois This is the reason why politics do exist... #politics is supposed to find and define the way to ba... https://t.co/A1RcBOwvEF,reason politics exist politics supposed find define way,0.4201,0.5355,0.0444,Neutral,-0.3757,0.5355,0.1154
t00983,2020-08-29 23:00:56,2020-08-29,23,Saturday,💧kimworldwide,,Twitter website,Twitter Web App,2008,False,"['LNP', 'Covid19', 'Justkidding']",#LNP economic credentials pre #Covid19 Clear enough for @insidersabc to mention it? Nah #Justkidding more importa... https://t.co/xVt2oxVo22,lnp economic credential pre clear enough mention nah justkidding importa,0.5782,0.3958,0.026,Negative,-0.5522,0.5782,0.1824
t00984,2020-08-29 23:05:15,2020-08-29,23,Saturday,ActivistBowen,,Twitter website,Twitter Web App,3225,False,"['COVID2019', 'COVID19', 'EDUCATION', 'PBS']","PBS NEWSHOUR WEEKEND (August 30, 2020; 5:29 HKT) #COVID2019 #COVID19 #EDUCATION #PBS",pb newshour weekend august hkt education pb,0.0817,0.89,0.0284,Neutral,-0.0533,0.89,0.8083
t00985,2020-08-29 23:05:48,2020-08-29,23,Saturday,ActivistBowen,,Twitter website,Twitter Web App,3225,False,"['COVID2019', 'COVID19', 'EDUCATION']","students &amp; parents gearing up for an UNFAMILIAR school year (August 30, 2020; 5:29 HKT) #COVID2019 #COVID19 #EDUCATION",student parent gearing unfamiliar school year august hkt education,0.1825,0.7821,0.0354,Neutral,-0.1471,0.7821,0.5996
t00986,2020-08-29 23:09:15,2020-08-29,23,Saturday,covid,,Phone or tablet app,Twitter for iPhone,0,False,"['covidcourse', 'covid']",This infographic is intended to raise awareness towards ending the stigma around Covid-19. #covidcourse #covid-19... https://t.co/9ZDAgV2c4k,infographic intended raise awareness towards ending stigma around covidcourse,0.0447,0.8268,0.1285,Neutral,0.0838,0.8268,0.6983
t00987,2020-08-29 23:12:34,2020-08-29,23,Saturday,Alcohol Awareness,Canada,Twitter website,Twitter Web App,8875,False,['COVID19'],@lisa_proust Yes your body's a temple. keep the spirits out! Including to fight infections and diseases #COVID19,yes body temple keep spirit including fight infection disease,0.2239,0.6119,0.1642,Neutral,-0.0597,0.6119,0.388
t00988,2020-08-29 23:14:56,2020-08-29,23,Saturday,Brady Wakayama,United States,Twitter website,Twitter Web App,653,True,['NewMexico'],"Starting today, #NewMexico diners can eat inside again, more than a month after the state shut down indoor dining s... https://t.co/LEJYXA9fbl",starting today newmexico diner eat inside month state shut indoor dining,0.0053,0.8094,0.1853,Neutral,0.18,0.8094,0.624
t00989,2020-08-29 23:17:34,2020-08-29,23,Saturday,Dushyant Vachhani,,Twitter website,Twitter Web App,38,False,"['VoteEarly', 'Indiana', 'EarlyVoting', 'AbsenteeBallot', 'POTUS', 'DeJoy']",@lisareynaloe #VoteEarly #Indiana's #EarlyVoting via #AbsenteeBallot begins Oct-06 &amp; ends Nov-02. #POTUS #DeJoy tac... https://t.co/hf1n6XKvtg,voteearly indiana earlyvoting via absenteeballot begin end potus dejoy tac,0.0063,0.8548,0.1389,Neutral,0.1326,0.8548,0.7159
t00990,2020-08-29 23:22:44,2020-08-29,23,Saturday,Michelle H 👩🏻🔬🐰❤️️🇨🇦 Masks save lives,,Phone or tablet app,Twitter for iPhone,3577,False,['Covid19MB'],Please cut mask loops! Or ideally use a reusable one as it’s better for the environment. ❤️🌎 #Covid19MB... https://t.co/gZrfiu3Tfv,please cut mask loop ideally use reusable one better environment,0.0257,0.27,0.7043,Positive,0.6786,0.7043,0.4343
t00991,2020-08-29 23:28:06,2020-08-29,23,Saturday,MASK! TEST! Black Lives Matter,,Phone or tablet app,Twitter for Android,2780,False,['insiders'],"#insiders China now more interventionist, assertive, in Australia, in universities. Morrison good on announcements... https://t.co/qWXL9mfkAT",insider china interventionist assertive australia university morrison good announcement,0.0655,0.8209,0.1137,Neutral,0.0482,0.8209,0.7072
t00992,2020-08-29 23:37:30,2020-08-29,23,Saturday,Jörn Erbguth (🚲🐟 stay @🏠),,Twitter website,Twitter Web App,1264,False,['COVID19'],5 months ago it was already reported that #COVID19 can spread many meter through aerosols e.g. through pipes and ve... https://t.co/sC9usjhohR,month ago already reported spread many meter aerosol pipe,0.3359,0.642,0.0221,Neutral,-0.3138,0.642,0.306
t00993,2020-08-29 23:43:47,2020-08-29,23,Saturday,8min 46sec,,TweetDeck,TweetDeck,7040,False,"['covid19', 'CovidAPP', 'auspol', 'Insiders']",#covid19. #CovidAPP Where's Wally by @Cartoon4sale https://t.co/6CufkaPXvL #auspol #Insiders,covidapp wally auspol insider,0.0996,0.8684,0.032,Neutral,-0.0676,0.8684,0.7688
t00994,2020-08-29 23:43:54,2020-08-29,23,Saturday,Radu Manolescu,United States,Twitter website,Twitter Web App,337,False,['COVID19'],@EricTopol Slow down testing (e.g. new CDC guidelines). Take control of #COVID19 data. Push out vaccine before it i... https://t.co/YueKz6GWA6,slow testing new cdc guideline take control data push vaccine,0.5119,0.4707,0.0174,Negative,-0.4945,0.5119,0.0412
t00995,2020-08-30 00:40:02,2020-08-30,0,Sunday,National Law Review,United States,Scheduling tool,Hootsuite Inc,33859,True,,"Given Remote and Hybrid Re-Opening of Schools, When Is a School “Closed” and When Can Employees Take Expanded FMLA?... https://t.co/ds8pZUwJ35",given remote hybrid school school closed employee take expanded fmla,0.0193,0.9527,0.0279,Neutral,0.0086,0.9527,0.9248
t00996,2020-08-30 00:57:11,2020-08-30,0,Sunday,Rachelle Roe Studio,,Phone or tablet app,Twitter for Android,1389,False,['COVID19'],Amen 🙏❤️ #COVID19 https://t.co/7G6H0IxF8z,amen,0.0189,0.148,0.833,Positive,0.8141,0.833,0.685
t00997,2020-08-30 01:12:29,2020-08-30,1,Sunday,crflamesfan,,Phone or tablet app,Twitter for iPad,185,False,"['cdnpoli', 'COVID19']",Why has this become political &amp; MSM driven @jkenney #cdnpoli #COVID19 Hydroxychloroquine uproar shows 'objective sc... https://t.co/UNOukhhlqq,become political msm driven cdnpoli hydroxychloroquine uproar show,0.7477,0.2447,0.0076,Negative,-0.7401,0.7477,0.503
t00998,2020-08-30 01:32:18,2020-08-30,1,Sunday,Let Them Eat Cake,,Twitter website,Twitter Web App,326,False,,OMG! I am crying! I am so so sorry for your horrible loss. I can't imagine your pain. Know that I am praying fo... https://t.co/S20DtTKFKZ,omg cry sorry horrible loss imagine pain know praying,0.8345,0.1257,0.0398,Negative,-0.7947,0.8345,0.7088
t00999,2020-08-30 02:17:03,2020-08-30,2,Sunday,be the change,United States,Phone or tablet app,Twitter for iPad,3691,False,"['COVID19', 'Coronavirus']",Stanislaus County 8/29/20 #COVID19 #Coronavirus Hospital Adult ICU Bed Availability 7.3%🚨 https://t.co/2EvGvAdL7b,stanislaus county hospital adult icu bed availability,0.2031,0.7725,0.0244,Neutral,-0.1787,0.7725,0.5694
t01000,2020-08-30 02:26:43,2020-08-30,2,Sunday,China Xinhua News,,Other or custom app,China Xinhua News,12656343,True,['COVID19'],No new locally-transmitted #COVID19 cases reported Saturday across Chinese mainland https://t.co/O8jrDa8Fzw https://t.co/jJjPnKJUmv,new case reported saturday across chinese mainland,0.1104,0.8521,0.0374,Neutral,-0.073,0.8521,0.7417
t01001,2020-08-30 02:32:53,2020-08-30,2,Sunday,TheKhan,Global / unstated,Phone or tablet app,Twitter for Android,85,False,['COVID19'],#COVID19 side effects https://t.co/446G22YRoC,side effect,0.4831,0.5012,0.0157,Neutral,-0.4674,0.5012,0.0181
t01002,2020-08-30 02:45:40,2020-08-30,2,Sunday,Elisabeth,,Phone or tablet app,Twitter for iPhone,33,False,"['COVID19', 'coronavirus']",Open up America. Let people get back to work and get back their lives. #COVID19 #coronavirus https://t.co/JevsjV3F0a,open america let people get back work get back life,0.2372,0.5973,0.1656,Neutral,-0.0716,0.5973,0.3601
t01003,2020-08-30 02:47:30,2020-08-30,2,Sunday,World Knowledge Forum,,Twitter website,Twitter Web App,1514,False,"['Korea_ASEAN', 'COVID19', 'pandemic', 'coronavirus']","What will #Korea_ASEAN relations be like in the #COVID19 #pandemic? ""The #coronavirus can open a new opportunity t... https://t.co/4n3QeQIhnB",relation like pandemic open new opportunity,0.1577,0.8074,0.0349,Neutral,-0.1228,0.8074,0.6497
t01004,2020-08-30 02:51:37,2020-08-30,2,Sunday,rose lane,,Twitter website,Twitter Web App,493,False,"['Australia', 'health', 'covid19']",Our infection-control response is broken. We need a new model - and fast https://t.co/SHozOabcor #Australia #health #covid19,response broken need new model fast australia health,0.8864,0.104,0.0097,Negative,-0.8767,0.8864,0.7824
t01005,2020-08-30 02:58:37,2020-08-30,2,Sunday,Angel Rivera,United States,Phone or tablet app,Twitter for Android,1662,False,['COVID19'],Really we are still on this #COVID19 nonsense? We are going to get through this just like America gets through ever... https://t.co/e0sYsTu0tH,really still nonsense going get like america get ever,0.8335,0.143,0.0236,Negative,-0.8099,0.8335,0.6905
t01006,2020-08-30 03:13:57,2020-08-30,3,Sunday,Vrsatile (Micah Woods),United States,Phone or tablet app,Twitter for Android,311,False,,"I drank some cherry coke today from Zaxby's, and it instantly reminded me of drinking cherry coke at the movie thea... https://t.co/J3eyHHam9b",drank cherry coke today zaxby instantly reminded drinking cherry coke movie thea,0.0152,0.4452,0.5396,Positive,0.5244,0.5396,0.0943
t01007,2020-08-30 03:17:18,2020-08-30,3,Sunday,solmelu,,Phone or tablet app,Twitter for Android,15,False,"['India', 'Karnataka', 'Udupi', 'keralacm', 'Kerala', 'pinarayivijayan', 'lockdown']","Top 6 must-know, daily bulletins of the day! #India #Karnataka #Udupi #keralacm #Kerala #pinarayivijayan #lockdown... https://t.co/ZjKLeQr3NP",top daily bulletin day india karnataka udupi keralacm kerala pinarayivijayan lockdown,0.0243,0.819,0.1567,Neutral,0.1324,0.819,0.6623
t01008,2020-08-30 03:21:41,2020-08-30,3,Sunday,Lillian Saleh,Australia,Phone or tablet app,Twitter for Android,3886,True,"['KateCeberano', 'COVID19']",This is a lovely read via @cameron_adams #KateCeberano’s ’surprising’ new gig after being forced into #COVID19 lock... https://t.co/7STft8u7pT,lovely read via kateceberano surprising new gig forced lock,0.0052,0.0441,0.9507,Positive,0.9455,0.9507,0.9067
t01009,2020-08-30 03:40:32,2020-08-30,3,Sunday,Paperbirds_Coronavirus,,Scheduling tool,dlvr.it,145,False,"['coronavirus', 'COVID19', '2019ncov']","In the news: Coronavirus in Georgia | Latest updates for Aug. 29, 2020 https://t.co/89VXaNLjQx #coronavirus #COVID19 #2019ncov",news georgia latest update aug,0.4072,0.5715,0.0213,Neutral,-0.3859,0.5715,0.1643
t01010,2020-08-30 03:53:23,2020-08-30,3,Sunday,Healthy Lifestyle Network,,Bot or auto-feed,Integromat,238,False,"['vegan', 'fitness', 'covid19', 'goals', 'corona']",Food and Juice Trends to Watch Out For in 2017 https://t.co/HLTKidlcaV #vegan #fitness #covid19 #goals #corona... https://t.co/qdlsWl4v1f,food juice trend watch vegan fitness goal corona,0.1058,0.845,0.0492,Neutral,-0.0566,0.845,0.7393
t01011,2020-08-30 04:11:09,2020-08-30,4,Sunday,SHONAL PRASAD,Australia,Phone or tablet app,Twitter for iPhone,129,False,,Police were doing breathalyzer test in Ashgrove (QLD) on Thursday (27/08) at 2pm! You do know its risky doing it wh... https://t.co/Ma0qBMdrEj,police breathalyzer test ashgrove qld thursday know risky,0.5044,0.4719,0.0236,Negative,-0.4808,0.5044,0.0325
t01012,2020-08-30 05:00:36,2020-08-30,5,Sunday,Global Resilient Cities Network,,Scheduling tool,Hootsuite Inc,3358,False,['cities'],"“Density can be good for #cities, delivery costs and carbon emotions are lower from shorter trips and lower energy... https://t.co/wcXlt004j0",density good city delivery cost carbon emotion lower shorter trip lower energy,0.0095,0.1852,0.8052,Positive,0.7957,0.8052,0.62
t01013,2020-08-30 05:24:35,2020-08-30,5,Sunday,AisaY WesaY LooG,,Phone or tablet app,Twitter for Android,47,False,,@WarHawk099 @first_hindustan @TibetPeople @taiwanformosan @A31X64Vijay @jacknikurausu @David_F_Priest @Aneelgs... https://t.co/lFEPLNabca,,0.0126,0.9353,0.0521,Neutral,0.0395,0.9353,0.8832
t01014,2020-08-30 05:30:54,2020-08-30,5,Sunday,BuQ19 💙,United Kingdom,Phone or tablet app,Twitter for Android,240,False,,"A massive surge in fact checking on wearing face masks aka face nappies this morning, their own mask of bullshit is... https://t.co/43EaM9BpKT",massive surge fact checking wearing face mask aka face nappy morning mask bullshit,0.6871,0.2737,0.0392,Negative,-0.6479,0.6871,0.4134
t01015,2020-08-30 05:50:35,2020-08-30,5,Sunday,Dr. X,,Twitter website,Twitter Web App,2603,False,,US population 2020: 330 Million US Working Population 2020 (18-64 yrs): 194 Million Under the... https://t.co/maUhfImAOM,population million working population yr million,0.0225,0.9391,0.0384,Neutral,0.0159,0.9391,0.9007
t01016,2020-08-30 06:01:01,2020-08-30,6,Sunday,AcademyOfFabStuff,,Scheduling tool,Hootsuite Inc,29855,False,['NoGoingBack'],Check out the #NoGoingBack campaign page &amp; all the shares and videos within it 📽️... https://t.co/J0QXr7viz7... https://t.co/DuFLtPQtq5,check nogoingback campaign page share video within,0.0063,0.8297,0.164,Neutral,0.1577,0.8297,0.6657
t01017,2020-08-30 06:05:28,2020-08-30,6,Sunday,OdishaDiary,,Bot or auto-feed,WordPress.com,23139,False,"['Odisha', 'Sambalpur', 'COVID19']",#Odisha: #Sambalpur District reports 102 new #COVID19 Positives Cases in last 24 hours https://t.co/9ZQjfDi0tb,odisha sambalpur district report new positive case last hour,0.0568,0.8913,0.0519,Neutral,-0.0049,0.8913,0.8345
t01018,2020-08-30 06:24:34,2020-08-30,6,Sunday,💥Cookie DeCleyre💥,,Phone or tablet app,Twitter for Android,1888,False,"['Trump', 'GOPComplicitTraitors']",I am so sick of these white supremacists &amp; their guns &amp; #Trump nonsense The #GOPComplicitTraitors Want this violen... https://t.co/bl7b0lQa9L,sick white supremacist gun trump nonsense gopcomplicittraitors want violen,0.9378,0.0545,0.0076,Negative,-0.9302,0.9378,0.8833
t01019,2020-08-30 06:42:53,2020-08-30,6,Sunday,Michael C Findlay,United States,Twitter website,Twitter Web App,31,False,['covid19'],#covid19 New YORK need to stop using the SUBway,new york need stop using subway,0.8603,0.1324,0.0073,Negative,-0.853,0.8603,0.7279
t01020,2020-08-30 06:44:32,2020-08-30,6,Sunday,Paperbirds_Coronavirus,,Scheduling tool,dlvr.it,145,False,"['coronavirus', 'COVID19', '2019ncov']","In the news: LA County reports 1339 new coronavirus cases, 27 deaths https://t.co/7Ju33Ml6DE #coronavirus #COVID19 #2019ncov",news county report new case death,0.6837,0.2999,0.0163,Negative,-0.6674,0.6837,0.3838
t01021,2020-08-30 06:54:37,2020-08-30,6,Sunday,Africa CDC,,Twitter website,Twitter Web App,94443,True,['COVID19'],"#COVID19 update in Africa... 29 August 2020 as of 9AM EAT. Total cases... 1, 228, 971 Total deaths... 29, 087 &amp; Rec... https://t.co/bJBYNDGdLY",update africa august eat total case total death rec,0.4596,0.521,0.0194,Neutral,-0.4402,0.521,0.0614
t01022,2020-08-30 07:06:24,2020-08-30,7,Sunday,COVID19 News,Global / unstated,Scheduling tool,ContentStudio.io,85,False,,"About '70 to 80pc' of Victorian healthcare workers with COVID-19 caught it at work, Government reveals - ABC News... https://t.co/nyRRIeyfRV",victorian healthcare worker caught work government reveals abc news,0.1302,0.8408,0.029,Neutral,-0.1012,0.8408,0.7106
t01023,2020-08-30 07:09:17,2020-08-30,7,Sunday,Rohingya Response,,Twitter website,Twitter Web App,2774,False,"['COVID19', 'Rohingya', 'refugee']",Promoting good hand hygiene is a basic and powerful tool to mitigate the spread of #COVID19. In #Rohingya #refugee... https://t.co/mcRUfCC9as,promoting good hand hygiene basic powerful tool mitigate spread rohingya refugee,0.0424,0.668,0.2896,Neutral,0.2472,0.668,0.3784
t01024,2020-08-30 07:13:18,2020-08-30,7,Sunday,🐾JoyceG🆘🩸❤🗽✌🎗,United States,Twitter website,Twitter Web App,5400,False,,"@DrEricDing threats, threats, threats..... the new location, location location. Many watchdogs... and appreciate th... https://t.co/LKJx2HSazR",threat threat threat new location location location many watchdog appreciate,0.1976,0.5442,0.2582,Neutral,0.0606,0.5442,0.286
t01025,2020-08-30 07:22:16,2020-08-30,7,Sunday,Adriel Stoltzfus,,Phone or tablet app,Twitter for iPhone,293,False,,@SannWendel I bought a lot back when I saw that the DOJ had arrested two Chinese nationals (one active Chinese mili... https://t.co/6NJmrWqq85,bought lot back saw doj arrested two chinese national one active chinese mili,0.0775,0.8215,0.1009,Neutral,0.0234,0.8215,0.7206
t01026,2020-08-30 07:48:06,2020-08-30,7,Sunday,TNT-The Northeast Today,India,Twitter website,Twitter Web App,6909,False,"['COVID19', 'Assam', 'Tripura']",TNT | ASSAM #COVID19: #Assam may face Oxygen shortage; 21 per cent positivity rate for #Tripura DETAILS: https://t.co/YmFMN9exLk,tnt assam assam may face oxygen shortage per cent positivity rate tripura detail,0.4873,0.4955,0.0172,Neutral,-0.4701,0.4955,0.0083
t01027,2020-08-30 07:51:17,2020-08-30,7,Sunday,The Secret Medical Student,United Kingdom,Twitter website,Twitter Web App,2,False,,BBC News - Coronavirus: University return 'could spark Covid avalanche' https://t.co/T9NijMmYM1 Was only due to b... https://t.co/4YxezbGGPU,bbc news university return spark avalanche due,0.5585,0.4276,0.0139,Negative,-0.5446,0.5585,0.1309
t01028,2020-08-30 07:51:57,2020-08-30,7,Sunday,Buddha,Global / unstated,Twitter website,Twitter Web App,421,False,['COVID19'],Most number of RT-PCR tests (92041) for #COVID19 in a single week yet in Chennai. https://t.co/Y4hodCTqGD,test single week yet chennai,0.0713,0.8557,0.073,Neutral,0.0017,0.8557,0.7827
t01029,2020-08-30 08:13:28,2020-08-30,8,Sunday,Blue Wode,United Kingdom,Twitter website,Twitter Web App,3252,False,['Covid19'],BBC News - Germany coronavirus: Hundreds arrested in German 'anti-corona' protests https://t.co/ybI6GwoVpH #Covid19,bbc news germany hundred arrested german protest,0.6141,0.3717,0.0142,Negative,-0.5999,0.6141,0.2423
t01030,2020-08-30 08:16:39,2020-08-30,8,Sunday,𖤐 Stan36 𖤐,,Phone or tablet app,Twitter for Android,1786,False,['COVID19'],"Are we still pretending #COVID19 is a ""deadly pandemic"". But muh 170k dead muricans!!!!! https://t.co/QPMOR8VGL5",still pretending deadly pandemic muh dead muricans,0.8861,0.1068,0.0072,Negative,-0.8789,0.8861,0.7793
t01031,2020-08-30 08:36:08,2020-08-30,8,Sunday,␕␕␕,,Phone or tablet app,Tweetbot for iOS,573,False,['COVID19'],". @washingtonpost every day, on the front page - like the coronavirus (mostly?) has been. #COVID19 is likely to be... https://t.co/drwH3lRJj8",every day front page like mostly likely,0.2071,0.7367,0.0562,Neutral,-0.1509,0.7367,0.5296
t01032,2020-08-30 08:58:11,2020-08-30,8,Sunday,Ademibayo TM,,Phone or tablet app,Twitter for Android,3821,False,['COVID19'],"With the easing of the lockdown, some ppl believed that #COVID19 is gone.",easing lockdown ppl believed gone,0.0654,0.7909,0.1437,Neutral,0.0783,0.7909,0.6473
t01033,2020-08-30 09:04:41,2020-08-30,9,Sunday,J Opacka,United Kingdom,Phone or tablet app,Twitter for Android,3079,False,,"""COVID-19 is not just hazardous for elderly people, it is extremely dangerous for people in their mid-fifties, sixt... https://t.co/6s32IHjISo",hazardous elderly people extremely dangerous people sixt,0.8191,0.1691,0.0118,Negative,-0.8073,0.8191,0.6499
t01034,2020-08-30 09:07:25,2020-08-30,9,Sunday,Natalie B 🔶️,United Kingdom,Phone or tablet app,Twitter for Android,439,False,['Tories'],I do find it interesting how the #Tories are bringing in policies that they told @UKLabour were unworkable pre... https://t.co/qS5eFBAorH,find interesting tory bringing policy told unworkable pre,0.1806,0.7179,0.1015,Neutral,-0.0791,0.7179,0.5373
