user_name,user_location,user_description,user_created,user_followers,user_friends,user_favourites,user_verified,date,text,hashtags,source,is_retweet
Jonathan Orbuda - I Love Tansyong TV 👨‍💻,"Mandaluyong City, Ph",WORK-LIFE BALANCE   💻Blogger   📹Youtuber   🏄Adven-Tourist   📰Risktaker  -https://t.co/o6D0Ox7wor✈️,2009-01-05 07:36:32,432,63,223,False,2020-07-24 23:47:51,15 Years after PARENTS are excited about getting an internet connection so their kids can do the so-called… https://t.co/7Uuo66UjRj,,Twitter Web App,False
𝐇𝐨𝐩𝐞 𝐅𝐨𝐫 𝐓𝐨𝐦𝐨𝐫𝐫𝐨𝐰,"East Coast, USA","#BREAKING #news
150 Global Resources | Award Winning Journalist | Truth Seeker & Lie Slayer | Vote Trump OUT In 1️⃣0️⃣2️⃣ Days",2015-08-16 12:26:04,4005,3996,3027,False,2020-07-24 23:48:17,"@realDonaldTrump 1,000 Americans are dying each day of #covid19, and that son of a bitch Trump is taking a golfing weekend....",['covid19'],Twitter for Android,False
Wear a mask. Wear a mask. Wear a mask. Wear a mask,South-ish,Disabled. Mother of 2 teenagers and caretaker to many dogs and cats. I read. She/her.,2014-03-22 17:58:37,36,237,3228,False,2020-07-24 23:49:17,"The graph shows new cases, as opposed to deaths. Not a good milestone, regardless. #COVID19 https://t.co/rCkb4UwN1t",['COVID19'],Twitter Web App,False
JoeyIsEditingSendChocolate,"California, USA","Author, pub radio freelancer, artist, dog friend, oddball. Mask maker, mask wearer. Ignorer of DMs. #amwriting #amediting",2011-06-18 16:41:27,1811,1594,22653,False,2020-07-24 23:50:00,@ThePubliusUSA Chaos. Martial law.  Suspended election. Hide the truth about  #COVID19. That's Trump's plan.,['COVID19'],Twitter for Android,False
ConcertoHealth,"Irvine, CA",#ConcertoHealth is the leading provider of home-based complex #healthcare for high-cost and rising-risk #patient populations.,2015-09-04 18:51:30,1031,4243,561,False,2020-07-24 23:50:02,#QuickHealthTip from @ConcertoHealth. Stay connected! Talking with loved ones while in isolation during the… https://t.co/brSUfKeeg5,['QuickHealthTip'],Sprout Social,False
Rocky Scopelliti,Sydney NSW,Futurologist | Author | International Keynote Speaker | Commentator | Industry 4.0 | Board Director,2012-06-26 19:02:32,1030,988,2040,False,2020-07-24 23:50:10,A Newly-Discovered Tiny CRISPR Protein Packs a Giant Punch For Human Gene Editing https://t.co/UyUX1rDoEO via… https://t.co/Udw7rlS5gn,,Twitter for iPad,False
JAYNIE SEAL,,Anchor: HEADLINE NEWS Wed-Fri 6 - 8.30am Ch 603 @foxtel & #SkyNewsonWIN | Co-host WEEKEND EDITION @SkyNewsAust | Ambassador | MC | https://t.co/fhW7z8e0ut,2010-11-26 03:26:34,23196,959,2898,True,2020-07-24 23:50:12,"Coming up on #WeekendLive 10am-1pm AEST
* @michaelhawton Psychologist. High levels of anxiety in children &amp; vital t… https://t.co/RmfRMBWg3o",['WeekendLive'],Twitter Web App,False
Jeff SchwartZ,"Beautiful Canton, Ohio","Official Twitter of Jeff Schwartz #NoMee #TheBrotherhood #DukeGang #CorporateSellOut Love & Mercy, & Co-Host @anhonorablepod *I tweet what I'd say to your face.",2009-07-04 21:45:12,615,588,7292,False,2020-07-24 23:50:27,If anyone could destroy #COVID19 its @Zionwilliamson https://t.co/leX6GdJNev,['COVID19'],Twitter for iPhone,False
Anne Huang| 黃安安,birthplace of medicare in 🇨🇦,"#Canadian #immigrant #Taiwanese| Critical System-Level Thinker| Prev. Deputy MHO,FNIHB-SK, Health Canada| Grad of UofA FamMed, LSHTM MScCID, UBC MD & SFU BScH|",2016-01-20 06:40:55,1278,1073,18307,False,2020-07-24 23:50:49,"@SammyTheGorilla In #Taiwan, my understanding is that parents do play an important role. 

At same time, children w… https://t.co/op9q0D8s1T",['Taiwan'],Twitter for iPhone,False
Pullman WA Updates,"Pullman, Washington, USA","The latest from Pullman, home of WSU, SEL, WSU Cougars (Pac 12), National LentilFest. Award-winning hospital, schools. Great place to raise kids. #PullmanProud",2009-02-09 00:25:11,5052,3510,5102,False,2020-07-24 23:50:57,REGIONAL: 7 New Cases of Coronavirus have been Confirmed in Latah County - total now 61 after a big spike:… https://t.co/rvtYMpwDHl,,Twitter Web App,False
Biotechnology AI Fintech Researcher,United States,"Disclaimer:  All posts & RT are for informational purposes only & NOT a recommendation to buy, sell, hold securities of any kind & Never Medical/Health Advice",2009-12-29 09:36:31,4345,2822,115,False,2020-07-24 23:51:12,Gilead Sciences Update On The Company’s Ongoing Response To COVID-19 https://t.co/1ZD4Qyfaxa $GILD #Covid19 #Healthcare,"['Covid19', 'Healthcare']",Twitter Web App,False
Fiona_No_ID_Lady,,"(She/Her) Lost in Idaho for over 3 decades, by way of California, by way of Texas, by way of Oklahoma. LOVE TRUMPS HATE",2015-09-26 03:01:36,551,1999,171177,False,2020-07-24 23:51:16,Mixed bag for #Idaho Panhandle HD today - new #COVID19 cases decreased from 81 yesterday to 51 today. Unfortunately… https://t.co/RH37Ho2BrB,"['Idaho', 'COVID19']",Twitter for iPhone,False
NASDSE,"Alexandria, VA",NASDSE is a premier membership organization that supports state leaders of special education. NASDSE was formed in 1938.,2016-09-14 15:43:37,524,495,131,False,2020-07-24 23:52:03,"Q7 Ultimately, do you believe the #pandemic will change the structure of education permanently or will the current… https://t.co/PBAhkIWAbJ",['pandemic'],Buffer,False
Julie Levangie❄️,"Solvang, CA",Trying to find humor in the absurd.,2016-12-31 20:47:48,74,541,2490,False,2020-07-24 23:52:10,F U #COVID19. My hair salon is going out of business.🖕🏽,['COVID19'],Twitter for iPhone,False
#Yettismanchester,"Manchester, England","Serving deliciousness to your home/business/event. Movies and chill at the 1st Afro entertainment, Nigerian food hub in Manchester. 📥food@yettiskitchen.com",2015-11-16 20:15:39,153,398,4365,False,2020-07-24 23:52:27,"It’s one thing wearing #masks in and out of shops (new rule 😩), it’s a whole different ball game wearing them to co… https://t.co/jUiBtQBtSY",['masks'],Twitter for iPhone,False
Brad Giovanine,NYC,"Broadway: THE GREAT COMET of 1812 Soon: ASSASSINS, #ClassicStageCompany Actor/Singer/Musician in NYC. Proud father of a Jeep Wrangler.",2011-03-06 02:48:44,950,575,10636,False,2020-07-24 23:53:32,"trump hasn’t had a change of heart. 

he finally saw the current polling. 

vote this fucker out. 

#COVID19 #Biden2020","['COVID19', 'Biden2020']",Twitter for iPhone,False
Adam Hammoude,,,2011-09-12 14:31:41,168,597,2365,False,2020-07-24 23:53:38,"@BernieSanders Only in in the land of free and home of the brave, the great #United #States of #America does a bill… https://t.co/fQzCEzAbRr","['United', 'States', 'America']",Twitter for iPhone,False
Cathy (Arndt)Carmody,Chitown,"Passion for helping people learn, ending cycle of domestic violence, Cardinals baseball, gardening, golf, biking, photography, increasing a sense community.",2009-07-08 20:08:48,56,101,261,False,2020-07-24 23:53:39,"Now everyone can stay home, watch #MLB, keep #COVID19 from spreading further!","['MLB', 'COVID19']",Twitter for Android,False
Doug Nadvornick,"Spokane, Washington USA",I'm the program director and news director at Spokane Public Radio.,2010-11-10 21:37:52,398,748,945,False,2020-07-24 23:54:04,#Covid19 is not just for cities anymore. Rural northeastern Washington has seen an increase in cases over the last… https://t.co/jOXmFPWrhv,['Covid19'],Twitter Web App,False
Lunamoon ✨🌟✨🇺🇸✨🌟✨,USA,Jesus is my Savior 🙌🏻🙌🏻🌟Yeshua🌟🙌🏻🙌🏻🇺🇸🇺🇸🇺🇸America 🇺🇸🇺🇸🇺🇸🌟Give your Life to Jesus Christ 🌟🌟#Benghazi ain’t going away!,2016-10-23 17:36:45,11364,11221,254790,False,2020-07-24 23:54:12,Rapture Dream - I was left behind. JESUS IS COMING https://t.co/o2ogi3oBhU #Jesus #Yeshua #Rapture #dreams… https://t.co/fjcvUEnN64,"['Jesus', 'Yeshua', 'Rapture', 'dreams']",Twitter Web App,False
🌎T&F OLYMPIAD 🏟 Worldwide Athletics,💙Born in Venezuela/Spain🔨,"ATHLETICS IS THE BEST SPORT🔮
Worldwide athletics specially #LatinAmerican
➜author: A. B. G.
👣former mountain runner🇻🇪Architect/UrbanPlanner",2016-11-01 23:26:00,526,383,7334,False,2020-07-24 23:54:13,"Panama 🇵🇦 declines to host the 2022 CAC Games
#covid19 #coronavirus https://t.co/0Oq2wZeI2d https://t.co/qo26l5fzu1","['covid19', 'coronavirus']",Twitter for Android,False
La_Primavera,"Geneva, Switzerland","....dentro c’è una bella novità, che a primavera nascerà per farti compagnia...
Protection of animals is education toward humanity. A. Schweitzer 
NO DMs PLEASE",2016-04-21 20:34:16,1003,1165,19296,False,2020-07-24 23:54:15,"@La_Primavera_GE 
The second wave is here. #COVID19 #COVID #coronavirus https://t.co/UFbO9G9JHz","['COVID19', 'COVID', 'coronavirus']",Twitter for Android,False
Scallywagandvagabond,"Manhattan, NYC","Scallywag and Vagabond is a forum for critical reviews, interviews, insights, and the juice on scandal and gossip.",2009-10-20 19:12:27,2551,1321,94,False,2020-07-24 23:54:39,'I’ll kill you!' Florida man pulls gun on Walmart shopper who asked him to wear mask arrested &amp; charged… https://t.co/lnGhxu6ME8,,Twitter Web App,False
AR_MEDCOM,"Pinellas Park, FL",,2012-12-04 13:08:47,224,97,614,False,2020-07-24 23:54:49,"Maj. Michelle Coleman, a Critical Care Nurse from El Paso, TX, conducts premob activities in San Antonio, TX as she… https://t.co/5gBIBw6aZz",,Twitter Web App,False
Population Health,"New York, NY",The Department of Population Health @NYULangone works to improve the health of populations and advance health equity. Watch our video https://t.co/IJifkkqVdu,2015-11-24 16:28:04,2992,1151,2229,False,2020-07-24 23:55:02,"""As the #COVID19 pandemic continues to exact its toll on the world, collaborative efforts are needed to provide tim… https://t.co/W85DlULHjj",['COVID19'],Sprout Social,False
GuideSpark,"Redwood City, CA","GuideSpark is the leader in change communications guiding over 1,000 enterprise customers to business success by changing the hearts and minds of employees.",2009-10-29 20:49:05,4668,4825,601,False,2020-07-24 23:55:02,#COVID19 has changed everything - including your employees' goals. Keep these factors in mind as you work with your… https://t.co/S6B1LsimUQ,['COVID19'],Sprout Social,False
Matt Trezza,"Orlando, FL",FOX35 Reporter. Opinions my own. Retweets not endorsements. Send tips and feedback to matthew.trezza@foxtv.com. Find me on Instagram: m_trezza,2016-08-02 14:40:12,1589,3017,517,False,2020-07-24 23:55:59,Two of Orlando’s @RosenHotels reopening on Sunday. Lots of safety procedures in place to keep rooms clean and guest… https://t.co/5uUznYVsc9,,Twitter for iPhone,False
Ms. Lonnie 🦋💜🤗,"New York, USA","❤️ID channel, 😻animals, 💃dancing. Married to the right man🎉.   @TheBrightonBeat 🎺 @MrCliffordBand 🍫 @BrianRigbyBand🎸@AFAStudio  #FBR",2017-04-16 20:49:28,9022,8981,58525,False,2020-07-24 23:56:16,Let her send her kids to school. If she doesn't have kids she should go sit in the COVID UNIT and watch the horrors… https://t.co/YgdJGvQYrz,,Twitter for Android,False
S. F. Sutcliffe,,Questioning just about everything by Design.,2009-05-29 14:19:11,2309,2282,42868,False,2020-07-24 23:56:25,"@JamesMelville the latest James.. posted earlier.. 

https://t.co/AtS3EjD2PI 

also, from world renowned Infectious… https://t.co/xgp0BOf1Zs",,TweetDeck,False
Liz Youngblood,"Houston, TX",COO of CHI Texas Division and President of Baylor St. Luke’s Medical Center,2019-02-11 18:12:54,264,265,196,False,2020-07-24 23:56:50,.@JackieKOlive Thank you for sharing your talent with everyone at Baylor St. Luke's! Every small act of #kindness b… https://t.co/sEmWRRjKtW,['kindness'],Twitter Web App,False
Roger Verhoeven,Nederland,"#bots 🤖#socialmedia

https://t.co/W3ASVx0Czf

Mastodon Social : @RogerVerhoeven@mastodon.social 

https://t.co/UItMx04eQG",2010-07-09 16:27:23,2130,4997,10021,False,2020-07-24 23:57:13,"#Taiwan Gov Releases Real-time Mask Inventory Data, 72 #apps Created in 1 Day (日 / 한 / En) by @chihaoyo in @g0vtw… https://t.co/IOUXxdpxrt","['Taiwan', 'apps']",Twitter Web App,False
i CoNN,Canada,"Rapper,Song writer",2012-03-18 01:07:39,285,1025,1233,False,2020-07-24 23:57:31,@fenixfoundation @elonmusk I feel bad for the small business's that aren't considered essential. Why is it okay for… https://t.co/p7LuvQaadg,,Twitter Web App,False
Christina Hinojosa,,World class friend and lover of life!!!,2011-09-27 17:49:05,367,914,34672,False,2020-07-24 23:57:34,Less than 10% bed availability at my hospital is understaffed and nurses are overwhelmed #WearAMask #COVID19 https://t.co/bSSiw5ub51,"['WearAMask', 'COVID19']",Twitter for iPhone,False
Lee,,"Person, woman, man, camera, tv.",2017-02-09 21:04:35,2556,4202,215863,False,2020-07-24 23:58:04,Pass #COVID19 on to Grandpa. https://t.co/jcjfBpoZRD,['COVID19'],Twitter Web App,False
Travis In Dallas,"Mesquite, TX","A Texan Standing With President Trump As He Works To Make America Great Again. 
If You're Reading My Bio, Be Sure To Hit Follow. 😀👆 #MAGA  #KAG2020",2016-03-04 22:44:51,522,219,33039,False,2020-07-24 23:58:30,"So #COVID19 cases are going down in Dallas, but guess what.

Now they say ""While cases are going down, it's infecti… https://t.co/NgElXIuII2",['COVID19'],Twitter for Android,False
Katie Foust,"iPhone: 31.479828,-97.206421",Everyone deserves a nap.,2009-05-04 03:13:59,105,205,63,False,2020-07-24 23:58:38,Maybe back in April people should have been more concerned with schools opening than with getting their damn nails… https://t.co/D3D67It44U,,Twitter for iPhone,False
The AssarV10 Team™©,"California, USA",The AssarV10 Team™©,2015-12-23 07:40:38,2565,779,9732,False,2020-07-24 23:59:21,The first Phase 3 coronavirus vaccine trial in the US is expected to begin next week. Here's how the vaccine… https://t.co/0J9dBCdtbN,,assarofficial,False
Andy Bitchsear,,"Corrupt Kentucky Governor and all around tyrannical power hungry fairweather politician, father, and son. COMMITTED TO STEALING YOUR RIGHTS. this is a satire.",2020-07-19 20:54:16,3,7,83,False,2020-07-24 23:59:23,@JohnCranley @Willie700WLW @MikeDeWine  Why is it okay for the @Reds to break the mask mandate on public funded-cit… https://t.co/AiY72tBdlX,,Twitter for iPhone,False
Charlie Isaacs,"ÜT: 37.322821,-121.809369","VP, CTO for Customer Connection at @salesforce - I help Connect Customers and their Products. #Ally #IoT #Diversity #STEAM #Inclusion #Grateful He/Him",2008-10-24 04:51:27,35279,31855,48593,False,2020-07-24 23:59:28,"Well, my daughter cut my hair because my wife chickened out... but you asked for the before and after pics, so be c… https://t.co/DHnlOHWd64",,Twitter for iPhone,False
Fed up MASK IT OR CASKET😷,,"6th sense was given for a reason...tap into yours!
Tweet a lot/follow at your own risk...",2016-11-11 01:58:28,330,239,60088,False,2020-07-24 23:59:42,"Too late
#BOUNTYONOURMILITARY 
#TRE45SON 
#COVID19 
""Trump signs orders to lower prescription drug costs""  https://t.co/KrM6g3Woea","['BOUNTYONOURMILITARY', 'TRE45SON', 'COVID19']",Twitter for Android,False
Mary Freeman,"San Francisco Bay Area, CA",Writer/author #AI #ML #DL #IoT #circulareconomy #cloud #security #robotics #manufacturing #retail #hospitality #health @SightMachine @Cisco @MIT @UCBerkeley OMO,2016-09-15 23:59:51,595,806,794,False,2020-07-25 00:09:24,"An epidemic is “a moment of truth between communities, health officials and the overall system of government""… https://t.co/kDnVPV5RVC",,Twitter Web App,False
Angelahoffer_,"Delaware, USA",ig // @angelahoffer_  tiktok @angelahoffer_,2014-09-11 13:45:05,1653,510,39699,False,2020-07-25 00:46:59,@JohnCarneyDE Way more people would comply with wearing a mask if you  acknowledged how people are suffering more f… https://t.co/FZhFkOmjxs,,Twitter for iPhone,False
TheCable,Nigeria,Nigeria's independent online newspaper,2013-10-11 15:01:36,534188,3946,2355,True,2020-07-25 00:50:36,"N1m on a COVID-19 patient: @ProfAkinAbayomi was misunderstood, says @followlasg https://t.co/jc8amxJLLf via @thecableng 

#COVID19",['COVID19'],Twitter for Android,False
Maricopa County Sheriff's Office,Maricopa County Arizona,Official account for the Maricopa County Sheriff’s Office in Arizona. Neither RTs or mentions imply endorsement. Not monitored 24/7.,2011-03-11 20:09:00,18983,161,917,True,2020-07-25 01:03:17,"Here are today’s numbers on #covid19 testing inside our jails. For more details visit:

https://t.co/bPQbdz2GKy https://t.co/FwBJtbY4KT",['covid19'],Twitter for iPhone,False
DJ RICHY RICH,,Just your Unique Local Producer🤷🏽‍♂️,2019-02-19 10:01:12,22,34,111,False,2020-07-25 01:11:00,"EVERY👏🏽DAMN👏🏽ELECTION👏🏼ITS👏🏼A👏🏽WORLD👏🏽WIDE👏🏼ISSUE👏🏽‼️

#Election2020 #ElectionDay #COVID19 #worldproblems","['Election2020', 'ElectionDay', 'COVID19', 'worldproblems']",Twitter for iPhone,False
RadhakrishnanRK,Chennai,"#Journalist. #Teacher. #Researcher. #Tamilnadu/#Dravidianpolitics, #Maldives, #SriLanka, #Bangladesh, #Nepal, #Refugees",2009-06-12 07:57:54,56301,342,37172,True,2020-07-25 01:49:51,"If a compilation of counterproductive methods of #COVID19 control is done, add this. Nothing to top April ""lockdown… https://t.co/KlKd2h2LNV",['COVID19'],Twitter for Android,False
Jagster,Australia,"Systematic trend-following analysis for trading #Cryptos, global indices, commodities and sometimes #stonks #ASX #ASX200. NOT investment advice. Buy #BTC",2016-02-21 03:20:55,1479,849,17051,False,2020-07-25 02:16:13,"Trade Wars invariably lead to Real Wars. Next one to be blamed on the release of a ""Gain of Function"" experiment… https://t.co/Wt9JY1YFyq",,Twitter for Android,False
Aaron Derfel,Montreal,I'm the health-care journalist at the Montreal Gazette.,2010-07-01 01:19:14,17511,190,5401,True,2020-07-25 02:18:21,"9) For those who’ve complained my reporting is unduly pessimistic, I want to draw attention to this undeniably posi… https://t.co/suFUaIlEOu",,Twitter Web App,False
👨🏻‍🦰🐂🦈⚖️ Gerry Moylan 🏡🗣👨🏽‍🤝‍👨🏼🌊🆘,Los Angeles,Multipotentialite. Former rock radio disc jockey. Writing daily & selling the American dream in Los Angeles.,2009-03-04 01:55:11,1223,2013,17154,False,2020-07-25 02:29:35,Phillip made Chicken Parmigiana #dinner #foodie #food #covid19 #eatingin https://t.co/GzquKYdepB,"['dinner', 'foodie', 'food', 'covid19', 'eatingin']",Instagram,False
Esther Rockett 🚀,"Sydney, New South Wales",Successful defamation defendant Benhayon v Rockett ⚖️🏆 Investigative writer calling #SergeBenhayon & #UniversalMedicine cult to account. Fight #SLAPP,2014-05-22 08:15:11,1050,1783,4716,False,2020-07-25 03:23:53,"A strength of #Vietnam strategy - pre-emptive testing of all contacts &amp; whole neighbourhoods/workplaces, symptomati… https://t.co/RG9xceTWOb",['Vietnam'],Twitter Web App,False
TLRiddle,"Los Angeles, CA","Catholic, Democrat, creative, animal lover, wellness fanatic.",2018-08-26 00:35:17,286,1005,29376,False,2020-07-25 04:01:11,“She tested positive for the coronavirus. She's a #singlemom caring for a #disabled teenage son who also became sic… https://t.co/GEIDDWFKiX,"['singlemom', 'disabled']",Twitter for iPhone,False
Dr Leon Hartwell,"Sydney, Australia","Transatlantic Leadership Fellow at @CEPA. Once told a joke to a dictator. Interested in #politics, foreign policy & #ConflictResolution. RT/follow ≠ endorsement",2011-10-24 05:11:53,10474,9568,3971,False,2020-07-25 04:03:44,"Perhaps #DrFauci sent a subliminal message to us: We should leave baseball to baseball players, just like we should… https://t.co/8m3OONGvp6",['DrFauci'],Twitter Web App,False
Pavan Chowdary,keenatampalli(Home Town),"1st cry on 27th April
mom's lill son....🙂
electrical engineering.....⚡
bullet lover....🏍️
Ntr fan ikkada......👈💪",2018-08-17 03:03:45,16,32,250,False,2020-07-25 05:37:16,"We, the students, are the future of our state, our country. If we become victims of the deadly virus #COVID19, and… https://t.co/qilS0chmiw",['COVID19'],Twitter for Android,False
Julia Hengstler,,"#EdTech, #Privacy, Research, Raising DigiSavvy Kids--All opinions my own; Consultant, Faculty of Ed Professor, PhD Student, Ed Technologist.",2009-02-02 06:17:59,3809,3321,13574,False,2020-07-25 06:13:13,Top NYC school NEST+M wants full-time remote learning next year https://t.co/DXwLDWsN6G via @nypmetro #COVID19… https://t.co/v8t0hdu2Pu,['COVID19'],Twitter for iPhone,False
DEV MANAV SEWA TRUST,,"This Trust is dedicated to the poors, orphans, illiterates, women, widows, military families, farmers and society. Our aim is your service and safety.",2020-05-29 06:54:07,7,37,25,False,2020-07-25 06:16:01,#devmanavsewa #manavsewa #lockdown #thoughts #covid19 #thoughtoftheday #helpingothers #spiritualguru #motivater… https://t.co/nM9hwoS87l,"['devmanavsewa', 'manavsewa', 'lockdown', 'thoughts', 'covid19', 'thoughtoftheday', 'helpingothers', 'spiritualguru', 'motivater']",Twitter for Android,False
Novel Coronavirus - Covid19,,"Global Coronavirus news from journals, media, experts and researchers. Updated often. Human curated by Dave Roberts",2020-01-06 17:09:38,44403,36,6,False,2020-07-25 06:57:27,Employing a Systematic Approach to Biobanking and Analyzing Genetic and Clinical Data for Advancing #COVID19 Resear… https://t.co/yOxAda99LR,['COVID19'],Flamingo for Android,False
Muzamil,"Abu Dhabi, United Arab Emirates","•Entrepreneur •Social Media Marketing Strategist •Blogger •Content Marketing Influencer, I help you set realistic online business goals & I help you achieve.",2010-04-13 06:09:12,580,1526,1157,False,2020-07-25 07:14:29,"""20 million renters in the U.S. could be evicted in the coming months. Experts worry this will only increase the sp… https://t.co/Chd2bVItGf",,IFTTT,False
John Robinson,England,"Town Planner. Built environment, design, food, style, craft beer and wine get me going. 2hr 34min 14sec  pb marathon.
Instagram @johncs2012",2009-02-08 18:11:45,88,479,4994,False,2020-07-25 07:35:17,Wtf! @BBCBreakfast Defending  the government's  approach to tackling the #COVID19 virus...,['COVID19'],Twitter for Android,False
ILoveQatar - Live,"Doha, Qatar","Welcome to Qatar! Official twitter account of https://t.co/rTq5cJwxvC - tweeting news, events, entertainment, tips and guides anytime in #QATAR",2012-05-15 07:10:22,42279,487,2380,True,2020-07-25 07:44:06,"People are complaining they’ve gained weight during #COVID19. For a quick fix, some of them have turned towards cra… https://t.co/2daZxvxBF7",['COVID19'],Twitter Web App,False
No Lockdown,UK,"Remember when human rights were inalienable? Ah, you're probably too young.",2020-03-21 13:16:09,5524,690,15625,False,2020-07-25 07:53:02,"This is happening everywhere.

Scottish legislation is easier to challenge...  someone should take it to court to t… https://t.co/pqAYUsMmVd",,Twitter Web App,False
www.THEPIGEONEXPRESS.com,online,The Pigeon Express @PigeonExpress_ || News Feed Loop,2018-10-30 05:54:46,1002,109,4100,False,2020-07-25 07:54:00,"""Just felt it wrong,"" Donald Trump says, cancelling Republican convention in Florida amid rising coronavirus cases.… https://t.co/dPy95I0pXL",,TweetDeck,False
TM Media Solutions,"Johannesburg, South Africa","Music Video/Film Production | Music Production | Graphic Design 
TM Media Solutions ® 
Registration Number : 2018/500191/07 'The Home Of Colorful Entertainment'",2017-12-01 13:25:20,230,24,129,False,2020-07-25 07:58:05,"Get a professional logo today for only R300

#BBNaijia #bbnaijalockdown2020 #COVID19 #ZanupfMustGo… https://t.co/EfFHOsqQbA","['BBNaijia', 'bbnaijalockdown2020', 'COVID19', 'ZanupfMustGo']",Twitter for Android,False
DBentoBox,London,,2018-03-26 01:46:32,4,78,770,False,2020-07-25 08:27:02,"@British_Airways Why is the call center refusing to take calls? A message comes up saying “call back another time,”… https://t.co/3vry18DFDF",,Twitter Web App,False
Cleveland Clinic Indian River Hospital,"Vero Beach, FL",Every life deserves world class care.,2009-11-24 01:41:13,564,153,157,False,2020-07-25 08:40:01,Clinical Trial Hopes to Keep Patients Off Ventilators: https://t.co/8V55wYwuqO via  @NBC6 #COVID19,['COVID19'],Sprout Social,False
Juan Manuel Alonso,"Madrid, Córdoba, Doha",Sports Physician Track&Field lover Mad about sports Hate Doping Views my own Médico del Deporte Amante de Atletismo Loco x deporte Odio dopaje Opiniones mías,2012-11-12 21:24:53,2591,2595,12145,False,2020-07-25 08:53:42,"#COVID19 &amp; Sport Alert!

Interesting👀

Modelling COVID-19 propagation during 🇪🇸#football ⚽️@LaLiga 

Reducing days… https://t.co/XkXmpAsKmj","['COVID19', 'football']",Twitter Web App,False
RxDx Clinics,"Whitefield, Bangalore, India","Premier Patient Friendly 24/7 Multi-Speciality Pre-Hospital, Clinic&Acute Care Facility at Whitefield, Bangalore. Contact: +91-80-49261111/67458111
info@rxdx.in",2009-10-27 12:19:25,809,521,31,False,2020-07-25 09:00:45,"#OnlineConsultation, #ContactlessServices make lives easier as #COVID19 spreads at an alarming rate. Phone/computer… https://t.co/Vm6inDvcqq","['OnlineConsultation', 'ContactlessServices', 'COVID19']",Buffer,False
GW Integrative Medicine,"Washington, DC",The Integrative Medicine Programs and the Office of Integrative Medicine and Health at the #GWSMHS. Follow/RT ≠ endorsement.,2017-10-25 14:25:46,617,482,1258,False,2020-07-25 10:00:35,What we're reading: The Path to a @EVMSedu’s #COVID19 Integrative Protocol Using Multiple Natural Agents: Interview… https://t.co/Ga7bXmlzYY,['COVID19'],Hootsuite Inc.,False
Olamide,"Federal Capital Territory, Nig",IT Consultant,2019-10-23 06:49:25,177,617,1179,False,2020-07-25 10:12:14,"Lagos schools to resume August 4 https://t.co/h133Zo6Mr4

@followlasg @DeleMomodu @DrAhmadLawan 

#alreadyvideo #COVID19 #BBNaijia","['alreadyvideo', 'COVID19', 'BBNaijia']",Twitter for Android,False
Cerys Morgan 🚰🧼🤲🏻🧼🚰,"Primrose Hill,London","Dog owner and Doctor in the NHS (Geriatric/GIM). Lives in London. Interests - LFC, medical education, dogs and fitness.",2014-12-07 09:26:07,2756,800,6324,False,2020-07-25 10:22:14,"What are teams doing for their outgoing juniors? 

Ours have been on the job for 8months (4 of which we were exclus… https://t.co/lYsUSBZg9h",,Twitter for iPhone,False
mathunt71 🏴󠁧󠁢󠁳󠁣󠁴󠁿 🇪🇺 💚 🌱🌍,United Kingdom,"Enjoy the simple things in life, but hate greed, selfishness, & intolerance. Want us ALL to have a good, safe, and happy life.

All views/comments are my own.",2010-12-21 01:22:25,556,1547,6411,False,2020-07-25 10:33:36,"Help slow the spread of #COVID19 and identify at risk cases sooner by self-reporting your symptoms daily, even if y… https://t.co/84jdSkWf6z",['COVID19'],Twitter for Android,False
Jessica Finn,"New York, NY",Journalist @ENews DM’s are open Jessica.Finn@NBCUni.com,2009-07-06 02:14:15,2934,1600,6561,True,2020-07-25 10:34:39,But lets send the kids &amp; teachers back to filled schools &amp; full school days in just a few weeks. The blood is on th… https://t.co/satkvWkR9Q,,Twitter for iPhone,False
newgovplz🇺🇸 Freedom #leadright USA,"Hillsborough, NJ",R/T 4 Freedom /For the sake of the greater good /Founder of #njunemploymentpandemic Facebook Group *Momma g *Father- Army *Sister -AirForce *BNL- AF,2020-04-13 01:46:59,549,894,6396,False,2020-07-25 10:43:45,Wow- so apparently @JoeBiden knew how to contain #COVID19 and prevent “this” but didn’t. Shame on him.… https://t.co/HVatw8hTzS,['COVID19'],Twitter for iPad,False
SocialMediaAntiBully,,Standing up against ALL social media bullies through a lyrical masterpiece.,2019-07-13 23:23:05,13,19,366,False,2020-07-25 10:45:19,Y’all dont realize #DonaldTrump cutting off unemployment so black people can have to go to work.  Y’all don’t think… https://t.co/w0hpXsICX0,['DonaldTrump'],Twitter for iPhone,False
Airat Oluwakemi Abdulmalik,,,2020-01-08 16:49:15,15,50,0,False,2020-07-25 11:04:07,"Sallah orders available with High taste and very affordable,we also offer home deliveries within kaduna.
Message 08… https://t.co/kpTpLRdKZJ",,Twitter for Android,False
AmJPerinatology,,"The American Journal of Perinatology is an international, peer-reviewed, journal bridging the fields of obstetrics, neonatology, and perinatology.",2014-03-31 16:10:50,4683,119,25,False,2020-07-25 11:06:37,#Perinatal #COVID19 Infection Prevention: #Infographics for Patients and Providers https://t.co/QpRpmBFIOC #obgyn… https://t.co/0UKpnnLLnw,"['Perinatal', 'COVID19', 'Infographics', 'obgyn']",Hootsuite Inc.,False
Chris,,Unlocking unlimited potential daily! ⚡,2010-10-05 04:22:06,114,177,1361,False,2020-07-25 11:13:11,Here’s why it’s important to #Prevent #COVID19 infections with #masks and #SocialDistancing ... long term health ef… https://t.co/otYObgREGy,"['Prevent', 'COVID19', 'masks', 'SocialDistancing']",Twitter for iPhone,False
Marc Newton,Bradenton Fl,"Citizen of Earth, humanistic; support justice. Bringer of common sense.  A bit coarse.  Anti-NRA.  Support gun violence prevention.  Justice for George Floyd",2008-08-16 17:03:50,174,352,835,False,2020-07-25 11:31:38,"Answer: Idiots that don’t know the difference between “there, their, they’re” interpreting medical data. Question:… https://t.co/sYHBCiXPfq",,Twitter Web App,False
"Olly Hatch Esq,.","London, Europe","London born 'n bred. Urbanist, cyclist, Trustee of Beyond Food Foundation @BeyondBrigade & Tate Modern Volunteer Host.  Livin' the life - good food, Medoc, Art",2017-11-21 17:00:41,194,220,2562,False,2020-07-25 11:32:44,"@Theresa_Trog Well, technically he's wearing a mask isn't he?
Does that conform to #COVID19 rules?",['COVID19'],Twitter Web App,False
Billy Holiday,nj,,2010-10-31 11:34:11,830,724,73472,False,2020-07-25 11:54:54,SIGN @MOMSRISING'S LETTER to your Senator urging them to #savechildcare and extend and expand #paidleaveforall resp… https://t.co/K5M07UTrv8,"['savechildcare', 'paidleaveforall']",Twitter Web App,False
Louise Pascale,"Adelaide, Australia","Journalist, producer & media consultant. One half of @OutspokenWomen3. Opinions all mine.",2010-05-04 10:15:32,1577,1797,3487,True,2020-07-25 11:57:42,"Well one thing I learnt tonight. Crowd numbers at #AdelaideOval proves it’s not #covid19 keeping Crows supporters away.
#weareportadelaide","['AdelaideOval', 'covid19', 'weareportadelaide']",Twitter for iPhone,False
lellekrafts,"Nairobi, Kenya","Sun seeking, woke adventurer, spreading knowledge. I also make stuff. 😊",2018-07-02 05:47:36,39,100,2527,False,2020-07-26 02:13:05,"@earthinspace Ordinarily, but Covid-19 and you need it more. Stay safe. 

#COVID19 #WearADamnMask","['COVID19', 'WearADamnMask']",Twitter for Android,False
Open Letters,Text RESIST to 50409,"Copies of real letters delivered to the President, Congress, Governors, and State Legislators. Send 'resist' as a Direct Message to @resistbot to write yours.",2017-12-06 22:18:07,17158,3,2,True,2020-07-26 02:14:11,"🖋 Sign “Stop trump from sending his goons to Portand, Chicago, elsewhere!” and I’ll deliver a copy to your official… https://t.co/OzRsqTRuTE",,Resistbot Open Letters,False
Dennis Beasley,,"Husband, Father, Computer Programmer, Sports Fan,  Fisherman, UIUC Engr. grad, Matthew 25 pledge taker, member SPLC, NAACP, ACLU. IL14 voter, former UMC member",2009-03-24 21:54:40,217,1014,8756,False,2020-07-26 02:16:54,Illinois #COVID19 Cases and positive headed in the wrong direction. https://t.co/gllNvhobCQ,['COVID19'],TweetDeck,False
Ramachari NTR,"Dhampur, India",#cancelcompartmentexams2020 @cbseindia29 @DrRPNishank @HRDMinistry,2020-07-17 07:41:50,11,7,2060,False,2020-07-26 03:28:11,Dear sir we have only one life sir please understand students situation please sir day by day covid cases are incre… https://t.co/nlehnFhLXk,,Twitter for Android,False
Danny Nguyen,Southern California,@USFHealthMed MD'19 | General Surgery PGY-2 | Former US National Fencer | Los Angeles native | @USC Trojan grad ✌️,2018-07-26 14:47:55,171,408,1911,False,2020-07-26 03:30:17,Milestone achieved: chest tubed my first MICU COVID pt today. Alone in the room yet so many eyes watching me from t… https://t.co/hnEya7qaSK,,Twitter for iPhone,False
Gulf News Business,Dubai,News and analysis from the Gulf News business team.,2014-10-08 10:55:08,6815,428,336,False,2020-07-26 03:42:00,"#aviation

 EasyJet and #BritishAirways  told customers on Saturday they did not plan to cancel flights over the co… https://t.co/qGrlVoEVlh","['aviation', 'BritishAirways']",TweetDeck,False
eXWorld Entertainment News,,"The latest curated news on Entertainment, Movies, TV, Music, Games, Food and more.",2009-08-12 01:04:40,1331,1459,817,False,2020-07-26 03:48:57,Yelp says 60% of restaurant Covid-19 closures are permanent https://t.co/mc3nVu9Uvz #COVID19,['COVID19'],Twitter for iPad,False
East Lansing Public Library,"East Lansing, MI","The East Lansing Public Library serves the citizens of East Lansing, the students of Michigan State University and Lansing Community College.",2009-03-24 20:32:33,1487,732,632,False,2020-07-26 03:52:50,The library is looking a little different as we move forward to Phase 3 of our #reopeningplan. Staff is reconfiguri… https://t.co/kEkeTrsdjl,['reopeningplan'],Twitter Web App,False
The New Sarawak,,Your source of independent news and insights from Sarawak and beyond.,2020-03-24 08:20:43,161,0,0,False,2020-07-26 04:01:41,"Mural artist’s tribute to Sarawak frontliners goes viral

 https://t.co/D3DaE7U5lA  

 Well done, Leonard Siaw 萧艺!… https://t.co/mALhJWzml6",,IFTTT,False
Isolation Bot,,Feeling isolated? I’m here to help! 🌿 #COVID19 means we’re living in some scary times but we can get through it together. ✨ From the creator of @selfcare_bot,2020-03-22 02:56:00,160,2,0,False,2020-07-26 04:15:49,"Everybody needs something a little different. Just be in tune with yourself. 💕

#COVID19 #Coronavirus","['COVID19', 'Coronavirus']","Cheap Bots, Done Quick!",False
Fish-boy prince whose head is being eaten,Philippines,J'essaye apprendre le #français. Toutes les opinions et les erreurs ici sont les miennes seulement. (Avatar my own; header photo via Kevin Dooley on Flickr),2009-08-27 14:17:06,908,520,4937,False,2020-07-26 04:22:39,"""Teachers want to teach, not die, and we should support and protect them like the national treasures that they are.… https://t.co/j0UbfK0mqs",,Twitter for Android,False
Sasha Fennec,,"Antifascist transgender lesbian. Empress of #Antifa & Elizabeth Warren's Antifa Buddy #BlackLivesMatter #WarrenDemocrat #StandWithHK

Studies Genocide (She/Her)",2020-05-11 22:28:09,285,1466,18847,False,2020-07-26 04:23:14,"Limited testing supplies in the U.S. mean any reported numbers likely underestimate the reality of the spread.

Jul… https://t.co/OKphALzEgO",,Twitter Web App,False
RBoozer,"Austin, Texas","4 1/2 fingered funny gal, interested in politics and sports and anything that makes me laugh which is usually politics",2009-03-06 05:51:37,121,702,3712,False,2020-07-26 04:44:52,@GovAbbott I believe this is all about you. #worthless #COVID19 https://t.co/GBD0sHwHp4,"['worthless', 'COVID19']",Twitter for iPhone,False
💎💧Princess Gemma,NSW Australia,Help save our unique Aussie environment & wildlife #koalarescue #koalas #climatechange 💕 💫 Huge tennis fan. 💋#Tennis on hold until who knows when. 🎾 🇦🇺,2010-04-29 07:21:02,1465,1843,20055,False,2020-07-26 05:18:29,@vee_anrep @Bunnings Hope they asked her to leave Bunnings?😡 Its not her right to endanger other people's lives bec… https://t.co/M8TN9XtgbG,,Twitter Web App,False
AlwaysReady,,,2020-05-30 22:58:49,0,0,33,False,2020-07-26 05:31:57,@latimes where is your article condemning the protests if this virus is so deadly?  The people protesting are defin… https://t.co/WCKUCywYP2,,Twitter for Android,False
FujairahObserver,Fujairah,Fujairah Observer: Fujairah's very own community magazine since 2001 ⛰🌴🇦🇪,2012-03-03 18:18:32,1584,154,2407,False,2020-07-26 05:46:15,"Fujairah launches free COVID-19 testing centres under national campaign 
#fujairah #covid19… https://t.co/SZedOINhkh","['fujairah', 'covid19']",Twitter Web App,False
Black Lives Matter #BLM,"Not Los Angeles, Not New York ","Scourge. Nerd. Mimic. Chronic sketcher scribbler. Social Justice Senpai. Yes, I have noticed you. Epic side-eye. Comedy like a bat to the face. she/her💖",2008-08-26 05:28:55,1973,762,258679,False,2020-07-26 05:49:36,"They're not wrong 😬😬😬😬 

Americans are a disease vector (146,460 dead)

Canada don't want your #ratlicker anti-mask… https://t.co/JoJkQkc4ky",['ratlicker'],Twitter for Android,False
Nine News Queensland,"Brisbane, Australia",Queensland's nightly 6.00pm news with @Loftea and @9MelissaDownes. Simulcast on River 94.9FM.,2009-04-29 02:14:05,135037,7716,957,True,2020-07-26 06:30:04,Deputy Chief Health Officer Dr Nick Coatsworth remains confident Victoria's #COVID19 curve is set to flatten within… https://t.co/BivUHolxJL,['COVID19'],Hootsuite Inc.,False
Nico Orce,"Cape Town, South Africa","Physicist
Fundamental Nuclear Physics",2015-11-16 00:55:56,20,52,22,False,2020-07-26 06:54:43,Another day climbing down the #COVID19 pandemic curve in the Western Cape. We haven't been this low (considering th… https://t.co/Ho03ElF54n,['COVID19'],LinkedIn,False
TDGLOBALMART Pty Ltd,,TDGLOBALMART. The heartbeat of digital innovation. ..,2019-09-28 15:28:45,7,0,0,False,2020-07-26 07:04:56,Very true! #covid19 #quotes #life https://t.co/PRtpvHDnsr,"['covid19', 'quotes', 'life']",Twitter Web App,False
News of Diu,"Diu, India","News and Intelligence emerging, and related to the Union Territory of Diu | We keep you informed | We keep you connected | Disseminating voice of Diu Citizens",2017-08-05 15:05:22,970,699,630,False,2020-07-26 07:06:22,New 18 positive cases of #COVID19 reported in #Daman on Saturday. Total cases risen to 442. #DNH #Diu https://t.co/9Ca8Mm7uHM,"['COVID19', 'Daman', 'DNH', 'Diu']",Twitter Web App,False
Bankole James Dare,"Lagos, Nigeria","I am Bankole James Dare, a graduate of Computer Engineering, Am an Artist, a pro blogger, a content writer,a cinematographer, and a film editor.",2019-08-21 13:32:59,6767,6194,23397,False,2020-07-26 07:11:02,"Listen! Man forsake you but GOD will never💯 never I say.. Use your head 🙏🏽. #BBNaija 
                 #COVID19 https://t.co/qA9hODdwad","['BBNaija', 'COVID19']",Twitter for Android,False
Spandhan N,Bangalore,"Tweets about #Talent, #Sales, #EmployerBranding, #Movies, #Reading, and #Food. Hiring at @Gartner_inc. Looking for #EnterpriseSales folks. Let's speak.",2009-08-15 06:46:11,735,1199,1747,False,2020-07-26 07:18:39,"With offices physically unavailable, #cloud-based technology proved its reliability for continuing operations durin… https://t.co/SmwyD7h17O",['cloud'],Bambu by Sprout Social,False
Cassiopeia Services,London,A new-generation PR & Comms agency. Best International Investor Relations Firm 2018 @AwardsADVFN - @uniwestminster #DistinctivenessAward SME We drive innovation,2015-02-28 22:20:46,992,657,2205,False,2020-07-26 07:27:32,"Severe #obesity can increase chance of dying from #coronavirus by up to 90% new research shows, as #Britons have be… https://t.co/Nne0vk8x1j","['obesity', 'coronavirus', 'Britons']",Twitter for iPhone,False
𝗜𝗮𝗻 𝗙𝗮𝗿𝗿𝗼𝘄 😷⛷🇦🇺🦘イアン ファロー,"Melbourne, Australia","economics | taxation | public policy | snowsports (followers, followed, mentions & retweets ≠ endorsements; [neoliberal] views are my own; 五毛党 trolls corrected)",2009-02-12 03:22:49,1070,1305,25542,False,2020-07-26 07:30:33,@RohanCT The Federal Govt and Victorian Oppn have been restrained in criticising the Victorian Govt while it tries… https://t.co/B8ORAV17oQ,,Twitter for Android,False
Luis Rosales, California USA 🇺🇸,"Campaign Manager, not just for anyone. Advisor (Ground). Military Veteran. #Music #Pomona",2011-03-29 08:13:28,3831,3440,1090,False,2020-07-26 08:05:28,"July 26, 2020

#LosAngeles #NewYork #Washington #NewOrleans #Italia #China #Spain #Japan #SouthKorea #California… https://t.co/1O2H5s2COe","['LosAngeles', 'NewYork', 'Washington', 'NewOrleans', 'Italia', 'China', 'Spain', 'Japan', 'SouthKorea', 'California']",Twitter for iPad,False
"Rahul Kumar, MD, FACP","New Haven, CT","Intensivist, Nephrologist, #ClevelandClinic, #YalePCCSM, Yalie interested in public and global health, NMCian from Patna, India",2010-07-02 19:10:19,184,476,785,False,2020-07-26 08:17:54,An open letter about pathetic CVOID-19 situation in Bihar to Shri @NitishKumar @narendramodi @PMOIndia… https://t.co/6i6xIqK43x,,Twitter Web App,False
Mactul,"Toronto, Ontario","Business management degree, entrepreneur and Basic Human",2016-09-25 02:28:18,9,129,1488,False,2020-07-26 08:18:19,@newslaundry Omg This is the best video so far proving how #JournalismIsDead and how someone’s death has become a p… https://t.co/fuOQYfUFLo,['JournalismIsDead'],Twitter for iPhone,False
Lozil Noronha,"Bengaluru, India","Human, Engineer, Half Guitar Player, Tax Payer. Posted tweets are from personal perspective and don't imply any views of anyone or any organisation.",2009-02-14 01:42:20,807,1055,567,False,2020-07-26 08:36:01,The #Covid19 positive cases from my village itself are concerning....!! We are at community transmission now...! We… https://t.co/y6fiTfff1I,['Covid19'],Twitter Web App,False
🔴 StockWizard 🌐,,Full time researcher of FTSE/AIM companies and investor. Time spent wisely will bring rewards. Investing is about doing the right things at the right moment.,2017-07-16 21:44:24,1398,86,4664,False,2020-07-26 08:54:34,#ODX. Expecting news this week on a number of fronts. Time to commercialise the GOLD standard rapid POC test. India… https://t.co/ydhIsdM4bl,['ODX'],Twitter for Android,False
Anthony,U.K.,"Say it as it is, respect others opinions, we are all equal in this world, and have the right to express our own views and opinions...",2019-11-19 15:03:44,34,13,10,False,2020-07-26 08:56:18,"#coronavirus #COVIDIOTS #COVID19 
for some like the transport secretary Grant Shapps abiding by the new quarantine… https://t.co/02BBaA4xFl","['coronavirus', 'COVIDIOTS', 'COVID19']",Twitter Web App,False
Katherine,"Melbourne, Victoria","I love lots of food, Salvation Army and everything health and fitness",2013-06-25 06:15:01,400,743,306,False,2020-07-26 08:56:30,Supported a new venture by tramboat which is now a #covidtakeout #cafe during #covid19! During Covid they could not… https://t.co/C1d9IW2Qnv,"['covidtakeout', 'cafe', 'covid19']",Instagram,False
Politiko,,Blocked by PLDT-SMART. Banned  by Rappler. News they don’t want you to read.,2014-05-02 09:44:25,10379,112,11528,False,2020-07-26 08:57:59,"No more denials, threats: Hontiveros tells Duterte to own up mistakes in handling COVID pandemic… https://t.co/pMvMM3rUKo",,TweetDeck,False
DestinAsian Magazine,Asia-Pacific,"Asia's top luxury travel magazine since 2001. 
Visit our website: https://t.co/GjIEmjyCCs",2009-07-24 11:00:36,10844,1821,1724,False,2020-07-26 09:00:00,"South Korea May Set Up “Travel Bubbles” with Three Asian Countries.

If the proposal is adopted, travelers will be… https://t.co/eLwO5bXYFR",,TweetDeck,False
Billy Linehan #CrushtheCurve,Ireland,Small business adviser | mentor | @Celtar_Advisers | contrib @Irish_TechNews | @StartupBallymun @LEODublinCity | #SupportSmallBusiness #Growth #CrushtheCurve,2009-06-15 13:12:52,2280,3249,29572,False,2020-07-26 09:01:41,Evading #COVID19 regulations at historical reenactment park Puy du Fou - disappointing &amp; risky in a fab place to vi… https://t.co/fJ4zZVrsKu,['COVID19'],Twitter for Android,False
Anand Mishra,"Bengaluru, Karnataka",,2018-10-25 05:05:11,207,682,93997,False,2020-07-26 09:03:22,"#IndiaNeedsDelhiModel that was initiated and executed by @HMOIndia @AmitShah ji along with @LtGovDelhi,… https://t.co/tXdMtkdrQh",['IndiaNeedsDelhiModel'],Twitter for iPhone,False
RFI English,"Paris, France","Radio France Internationale - World news, features and sport in English broadcast daily from the French capital, #Paris",2008-12-04 15:45:52,23149,204,2717,True,2020-07-26 09:06:28,France has singled out 30 million priority citizens for #COVID19 vaccines https://t.co/ED0YQX9fCI via @RFI_En,['COVID19'],Twitter Web App,False
Neta Ji,United States of Maine Puri,"उत्तअ-पदेअस के मुहिया, साप्पदाइ छत्तिओ के बिओधी... 1)मज्जिद वही बअवाअगे 2)एअक बाअ हज्ज जऊअ जाअगे 3)पअधामत्तई बअ के दिखाअगे ALL FAKE, Nothing true",2017-09-14 14:44:30,18813,197,1260,False,2020-07-26 09:13:14,"Thread to compare the administrative prowess, effectiveness and steadfast approach of a cow-worshipping 'Mahant' in… https://t.co/cphLrvMz0Z",,Twitter for iPhone,False
Mark Ashmore,South Northants,"Fancy Food and Drink, nothing to do with work, (associate) member. shameless plugging @Brindisa",2009-07-21 10:22:54,436,693,2155,False,2020-07-26 09:14:01,"@BBC_HaveYourSay No cases, no deaths, empty beaches, better #COVID19 measures, I feel safer here not looking forwar… https://t.co/QGP7dxt2Ov",['COVID19'],Twitter for iPhone,False
Paul,,MSK Physiotherapist with a special interest in upper limb.,2019-07-11 09:48:49,0,60,16,False,2020-07-26 09:20:41,@ajpollard1 @BBCFergusWalsh I’m looking for find out if this is being looked at re. post viral syndrome following… https://t.co/r3Urtcc3eq,,Twitter for iPhone,False
Charles Gaba,"Bloomfield Township, MI","Healthcare analyst at https://t.co/E2uQBKy14b. If you find my work of value, please support it at https://t.co/BB0uxt0qHl",2009-03-23 00:05:23,40094,3082,567911,True,2020-07-27 01:35:46,"(sigh) Annnnd there you have it: Louisiana now has more #COVID19 cases per capita than New York, with Arizona right… https://t.co/kas66ZiRTJ",['COVID19'],Twitter Web App,False
Nine News Sydney,"Sydney, Australia",Sydney's No.1 News with @PeterOverton and @GeorgieG. Nightly at 6.00pm on @Channel9. #9News,2010-07-28 05:48:13,123773,387,757,True,2020-07-27 01:36:46,"Six Victorians have died of #COVID19 over the past 24 hours, with the state today posting it's highest daily increa… https://t.co/gs22LqurW9",['COVID19'],Grabyo,False
Manila Bulletin News,"Manila, Philippines",Breaking news and stories from different sides. RTs from our journalists. Unparalleled journalism in the Philippines since 1900. #BeFullyInformed,2008-07-10 07:55:26,790074,209,2355,True,2020-07-27 01:39:41,"Members of @actph1982 join the #SONAgKAISA protest where they registered demands for safe, accessible &amp; quality edu… https://t.co/4i4tfHH8wP",['SONAgKAISA'],Twitter for iPhone,False
MobileSwitch,United States,"Transfer all your contacts, calendar events etc. from your old phone to a new phone in just a few seconds with MOBILESWITCH",2017-01-30 07:56:54,153,265,191,False,2020-07-27 02:39:41,"#COVID19 Diaries: #Cloud &amp; #Cloudification Everywhere

 https://t.co/R91a9I2bKH 

#Technology @UnfoldLabs… https://t.co/1ZWa7q8ceM","['COVID19', 'Cloud', 'Cloudification', 'Technology']",HubSpot,False
Roberto Jones,"corrupt, criminal australia","Human Rights are universal ¡Si a la Vida, no a la minería! #DDHH España Guatemala Honduras AméricaLatina #DerechosHumanos #HumanRights Refugees #UN Photographer",2009-07-11 12:21:29,3105,1127,94823,False,2020-07-27 02:40:48,"#Honduras: 'Terrible, I have received communication from some people informing me that #banks are beginning to thre… https://t.co/YdHiECNNsb","['Honduras', 'banks']",Twitter Web App,False
Amelia,"Kansas City, MO",,2012-10-04 01:04:46,24,298,3421,False,2020-07-27 02:47:59,Do you think they’ll call our nieces and nephews or your kids or grandkids “Generation Covid”? #coronavirus  #COVID19 #gencovid,"['coronavirus', 'COVID19', 'gencovid']",Twitter for iPhone,False
DWF,Barbados,What's Cooking ?,2018-05-18 12:55:38,124,110,1837,False,2020-07-27 02:52:34,#MrPresident get a clue the #coronavirus is real and it goes by the name of #COVID19  when you get down to it what… https://t.co/7I1ehn6EZE,"['MrPresident', 'coronavirus', 'COVID19']",Twitter Web App,False
Reza,Canada,Imperare sibi maximum imperium est. (Most powerful is he who has himself in his own power.) - Lucius Annaeus Seneca,2011-12-16 03:08:57,279,246,6786,False,2020-07-27 02:55:46,@johnkawakami @ShawnAdamsson My point is that there are RCTs stating that cloth masks increase influenza infections… https://t.co/Tav3tKB5iO,,Twitter for iPhone,False
❌John Johnson - American Patriot🇺🇸,Alabama,"Husband, Father and Patriot - Fighting for my marriage, my family and my country.",2008-12-17 14:53:09,58380,57180,10915,False,2020-07-27 03:02:03,@NYGovCuomo Other people don't seem to realize putting #COVID19 patients in nursing homes is murder!,['COVID19'],Twitter Web App,False
KCMO Health Dept,"Kansas City, Mo.","Official Twitter account for the City of Kansas City, Mo., Health Department, 2400 Troost Ave., 64108. Directed by @RexArcherMD.",2010-06-01 15:24:39,9067,1821,5821,False,2020-07-27 03:12:00,"😷It's time to do your part to #StopTheSpread of #COVID19. 

If you won't wear one for yourself, wear one for your g… https://t.co/9BJ5rJ3qUv","['StopTheSpread', 'COVID19']",Twitter Web App,False
ThisMammaSays,Crazy place we call Life,just a single mom to an amazing girly girl trying to live my best life. #singlemom #lifewithloss #livinglife #singlemomlife #lifeafterloss,2012-04-21 23:48:18,101,182,551,False,2020-07-27 03:17:01,@GovRonDeSantis children also get #COVID19 #ChildrensLivesMatter #desantis @realDonaldTrump #FloridaCovidEpicenter… https://t.co/8AS0hxD1tK,"['COVID19', 'ChildrensLivesMatter', 'desantis', 'FloridaCovidEpicenter']",Twitter for iPhone,False
Charity Maodza,,A new dawn. Zimbabwe is rising again!,2016-08-05 06:55:55,10255,763,15562,False,2020-07-27 03:17:32,"NSSA is the latest of several companies that have closed their premises due to the outbreak of #COVID19, showing th… https://t.co/7c7k1p284q",['COVID19'],Twitter for Android,False
Bhatia Hospital,"Tardeo, Mumbai",200 Beded Multi-speciality hospital in South Mumbai.,2013-12-02 19:24:53,312,22,0,False,2020-07-27 03:37:41,"Dr. Dastur, the medical director of Bhatia Hospital, talks to CNN about Hospitals facing financial difficulties &amp; m… https://t.co/V4fKWoiTiH",,Twitter for iPhone,False
Threader,Author? You can opt-out with the keyword “pause”,"Get good Twitter threads, every day • Apple’s App of the Day • Mention us with the keyword “compile” on a thread to turn it into an ad-free, single page.",2017-08-23 08:21:43,47260,1168,3533,False,2020-07-27 04:03:05,"@jdkee Hi, you can read this thread from @AshTuite here: https://t.co/dE9dV7cXNG  #COVID19",['COVID19'],Threader_client,False
David Forrest,"#VA02, USA",Scientist in Virginia,2008-11-21 16:22:43,348,127,52490,False,2020-07-27 04:13:58,"This is the other part of R0 exponential growth--the time over which it operates.  For #COVID19, it's ~5 days, so i… https://t.co/7ORDenUUIV",['COVID19'],Twitter Web App,False
Trance Farm,"Cincinnati, OH",Cultivating The Stories Of Trance Music Artists,2019-02-13 02:50:40,171,118,1125,False,2020-07-27 04:26:53,"It's happening!
@PAULVANDYK and @atbandre will headline the first post-#covid19 dance music festival in Greece duri… https://t.co/unU8iOen03",['covid19'],Twitter Web App,False
Dynamite News,"New Delhi, India",Leading National News Portal of India | Politics | Bureaucracy | Uttar Pradesh and many more | Founder & Editor-in-Chief @Manoj_Tibrewal,2015-08-01 05:56:52,16385,65,10521,False,2020-07-27 04:29:08,"43 people tested positive for #COVID19 in Kasargod, after they attended a wedding ceremony on 17 July. The newly-we… https://t.co/StQ23zOshX",['COVID19'],Twitter Web App,False
Focus Taiwan (CNA English News),Central News Agency (CNA),"Daily news from & about Taiwan, local paper headlines, and some stories from our Spanish/Japanese sites. Retweet! Follow FB: @focus.tw Insta: @focus_tw",2009-07-27 06:41:57,44318,851,1852,False,2020-07-27 04:52:11,"@IslaIsland886 Thanks, article corrected, too late for the tweet, sadly. Penghu is sort of enjoying some popularity… https://t.co/HqzRqA9F95",,Twitter for Android,False
"Field Outreach Bureau,Udhampur(J&K)","Udhampur, Jammu And Kashmir","Official account of Field Outreach Bureau, Ministry of Information and Broadcasting, Government of India, Udhampur/Reasi Range, Jammu and Kashmir",2020-04-10 15:45:37,304,126,3974,False,2020-07-27 05:11:14,"#IndiaFightsCorona:

#COVID19 labs in India (As on July 26, 2020) 👇

#StaySafe #TheNewNormal #IndiaWillWin… https://t.co/WxoCVXKb44","['IndiaFightsCorona', 'COVID19', 'StaySafe', 'TheNewNormal', 'IndiaWillWin']",Twitter for Android,False
TedMagnolia,,,2019-06-07 20:48:27,4,22,1321,False,2020-07-27 05:22:35,"https://t.co/6wnVAcjlzc you gotta be fucking kidding me, why are we still letting ourselves be manipulated by fear… https://t.co/vBF8tXTur1",,Twitter for Android,False
Novel Coronavirus - Covid19,,"Global Coronavirus news from journals, media, experts and researchers. Updated often. Human curated by Dave Roberts",2020-01-06 17:09:38,44409,36,6,False,2020-07-27 05:24:20,A data-driven metapopulation model for the Belgian #COVID19 epidemic: assessing the impact of lockdown and exit str… https://t.co/jSADyFyslf,['COVID19'],Flamingo for Android,False
Tech This Out News,Digital Mind State,"The Preeminent Source for Innovative Trends & an Insider’s Guide to What’s HOT, NOT, NEW & NEXT in the World of TECHNOLOGY. #techthisout #wetheculture",2011-04-08 01:48:29,1652,637,144,False,2020-07-27 05:29:02,"FUTURE SPORTS IN LA On monday at 6pm only on techthisoutnews #techthisoutnews 
#blackentrepreneurs #blackeducation… https://t.co/ojAAjduzxR","['techthisoutnews', 'blackentrepreneurs', 'blackeducation']",Twitter Web App,False
Coronavirus Updates,,"COVID-19 (Coronavirus) Latest News & Statistics.
We post updates 24/7 as they come in, all stats are from official sources.
#Coronavirus #COVID19",2020-03-07 12:52:51,444,1,0,False,2020-07-27 05:36:44,"8 new deaths in El Salvador 

[6:36 GMT] #coronavirus #CoronaVirusUpdate #COVID19 #CoronavirusPandemic","['coronavirus', 'CoronaVirusUpdate', 'COVID19', 'CoronavirusPandemic']",COVID19-Updates,False
Edelweiss Wealth Management,"Mumbai, India",We empower our customers to grow their wealth by providing Unbiased Advisory in a simple & personalized manner.,2011-04-28 07:07:38,8462,52,879,False,2020-07-27 05:45:19,#COVID19 has shaken up the market like never before. Instead of giving into fear and sabotaging your financial… https://t.co/INd45e2bMg,['COVID19'],Twitter Web App,False
Kumar Raj 🇹🇭🇮🇳,"Bangkok, Thailand","#Blogger #Photographer #Bollywood #DigitalMedia #marketing #brandbuilding, #leadgeneration #Ecommerce https://t.co/SGKPxJs74w #marketingbyraj",2008-12-20 10:30:29,6096,753,10288,False,2020-07-27 05:48:48,"Official #COVID19 update in #Thailand on 27th July, 2020:
3,295 people infected (+4)
3,111 discharged from hospital… https://t.co/iN2Qyn8Gg2","['COVID19', 'Thailand']",Twitter Web App,False
UnusualUpdate,,,2018-09-24 17:23:42,9,0,1,False,2020-07-27 06:12:15,"101 years earlier with the Spanish flu, Victorians also had stay at home lockdown with fines and the mask debate. H… https://t.co/cSVKQLcNFp",,IFTTT,False
People's Daily app,"北京, 中华人民共和国",Our mission is to provide news and perspectives on China to a global audience. Download the app for news on China.,2018-02-04 12:36:42,1399,102,16,False,2020-07-27 06:20:54,"#India's federal health ministry on Monday morning reported 708 more deaths and 49,931 new #COVID19 cases during th… https://t.co/lDkHKRvFck","['India', 'COVID19']",Twitter Web App,False
HKIRA,Hong Kong,,2013-05-23 04:52:48,30,32,4,False,2020-07-27 06:21:20,Join Aug Webinar to learn more about the recognition of the impact of ESG strategy and implementation on values tha… https://t.co/o5HZSz70dH,,Twitter Web App,False
ICC,"Kolkata, West Bengal","The Indian Chamber of Commerce, or ICC as it is popularly known, is the premier body of business and industry in Eastern and North-Eastern India.",2015-07-22 11:18:23,1006,64,42,False,2020-07-27 06:35:01,"At a recent webinar organised by the ICC, Textiles Minister Smriti Irani stated that the #COVID19 pandemic is provi… https://t.co/kBwjuleReN",['COVID19'],Twitter Web App,False
What's new?,Madrid,#Poverty Stories,2009-06-21 19:15:21,2656,126,9411,False,2020-07-27 06:48:18,"@MajlessiUN Our planet runs on corruption and just saying ""no corruption"" is missing the point. How we are managing… https://t.co/KOFIeTdbI4",,Twitter Web App,False
David Caldicott,"Gone Dark, In the Bush Capital",Urgentiste / Emergency Doctor / Handyman to the Human Body. Parent of many. Anti-Viral Agent. Bad typist. Twitter is to keep notes. All opinions are your own.,2014-03-05 10:41:07,5775,1597,41433,False,2020-07-27 06:49:46,I know that @billbowtell will be an absolute gentleman in the manner in which he addresses the unsubstantiated posi… https://t.co/XAyaaApz7A,,Twitter for iPhone,False
ARAR Group of Companies,"Lahore, Pakistan",LeadingAssisting.Remarkable.Accomplishment.Results,2018-01-11 08:16:56,421,107,42,False,2020-07-27 06:49:52,"@ArarGroup123 along with @pid_gov is providing its services 24/7 at Town Hospital Mumtazabad, Multan. Training sess… https://t.co/MkzxaLM9iI",,Twitter Web App,False
AA Energy,Ankara,Official Twitter account of Anadolu Agency Energy News,2014-07-10 09:40:08,5993,9,0,False,2020-07-27 06:51:15,"#Oil up with low #dollar index and #US-#China tension
#oilprices #USdollar #USChina #Brentoil #coronavirus #COVID19… https://t.co/wb3Qoi8a56","['Oil', 'dollar', 'US', 'China', 'oilprices', 'USdollar', 'USChina', 'Brentoil', 'coronavirus', 'COVID19']",Twitter Web App,False
Bundesinstitut für Arzneimittel u. Medizinprodukte,"Bonn, Deutschland","Unser Ziel: sichere, wirksame Arzneimittel und Medizinprodukte. Hier: Fachinfos zu #Gesundheit #Medizin #Sicherheit #Innovation #Digitalisierung",2016-11-28 14:37:45,5975,804,976,True,2020-07-27 06:52:53,BfArM is working with colleagues across the #HMA and from @EMA_News to facilitate the supply of safe and effective… https://t.co/xaBCUnWGHq,['HMA'],Twitter Web App,False
All Trends & Updates,,Updates,2020-06-03 06:13:19,12,4,43,False,2020-07-27 06:55:48,"#India's #COVID19 tally cross 14 Lakhs mark with 708 deaths &amp; highest single-day spike of 49,931 cases reported in… https://t.co/SJapFtIfWt","['India', 'COVID19']",Twitter Web App,False
Qsports Online,"Cheadle, England",Q Sports is one of the leading supplier & retailer of fitness products in the UK.#Boxing #Fitness For all order enquires please contact info@qsportsonline.co.uk,2019-10-22 09:49:21,68,229,19,False,2020-07-27 06:57:24,"Discover how our fitness equipments can change your life.

.
.

𝐄𝐧𝐣𝐨𝐲 𝐅𝐫𝐞𝐞 𝐒𝐡𝐢𝐩𝐩𝐢𝐧𝐠!!

For more info: -… https://t.co/oTMg023qJc",,Twitter for Android,False
Rein,Kenya,Economist,2012-02-28 06:04:47,40293,2052,22269,False,2020-07-27 06:59:48,@MOH_Kenya is giving attention to body bags more than Medical professionals and healthcare system ( ICU beds ). Kem… https://t.co/OjQGbwdMHR,,Twitter for iPhone,False
J Wolfe,"Texas, USA","Soul Winner 4 Jesus. ✝️ Husband, father, defender & protector of those in need. Patriot, Navy Seabee Vet. 🇺🇸 Bible believing conservative. 🇺🇸Q🇺🇸Trump2020",2020-01-09 01:14:48,630,1571,3735,False,2020-07-27 07:02:04,5 COVID-19 Stories the MSM Won’t Report #COVID19  #COVID #coronavirus  https://t.co/cBbT3YHQpy via @YouTube,"['COVID19', 'COVID', 'coronavirus']",Twitter for iPhone,False
Business Standard,India,"Latest updates #news #LIVE coverage on #economy #companies #markets #politics and #technology from India's leading business daily
https://t.co/VVl6HGuvvc",2009-06-01 08:52:08,1970422,380,140,True,2020-07-27 07:02:26,"Coronavirus in Uttar Pradesh: Lockdown in Ballia extended till Friday

#CoronaVirusUpdates #COVID19 

https://t.co/MvYQM6EfcZ","['CoronaVirusUpdates', 'COVID19']",TweetDeck,False
Awkwardunicorn,south Africa ,"🦄one of a kind🦄mom of 3unicorns, 
love entertainment",2018-11-19 06:44:13,474,454,29960,False,2020-07-27 07:07:39,"“Fairy tales are more than true: not because they tell us that dragons exist, but because they tell us that dragons… https://t.co/loAuXrMjBj",,Twitter for Android,False
Koko Angela,,"Nat’l Dir of #SilentNoMore Foundation. Per diem RN with love for NOC. Personal account, includes goofing off. ☺️ Opinions mine only, not employer’s or #SNMF’s.",2018-08-01 02:52:26,1458,694,19620,False,2020-07-28 02:59:32,"@realDonaldTrump How can you stand proud of where we are right now? My retirement is ravaged, my PPE is contaminate… https://t.co/sUs8vRHeRn",,Twitter for iPhone,False
www.THEPIGEONEXPRESS.com,online,The Pigeon Express @PigeonExpress_ || News Feed Loop,2018-10-30 05:54:46,1013,109,4100,False,2020-07-28 03:00:01,"Defector who returned was not coronavirus infected, South Korea says contradicting North's claims...... #Kaesong… https://t.co/1EKJ6pqy0J",['Kaesong'],TweetDeck,False
Resveratrol Info,USA,"Resveratrol, it's in the news... 60 Minutes, Fortune Mag., Time Mag. and numerous Clinical Studies.  Learn more about Resveratrol at:",2009-06-25 18:23:59,258,293,6507,False,2020-07-28 03:01:25,"Chief of critical care at Baltimore's Mercy Medical Center, Dr Joseph Costa, passes away due to #COVID19 complicati… https://t.co/OuetDTSiFr",['COVID19'],Twitter for iPhone,False
Vignesh Vicky,,,2013-09-06 07:06:19,13,2,15,False,2020-07-28 03:35:35,"@A2BRestaurant I was really afraid to order henceforth in ur place, I'm just concerned about the people who order f… https://t.co/joMnHtCYli",,Twitter Web App,False
News Medical,,Medical News from Around the World,2009-05-11 07:25:11,13322,3418,191,False,2020-07-28 03:36:33,@medrxivpreprint Swiss study shows how critical time is in responding to COVID-19 https://t.co/AWY3jul09V @unibern… https://t.co/n1XSWDeV7C,,Twitter Web App,False
IIM Indore,Indore,The Official Twitter Account of IIM Indore,2011-06-23 15:26:16,26516,47,923,False,2020-07-28 03:41:06,"As we approach #Unlock3, how can the uncertainty be eased down? Here’s an insightful policy paper by Prof.… https://t.co/nEXehOAho7",['Unlock3'],Twitter for iPhone,False
TAITRA New Delhi Office,"New Delhi, India",TAITRA New Delhi Office is aiming to connect enterprises between India and Taiwan.,2018-11-08 20:58:16,292,74,22,False,2020-07-28 03:44:00,#TAITRA launched Anti-#Covid19 Facebook page at https://t.co/gDmh3sqqlM to share #Taiwan experience in fighting… https://t.co/mqhIzDmGFW,"['TAITRA', 'Covid19', 'Taiwan']",TweetDeck,False
"Rijo M John, PhD","Kerala, India",Health Economist | Guest faculty @IIMKozhikode | Consultant @WHO @TobaccoFreeKids @Tobacconomics | Senior Fellow @CPPRIndia | Former Asst. Prof. @IITJ_Official.,2012-05-22 22:25:29,2735,808,3117,False,2020-07-28 03:45:19,27 July: 14.8L #COVID19 cases &amp; 33463 deaths. 30 States/UTs now have at least 1000 cases. The daily growth of cases… https://t.co/vhqW3XeGTC,['COVID19'],Twitter Web App,False
VoiceToData,,"Follow us to get automated live micro-reports about #environment, #health, #technology, and more.

Now giving voice to: #coronavirus outbreak",2020-02-05 12:59:47,181,250,191,False,2020-07-28 03:50:03,"UPDATE: New cases of #coronavirus #COVID19 #COVID_19 

Peru (+13756, tot. 389717)
US (+2225, tot. 4290237)
Venezuel… https://t.co/80t7wqNvbU","['coronavirus', 'COVID19', 'COVID_19']",VoiceToData,False
IFRC Asia Pacific,"Kuala Lumpur, Malaysia",Asia Pacific Office of the International Federation of #RedCross and #RedCrescent Societies (@IFRC),2015-03-05 02:41:45,13389,1530,13055,True,2020-07-28 03:56:29,We salute front-line healthcare workers who spend eight to ten hours a day in personal protective equipment as they… https://t.co/qhdYIhkxlV,,Twitter Web App,False
GlobalPandemic.NET,WORLDWIDE,Breaking News & Critical Information to SURVIVE the Coronavirus Outbreak / Civil Unrest,2010-07-13 21:58:05,26112,26032,2,False,2020-07-28 03:59:12,"ALERT: Seattle Mayor Jenny Durkan Claims President Trump is
“Responsible” For Criminal Riots in City - Global Pande… https://t.co/3usEwXpRPy",,GlobalPandemic.NET,False
NewYorker9/28🇺🇸,"Bronx, NY","Love, War and ...⚠️Politics! 🧮Technical-Advisor:#Blogger #Journalism 🎬 #music 🎼 #Entertainment #TechNews🇺🇸 @USMC",2017-11-13 19:21:03,213,240,35550,False,2020-07-28 03:59:51,Outside partying like a rockstar during a pandemic #COVID19 😕https://t.co/MuWWyyYy51,['COVID19'],Twitter for iPhone,False
Laughing Stocks,,"Investment : Follow me ; 
Returns : Laughter;
Asset Class : Memes and Jokes on Stock Market",2020-07-23 05:55:58,15,0,1,False,2020-07-28 04:09:57,"WhatsApp forwards are damn funny!
WA credit : @rampuria_nikhil 

#tuesdayvibes #COVID19 https://t.co/okVfI45twr","['tuesdayvibes', 'COVID19']",Twitter Web App,False
Dina Guglielmi,"Boca Raton, FL","Architectural Designer, Landscape Designer. Author,Humanitarian Causes, Mother, Loving family member, & Friend! 💕 Faith 🙏",2016-03-15 20:39:40,52,379,136,False,2020-07-28 04:25:23,@SenSchumer @pbcsd they made deals with @comcast @TMobile @officedepot for kids to have remote learning. #COVID19 h… https://t.co/5JnWTgYXdL,['COVID19'],Twitter for iPhone,False
IBTimes 🇮🇳,India,"International Business Times, India | Indian news, for the global news consumer | Follow: https://t.co/DuK9ndo8en | https://t.co/G3KUFBea5c",2011-11-02 20:46:16,18339,28,2091,True,2020-07-28 04:31:46,"Moderna, Pfizer start decisive COVID vaccine trials, eye year-end launches

▪️ Moderna Inc &amp; #Pfizer Inc launched t… https://t.co/mQlFj45EI7",['Pfizer'],Twitter Web App,False
Truth and Justice,,"We have to fight against the war machine, criminal central banks, MSM and corruption. #EndTheFed #AuditTheFed #EndTheWars #FreeAssange #TurnOffMSM #Tulsi2024",2010-11-13 12:40:29,2613,3029,2528,False,2020-07-28 04:39:42,#COVID19 Tyranny https://t.co/sh7lt6EPQF,['COVID19'],Twitter for iPhone,False
Rebecca Rouse,"Chico, CA",,2011-12-01 04:27:05,33,183,31,False,2020-07-28 04:40:46,Want to know how you can help to support others locally during #COVID19? Check out this @GlblCtzn article now on ho… https://t.co/XsbR3xinAA,['COVID19'],Global Citizen Mobile App,False
Amanda Brooke Moreno,"Birmingham, AL",USA Alumna #GoJags #WarEagle #CTRS,2011-10-23 21:13:51,801,794,9415,False,2020-07-28 04:56:50,"Alabama Covid cases are at an all time high and they wanna open churches, schools, sports and everything else? Yes… https://t.co/xtuyx5koYV",,Twitter for Android,False
Surajkumar,,,2016-07-27 07:10:47,52,85,11311,False,2020-07-28 05:09:11,@drsanjaygupta so #dipshit how many #COVID19 you seen and cured? #AaradhyaBachchan #AbolishThePolice #OBAMAGATE #2020election,"['dipshit', 'COVID19', 'AaradhyaBachchan', 'AbolishThePolice', 'OBAMAGATE', '2020election']",Twitter for iPhone,False
MJA,Sydney Australia,The Medical Journal of Australia (MJA) is Australia's leading peer-reviewed general medical journal. RTs are not endorsements. Also tweeting for MJA InSight.,2010-06-08 04:33:12,20430,2033,16183,False,2020-07-28 05:17:00,#COVID19 and health care environmental hygiene … Prof @DidierPittet &amp; Alexandra Peters write #openaccess in InSight… https://t.co/6NRkwXYVF4,"['COVID19', 'openaccess']",TweetDeck,False
UNICEF Afghanistan,Kabul,UNICEF Afghanistan promotes the rights of children and women throughout Afghanistan and works to bring basic services to those who are most in need.,2013-09-25 08:30:22,59440,1427,5189,True,2020-07-28 05:18:12,Thanks to @German_Gov for pioneering through pandemic times of #COVID19 in #Afghanistan. Their flexible &amp; generous… https://t.co/tHxoDu1Its,"['COVID19', 'Afghanistan']",Twitter Web App,False
Mr Bubbles ala Brucey Baby,"Johannesburg, South Africa","Dedicated worker, friend & family man who loves the good things life has to offer-makes the most of all opportunity's. Executive Chairman.
Instagram @bruceybld",2011-03-03 12:35:00,1429,364,7423,False,2020-07-28 05:21:02,Second #COVID19 wave forces new travel curbs around the globe,['COVID19'],Twitter Web App,False
The Times Of India,New Delhi,"News. Views. Analysis. Conversations. India’s No.1 digital news destination, world’s largest-selling English newspaper - A Times Internet Limited Product",2010-04-19 10:50:15,12984504,505,5,True,2020-07-28 05:28:04,"1,215 new #COVID19 cases reported in Odisha, taking the total number of cases to 28,107 including 17,373 recoveries… https://t.co/P3AeyJWepH",['COVID19'],Twitter Web App,False
Roy Morgan,"Melbourne, Australia",Roy Morgan- Recognised leader in Social and Market Research,2009-04-15 05:28:30,6726,3416,3738,False,2020-07-28 05:33:02,Melbourne enters Lockdown 2.0 but movement in the CBD higher than during initial stages of first #lockdown. A speci… https://t.co/36G9nN5NSt,['lockdown'],Hootsuite Inc.,False
Pennyless Church,"Washington, USA",A Ministry based on  The Gospel of Jesus Christ  💖  Love One Another 💫   US Navy Veteran:  Believe in Our Constitution 🇺🇸,2011-10-10 10:26:51,6477,6838,31695,False,2020-07-28 05:35:05,"@FLOTUS @WhiteHouse 200,000 Americans dead
1,000 Americans a day dying
You're the 1st lady of the United States
Wha… https://t.co/GcEtKjxxAk",,Twitter Web App,False
Emily Cosenza,"Adelaide, South Australia",Singer and Journalist for @aapnewswire. Views are my own and all that.,2017-02-19 00:32:29,212,142,615,False,2020-07-28 05:54:54,#COVID19 UPDATE: SA records one new case today; a woman in her 20s who travelled from Victoria. Professor Nicola Sp… https://t.co/W4ts3fmmwJ,['COVID19'],TweetDeck,False
Jacques Delors Centre,Berlin,@thehertieschool’s Centre on Europe. We combine think tank work and academic research. Sister of @DelorsInstitute and @DelorsEurope.,2013-12-29 23:45:34,6721,789,1050,False,2020-07-28 06:00:44,"„While the exact impact of #COVID19 on migratory movements is still uncertain, the need for a resilient and sustain… https://t.co/PLRZHOoXO7",['COVID19'],Hootsuite Inc.,False
⚜Raphaela Resists!💫 #FBR🔞#JohnLewisBridge,🌍🦓🌌🏝🌋🦖🐬🐊🐘✈️⛵🐺🦠🐕🏝,IS IT STILL 13 o'CLOCK?🌊Snark #TheResistance #Resisters #BLM 🏳️‍🌈 #TheWholeWorldIsWatching #ClimateCrisis @lovemoz1 🥁Major Jackson Browne fan🎸,2020-02-22 03:16:00,2489,3522,16289,False,2020-07-28 06:00:54,☠️☠️ Open Schools—-Are they kidding?? ☠️☠️ #GOPCowards #GOPComplicitTraitors #GOPCorruptionOverCountry #BLM 👇… https://t.co/Oj4Rs14IDy,"['GOPCowards', 'GOPComplicitTraitors', 'GOPCorruptionOverCountry', 'BLM']",Twitter for iPad,False
IranNewsUpdate,"Washington, DC","Iran News Update (INU) features original news, analysis, & commentary on events inside & outside of Iran as well as from the Iranian Diaspora.",2013-04-27 08:45:22,15235,420,9418,True,2020-07-28 06:10:20,"#Coronavirus in #Iran's provinces:
#Tehran—234 deaths in two days, 200 medical staff contracted in a hospital… https://t.co/U2CN28ciYz","['Coronavirus', 'Iran', 'Tehran']",Twitter Web App,False
Alberta Fact Checker 🌈,"Edmonton, Alberta","Father, Husband, Reader, Gamer, Cook, Drama Teacher",2013-07-04 15:00:47,4073,2729,96069,False,2020-07-28 06:18:13,"There are hundreds of likes, retweets and comments on this. In case you were wondering why the USA has the highest… https://t.co/s6EL0oho7o",,Twitter Web App,False
Hindustan Times,India,One of India's largest media companies. Latest news from around the world. Retweets are not endorsements,2009-04-29 10:11:34,7653740,126,2959,True,2020-07-28 06:19:17,#NewsAlert | European Central Bank (ECB) tells banks not to pay dividends until January 2021 over #COVID19 crisis (AFP),"['NewsAlert', 'COVID19']",Twitter Web App,False
LARIluxembourg,"Esch-sur-Alzette, Luxembourg","LARI (Luxembourg Agency for Research Integrity) promotes good scientific practices and integrity via education, coaching, consultation, & investigations.",2018-09-04 07:40:11,297,205,332,False,2020-07-28 06:19:33,Some advice to IRBs/RECs about #COVID19 vaccine challenge trials: https://t.co/vyrFzHpECG  #bioethics #researchethics,"['COVID19', 'bioethics', 'researchethics']",Twitter Web App,False
Bodhicitta,Centered,"""Anyone willing to Sacrifice a
LITTLE Liberty for a
LITTLE SECURITY will Deserve NEITHER, and LOSE BOTH""
Benjamin Franklin",2014-05-29 18:35:28,179,148,30550,False,2020-07-28 06:20:39,"@mattljames11 @MsAlasska86 @DonotInnovate @AngrierWHStaff #JizzTRUMPet reTWEETs
This FrootLoop Regularly?… https://t.co/3FcGeQWbos",['JizzTRUMPet'],Twitter for Android,False
Craig Thomler,Canberra,"Digital Marketing Senior Manager for Accenture ANZ. Into #Innovation, #DigitalTransformation, #DigiGov & #Gov20. Opinions mine, retweet≠endorsement",2008-06-19 15:44:15,10196,10847,136,False,2020-07-28 06:21:49,"The whole point of civil unrest is to generate attention &amp; create discomfort for authorities, so I’m regarding the… https://t.co/nuAwaCdMEE",,Twitter for iPhone,False
S L Anand Vaishnov,Chennai,"Independent Journalist, Political consultant - Psephologist and Social media strategist
ANAND VAISHNOV eSchool of Polity & Journalism",2012-05-01 04:08:04,691,1386,11481,False,2020-07-28 06:23:45,"#COVID19 NOT a JOKE!!!!

STAY CAUTIOUSLY PLEASE 🙏🙏🙏🙏 Age group: 20-35 please be serious",['COVID19'],Twitter Web App,False
Dr Vyom Sharma,"Melbourne, Australia",Doctor. On #COVID19 frontline. Host on @Radiotherapy RRR FM. Papadum magician. watch here: https://t.co/xKFMVBp4uV,2011-04-30 15:40:38,8049,818,22026,False,2020-07-28 06:24:38,"Brand new study which has found inflammation of the heart was common in a group of #covid19 patients, most of whom… https://t.co/7MHY8zPxWi",['covid19'],Twitter Web App,False
Linda Sparrow,Melbourne Australia,act on climate now ..... justice for refugees ..... mandate staff/resident ratios in aged care,2013-01-20 21:36:05,1050,1215,3183,False,2020-07-28 06:26:23,@richardmcolbeck says the fact that a facility is #forprofit has nothing to do with #COVID19 hitting that sector th… https://t.co/iV3V8h11n0,"['forprofit', 'COVID19']",TweetDeck,False
Deloitte Africa,,"Deloitte Africa provides expertise across a range of audit, financial consulting, risk advisory & taxation services throughout the African continent.",2015-06-04 07:16:19,1595,19,40,False,2020-07-28 06:30:00,The imperative for inclusive growth is likely to be exacerbated by the #COVID19 crisis. @DeloitteSA hosted a Digita… https://t.co/YpDiPjZINK,['COVID19'],Sprinklr,False
Lyrium,Hong Kong,"Lyrium is a leading, strategic innovation hive that turns ideas into results.",2010-05-16 13:18:11,25,28,18,False,2020-07-28 06:30:00,#CocaCola is a clear example of how #brands are maximizing #digitalmarketing in light of the #COVID19 pandemic's im… https://t.co/hicvkJsKOW,"['CocaCola', 'brands', 'digitalmarketing', 'COVID19']",TweetDeck,False
NextLevelTrading,,"Expert stock trading analysis.

24-years trading experience. Former CBOE floor trader. Now, just trading my own account. 

#1 Stock Trader.",2019-06-13 20:07:03,1669,126,4548,False,2020-07-28 06:34:10,"Trained dogs can now sniff out #coronavirus. 

I would consider this very good news for sporting events.
Just have… https://t.co/AEESkZUPds",['coronavirus'],Twitter Web App,False
Angela Harmon,kansas city missouri,living my dream,2012-06-10 02:40:17,604,872,14865,False,2020-07-29 15:57:54,It's no joke . My patient at 330 this morning went back on the ventilator 2months of fighting #COVID19 yall ain't r… https://t.co/EZV4tHk9pD,['COVID19'],Twitter for Android,False
NEMS San Francisco,San Francisco,North East Medical Services (NEMS) is a non-profit community health center serving the San Francisco Bay Area. Visit us at http://t.co/EaeiHygYWe for more info!,2013-01-03 22:42:03,214,369,584,False,2020-07-29 15:58:02,Join @HRSAgov in celebrating #WellChildWednesdays by scheduling an appointment with your #pediatric #provider today… https://t.co/AgrGZNaWbq,"['WellChildWednesdays', 'pediatric', 'provider']",Twitter Web App,False
Filmy Focus,"Hyderabad, Telangana","A #TeluguFilmWebsite, Filmy Focus is one stop shop for everything in #Tollywood. Come engage with the latest in #MovieUpdates, #Videos, #MovieReviews and more..",2014-10-15 08:23:14,4755,160,10,False,2020-07-29 15:58:30,"Rajamouli tested positive for Covid!

@ssrajamouli #Rajamouli #SSRajamouli #RRR #Covid19 #CoronaVirus","['Rajamouli', 'SSRajamouli', 'RRR', 'Covid19', 'CoronaVirus']",Twitter for Advertisers,False
Judge Rex Marvel,"Charlotte, NC","Mecklenburg County Family Court Judge, Adjunct Professor, Community Advocate, Husband, and Father.",2017-10-23 19:21:22,360,1408,1222,False,2020-07-29 15:59:08,"Dr. @MyronRolle , NFL Veteran, @floridastate Alum, Brain Surgeon &amp; Rhodes Scholar  warns of the dangers of staring… https://t.co/GzOzSasImq",,Twitter for iPhone,False
One_XXL_Dude,,"Fat & Queer🌈
Queer@birth, FAT by Intent
      +Fat Acceptance
Current Affairs, Music, Art, FOOD!",2012-07-30 03:36:08,111,913,32882,False,2020-07-29 15:59:19,"Well, well, well... #LouisGohmert has tested positive for #COVID19 - otherwise known as a hoax.

#Gohmert is positive for a #hoax.","['LouisGohmert', 'COVID19', 'Gohmert', 'hoax']",Twitter Web App,False
Gina Mantica,,"Science, writing, editing & communications  | @AAASMassMedia '20 @dallasnews 🗞️| words at @TuftsNow & @J_Exp_Biol 🖋️| @SmithCollege alumna🎓| she/her",2014-07-11 21:35:03,633,595,7254,False,2020-07-29 15:59:21,"When this scientist asks for help, everyone answers the call. And now @utarlington students have access to same-day… https://t.co/ImFynCzKnT",,Twitter Web App,False
BCSE Clean Energy,,"The Business Council for Sustainable Energy: A coalition of the energy efficiency, natural gas & renewable energy industries. Tweets/RTs/Likes ≠ Endorsement",2011-06-07 14:44:14,7354,3044,3656,False,2020-07-29 15:59:37,"TODAY 1:45 pm ET #PoweringForward webinar 
on #state action on #resilience, #COVID19, featuring:

Mike Harryman,… https://t.co/0rR15xHSrt","['PoweringForward', 'state', 'resilience', 'COVID19']",Hootsuite Inc.,False
Deloitte Risk & Financial Advisory,United States,"Deloitte Risk & Financial Advisory helps clients lead, navigate and disrupt by embracing complexity to accelerate performance. #risk #cyber #disruption",2010-09-16 18:48:17,14741,1300,670,False,2020-07-29 16:00:02,"In a recent survey, 67% of general counsels said their workload increased during #COVID19. Our latest article expla… https://t.co/U2hgxZvHKb",['COVID19'],Sprinklr,False
Silvia Bellrock,,"📉 Growth stocks and options trader 📌 YouTube 
 https://t.co/gUGp5H92ZT  📌 Instagram https://t.co/sJiAfEXvc6 👉🏼 No Investments advice! 👉🏼 No trading services!",2020-01-11 15:43:54,7135,409,5403,False,2020-07-29 16:00:06,People in Europe getting out of control changing entry restrictions and quarantine rules for each country daily...… https://t.co/KByAQuASPB,,Twitter Web App,False
12 Mile Geo,Portland and other locations.,"Biogeographer by training. Cartographer and IT serf for work.
Mad Scientist is just a hobby.
These are things that interest me.",2013-05-12 16:48:00,493,96,106429,False,2020-07-29 16:00:20,"Don't spread #Covid19 lies, people. 

BBC News - #Madonna's Instagram account flagged for spreading misinformation
https://t.co/ltw1gmAkDG","['Covid19', 'Madonna']",Twitter for Android,False
ONA,"Columbus, Ohio","Formed in 1904, the Ohio Nurses Association is a powerful network of RNs who are committed to advancing nursing.",2009-12-03 19:05:03,3934,730,1756,False,2020-07-29 16:00:31,"ONA member Jacinta Tucker is an ICU nurse at Cleveland Clinic Union Hospital. ""People are not taking it seriously.… https://t.co/4jYDRS00tk",,CoSchedule,False
CANVax,Canada,CANVax is the first online resource in Canada to equip professionals with access to a centralized resource centre focused on vaccine acceptance and uptake.,2018-08-30 15:50:00,425,566,175,False,2020-07-29 16:01:02,New #CANVaxRes | The Immunization Program in the Context of the COVID-19 Pandemic. Version 2 (24 April 2020) |… https://t.co/B8dgLsA5qb,['CANVaxRes'],Hootsuite Inc.,False
DoubleShot Creative,"Redwood City, CA","Powerful #digitalmarketing, event creative, and graphic design, mixed with potent strategies. It’s the perfect cocktail.",2008-11-16 17:10:11,4196,3730,1620,False,2020-07-29 16:01:07,"In the current state of our world, we now more than ever must stop and think about how our actions impact others.… https://t.co/xVjzieFh2K",,Sprout Social,False
Dr Mark Robinson,"#boarding (living in Lund, Sw)",Researcher | Consultant | Investigating Big Science; lessons for Global Governance & Leadership | #Sciencediplomacy | #Greta | #onlinelearning | my views only,2016-05-01 13:04:56,1519,4469,18880,False,2020-07-29 16:01:22,@nowthisnews In every #COVID19 cloud their is a silver headed (or bald) @realDonaldTrump maniac... https://t.co/sgNALBRdUj,['COVID19'],Twitter Web App,False
STEAM Boston,"Boston, MA",STEAM Boston provides career-focused content to students & professionals in the Greater Boston area. | Founders: @willdotboston and @olawal196 #steamboston,2018-06-16 16:07:20,243,512,509,False,2020-07-29 16:01:28,"Here are some tips on how to look for a full time job during the COVID-19 pandemic:

#STEAMBoston #jobs #pandemic… https://t.co/U4ouodo28n","['STEAMBoston', 'jobs', 'pandemic']",Buffer,False
laptoptravel,Follow My Blog,"Professional Photographer, Frequent Flyer, Mileage Runner & Travel Team Always looking for the next deal. Follow https://t.co/OZr56E3p5Q for Mileage Runs",2009-08-06 19:29:44,4551,2558,6146,False,2020-07-29 16:02:00,Check the Live: IRS “Get My Payment” Site – Check Status of Your Stimulus Payment #CARESAct #StimulusPayment… https://t.co/4DHWu3CRXP,"['CARESAct', 'StimulusPayment']",Twitter Web App,False
Brands Taking Stands,Global,"Join #BrandsTakingStands conversations with this weekly newsletter by @3BLMedia
This feed via Leon Kaye, Editor, @TriplePundit",2009-02-21 01:15:18,29149,7500,2586,False,2020-07-29 16:04:12,"We’re at Wednesday, so that means, yes, once again, it’s #BrandsTakingStands Day on @TriplePundit. Stories on… https://t.co/AuDgvujbVj",['BrandsTakingStands'],TweetDeck,False
Publius,,"A U.S. citizen commenting on government, society, culture, and news 
🇺🇸",2020-07-29 15:53:26,0,73,0,False,2020-07-29 16:05:00,"As a citizen of the United States, it is a duty that we question the government, either at the federal, state, coun… https://t.co/YJfRKsVUta",,Twitter for iPhone,False
NextDayBetter,,A storytelling platform for diaspora communities. We celebrate migrants from around the world and call them to action.,2012-05-05 15:34:23,2337,1868,5034,False,2020-07-29 16:05:05,Meet Raj Chaudhary of @sewaaifwmn - an Indian American immigrant who organized the South Asian community to cook th… https://t.co/Z0WXr5rXlN,,Hootsuite Inc.,False
Cullen Tiernan 🇺🇸,,"Political Director @SEIU1984, Fmr Campaign Spokesperson @TulsiGabbard, Fmr Veterans Chair @CA_Dem, Fremont City Commissioner, Catch-22s #NoMoreWars #HonorLabor",2012-01-10 14:48:27,7685,2795,41330,False,2020-07-29 16:05:12,Love to see the positive energy Dianne is bringing to campaigning during #COVID19 — one silver lining to all of thi… https://t.co/aCGbBlalb1,['COVID19'],Twitter for iPhone,False
SERVPRO of Crowley & South Johnson County,"Crowley, TX",SERVPRO of Crowley and South Johnson County restores your home or business after a fire or water loss.  Contact us 24-7 at 1-817-297-8588 for help.,2011-05-17 14:11:26,769,567,125,False,2020-07-29 16:08:21,"We are here to #help . Having your #business 🏢 #professionallycleaned , offers your #employees #peaceofmind &amp;… https://t.co/u6Dh4IDxqT","['help', 'business', 'professionallycleaned', 'employees', 'peaceofmind']",Twitter for iPad,False
🗳✊🏾 Bright Bart says FLIP THE SENATE!!!👴🏾🇺🇸,somewhere snorting Altoid dust,"🕺🏾 Twitmo jailbird, microbrew fanatic, cat whisperer, comics & caffeine junkie. 💙 #FlipTheSenate2020 #TrumpForPrison #KHive #BlackLivesMatter",2009-12-08 08:42:45,15968,17538,238710,False,2020-07-29 16:08:39,"Bars don’t need to be open. 

#FreeFauci #COVID19","['FreeFauci', 'COVID19']",Twitter for iPhone,False
Codemotion,italy,"Codemotion is a multichannel platform that supports devs in their professional growth, allows communities to share tech trends and helps companies engage them.",2009-11-15 08:25:09,12974,3556,11186,True,2020-07-29 16:10:05,"IBM has joined forces with others to form the #COVID19 High-Performance Computing Consortium, bringing an unprecede… https://t.co/qTVpPeEhmZ",['COVID19'],Hootsuite Inc.,False
Tomthunkit™,"Atlanta, GA",Tomthunkit's Mind Diner is open 24/7. All-you-can-eat smorgasbord of hand-picked deliciously sweet tweets for your political palate. Donations Welcome.,2011-04-28 01:56:15,73237,70632,23755,False,2020-07-29 16:11:21,"Don’t plan to celebrate THIS MEMORIAL DAY. 
Instead plan to MOURN the UNNECESSARY LOSS of 100,000+ lives to… https://t.co/xrBrnWuxIu",,The Social Jukebox,False
𝓗𝓾𝓶𝓹𝓽𝔂-𝓣𝓻𝓾𝓶𝓹𝓽𝔂,"Pennsylvania, USA",I Follow Back Another election season of blocking trolls. #BLM #TheResistance #BlueWave #VoteBlue #Resist #ComplicitGOP #FBR #TrumpTerrorism #BlackLivesMatter,2009-03-28 11:09:05,4238,4525,9576,False,2020-07-29 16:11:58,Trump is definitely hiring these doctors to be his new #COVID19 task force. #TrumpPressConference #TrumpVirus… https://t.co/10S2PjONzQ,"['COVID19', 'TrumpPressConference', 'TrumpVirus']",Twitter for iPad,False
Stephen Quinn,"Birmingham, AL",@abc3340 Anchor/Reporter | @OleMissRebels alum | #DMV Raised | 📧 squinn@sbgtv.com,2013-09-06 22:16:11,3489,869,2297,True,2020-07-29 16:13:20,“Overall our numbers are not particularly encouraging” - State Health Officer Dr. Scott Harris on Alabama’s COVID-1… https://t.co/o4zTkX8lJ2,,Twitter for iPhone,False
Anita Kissée,"Boise, ID",Public Relations Manager & storyteller at @StLukesHealth in the great state of #Idaho. Happy to collaborate: kisseea@slhs.org. #InThisTogether,2016-08-02 15:07:10,1271,1576,1911,False,2020-07-29 16:14:50,Looking to get tested for #COVID19 in the Treasure Valley? Start here: https://t.co/Bw3ijjSiXw @IdahoStatesman,['COVID19'],Twitter Web App,False
YourTV Brockville,"Brockville, Ontario",YourTV is an exclusive service provided to Cogeco television subscribers. We are available in HD on channel 700.,2011-10-19 16:04:50,450,203,52,False,2020-07-29 16:15:00,"National update on #COVID19 in Canada, as of 7 p.m. yesterday
 
Confirmed Cases 114,994 +397
Active Cases: 5,948 +1… https://t.co/MRoZRMxv96",['COVID19'],Sprout Social,False
SpikeToronto,"Toronto, Canada","More a collection of bookmarks to remember articles read, and to be read, than anything else. (Re)Tweet is not necessarily an endorsement.",2018-04-21 04:25:52,2,551,74,False,2020-07-29 16:16:11,"Americans are dying of #COVID19 and #Trump is pouting about #Fauci | @CNN

#CV19 #coronavirus #Election2020… https://t.co/864M7spy0c","['COVID19', 'Trump', 'Fauci', 'CV19', 'coronavirus', 'Election2020']",Twitter for iPhone,False
The Guy With The Thing That Is AntiFash,Yomommastan,"An idealist mugged by reality, still.

My bio and opinions are my own. Follow at *your* own risk. RTs mean RTs.",2019-11-13 16:15:56,125,825,18556,False,2020-07-29 16:18:29,"@replouiegohmert is the newest incarnation of #TyphoidGOP 

#COVIDIOT 
#COVID19 
#VoteTheGOPOut","['TyphoidGOP', 'COVIDIOT', 'COVID19', 'VoteTheGOPOut']",Twitter Web App,False
Eric D,Lancashire and Europe,"Passion: International Bid + Communications Strategy & Writing - Likes: Sport (Man U, Cork GAA, Lancs CCC), Reading (Paulo Coelho) Music (Runrig)",2015-06-09 09:06:02,12292,9151,34483,False,2020-07-29 16:19:20,"Many will never again take for granted Dusk breaking. The sweet sound of birdsong, the feel of a breeze or rain on… https://t.co/XM6FsgKpC9",,Twitter Web App,False
Nazmul Hoda,Bangladesh,Professional Freelancer,2018-04-19 14:58:20,33,840,88,False,2020-07-29 16:19:27,Do you need a data entry specialist? Then you are in the right place. I will do your all kind of data entry related… https://t.co/84e1Pd98NE,,Twitter Web App,False
CARE4US,,We represent the voices of loved ones inside Federal Prison for NON violent crimes.,2020-07-20 04:30:56,5,37,1,False,2020-07-29 16:22:48,Obey the #caresact  - send non violent qualifying inmates to #homeconfinement NOW!   #covid19  #care4us https://t.co/Jf275SlSF0,"['caresact', 'homeconfinement', 'covid19', 'care4us']",Hootsuite Inc.,False
Madhu Pai,🇨🇦🇮🇳,Director of @McGill_TB. Professor & Canada Research Chair of Epidemiology & Global Health @McGillU. Tweets are my own views.,2015-08-13 02:47:16,24381,1245,18782,True,2020-07-29 16:25:38,"Name 3 experts who are supremely confident of their ability to advise on any health issue, including #COVID19?

My… https://t.co/LeKEw97Nb2",['COVID19'],Twitter Web App,False
miles BLM,Maryland,"desirous of democracy, & that sweet spot between capitalism & socialism where people are free to create their own future but also have health care and a home.",2015-11-21 17:35:50,17,241,969,False,2020-07-29 16:26:21,"@Hxnxnah @DLDAlisa @Amy_Siskind @OregonGovBrown @realDonaldTrump So much winning, am I right? We’re crushing it rig… https://t.co/pBwNnkqPpK",,Twitter for iPhone,False
AdiosCorona,,"Understanding and acting #coronavirus #SARSCoV2 #COVID19
Français : @AdiosCoronaFR",2020-04-28 07:40:20,136,41,25,False,2020-07-29 16:28:37,@DrEricDing Please check here for 3 other #scientific #papers analyzing #COVID19 #transmission in #airplane #flight… https://t.co/vhsQthhnpM,"['scientific', 'papers', 'COVID19', 'transmission', 'airplane', 'flight']",Twitter for iPhone,False
Dan,Canada,"likes to learn, know about and share info regarding anything in #Ontario, #Canada, #TheWorld ! I guess you could say I'm an interesting person to follow.",2011-11-19 16:05:57,2787,2003,208805,False,2020-07-29 16:30:05,Heres a character we havent seen in a while. Careful driving folks! #Traffic #WednesdayVibes #Stage3 #COVID19 https://t.co/DJLIlsCZPF,"['Traffic', 'WednesdayVibes', 'Stage3', 'COVID19']",Twitter for Android,False
R&R Sports: RoadShow,United States,#1 High School Sports Show. Covering Student Athletes #Coast2Coast. Whether you are #AtHome or #OnTheGo. This is the ROADSHOW. @realchadricardo @onthegrid_cr,2020-06-11 03:20:57,194,319,242,False,2020-07-29 16:30:10,"@RoadshowSports #EXCLUSIVE TONIGHT 9pm @realchadricardo and @cr_nlsmedia , bring on  @erikrichardsUSA @isaac_dixon3… https://t.co/tWeeAdpIg7",['EXCLUSIVE'],Periscope,False
Platts Oil,London,"Real-time #oilprice news & analysis on #oilmarkets from S&P Global Platts. Covers global #crudeoil, refined oil, #jetfuel & gasoil. RTs don’t equal endorsements",2009-02-26 17:03:24,129847,695,339,False,2020-07-29 16:30:10,"🔝 #PlattsCommodityNews EMEA, Jul 30:
📊 Tight Asia market driven by #LNG supply disruptions
https://t.co/zxjVm0ydDS… https://t.co/jUhJMRAmR5","['PlattsCommodityNews', 'LNG']",Hootsuite Inc.,False
"Eunice Dugan, MD",,Optimist. Wife. Dog-mom. PGY3 @OslerResidency. Choral enthusiast. Midwesterner at heart.,2012-11-24 21:13:53,100,166,264,False,2020-07-29 16:30:19,Important insight into possible future faces of #covid19 relating to cardiac disease. Many I know are hoping to get… https://t.co/DNEpG5824v,['covid19'],Twitter for iPhone,False
Zuzume Phone Card,,,2020-04-14 02:57:33,4,29,129,False,2020-07-30 20:05:20,Make calls worldwide for the next 30-days with $2 in FREE international &amp; domestic USA #longdistancecalls. Our Free… https://t.co/eNmneu6Kys,['longdistancecalls'],Hootsuite Inc.,False
David Kelly | Dáithí Ó Ceallaigh,Ireland,,2009-02-11 21:40:03,1227,3736,8099,False,2020-07-30 20:05:22,Haven’t one of seen these before - trolly sanitiser @ryanssupervalu Glanmire in #Cork #COVID19 https://t.co/OGJnZMpDpj,"['Cork', 'COVID19']",Twitter for iPhone,False
Summit Americas OAS,Washington DC,"Official Twitter account of the #SummitAmericas in English. For Spanish, follow @CumbreAmericas",2010-04-14 14:15:48,4285,499,1302,True,2020-07-30 20:07:47,Check out the @OECD policy brief that provides an overview of the role of public communication to adresss… https://t.co/Psd7XPP8gy,,Twitter for iPhone,False
Merf Radio,"Mifflin & Juniata counties, PA","Merf Radio, 95.7 FM, streaming at https://t.co/qbtjMMrea9, on your smart speaker and on the https://t.co/l1OXiAD23M app.",2013-07-15 12:37:02,1038,994,2217,False,2020-07-30 20:10:00,"Come on...own up to it!  #WorkFromHome #Coronavirus #COVID19

https://t.co/xgEDX4QEyp","['WorkFromHome', 'Coronavirus', 'COVID19']",TweetDeck,False
✊🏾Make #Juneteenth a National Holiday,"Brooklyn, NY",Technical Support Engineer @plaid 👩🏾‍💻 #React #HTML #JS #SQL #RubyOnRails | Ambassador @ladiesgetpaid 💰💃🏾 | available for speaking events hello@shenae.nyc,2007-12-25 00:56:14,728,910,15012,False,2020-07-30 20:10:09,Today is the last day to apply for rent relelief in NYC https://t.co/hEaqdqZc9d #COVID19 #CancelRent,"['COVID19', 'CancelRent']",Twitter for iPhone,False
Stacy O Jackson,Middle of the Desert,"All things #risk, #litigation, #eDiscovery, #fraud, #corruption, & business intelligence. Due to the lack of a personal filter - views are my own.",2009-01-06 21:02:04,1671,1322,830,False,2020-07-30 20:10:16,"As chief #legal officers and GCs work hard to support their teams during #COVID19, their personal #wellbeing can be… https://t.co/zCcAaewq1b","['legal', 'COVID19', 'wellbeing']",Twitter Web App,False
Thumper Sillywabbit,"Arizona, USA",,2009-08-18 04:01:46,1203,4845,8025,False,2020-07-30 20:10:49,"Why Mr.President @realDonaldTrump are you not supporting theses physicians? Disband the so-called ""taskforce"".The g… https://t.co/YarHkLFtVY",,Twitter for Android,False
Chris Leong,"San Francisco, CA",#BayAreaStandUp #SF Peep my channel below ⬇️⬇️⬇️,2011-11-28 21:52:12,88,378,17960,False,2020-07-30 20:11:17,"First, hospitals get ordered to start reporting their #COVID19 findings directly to the administration instead of t… https://t.co/ONzqDkzFB4",['COVID19'],Twitter for iPhone,False
upsanddowns,,I only ask for logic to prevail,2020-06-14 12:46:08,1,9,8,False,2020-07-30 20:12:11,@Bethank56070327 @RealJamesWoods I tweeted this yesterday... #COVID19 is a #HOAX yes it’s a real virus but look at… https://t.co/01I5zqijh8,"['COVID19', 'HOAX']",Twitter for iPhone,False
The Muthoka®,Nairobi - Kenya,"Cyber Intelligence Threat Analyst | Sociopolitical Commentator | Debt Collector | God Forgives, I Don't.",2010-08-21 20:24:41,11269,2703,8916,False,2020-07-30 20:12:13,"SARS-CoV-2 may be here to stay. #Covid_19 #COVID19 
https://t.co/1VAlrxynbg","['Covid_19', 'COVID19']",Twitter for Android,False
stillblockedbyeaves,Pee wee valley,,2019-06-23 15:57:25,112,500,3770,False,2020-07-30 20:13:25,Visited a daycare today... Teen girl working wasn’t wearing a mask. #COVID19 @GovAndyBeshear,['COVID19'],Twitter for iPhone,False
Ashleigh Lovett,"New York, NY",Sr Policy Advisor @WorldVision. Tweeting on #fragility #childrights #migration #urban & #TripleNexus. Formerly @RESCUEorg. Views strictly my own.,2014-05-15 02:04:58,881,1781,2738,False,2020-07-30 20:13:39,This tragedy will impact the most vulnerable for years to come. Children have lost parents/caregivers &amp; crucial edu… https://t.co/67AjWeAK4h,,Twitter Web App,False
Martin Prince,"London, England","Assistant Principal (Global Health), King's College London
Director King's Global Health Institute. 
Personal views and perspectives",2014-06-19 10:01:23,1975,953,271,False,2020-07-30 20:14:02,#Ethiopia @FMoHealth continues to increase #COVID19 test capacity exponentially; essential for intelligence on the… https://t.co/ZfHiTMV3GP,"['Ethiopia', 'COVID19']",Twitter for Android,False
Allison Sharpley,"Los Angeles, CA","I'm just a girl who can't sit still. BLM/LGBTQ supporter, atheist. I say hello to every dog I see. I live for naps. Biden 2020. Wear a mask.",2020-04-29 19:34:19,53,119,6158,False,2020-07-30 20:14:46,This makes sense.  Trump never pushes for anything to happen unless he's somehow going to make money off of it.… https://t.co/hMevXUXB8C,,Twitter for Android,False
EC,Salford,"Political Social Journalist
Salford. UK
Proud ADHD owner.
New Account.",2020-03-19 07:58:47,25,87,255,False,2020-07-30 20:14:54,"Why are you wearing a mask when the test for the virus 🦠 is 6 inches deep into your skull 
‘Unprotected sneezing an… https://t.co/gNT897nV0s",,Twitter Web App,False
Mobile Payments Conference,Swissotel Chicago,"Mobile Payments Conference 2020 will feature industry experts in mobile payments, Blockchain, eCommerce Solutions, Mobile Wallets, A.I. & more. Don’t Miss Out!",2012-10-10 03:37:38,2085,2556,907,False,2020-07-30 20:16:15,"Small business, big partnerships? Join us @MPC20 now! 
#MPC20 #MPCevent #virtual #digitalwallet #mobilepayments… https://t.co/MeYff1q29k","['MPC20', 'MPCevent', 'virtual', 'digitalwallet', 'mobilepayments']",Twitter Web App,False
Gelo Bap,Canada,Success is 20 % talent and 80% attitude,2014-03-29 19:33:05,239,1031,2063,False,2020-07-30 20:16:25,PREACH !!!! How can we ask people to vote if we make it so difficult for them to do so??? WTF #RIPJohnLewis… https://t.co/24z01l1nsD,['RIPJohnLewis'],Twitter for Android,False
Ms. Net,,"We must dump Trump, need BlueWave voters!! Trump so scared of my tweets he blocked me, despite law saying his twitter used officially so he can’t block!",2009-02-22 02:49:30,3841,3876,79050,False,2020-07-30 20:17:11,"@mjhegar @JohnCornyn May 18, 2018 @SenSherrodBrown wrote @POTUS asking why he dismantled our global pandemic unit &amp;… https://t.co/lfEOTk4ng9",,Twitter for iPhone,False
UBA Group,Africa,"Welcome to the official Twitter profile for UBA Group. For immediate support, follow us on UBACFC @UBACares.",2009-04-09 07:54:19,711128,29,5946,True,2020-07-30 20:19:08,“The transformation heightened by #COVID19 is the new way as UBA has seen remarkable increase in the use of its dig… https://t.co/TBxrpX78T6,['COVID19'],Twitter for iPhone,False
Marco Tonetti,Luxembourg,@SkylumSoftware Ambassador | #SonyAlpha Photographer | 10+ years in Product Management | not Listed in Forbes 35 under 35,2011-01-18 14:49:33,34709,28996,1943,False,2020-07-30 20:19:43,@realDonaldTrump Didn’t #HermanCain died after contracting the #covid19 virus at your own hoax party?,"['HermanCain', 'covid19']",Twitter for iPhone,False
Plotkarazzo,New England ,Left-handed Gemini. Rescue dog mom. I love animals more than most humans. I frequently speak in gif.  😷,2012-07-22 04:40:00,674,2758,31145,False,2020-07-30 20:20:26,@dbriter @tonyposnanski @realDonaldTrump . @dbriter maybe you should have checked out the statement on his website… https://t.co/QZxoKPkUzn,,Twitter for iPhone,False
Sıdıka Öpöz (Ruhumun kelamı),"Rotterdam, Nederland",I'm planting a tree to teach me to gather strength from my deepest roots ☘,2020-01-13 21:07:31,14,95,68,False,2020-07-30 20:21:41,"Most beautyful skyline ever..

Like everything is perfect and we are not dealing with an epidemic since march 2020.… https://t.co/oQG7moDVQe",,Twitter for Android,False
Stephanie Moulton Sarkis PhD,"Tampa, FL","Best-selling author, board-cert. counselor; @UF & @NasaSocial alum; @AMHCA1 diplomate. Author of #Gaslighting. Order here: https://t.co/w5TNg317SO",2008-12-05 14:49:04,11697,8998,19761,False,2020-07-30 20:21:57,Please reach out to @natashadaly if you have a pet that tested positive for #COVID19 or are researching Covid in do… https://t.co/US0ZDCfHMe,['COVID19'],Twitter for iPhone,False
St. Lucie County,"Fort Pierce, FL","Founded in 1905, St. Lucie County is governed by five elected County Commissioners.
https://t.co/72Sa5Uk83N",2015-01-29 16:50:50,4204,394,3328,False,2020-07-30 20:23:09,"St. Lucie County #COVID19  and #TropicalStormIsaias Update July 30, 2020 - https://t.co/eUq2f860CN","['COVID19', 'TropicalStormIsaias']",Twitter Web App,False
AFSC,Offices worldwide,#Quaker org that includes ppl of various faiths committed to social justice #BlackLivesMatter #DefundHate #SanctuaryEverywhere #NoBanNoWall #GazaUnlocked,2009-05-15 20:18:36,17696,5399,18576,False,2020-07-30 20:24:17,".@SpeakerPelosi, @SenSchumer More than 10,000 people in federal prisons have tested positive for #COVID19. Congress… https://t.co/IxlrLApUSK",['COVID19'],Twitter Web App,False
beenewsdaily,United States,"⭐️Welcome to the  https://t.co/zkckUymwV6 and the Twitter. Follow us for news and updates on our BeeNewsDaily website, Twitter and Facebook.",2017-04-16 22:26:00,4269,3718,401764,False,2020-07-30 20:26:29,"#Economy: GDP shrank at an annual rate of 32.9%, according to the Bureau of Economic Analysis, the agency that publ… https://t.co/HDggQn0nmM",['Economy'],Twitter for iPhone,False
Worldpay Global,Global,"FIS™️ (NYSE: FIS) is a global leader in technology and solutions that advance the way the world pays, banks and invests.",2010-01-18 15:07:58,21660,8781,2602,True,2020-07-30 20:27:01,The pandemic has disrupted many travel plans. We wanted to know how travel providers compensated their customers du… https://t.co/DoSsFcIL9c,,Sprinklr,False
Mike,Philly Philly,"Talking mostly PHILLY sports. If you a Philly sports guy/girl, im'll follow you.
#FlyEaglesFly #PhilaUnite #RingTheBell #NowOrNever #BlackLivesMatter",2011-11-21 02:20:45,522,1045,34018,False,2020-07-30 20:28:28,#COVID19 making a killing I bet https://t.co/wV6WqS5At1,['COVID19'],Twitter for Android,False
cumberickman PersonWomanManCameraTV,,"Mom of astrophysicist, wife of ultra athlete, missing my loving Kelvin cat. Graphic designer. Birder. Warrior for Wildlife. Anglophile. Feminist.",2012-02-09 07:10:27,300,129,69034,False,2020-07-30 20:28:43,"@RudyGiuliani #HermanCain died of #coronavirus.
Because @realDonaldTrump &amp; the @GOP ridiculed masks.

He got… https://t.co/aEPZEY0OP2","['HermanCain', 'coronavirus']",Twitter for iPad,False
Inner voice,,,2019-08-07 04:14:43,0,130,892,False,2020-07-30 20:28:47,@660NEWS What’s the rest of Canada smoking ? Do they not see the rising debt levels and unemployment due to #COVID19 ? #Albertastrong 👍,"['COVID19', 'Albertastrong']",Twitter for iPad,False
David Wright,Aberdeenshire,"29, Aberdeen, Male. Likes F1, Football, PS4. Fan of Aberdeen, Ferrari, Arsenal, Wolves, Barcelona, Green Bay Packers, Boavista Roma and Tenerife. In that order",2009-07-26 15:27:02,206,605,1973,False,2020-07-30 20:28:54,Get well soon Checo. I don't care who replaces him I just hope he recovers and recovers well. #F1 #Covid19 #BritishGP,"['F1', 'Covid19', 'BritishGP']",Twitter Web App,False
GLOBAL CRISIS MONITORING,Netherlands,Unable to create @GlobalCrisisMo1 as confirmation code keeps not being send. Use this account to follow GCM,2010-11-14 05:43:31,177,1,23,False,2020-07-30 20:30:03,#COVID19 #science in the #US -- New findings: #children appear to transmit in the same way adults do.,"['COVID19', 'science', 'US', 'children']",Twitter Web App,False
Kirk Johnson,"Newberry, SC",Married to @SuetheBrit. We sail a 27' Catalina sloop 'la Maitresse'. We follow politics & all things sailing. Enjoy! #SAFOOMA #Resist #ITMFA,2014-04-24 12:16:18,43,124,3078,False,2020-07-30 20:31:42,"I just got my answer; no mention at all of #COVID19, #coronavirus or even one of his moronic nicknames that exposes… https://t.co/H9XfArGZpG","['COVID19', 'coronavirus']",Twitter Web App,False
Inner voice,,,2019-08-07 04:14:43,0,130,892,False,2020-07-30 20:31:51,"@DailyMailUK Just when we’re winning #COVID19 wars, the unexpected strikes 🥺 https://t.co/9LU9CBamtF",['COVID19'],Twitter for iPad,False
Paul Middleton,"Chester, England","Professor of Biblical Studies, Chester University. Research on Martyrdom and Early Christianity. Tweet on Religion & Politics. SNP supporter in exile!",2013-02-12 21:11:55,4045,3389,3714,False,2020-07-30 20:32:08,"Important #Covid19 message for Manchester, East Lancashire and West Yorkshire. https://t.co/77eOogsvnO",['Covid19'],Twitter Web App,False
Chester Payne,,,2015-05-22 02:20:38,71,133,332,False,2020-07-30 20:32:19,Tell the U.S. Senate to pass critical protections for nurses.  #ProtectNurses during #COVID19. Sign @NationalNurses… https://t.co/X57AYhqCso,"['ProtectNurses', 'COVID19']",Twitter Web App,False
VioletBeauXXX,"Apopka, FL",,2017-01-26 02:16:41,1200,46,25,False,2020-07-30 20:32:35,Come check out my #Stream on #peekssocial the link is in my bio #Bored #COVID19 #CoronaVirus #Quarantine… https://t.co/iYUd7J7zrk,"['Stream', 'peekssocial', 'Bored', 'COVID19', 'CoronaVirus', 'Quarantine']",Instagram,False
Pikes Peak Regional Building,"Colorado Springs, CO","At PP Regional Building, our mission is ensuring life safety & welfare of our community through efficient & consistent application of adopted codes/standards",2018-12-27 22:58:02,159,114,647,False,2020-07-30 20:35:05,Don't forget your mask.... and don't forget to wear it correctly.  Health officials say wearing it the right way is… https://t.co/N3mfcTEDCj,,Twitter Web App,False
Deuce,"Los Angeles, CA","Entertainment Industry Executive. Native of Washington, DC (go REDSKINS) and boxing enthusiast. Devoted member of Kappa Alpha Psi Fraternity, Inc.",2011-01-20 10:15:59,3526,3053,133722,False,2020-07-30 20:37:14,"Wait, I thought his boy Trump said that #COVID19 was a hoax? Looks like he believed him and learned the ""hard"" way.… https://t.co/6YLH6YHc4F",['COVID19'],Twitter Web App,False
Amar Kelkar MD,"Gainesville, FL",@UFHealth Heme/Onc Fellow PGY6 | @DanaFarber BMT Fellow ‘21-22 | Cofounder @HPJournalClub | @AmerMedicalAssn Delegate | @ASH_Hematology | @Cornell ‘10 | He/Him,2008-09-13 16:21:06,1617,3049,31260,True,2020-07-30 20:39:23,"Only successful firms would receive an award ~$37.7 billion/company), as opposed to ""push"" funding (funding with up… https://t.co/jSGJCkAjah",,Twitter Web App,False
MPO Magazine,"Montvale, NJ","In-depth coverage includes feature articles, industry news, trends and other developments pertinent to the contract manufacturer-OEM relationship. #mpomag",2009-07-01 18:09:55,1577,294,514,False,2020-07-31 17:00:45,U.S. gov't invests in @BDandCo Veritor solution for rapid #COVID19 diagnostic testing https://t.co/yx1HsybmJd https://t.co/oy4cXJImEX,['COVID19'],Hootsuite Inc.,False
Olivier Schmouker,Montréal (Canada),Chroniqueur au journal Les affaires [management & économie]. Conférencier. Bestseller Amazon: «11 choses que Mark Zuckerberg fait autrement» (2016),2011-07-25 20:03:26,4785,2796,3240,False,2020-07-31 17:01:00,Brazil &amp; Mexico are suffering especially badly from #COVID19 because their presidents are following the pandemic-re… https://t.co/bqYTEoX06L,['COVID19'],TweetDeck,False
Maureen Ballard,"Honolulu, HI",CF Auntie raising awareness and funds to find a cure for cystic fibrosis.,2014-04-11 18:53:44,360,290,7359,False,2020-07-31 17:01:57,.@maziehirono No person with #cysticfibrosis should be forced to choose between their health and their livelihood d… https://t.co/gNuPYJD4wH,['cysticfibrosis'],Twitter for Android,False
FactFinder,"EastCoast, USA","I don't care who u are and where u come from, but I care what u say. Facts/Truth are more important than anything else.",2009-07-12 16:01:32,160,159,134,False,2020-07-31 17:24:32,@fayedsouza #covid19 in #india is out of control. better prioritize what india needs to do. https://t.co/gk9FlnhVR6,"['covid19', 'india']",Hootsuite Inc.,False
Jeremiah Horrigan,"New Paltz, NY","Writer. Ex-newspaperman. Skeptic. Long-ago anti-war felon, now wild-eyed moderate. #resist #journalismmatters  #journalism #gojoe #trumpisaloser",2012-09-13 00:44:36,748,1289,61777,False,2020-07-31 17:25:02,@RobAnderson2018 Fauci looks so bemused by this gibbering trumpaanzee. Like a visitor to the Monkey House. #resist… https://t.co/zCZurvyHxe,['resist'],Twitter Web App,False
Amrit,Canada,He/Him. Cis. South Asian. Socialist. Anti-Fascist. Abolish the Police. Banner artist: @iwamotobusta Profile Picture: @aurahack,2010-03-01 18:43:27,629,2724,79823,False,2020-07-31 17:28:06,"Just left messages for @marcomendicino, @JustinTrudeau, and @HonEdFast. We need #statusforall migrant and undocumen… https://t.co/s3sotCb2fq",['statusforall'],Twitter Web App,False
dphole,New York City,"Leader in Life Sciences focused on future of work. Pro diversity of opinion. Tottenham Hotspur, Bristol Rugby and Somerset Cricket supporter. #COYS",2011-04-20 15:00:46,79,252,802,False,2020-07-31 17:30:04,Break down the break room. #Covid19 has changed the #EmployeeExperience—and the perks employers provide. https://t.co/6fqsANGal4,"['Covid19', 'EmployeeExperience']",LinkedIn,False
John Stickley #🅼🅰🅶🅰,"Roanoke area, Virginia",4TRUMP!-Tired of lies&liars- truly 4gotten dis AF Vet-Royal x2-Liberty U-Christian-Constitutionalist- Notcredited4saving millions of lives- RRSVP-TCOT-F4F-UF4UF,2009-05-03 03:49:49,12665,13842,11714,False,2020-07-31 17:30:30,"@IngrahamAngle @healthysuzi Yet none of you look at the FACT of #DrRichardBartlett, of #Texas, who has saved EVERY… https://t.co/hrmKRVqmZ7","['DrRichardBartlett', 'Texas']",Twitter for Android,False
Parikiaki Newspaper,London,"Parikiaki is the leading Cypriot newspaper published in London which serves the Cypriot and Greek communities in excess of 300,000 people.",2011-03-04 23:10:05,5978,2578,1211,False,2020-07-31 17:33:33,Recent COVID-19 developments in Cyprus President – scientific advisory team meeting following spike in new cases… https://t.co/YAdFuI50pB,,Twitter for Android,False
ISR Reports,"Raleigh, North Carolina","Market research company specializing in clinical drug development, sales/marketing, #pharma services, outsourcing, and customer satisfaction",2009-07-31 19:48:12,1597,1720,262,False,2020-07-31 17:38:14,"With no end in sight for #covid19, @Science37x, a leader in virtual clinical trials, announced plans to expand its… https://t.co/lY3JMZSkaw",['covid19'],Hootsuite Inc.,False
Coronavirus Updates - Alexander Higgins,,An independent citizen journalist that aggregates and reports on news and political issues with a focus on government corruption and environmental activism.,2010-05-02 03:52:20,17420,6804,9892,False,2020-07-31 17:40:32,"Nevada reports 1,264 new cases and 29 new deaths bringing total confirmed cases there to 48,088 and 830 total death… https://t.co/psr5BliAyX",,Alexander Higgins,False
Ann Davis Garvin 🎃 🧙‍♀️ 🖤,"Michigan, USA","Coloradoan by birth, Michigander by choice. #Hufflepuff, ENTJ, feminist, nurse-midwife, Episcopalian, advocate for peace and social justice #PublicHealth",2017-10-11 17:55:57,1135,4906,182576,False,2020-07-31 17:40:44,"@profevanbennett I think the cardiologists are seeing the ""downstream effects"" of #COVID19",['COVID19'],Twitter Web App,False
8min 46sec,Canberra,Twitter is my ONLY vice ... cartoons on @FB   https://t.co/eoO8qIiOAN,2011-09-14 02:31:09,7021,2199,26025,False,2020-07-31 17:49:08,#uspoli djt #covid19 vs Flog by @roweafr https://t.co/isdiKqJL0x   #uspolitics #bunkerboy 🇺🇸🇺🇸🇺🇸🇺🇸 #maga #kag #PersonWomanManCameraTv,"['uspoli', 'covid19', 'uspolitics', 'bunkerboy', 'maga', 'kag', 'PersonWomanManCameraTv']",TweetDeck,False
Ander J,"Lagos, Nigeria",trufTalks,2019-03-09 08:28:46,1,16,0,False,2020-07-31 18:00:24,The UK suspends it lock down ease plans following recent spikes of corona virus infections. Read here… https://t.co/UnHDPdhhvh,,Socialchief,False
Russ Pearce,Guardamar del Segura,"Travelling, teaching, having fun! Brighton, Betis and Cleethorpes Town! https://t.co/rGUqFIpzVv",2010-07-26 19:34:51,506,1108,6681,False,2020-07-31 18:03:23,Absolutely disgusted by @opodo. For 3 months you've said the refund is on its way and now you say @TurkishAirlines… https://t.co/gsJ81sCrWJ,,Twitter for Android,False
facelessloser,chester,"Maker/hacker, embedded maker. Arduino, python and Raspberry pi https://t.co/ovRU4ewneM
https://t.co/O4QOdUZdS1",2007-03-29 19:12:56,470,110,170,False,2020-07-31 18:07:57,Just an FYI there were this many cases and deaths as they were opening pubs but no one seamed to care or was it the… https://t.co/e644rrHRx6,,FalconPro3,False
Mone C.,Canada,,2014-02-25 03:47:43,285,977,7708,False,2020-07-31 18:08:32,#Travel before September #COVID19 #covid19Qc https://t.co/h8V53tYTEq,"['Travel', 'COVID19', 'covid19Qc']",Twitter for Android,False
Tony,AnyTown,"Curing leukemia, one stem cell transplant at a time. Los mejores somos más.",2012-10-17 01:01:34,261,897,7598,False,2020-07-31 18:17:30,"@thehill @GOP: You own this disaster. No, I don't just mean #COVID19. I mean this man who is talking about rigged e… https://t.co/KJS6bQqljO",['COVID19'],Twitter Web App,False
NHC,"Washington, D.C.","NHC believes everyone in America should have equal opportunity to live in a quality, affordable home in a thriving community.",2009-04-09 19:44:07,9205,1183,635,False,2020-07-31 18:25:04,Federal #rentrelief is in limbo as millions of #renters are at risk of #eviction during #covid19. NHC is committed… https://t.co/dT85JKwCRQ,"['rentrelief', 'renters', 'eviction', 'covid19']",Hootsuite Inc.,False
Jeannie Lee@CBC,Toronto,"Irrationally exuberant about talking business, economy, markets & money on CBC TV. Observer of this bizarro life. Great parallel parker.
https://t.co/Rh2c9UoMQg",2012-10-04 03:33:23,4074,1218,6514,True,2020-07-31 18:29:17,"Oh hi, Stage 3

But when you're done, let's never see you again

Or your buddies Stages 2 and 1

And your gang lead… https://t.co/N9trbzEBiW",,Twitter for Android,False
Ms Rothwell,,"Proud to be a kindergarten teacher and ETFO member. Lover of music, books, and dogs.",2016-07-17 04:40:34,390,791,15028,False,2020-07-31 18:29:58,"Thank you essential workers, you deserve better!  #COVID19 #healthcareheroes @ontarionurses https://t.co/eXhbFsH2SZ","['COVID19', 'healthcareheroes']",Twitter for iPhone,False
UBC MPPGA Program,"Vancouver, B.C.","The official Twitter feed for UBC's professional Master of Public Policy and Global Affairs program in Vancouver, B.C.",2014-06-18 01:16:56,2427,4666,4163,False,2020-07-31 18:30:50,Are you relying on public transit this summer and struggling financially due to #COVID19? You may be eligible for t… https://t.co/wJZQhQi3kI,['COVID19'],Hootsuite Inc.,False
Basant Chaudhury #bkc,UK,"Doctor at NHS, UK",2009-07-31 21:50:13,59,63,45,False,2020-07-31 18:34:04,@rahulkanwal  - very comprehensive -well done -but surely a person of your calibre should be focussing on #COVID19… https://t.co/f1Mugy8KpF,['COVID19'],Twitter Web App,False
Lucie Low,"Washington, DC","Neuroscientist, bioengineer, skydiver, space cadet, native Brit and beach wanderer... (These views are mine alone and do not reflect those of my employer.)",2016-07-12 22:28:45,568,800,3763,False,2020-07-31 18:37:18,"Live now! Hear how the #RADx program is helping ramp up testing capability for #COVID19! 

https://t.co/YjgrPkXqCt","['RADx', 'COVID19']",Twitter for iPhone,False
Angie,USA,Mom of 4 💜 Entrepreneur💰Global businesswoman 🌎 Loyal friend 👯 Musician 🎹Tacos are life! 🌮,2009-03-22 22:15:09,1007,3887,2989,False,2020-07-31 18:38:37,@washk12 @GovHerbert @SWUHEALTH @pvhs1983 here are some questions for you since you shouldn’t be educating anyone.… https://t.co/yWt5rJ7O7K,,Twitter for iPhone,False
Galen Carey,"Washington, DC","VP, Gov Relations, National Association of Evangelicals.Have lived/worked in the Philippines, Croatia, Mozambique, Kenya, Indonesia & Burundi.  Opinions my own.",2009-04-16 19:20:19,1074,359,41,False,2020-07-31 18:49:28,"The @NAEvangelicals take on Nevada's disparate #COVID19 treatment of casinos, bowling alleys, breweries and fitness… https://t.co/jhfhuFjcVj",['COVID19'],Twitter Web App,False
Michael Costello,"Yuma, AZ",We are all Andrew Breitbarts now.,2012-03-02 00:10:17,397,295,2427,False,2020-07-31 18:53:56,"By all means @JoeBiden and @DNC , keep defending China. #COVID19 https://t.co/1a6j9Fpfxn",['COVID19'],Twitter Web App,False
Chris Hendel,"Vermont, US","Adjunct Research Instructor of Medicine @KeckMedUSC; Working on COVID-19 projects with @ProPublica; former chief medical researcher @ConsumerReports, 1989-2018",2009-04-28 12:25:30,2035,3255,60051,False,2020-07-31 18:54:05,"Ugh.....damn this virus.

#COVID damage from head to toe.

From ‘brain fog’ to heart damage, #COVID19’s lingering p… https://t.co/jE1M27d1Jg","['COVID', 'COVID19']",Twitter Web App,False
Diamond Delivery,"Surrey, BC",Diamond is an all-purpose shipping and transportation company. Daily runs to the Okanagan and Vancouver Isl. Check with us for up to date shipping news in BC!,2011-04-12 16:46:11,369,267,72,False,2020-07-31 19:00:46,"Analysts suggest that freight market is recovering. 
https://t.co/PIg8yVEGnY #freight #covid19 https://t.co/oAhcsKoynh","['freight', 'covid19']",HeyOrca,False
Poliview,RTP,Inform. Connect. Engage. Coming to your smartphone 2021.,2020-06-18 21:45:09,2,2,1,False,2020-07-31 19:05:19,"Just a few tips in order to stay during these times!

#safetyfirst #covid19 #startupculture https://t.co/CteQNOmWDp","['safetyfirst', 'covid19', 'startupculture']",Hootsuite Inc.,False
Vice-Admiral Haydn Edmundson,Canada,"Commander, Military Personnel Command @CanadianForces / Commandant du Commandement du personnel militaire @ForcesCanada.",2017-02-03 20:19:05,1526,102,836,False,2020-07-31 19:06:00,"Wishing all our Defence Team members a great long weekend!
 
Have fun, but be sure to #StaySafe.
 
#WearAMask… https://t.co/ufvPJBx0Bu","['StaySafe', 'WearAMask']",Twitter Web App,False
CJA - Canadian Journal of Anesthesia,Canada,Canadian Journal of #Anesthesia (Journal of @CASupdate & @critcaresociety) #AnesCPD #AnesthesiaImages #AnesJC,2013-11-10 21:09:43,9728,3548,702,False,2020-07-31 19:06:03,Re-visiting preoperative #SARSCoV2 testing using a Bayesian approach https://t.co/JoqjQoEF39 #COVID19 #Anesthesia… https://t.co/H6MV2RZPKq,"['SARSCoV2', 'COVID19', 'Anesthesia']",Buffer,False
NCCPR,"Alexandria, Virginia, USA","The National Coalition for Child Protection Reform works to change America's approach to #childabuse, #childwelfare, #fostercare and #familypreservation",2009-06-14 01:56:38,2324,177,82,False,2020-07-31 19:06:53,@elizashapiro @NYTMetro @kendrahurleynyc [6/7] … — a much-needed respite from the intense and relentless surveillan… https://t.co/GHpFlN8V5d,,TweetDeck,False
Lauren Barrett,"Maryland, USA",Adventurer | Outdoor Experiential Ed | Emerging Media | Neurodiversity | Higher Ed | Human-Centered | Life Design | #ADHD #DesignOutside (tweets=mine) she/her,2017-09-26 03:26:48,295,1071,5919,False,2020-07-31 19:07:26,"“Smile with your eyes, scream inside your heart, #2020” 

 @maddie_sofia &amp; @samsanders generating my new life motto… https://t.co/kQ60S2Yleb",,Twitter for iPhone,False
"Chandan Khandai, MD","Chicago, IL","Consultation-liaison psychiatry at @uiccom, social justice, medical education, pop culture. All views mine.",2017-05-15 23:26:29,1772,630,6019,False,2020-07-31 19:08:41,When they said “The South Will Rise Again” I don’t think they meant this 😑#COVID19 #WearAMask https://t.co/a6jYR5GyZ3,"['COVID19', 'WearAMask']",Twitter for iPhone,False
Senator John Gordner,"Harrisburg, PA","Serving the 27th Senatorial District - Columbia, Luzerne, Montour, Northumberland and Snyder Counties",2013-06-10 13:34:04,1539,75,219,True,2020-07-31 19:09:07,"The #PASenate approved nearly 2 dozen bills in response to the #COVID19 pandemic. Other measures reform government,… https://t.co/UKOh2hNndn","['PASenate', 'COVID19']",Twitter Web App,False
SheilaZulfiqarAhmed1,"Karachi , Pakistan",Int Affairs researcher,2014-03-21 03:50:09,233,1021,33453,False,2020-07-31 19:10:07,"@jasghar Eid Munarik to all the scientists ,  doctors &amp; health workers of Pak Our heroes in our struggle against… https://t.co/U1ohWD9jYo",,Twitter Web App,False
KushMyBud,,Site: Canada's Guide to Cannabis.,2019-02-27 13:30:11,56,36,183,False,2020-07-31 19:12:30,"$TRIB looks already busy with #COVID19  between Jamestown and their Immco facility in Buffalo, while they waiting f… https://t.co/MZQtjuTSzc",['COVID19'],Twitter Web App,False
@holiness #VoteBlueNoMatterWho,"Wichita Falls, TX","""As many as are actually led by the Spirit of God, they, and they only, are the sons of God.""(Romans 8:14) Holiness is seen in a man being sanctified.",2019-07-25 15:30:24,407,802,132,False,2020-07-31 19:12:40,Can you be a part of the true body of Christ and side with Donald Trump? I don't see how. https://t.co/dQ2IAndPSz… https://t.co/25UH854h2g,,Twitter Web App,False
IMEC,Illinois,"IMEC is dedicated to providing organizations in Illinois
with the tools and techniques to create sustainable competitive futures through enterprise excellence.",2009-11-23 17:08:40,2514,2336,690,False,2020-07-31 19:15:30,"Last week, the @usdol issued new guidelines under the #FMLA, #FLSA, and #FFCRA - our friends at @Greensfelder highl… https://t.co/GqaN2DbAEH","['FMLA', 'FLSA', 'FFCRA']",HubSpot,False
CC,"London, England","Future Oscar winner

  🇬🇧🇿🇲",2017-05-21 12:28:53,78,15,2573,False,2020-08-01 15:43:27,"The news is fake. They tell you who to like, who to hate, what you should be afraid of and who to trust. 

#MSM #CNN #covid19","['MSM', 'CNN', 'covid19']",Twitter for Android,False
Kaustubh D Jichkar,Nagpur,बन्धुरात्मात्मनस्तस्य येनात्मैवात्मना जितः ।                     अनात्मनस्तु शत्रुत्वे वर्तेतात्मैव शत्रुवत्‌ ॥,2020-01-23 07:00:30,51,65,835,False,2020-08-01 15:44:10,"A #Compendium of spread of #COVID19 in #India from the month of March to August,2020. @DDSahyadri @VigyanPragati… https://t.co/BWrzCb9pzC","['Compendium', 'COVID19', 'India']",Twitter for Android,False
Prof Peter Hotez MD PhD,"Montrose, Houston TX","Vaccine Scientist-Pediatrician-Author, Prof Dean @BCM_TropMed @TexasChildrens, Univ Prof @Baylor, Hagler Inst Advanced Study @TAMU, Founding Editor @PLOSNTDs",2012-05-29 00:46:55,85123,1578,17336,True,2020-08-01 15:45:35,"@CarlosdelRio7 @Christi_Paul @VictorBlackwell @NewDay Understood, but that Nov 3 plan is in reality the Jan 20, 202… https://t.co/woMScSjO65",,Twitter for iPhone,False
Peter Livingstone,"England, United Kingdom","Publisher & Responsible for content for @FWWMagazine, @RiskCompMag and @CorpDisputesMag  #business #finance #risk #compliance",2019-06-07 14:57:19,79,325,142,False,2020-08-01 16:15:03,Fraser Tennant considers the impact of #COVID19 on the global #economy and the looming possibility of a significant… https://t.co/n95cBad2BG,"['COVID19', 'economy']",Sprout Social,False
Amy Hendel,California/NY,"R-PA/Health Coach/Nutritionist,health media expert/Host,author-The 4 Habits of Healthy Families, blogger at healthcentral.com,healthcorps.org,healthination.com",2009-02-09 19:41:34,4173,4234,271,False,2020-08-01 16:15:28,@SenSchumer please put #mask on - u r at risk- u need to set an example - all it takes is #1exposure #COVID19,"['mask', '1exposure', 'COVID19']",Twitter for iPhone,False
BrisBridalBoutique,Bristol,Lover of wedding dresses. Mum of 2. Owner at Bristol Bridal Boutique.,2014-03-26 20:25:47,448,319,465,False,2020-08-01 16:19:13,@easyJet it has been 90 days since I requested a refund for my cancelled flights in early April. There is no way of… https://t.co/OKANhsGxXo,,Twitter for iPhone,False
University of Illinois Res Life,Urbana-Champaign,We love making the University Residence Halls a home for the over 8000 students who choose to live with us! We are THE Illinois Residential Experience!,2011-03-22 20:20:42,723,391,4137,False,2020-08-01 16:21:47,"August 1! For our former residents who are venturing into off-campus apartment living this month, please maintain g… https://t.co/Itw9lApNW4",,Twitter for iPhone,False
NAPAWF DC,"Washington, DC","National Asian Pacific American Women's Forum DC Chapter
Women, nonbinary, gnc, trans folks
Reproductive, Economic, & Immigrant Rights and Justice",2009-08-26 14:12:59,1458,771,888,False,2020-08-01 16:23:09,".@senatemajldr's HEALS Act doesn't provide access to #COVID19 testing, treatment &amp; vaccines, regardless of immigrat… https://t.co/u6UCnvGUMW",['COVID19'],Twitter Web App,False
zedy,Scotland,Sipp only #SQZ(29p)#ENW(28p)#GKP(95p)#JKX(40p) #IMM(17p)#VAST(0.19p)#PPC(1.84p)#LBE(74p) #GFRD(115p)#HZM(3.37p),2015-01-15 21:13:22,297,641,7556,False,2020-08-01 16:27:57,"If other businesses have to close to enable schools to open full time, then this is a price worth paying. #COVID19",['COVID19'],Twitter Web App,False
Carl I. Jensen,"Central Saanich, BC, Canada","Central Saanich Councillor, @THEAVICC President, @UBCM Executive, Highland Games MC & Thrower. Fan of #BehaviouralInsights & #BCCraftBeer. Tweets are my own.",2011-07-15 02:06:11,3621,4930,16391,False,2020-08-01 16:32:41,Made my 1st trip to #PanoramaRecCentre weight room under #COVID19 safety guidelines and I have to say how impressed… https://t.co/yIYGpIKGiA,"['PanoramaRecCentre', 'COVID19']",Twitter for iPhone,False
IANS Tweets,New Delhi,India's largest independent News Agency,2010-05-08 13:21:45,52637,45,66,True,2020-08-01 16:35:15,#Goa on Saturday witnessed a new record in its daily tally of reported #COVID19 cases with 280 persons testing posi… https://t.co/2pQv6UGiHV,"['Goa', 'COVID19']",Twitter Web App,False
Dennis,Washington-Behind Enemy Lines ,Bottom Line - Equalize Opportunity not Outcomes and ZERO Entitlement,2009-09-17 22:29:14,251,731,59960,False,2020-08-01 16:35:31,"No Science, Zero Standards, Protesting Does not spread?! BUT BBQ’s &amp; birthday parties do. THIS IS A DICTATOR! We ha… https://t.co/dfMQnF8QDx",,Twitter for iPhone,False
Kapilan Sachchithananthan,Sri Lanka,கபிலன் சச்சிதானந்தன் 🇱🇰. தமிழ். Gemini ♊. Srilankan Tamil. Techie. Independent Activist. Cinephile. Content Creator. Foodie. 90sKid. Instagram@iamkapilan,2012-08-19 03:53:57,2986,2779,49337,False,2020-08-01 16:46:35,Why did they postpone the Grand Finale? Did they find any #COVID19SL clusters from #TheVoiceTeenSriLanka? I noticed… https://t.co/OHQZUlpHtL,"['COVID19SL', 'TheVoiceTeenSriLanka']",Twitter for Android,False
Stankevicius International,"Dublin, Ireland",Professional trading consultant specializing in contracting and due diligence with a strong pres­ence and network in international markets.,2020-06-30 12:31:42,5,1,0,False,2020-08-01 17:00:57,Stankevicius International: Purchasing Nitrile Gloves. Inquiries via https://t.co/crXdk9TkhZ #nitrile #gloves… https://t.co/mTDNxqWNB7,"['nitrile', 'gloves']",IFTTT,False
🍁🇨🇦CanAditude🇨🇦🍁,place formally known as CANADA,🇨🇦PATRIOT🇨🇦 Trying to share a message of awareness in a world CONTROLLED by Liberal/Democratic #MSM ... 🍁I'm on Parler as CanAditude🍁,2019-11-12 04:20:49,12438,9848,16572,False,2020-08-01 17:06:29,"NO to mandatory vaccine
YES to VOLUNTARY

YES to releasing Antivirols, Expectorants, Bronchial aids &amp; other treatme… https://t.co/hUd6uxUpOM",,Twitter for iPad,False
Glenn Tenney,Silicon Valley,"Chair THINK conference. Longtime sware developer, systems architect, infosec, intellectual property, tech policy. CISSP, CISM too. Don't always agree w/tweets.",2009-04-20 16:11:32,450,2078,14710,False,2020-08-01 17:14:03,"AZ Rep. Raúl Grijalva tests positive for #COVID19, is symptom-free. It isn't clear how Grijalva contracted the viru… https://t.co/pQxmW2hIhI",['COVID19'],Twitter for iPad,False
Desiree,,she/her/hers,2012-11-25 07:00:46,32,137,1001,False,2020-08-01 17:15:05,"I've been weeding our lawn by hand.

What level of COVID are you on?

#ThanksCOVID #COVID19 #NextLevel","['ThanksCOVID', 'COVID19', 'NextLevel']",Twitter for Android,False
College Counselors,United States,College advisors providing the individualized attention students need to properly tackle the college admission process. Hablamos Espanol. Offices in US & LATAM.,2010-01-18 21:12:40,20310,1845,86,False,2020-08-01 17:30:29,What to do if you can't afford college right now https://t.co/x4iTQwynIO #college #collegetalk #collegebound… https://t.co/crTOVfVb2P,"['college', 'collegetalk', 'collegebound']",Hootsuite Inc.,False
Drunk Kim Reynolds,Iowa,"Kim Reynolds, Iowa's twice-arrested governor. Doin' what's right for Kim one sip at a time! #Kim2024",2020-07-16 03:35:44,233,258,757,False,2020-08-01 17:43:23,"Here are some GOP-approved treatments for #COVID19.
—Build up a tolerance by getting lots of extra coronavirus. 
—C… https://t.co/Og2ArKe5sp",['COVID19'],Twitter for iPhone,False
Just breathe 💙 #NotMyMarch 👠,#BeTheChange #BecomeACop,#Trump2020  🙏🇺🇸 👮  #FollowedBy @GenFlynn @RealMattCouch @RealDrGina @ScottBaio @bluelivesmtr @ScottPresler #GoldStarFamily ⭐  #2A    🐝Rude🐝❎,2016-11-12 21:18:45,6081,6689,38273,False,2020-08-01 17:50:01,#COVID19 #COVID educate yourself. Msm will not tell you these things. https://t.co/p8S6GRI7Uz,"['COVID19', 'COVID']",Twitter for Android,False
Oigetit Health,"Silicon Valley, CA","Oigetit (Oh, I get it) filters Fake News. Try the Oigetit app here: For iPhone: https://t.co/uu0YddV5Dr & for Android cells: https://t.co/YlARgLz7py",2015-07-22 19:53:48,719,710,183,False,2020-08-01 17:51:08,"The United States Department of Agriculture purchases fresh produce, dairy and meat products from American producer… https://t.co/bbIjK0uVE7",,Twitter for iPhone,False
billy gaines,"Orlando, FL",Freelance moron,2012-01-26 08:39:58,31,369,37,False,2020-08-01 17:54:39,"#Democrats wailed about #Trump ally Roger Stone’s sentence reduction for process crimes, but are deafly
 silent abo… https://t.co/7vnkJsU3KD","['Democrats', 'Trump']",Twitter for iPhone,False
Robert  Allen Strupp,"Arizona, USA","AZ-Born-Aspy-Boomer. 17yrs VP/owner of 50-person business. 1968 Jesus saved my life. Retired. Gramps. 195,000 tweet acct was banned June 2019",2011-02-22 19:19:01,1125,1995,3634,False,2020-08-01 18:00:04,"7.31 #Covid19 #EPIDEMIC.  
POP vs DEATHS:
  
NZ 4m pop Deaths 22
Japan 126M pop Deaths 977
So.Korea 50M pop. Deaths… https://t.co/Yh5HdeBCSD","['Covid19', 'EPIDEMIC']",TweetDeck,False
Melissa Berdiel,,,2010-07-22 03:11:58,179,170,1008,False,2020-08-01 18:03:02,@realDonaldTrump This is your administration’s doing. You were late handling Covid-19 in February. And now the chec… https://t.co/pMLKgqsRAZ,,Twitter for iPhone,False
🅲🅷🆁🅸🆂 🅻🅸🆃🆃🅻🅴,Southern California,"News Director, KFI AM-640. Avid mountain bike rider. Former rider of the #𝙪𝙧𝙞𝙣𝙚𝙩𝙧𝙖𝙞𝙣. Occasionally posting #𝙉𝙤𝙩𝙂𝙤𝙤𝙙𝙉𝙚𝙬𝙨𝙒𝙧𝙞𝙩𝙞𝙣𝙜.",2008-11-20 22:44:47,5323,567,3760,False,2020-08-01 18:04:55,"Unhappy campers. #COVID19
https://t.co/1ok3NOS5vc",['COVID19'],Twitter for Android,False
Capital FM Malawi,Malawi,Official Account 🎙️| #CFMNews | News Music Entertainment Lifestyle | Live stream https://t.co/YNM7nldfxv | Got News? +265999852102 👈,2012-01-22 14:46:47,80835,451,6101,False,2020-08-01 18:25:12,President @LAZARUSCHAKWERA announces the “Zikomo Presidential Awards” to reward dedicated health workers fighting t… https://t.co/FQAy7FdXyq,,Twitter for iPhone,False
Liu Bao Bei,,"Humans can be good, but it's going to take work.",2020-04-02 22:00:20,113,75,4908,False,2020-08-01 18:32:02,@tonyver45 @JoshNBCNews It may be that it's at the command of a regime that wants to end your freedom and your chil… https://t.co/FNBdChLDg9,,Twitter for Android,False
leo811(tiki kim) *My Mask Protects Me. Try it.,san francisco outerlands,"miracle receiver! sf native/history enthusiast, animal/wildlife lover, sfzoo animal friend/advocate, blogger extraordinaire, photo fiend, & bullshit reject-er!",2008-01-03 08:53:55,335,845,4702,False,2020-08-01 18:32:14,".@ColumbusZoo  .@GovMikeDeWine .@OHdeptofhealth .@CDC  Outrageous Irresponsibilty! Opening a high contact water ""ri… https://t.co/ahCgU7SJoZ",,Twitter Web App,False
CGTN,"Beijing, China",#SeeTheDifference with CGTN as we bring you stories from #China and the world,2013-01-24 03:18:59,13885511,69,114,True,2020-08-01 18:43:55,"Global #COVID19 deaths surpass 680,000: Johns Hopkins University https://t.co/Rq4TWN0c0I",['COVID19'],Twitter Web App,False
"🏀Arif K Mirza, MD🏀😷🧠",➡️New York➡️St.Louis➡️Memphis,Physician-Child Psychiatrist|Telehealth|Alum @WustlMed|@BarnesJewish|@UofR|#PsychTwitter|#Medtwitter|✖️Advice|Opinions 🙋🏻‍♂️,2010-05-21 00:55:10,9082,4025,1754,False,2020-08-01 18:55:21,I checked my 4y daughter &amp; she wanted all fingers tested “baba! what if one test is wrong!” ... Relieved she believ… https://t.co/5JWyjFthfE,,Twitter for iPhone,False
Tony Turner,"Dandridge, TN ","God, Family, Constitution, Freedom, Capitalism. Conservatarian, Independent (#ExGOP). Retired. Detroit Tigers, GB Packers, UM Wolverines. Bourbon. ΜΟΛΩΝ ΛΑΒΕ",2008-06-26 01:01:04,7592,6547,66062,False,2020-08-01 18:57:09,"After our younger daughter had a second co-worker test positive for #COVID19, she got tested herself. It came back… https://t.co/M77t8m3knv",['COVID19'],Twitter for iPhone,False
Violent Cal,"Richmond, VA","Silent Cal's belligerent descendant. American practicing rugged individualism, hard work, self-reliance, and free speech. Dont care if you're offended.",2012-05-21 21:30:51,1611,1064,3155,False,2020-08-01 18:57:21,"Masks are virtue signaling assholes, statist nazis, and compliant pussies.

Get over it. Herd immunize.

#covid19

#RVA
#Richmond
#COVID","['covid19', 'RVA', 'Richmond', 'COVID']",Twitter Web App,False
Joe Rossi,"Los Angeles, CA",General assignment/investigative reporter for the Los Angeles Tribune. Part of the fictional liberal media.,2015-10-20 22:02:31,1504,1564,47,False,2020-08-01 18:58:50,"We got numb to it around March 2017, but when one pauses to really think about it, it's impossible to overstate how… https://t.co/92QkLQePk8",,Twitter Web App,False
Symanntha Renn,"Midwest, USA",I use exclamation points way too much.  Follow my #blog to read more of my thoughts. Follow my Insta to see my #oilpaintings,2009-07-29 03:02:14,1320,1951,36220,False,2020-08-01 19:00:00,"I’m holding my world together with compromises and string.

#COVID19 #Summer2020 
https://t.co/FzTcajTkSx","['COVID19', 'Summer2020']",TweetDeck,False
Rob,Minneapolis,Proud to live in MPLS. Teacher at SW Coder Dojo. Family man.,2009-10-08 21:06:08,140,533,843,False,2020-08-01 19:01:00,"* 55,188 (+725) people in #MN diagnosed with #COVID19
* 1,606 (+6) have died
* Hospitalized today: 317 (+5)
* ICU t… https://t.co/mpDNVSAokZ","['MN', 'COVID19']",TweetDeck,False
Joe Corré,"London, England",I have a clothing label @achildofthejago | I am an activist @wakeuppunk | I want the UK to stop fracking @talkfracking | I help people over at #humanade,2016-03-22 13:56:26,2866,1108,2541,True,2020-08-01 19:01:46,Has #TheRat #JimRatcliffe of #INEOS been allowed to get #taxpayer backed £500m #COVID19 #coronavirus emergency loan… https://t.co/UAQFo4sY2i,"['TheRat', 'JimRatcliffe', 'INEOS', 'taxpayer', 'COVID19', 'coronavirus']",Hootsuite Inc.,False
Deepak Chandramohan,,"Hospitalist, Assistant professor @UA_CCHS Hospitalist Fellowship Program, Alien Physician, Non political, Rural Healthcare advocate, Tweets are my own.",2014-02-28 00:42:08,122,621,1209,False,2020-08-01 19:03:30,"#S3599 can add stability to healthcare workforce and help hospitals 
#S3599 #HEALSAct #medtwitter #HealthCareHeroes… https://t.co/kK66uZ3htW","['S3599', 'S3599', 'HEALSAct', 'medtwitter', 'HealthCareHeroes']",Twitter for Android,False
Lily Evans Potter (fan),,"“...everything will change for the better, that this cruelty too shall end, that peace and tranquility will return once more.” ~Anne Frank",2018-01-04 04:03:06,7153,6000,27067,False,2020-08-01 19:08:02,"@GwenGraham @FloridaGOP Womp-womp.

@GovRonDeSantis is a joke and a national embarrassment, thanks to his refusal t… https://t.co/aNcGvc65zR",,Twitter for iPhone,False
Bruce Mirken,San Francisco,"Media Relations Director, @Greenlining. Opinions (often snarky) are strictly mine. RTs do not equal endorsements. Justice. Fairness. Equity. #25thAmendmentNow",2015-03-05 22:16:33,1737,585,16568,False,2020-08-01 19:08:16,Employers illegally pressure workers to sign #COVID19 liability waivers. https://t.co/Z1ty3Zqd4Z via @khnews,['COVID19'],Twitter Web App,False
Closedadaw,NYC,its drafty in here,2012-12-12 03:42:05,118,1017,26781,False,2020-08-01 19:13:12,"Thread by @jennycohn1: If you decide to vote by mail, apply ASAP &amp;amp;, if allowed in ur county (check), return ur… https://t.co/wj4uj6XTR0",,Twitter for iPhone,False
coronatrackingbot,US,This is a bot for tracking the spread of the coronavirus globally and within the US.  Data credit to CSSE at Johns Hopkins.,2020-03-08 21:09:25,72,0,0,False,2020-08-02 17:04:38,#Coronavirus #COVID19 Global Cases by Johns Hopkins CSSE as of 08/02/20 12:00 CDT https://t.co/SOkZcOAVOC,"['Coronavirus', 'COVID19']",trackingbot2020,False
Imwalker,,,2020-06-14 17:07:22,2,5,7,False,2020-08-02 17:05:03,"#ReduceReimburse #ReduceNITtuitionfees #mhrd #COVID19
Whole semester is to be conducted online
But NITians are to p… https://t.co/oyhhsK79t1","['ReduceReimburse', 'ReduceNITtuitionfees', 'mhrd', 'COVID19']",Twitter for Android,False
Sports ON Tap Chicago,"Chicago, IL",Let Me B-Frank ▶️ Sports ON Tap 🧊 Everything Chicago 🌬 📍@thesportsontap @SONTHoops 📍@SONTSeattle @SONTKicks,2016-06-22 03:36:28,654,536,1312,False,2020-08-02 17:06:45,Savvy move by the #Pac12 players to ask to be paid as a part of their #COVID19 demands. Won’t be long for  players… https://t.co/GwfSDlnWOH,"['Pac12', 'COVID19']",Twitter for iPhone,False
Abel C Dixon,"Choondal, Kerala",A Space enthusiast and Innovator .,2017-12-29 12:27:40,2,47,30,False,2020-08-02 17:42:20,"Online classes demands hefty internet expenses
We request the NITs to REIMBURSE A PART OF THE MESS EXCESS to cover… https://t.co/fO0RvpROPR",,Twitter Web App,False
United States,,"United We Stand, Divided We Fall!   Work for freedom, respect, & peace for all.   Hate speech & violence have no place in US politics.     Love wins.",2016-05-11 00:09:26,1328,4069,19557,False,2020-08-02 17:43:06,"More people in US have died of #COVID19 than  entire population of Salinas, California, the 164th largest city in U… https://t.co/AvbdG1bdNx",['COVID19'],Twitter for Android,False
#NOLAed4Liberation,"New Orleans, LA","All about #NOLAed & Education for Liberation. Listen in on Wednesdays, 7-8pm CST ON @WBOK1230am hosted by Adrienne D. Dixson, PhD",2018-12-09 17:41:10,291,498,6332,False,2020-08-02 17:49:50,@janelletscott They stay busy. #dontsleep #neoliberaleducation #COVID19,"['dontsleep', 'neoliberaleducation', 'COVID19']",Twitter for iPad,False
Armando Elenes,"Bakersfield, CA",UFW Sec-Treas; Empower worker & improve farm worker lives; social justice! Secretario Tesorero de UFW; Orgulloso de ser Sinaloense! Mejorar lvidas de campesinos,2016-08-27 16:25:03,173,379,1266,False,2020-08-02 17:54:06,Hearing from so many farm workers about not being paid  after testing positive for COVID-19.  #shameful #COVID19 #WeFeedYou,"['shameful', 'COVID19', 'WeFeedYou']",Twitter Web App,False
UxbEconomist,"London, England","City Trading & Economics. Incl Equity / FX / Commodities. Sports Incl NFL,Rugby. #ChelseaFC #WingChun + Art/ Science/ Birding #Brexit #Australia+ #CETA+++",2016-05-11 22:36:17,4386,4300,84369,False,2020-08-02 17:56:07,@paulrey99 Which as you know Paul is something I said earlier &amp; have repeated several times on my timeline. So I’m… https://t.co/sRZKGIRsM0,,Twitter for iPhone,False
NCL International,,Project focussing on the international community at Newcastle University,2020-07-28 11:25:20,0,0,0,False,2020-08-02 18:00:31,#COVID19 cancels Cambodia project: https://t.co/25LIBaUKpm https://t.co/98I8RYz26i,['COVID19'],Twitter Web App,False
Li Xiaosi,Vienna,Chinese Ambassador to Austria,2019-09-05 07:16:56,12131,670,6238,True,2020-08-02 18:07:09,@thecyrusjanssen My mom is 85&amp;lives in #Wuhan. Millions of people there incl. her were in quarantine for 76 days. N… https://t.co/PyiGKK7OTd,['Wuhan'],Twitter Web App,False
PolymathSoftwareSolutions,,,2020-05-22 11:43:33,30,60,37,False,2020-08-02 18:10:23,"@DHSCgovuk @PHE_uk #Rnumber unchanged at 1.10

https://t.co/2YyKJaIHW1

#coronavirus #coronavirusuk #coronavirusUSA… https://t.co/36S0B8IQaK","['Rnumber', 'coronavirus', 'coronavirusuk', 'coronavirusUSA']",Twitter Web App,False
Sambad English,Odisha,"Odisha Sun Times is now Sambad English. We cover Breaking News, Alerts & Feature Articles.

Join us on: https://t.co/dVPFiHHyyo",2013-11-12 08:17:29,35508,4,7,False,2020-08-02 18:10:52,#BREAKING | #Karnataka CM BS Yediyurappa tests positive for #COVID19. https://t.co/mZmz7xQho1,"['BREAKING', 'Karnataka', 'COVID19']",Twitter for Android,False
Francois Garcia,Cheshire,My personal account. Everlasting student of life. Buddhist. Croquet. Brompton owner. Jazz music especially Pat Metheny. Animal lover. Eccentric.,2011-08-10 21:09:21,226,86,360,False,2020-08-02 18:22:43,"Staffordshire Pub, 19 tested positive. #pubs #covid19 https://t.co/DRdYyNVwJg","['pubs', 'covid19']",Tweetbot for iΟS,False
सिद्धार्थ,ये कहाँ आ गये हम ,"News should be facts, plz verify/ask for information source. May make errors more than I want, do correct me.

सूचना सिद्धांत|",2009-11-29 12:18:59,448,191,3421,False,2020-08-02 18:42:29,@SeemaAhuja1 @GorwayGlobal @pash22 @jeff_cranmer @Jim10341007 @prat1112001 @dawalelo @malini_aisola @d_s_thakur… https://t.co/LWphk6RlzJ,,Twitter Web App,False
Mikey🚛📸📹,"United Kingdom,Kent.","I drive around a lot, like travelling,Pro-European Federalist,Father of 3, Diabetic (2) #R4OR #FSFA #RemainerNow",2016-02-27 05:07:15,1621,1614,54159,False,2020-08-02 18:51:41,"Thread of Today’s Visit to #London what it’s like during #COVID19 100% authentic, if your looking for Bullshit and… https://t.co/EB4S5GdvJC","['London', 'COVID19']",Twitter for iPhone,False
DAILY SABAH,Istanbul,"Turkey’s top English newspaper, providing the latest local and global headlines from Istanbul. | Arabic @dsarabic",2013-12-05 19:08:07,485811,2,0,True,2020-08-02 19:00:50,Don't let that #COVID19 mask steal your bridal glow: Brides in Turkey adopt new gilded accessory to ensure both sty… https://t.co/Cc22FZpsre,['COVID19'],Hootsuite Inc.,False
Walk-In Lab,"Madisonville, LA USA","Walk-In Lab offers convenient, affordable, and confidential #labwork with or without a physician's referral. Start your healthy future today!",2009-07-07 15:29:49,863,292,659,False,2020-08-02 19:01:26,Has the Covid-19 pandemic left you stressed out and depressed?  According to @HarvardHealthPublications yoga practi… https://t.co/ilBajNvUqk,,LaterMedia,False
iPostal1,United States,Our app lets you manage postal mail from your phone. Perfect for individuals & businesses! BBB accredited A+ rating. Contact Customer Service for assistance.,2013-12-30 23:00:45,297,113,66,False,2020-08-02 19:21:11,"In the wake of this global pandemic, more of us are setting up business operations from home. @DigitalEdgeorg offer… https://t.co/I9lr71S0xo",,Twitter Web App,False
Autodesk,Worldwide,"3D design, engineering, and entertainment software and services. 
Have a question? Visit our community forums: https://t.co/ADDNuPre2j",2009-04-16 16:34:16,284304,4271,4559,True,2020-08-02 19:38:00,"Behold the 21st-century hard hat, and how it's facilitating #COVID19 tracing on construction sites: https://t.co/8UhT91S7Hb",['COVID19'],Sprout Social,False
Laur.Rynn,United States,"I'm just someone trying to start something worth reading not just click bait

Other link to more post: link: https://t.co/xobIQE0bHv",2018-12-28 22:46:58,16,351,229,False,2020-08-02 19:48:02,So we've all spent this whole ass year in the house 😞 its August bro like what the freak #COVID19 #pandemic,"['COVID19', 'pandemic']",Twitter for Android,False
"❤️ Gito, The Lover AND The Fighter 👊",East Texas,"Money. Gaming. Music. Sex. Food. Porn. Sleep. I mean, what else is there 🤔 🤷‍♂️",2019-11-25 03:02:15,4,168,107,False,2020-08-02 19:49:51,@DanScavino You people are retarded. And I don't mean that in the derogatory way that the word has been used in the… https://t.co/5wRPRpqFlM,,Twitter for Android,False
Heidi Hoffman,"Orlando, Florida","Normality is a paved road: it's comfortable to walk, but no flowers grow on it.",2012-02-03 01:40:17,131,301,13826,False,2020-08-02 19:54:08,Pretty much. #COVID19 https://t.co/dGKLSwgmOa,['COVID19'],Twitter for iPhone,False
GiftCard365,"NY,USA",#giftcards #giftcard #giftideas #giftcardsavailable #BuffaloGiftCard #BuffaloWildWings #giveaway #gift #amazongiftcard #gifts #free,2020-01-18 12:23:26,3,52,60,False,2020-08-02 20:00:22,"Get $100 Buffalo Gift Card For #USA 
Click Here : https://t.co/sfSYYD2JQb OR
https://t.co/QRxUdAcFdr

#giftcard… https://t.co/KTJ2LCdhKx","['USA', 'giftcard']",Twitter Web App,False
COVID19 News,WORLDWIDE,"""After all it really is all of humanity that is under threat during a pandemic."" ~ Margaret Chan
Latest Verified News and updates #COVID19 #coronavirus",2019-02-11 06:22:48,84,133,1,False,2020-08-02 20:06:12,COVID-19 outbreak declared at fourth Ottawa child-care centre | CTV News #covid19 #CoronaVirusUpdates https://t.co/1A0uBWFwwJ,"['covid19', 'CoronaVirusUpdates']",ContentStudio.io,False
SAY NO TO MASKS,United Kingdom,STANDING UP FOR THE HUMAN FACE,2012-07-08 11:11:35,1942,1372,52418,False,2020-08-02 20:08:48,"So, it’s “nasty” to ask a politician for evidence that #masks either work or are necessary. We are literally being… https://t.co/4YxKfwhDn1",['masks'],Twitter for iPhone,False
Atleast I’m Enjoyin the Ride!,,"Everything’s Right so just hold tight! aPhishanado,Music enthusiast,Marvel fan, & big sports fan. Tweets are my own & often sarcastic. Take a breath,lighten up!",2012-02-28 07:55:54,239,1164,3469,False,2020-08-02 20:34:09,Wow. Incredible. It’s like it mutates how it attacks the body. #COVID19 https://t.co/MqugjGI1K0,['COVID19'],Twitter for iPhone,False
Journal of Child Psychology and Psychiatry,,World-leading child & adolescent psychology and psychiatry journal from @acamh. Pls follow @researchdigests & @TheCAMH journal RTs =/= endorsements.,2017-03-23 17:14:08,7907,1998,1206,False,2020-08-02 20:43:19,"In Conversation... Dr. Andrew Beck ‘CAMHS, COVID19, and CBT’ 
Beck talks about the changes he has seen in #CAMHS an… https://t.co/fgI3Q7ZIsR",['CAMHS'],Buffer,False
Fed up MASK IT OR CASKET😷,,"6th sense was given for a reason...tap into yours!
Tweet a lot/follow at your own risk...",2016-11-11 01:58:28,329,239,61066,False,2020-08-02 20:43:48,"#BOUNTYONOURMILITARY 
#TRE45SON 
#COVID19 
#GOPSCAM 
Damn him and his deflections and lies. https://t.co/0sqirKQNZC","['BOUNTYONOURMILITARY', 'TRE45SON', 'COVID19', 'GOPSCAM']",Twitter for Android,False
I AM AN NIFTIAN,,"NIFT COMMUNITY |
FOLLOW TWITTER ACCOUNT TO RAISE STUDENT ISSUE",2020-08-02 20:02:26,2,12,0,False,2020-08-02 20:59:20,We urge @dietsabya @ajtaknews_ @thewire_in @TheLallantop @ZeeNewsEnglish @BBCIndia @indiatvnews @PragNews… https://t.co/lJ0tBINXQu,,Twitter for Android,False
Kwara State Government,"Ilorin, Nigeria",The official Twitter handle of the Government of Kwara state. The state of Harmony | Former Account: @Kwaragovt,2020-07-19 02:42:43,712,9,5,False,2020-08-02 21:11:18,"#Covid19KwaraUpdate: 2nd August, 2020 | 9:00pm

- 41 #COVID19 cases discharged 
- 5 new #COVID19 cases confirmed… https://t.co/Bz0llG0LwY","['Covid19KwaraUpdate', 'COVID19', 'COVID19']",Twitter for Android,False
Carlitos,Estados Unidos,"Football, Metal, Beer & Marketing. Rage and irony included as raw reality.",2018-03-17 02:33:20,385,1233,11094,False,2020-08-02 21:12:49,"Everybody on this ship is negative about current situation (#COVID19)

I’ve chosen to stay optimistic till the end.… https://t.co/q0EpwehnIM",['COVID19'],Twitter for iPhone,False
@SyriaIrl,"Dublin City, Ireland","Irish Solidarity with the struggle of the Syrian people for freedom, dignity and justice, and horror and outrage at the slaughter they are enduring",2016-06-04 12:43:30,2281,835,4790,False,2020-08-02 21:13:03,"fears of new wave of displacement as regime resumes bombing""including the towns and cities of Jabal al-Zawiya and s… https://t.co/x072h61S0x",,Twitter Web App,False
tomasz przechlewski,Sopot,"research worker (retired), keen cyclist, union rugby enthusiast and long-term linux user.
Annoying anonymous users are blocked. Upierdliwe anonimy są blokowane.",2011-04-26 13:52:00,127,689,6957,False,2020-08-02 21:14:13,#coronavirus #COVID19 Data from https://t.co/ns0qnOyYqU https://t.co/Vn5elkVE62,"['coronavirus', 'COVID19']",tprzechlewski.app,False
Dr. Renée Cassidy,"West Chester, PA",Public Health Physician & #MedPeds doc @CVIMWestChester. Regional Overdose Prevention Coalition. Tweets = mine. She/her.,2017-01-10 03:21:28,924,1240,1469,False,2020-08-02 21:15:09,"and avoid indoor public eating and stay home when you’re sick, etc.  No one method of avoiding #COVID19 is perfect,… https://t.co/pMXJ2OaCo2",['COVID19'],Twitter for iPhone,False
Pooh Bear,Earth,Democrat. Liberal. Sceptic. Centrist. Atheist. Humanist. Bearist. European. Green. Mostly harmless.,2016-11-21 15:06:30,84,1,5383,False,2020-08-02 21:18:05,@breeadail @newsmax 'A total of 1542 patients were randomised to #Hydroxychloroquine and compared with 3132 patient… https://t.co/Jr3mx42DnW,['Hydroxychloroquine'],Twitter for Android,False
Liat 🌊🇬🇱🇺🇸 #democratsavage✊,"Texas, USA","You may shoot me with your words, You may cut me with your eyes, You may kill me with your hatefulness, But still, like air, I’ll rise.",2015-07-26 14:27:05,906,913,36755,False,2020-08-02 21:19:41,I’ll stick w the expert- “Fauci’s point accurately describes the US situation. While some states followed CDC’s gui… https://t.co/XGcVlrDIE0,,Twitter for iPhone,False
Tashintheclouds,,"Dissociative Identity Poet.
(Instagram @tash.in.the.clouds;
Medium @tash.in.the.clouds)",2018-10-27 22:36:22,831,783,4602,False,2020-08-02 21:23:20,"#NZ charges its youth via big student loans, but refuses to charge even a token fee for for quarantine costs. Koha… https://t.co/y5tpvTJ4Pv",['NZ'],Twitter for Android,False
XpertHR,"New York, NY",Providing HR solutions and empowering organizations to build successful workforces since 2002. Try a free trial today https://t.co/9uhAGFXUON  #EmpLaw #HR #Compliance,2012-06-07 20:46:04,11049,6300,755,False,2020-08-02 21:30:11,#COVID19 #Resource Roundup: Check out all of our most popular #coronavirus content from this past week.… https://t.co/BlWd152UIY,"['COVID19', 'Resource', 'coronavirus']",Khoros,False
ActivistBowen,Hong Kong,"person, web writer, dissident, son, brother, friend; NOT a 1-man show; RTs = IMPORTANCE, NOT NECESSARILY ENDORSEMENTS; REASONABLENESS over loyalty",2011-06-08 20:17:01,3181,3968,4168,False,2020-08-02 21:30:32,"PBS NEWSHOUR (August 3, 2020; 5:00 HKT) #COVID2019 #COVID19","['COVID2019', 'COVID19']",Twitter Web App,False
"Matthew Cortland, Esq",#COVIDchat,"Healthcare is a human right. Disabled, writer, public health nerd, policy analyst, lawyer. PPE for all. he/him https://t.co/HKwECRps33",2011-04-03 21:49:28,33644,2183,155143,False,2020-08-02 21:38:43,"In March, Deborah Birx, MD (response coordinator for the White House coronavirus task force) said we're all ""reassu… https://t.co/AsI9WjH3Nw",,Twitter Web App,False
The Bright Flame Official,,"The Bright Flame is a Bible-based, male-centric source of health, wealth, and self-help. Support my Email Channel! 📬 Join for free and I’ll yak at ya!",2020-06-10 21:29:20,2,0,0,False,2020-08-04 03:15:45,"Email Sent! Masks Endanger The Childrens Future
.
Join Our Email Family In Bio, Get My Free e-Book!
.
#masks #covid… https://t.co/Ot0qnJbNRb","['masks', 'covid']",Twitter for iPhone,False
FOX 7 Austin,"Austin, TX",We cover local news in Central #Texas. Got a news tip? Call us at 512-472-0988 or email us: ktbcweb@foxtv.com,2008-08-14 13:47:58,130888,124,12986,True,2020-08-04 03:16:47,A new study lists @CityofSanMarcos in the top ten most financially vulnerable college towns in the U.S. during… https://t.co/6WUDacnDsK,,TweetDeck,False
OneMindStand,,"#Travelblogger #Blogslover

fb page - https://t.co/xsi4zJgNnz

instagram https://t.co/xN980p0E5Y

Pinterest - https://t.co/cLRGrmNQe5",2020-06-17 11:12:54,32,61,78,False,2020-08-04 03:19:06,"Pandemic audiobook by A.G. Riddle
Listen this audiobook 
Get your free trail of audible here… https://t.co/gH1JlFahjg",,Twitter for Android,False
moneycontrol,Mumbai,"Moneycontrol is India’s No. 1 financial portal. Tune in for breaking news, in-depth analyses, best investment tools. Get #MCPro for exclusive content & benefits",2009-08-26 07:55:29,894012,285,980,True,2020-08-04 04:05:43,"Jubilant Life Sciences launches generic version of antiviral drug remdesivir under brand name 'JUBI-R', priced at R… https://t.co/IMp1vIJvba",,Twitter Web App,False
RDXGOA,"GOA, INDIA",Goa's most watched TV Channel. With content for every household. Coverage of Live Events At its Best.,2012-12-21 17:03:34,3959,16,85,False,2020-08-04 04:06:18,"#Covid Death Reported in Goa: 29 yr old patient from #Altinho, #Panjim succumbed to #COVID19 at ESI Hospital, #Marga.","['Covid', 'Altinho', 'Panjim', 'COVID19', 'Marga']",Twitter Web App,False
Vitriol on the Nose,"Portland, OR",#LockHimUp,2018-08-06 16:47:03,102,129,773,False,2020-08-04 04:11:32,"Rebuttal: What good is money if the economy isn't open for you to spend it?

What good is money if you &amp; your loved… https://t.co/XIIm8mZ5yf",,Twitter for Android,False
PRIDE IN DIVERSITY,"Sydney, Australia",Australia's national employer support program for all aspects of LGBTQ inclusion. Publishers of the Australian Workplace Equality Index (AWEI).,2012-01-17 01:38:46,3178,439,955,False,2020-08-04 04:15:02,Friendly reminder for #regional #LGBTQ folks: Let’s have a Kiki! Join @ACONhealth and connect online with other Reg… https://t.co/qah2IcMuvl,"['regional', 'LGBTQ']",Hootsuite Inc.,False
ZaWarNer,"Roseville, CA",,2012-01-02 03:51:01,19,188,7997,False,2020-08-04 04:17:07,Here is a question for every #MAGAt. If you hire someone to amend your soil and he tells you that the reason it is… https://t.co/DU8Dh8EErw,['MAGAt'],Twitter for iPhone,False
Economic Times,,"India's No. 1 Business Daily that brings you the latest #news updates | A Times Internet Product
https://t.co/1XskCMZXK5",2009-05-13 12:54:58,3666315,43,400,True,2020-08-04 04:23:37,"➠ 52,050 new positive cases &amp; 803 deaths in India in the last 24 hours 
➠ India's #COVID19 tally rises to 18,55,746… https://t.co/kNg5Mzl2AU",['COVID19'],TweetDeck,False
Evariste,,"American, but big fan of Evariste Galois. Anti-Trump and anti-Republican Party.",2016-11-16 13:35:19,87,159,60171,False,2020-08-04 04:30:50,"Trump is mindbogglingly stupid.

He shows graphs that his advisors cherry picked for him and points at how the US i… https://t.co/jO9tIiIBk4",,Twitter Web App,False
🇺🇸 🏛 🇺🇸,90069,,2017-10-08 21:24:06,559,2330,47993,False,2020-08-04 04:34:16,"@IvankaTrump you know about #TheScience right?  @WHO
#COVID19  #PoliticsVsScience #TrunpCrimeFamily… https://t.co/iANjTXWc19","['TheScience', 'COVID19', 'PoliticsVsScience', 'TrunpCrimeFamily']",Twitter for Android,False
Focus - Ready for Tomorrow,"Phnom Penh, Cambodia","Our mission is to become the most trusted source of information for Cambodian consumers who are seeking advice and orientation on healthcare, finance, education",2020-04-28 06:41:55,81,53,7,False,2020-08-04 04:35:02,"Recently, all-you-can-eat #restaurants have seen a #spike in popularity in #Cambodia. Some restaurants have attempt… https://t.co/A0b2wBJSJe","['restaurants', 'spike', 'Cambodia']",Hootsuite Inc.,False
Muslimah HTM,Malaysia,Akaun Twitter Rasmi Muslimah Hizbut Tahrir Malaysia,2015-06-23 09:21:38,9946,54,74,False,2020-08-04 04:51:51,"[GLOBAL] #KENYA - Press Release

Under the Banner of Combating #COVID19 a New Innovation is made to our Deen.. 

Fu… https://t.co/4DoSyi0lIe","['KENYA', 'COVID19']",Twitter for Android,False
New Straits Times,Malaysia,"News, views and up-to-date reports from Malaysia's premier news source. All that and more at https://t.co/S8jbx5pMaF",2009-07-09 09:04:01,717150,412,876,True,2020-08-04 05:15:00,"#NSTletters Youth unemployment is a big concern due to #Covid19.

https://t.co/lhR6lnTvwo","['NSTletters', 'Covid19']",TweetDeck,False
GannawarraShire,"Victoria, Australia",The official Twitter account of Gannawarra Shire Council. Not monitored 24/7.,2014-02-05 04:09:04,886,285,180,False,2020-08-04 05:25:21,"Changes to @GannawarraShire services will occur from Thursday, August 6 due to the State Government's implementatio… https://t.co/hk5zh23uH3",,Twitter Web App,False
benjy singer,"Jerusalem, Israel.","Social Media manager at the Jerusalem Post. Trained in Internet Marketing,Marcom,Technical Writing and Social Media.Graduate of LSE, UCL&Leicester University.",2011-11-17 15:56:25,452,737,64,False,2020-08-04 05:36:59,Latest #corona news from #Israel:  #covid19 #coronavirus https://t.co/ebpmQflPAz,"['corona', 'Israel', 'covid19', 'coronavirus']",Twitter Web App,False
APO Group English,#AFRICA #MENA,"Latest #Africa & #MENA related #News releases issued by companies, govs, intl orgs, NGOs & #UN #PR FR:@APO_source_fr PT:@APO_source_pt AR:@APO_source_ar",2011-02-22 09:09:45,10678,6,2038,True,2020-08-04 05:38:53,Coronavirus - Rwanda: COVID-19 update (3rd August 2020) @RwandaHealth @MoetiTshidi @WHOAFRO @DrTedros @WHO #Africa… https://t.co/slRRG9dDe8,['Africa'],Africa Newsroom,False
Mr Matthews 🔶🇬🇧🇪🇺,"England, United Kingdom","First they ignore you, then they ridicule you, then they fight you, and then you win. Liberal Democrat Pro EU, part time soldier - and i talk alot",2009-05-04 14:52:03,150,324,462,False,2020-08-04 06:02:51,"If it is not possible to stockpile medicines due to #COVID19 and the #Brexit causes supply issues people will die,… https://t.co/MlzlTsp5Br","['COVID19', 'Brexit']",Twitter for Android,False
Dubz Talk,"Dubai, United Arab Emirates","Bio doesn’t matter, tweets real honest and humanly. a place where we can have an honest conversation and share your opinion with people of planet earth.",2018-03-18 15:57:51,117,787,4150,False,2020-08-04 06:19:03,This not a fake news below Quoted tweet #COVID19 #India https://t.co/RKMSRUNQmF,"['COVID19', 'India']",Twitter for iPhone,False
RealtyMyths,New Delhi,Welcome to India’s first Interactive Infraculture platform for all the stakeholders of the real estate market.,2014-06-04 05:15:47,1523,180,828,False,2020-08-04 06:27:44,"Extension of COVID-19 Loan Moratorium
Read more - https://t.co/D8NrWSXnKE
#COVID19 #Loan #Funds #Lockdown #RBI… https://t.co/sA3VJlByOE","['COVID19', 'Loan', 'Funds', 'Lockdown', 'RBI']",Twitter Web App,False
Dr. Ally Dunhill 🏴󠁧󠁢󠁳󠁣󠁴󠁿,"Brussels, Abu Dhabi, Scotland","Co-Founder @accessiblead UAE. Inclusion, Diversty, Accessibility, Respect & Rights. C&YP. SDGs. Honorary Fellow @WilberforceHull .Visiting Researcher @EEIatHull",2012-10-22 21:27:46,1398,1340,13569,False,2020-08-04 06:29:04,"@UNYouthEnvoy Inclusion for all, asking, listening &amp; learning from people with disabilities about their lived exper… https://t.co/2eVYSMwsFL",,Twitter for iPhone,False
SWAPNIL K.K.,Planet Earth.,"Freedom, Equity, Integrity. 

स्वातंत्र्य, समता, बंधुता. 

फुले, शाहू, Ambedkar. 

संविधानवादी.",2019-02-19 05:57:04,602,475,18456,False,2020-08-04 06:31:04,"What if tadipar is just faking his illness ? 

What if it's just the publicity stunt to gain the popularity and sym… https://t.co/BDUkM8Jf4Z",,Twitter for Android,False
Andrew Holmes,"Earth, Universe",https://t.co/98EVcZpb3Z - ∞r - FUTURIST USD$10000 per 30min. ‘YOUR FUTURE NOW...’ WhatsApp +61457347348,2016-02-26 01:27:57,219,1224,1461,False,2020-08-04 06:37:34,"Indonesia providing model of letting Coronavirus run rampant..

Trust, protect, safe, secure..

What is Dan Andrews… https://t.co/4f1issWL6s",,Twitter for iPhone,False
Calvin Swine,"Etobicoke,ON,CANADA","Artist, entrepreneur, educated bum; skills in writing, performing, film, photography; dances, jogs, tennises; loves beautiful music, cries a lot, tears of joy.",2011-03-28 15:03:06,2531,3621,233250,False,2020-08-04 06:44:20,"@jonfavs Strangely, #Trump is right about percentage #deaths. If you take the number of total #COVID19 deaths in… https://t.co/3WlRrmMiGX","['Trump', 'deaths', 'COVID19']",Twitter for iPhone,False
TOI Guwahati,,Your city. Your neighborhood. Your block. Covered for you by https://t.co/VSKi1mCAsZ,2017-06-20 12:44:13,765,0,0,True,2020-08-04 06:46:32,"60 more test positive for #COVID19 in #ArunachalPradesh taking tally to 1,752, reports PTI quoting senior health official","['COVID19', 'ArunachalPradesh']",TweetDeck,False
lucia hernandez,London,Towards a simpler and happier life for everyone. Social Justice.,2009-01-05 16:39:47,450,438,1054,False,2020-08-04 07:05:49,@RoyalMail @hackneycouncil went to local mail office to pick up parcel. Staff no wearing mask and public no wearing… https://t.co/D18z2FYZqT,,Twitter for iPhone,False
SDG Nigeria Knowledge Hub 🔊,,News & Commentary | #TeachSDGs | +234 903 825 9336 | admin@sdgnigeria.com.ng,2012-12-27 16:19:48,1202,4920,4142,False,2020-08-04 07:13:16,"WHO: ""Epidemiological studies will begin in Wuhan, #China to identify the potential source of infection of the earl… https://t.co/HNTiVSqWT1",['China'],IFTTT,False
Dominique✨#MaskUp #SocialDistancing,WasNYC nowFL,"Artist, Photographer, Editor, History buff NO LISTS #RatifyERA #womensrightsarehumanrights #Resistance #BlueWave 🌊🌊#NetNeutrality #GunControlNow #BLM",2009-03-01 00:25:39,15557,12397,22340,False,2020-08-04 07:13:26,"In TX man’s obituary family blames trump,Abbott,&amp;all politicians who care more 4 popularity &amp; votes, &amp; self centere… https://t.co/n8PUd1IxKn",,Twitter for iPhone,False
India in a Jar,Devon,"Indian food boutique featuring aromatic, sweet and spicy artisan Indian cuisine with a dash of Devon. 100% plant-based vegan, vegetarian gluten-free food store.",2013-02-22 07:48:31,4548,8004,3298,False,2020-08-04 07:24:27,Spread this Awareness campaign - Indian farmers are struggling to restart after lockdown. @BBCDevon @KerryWradio… https://t.co/GLeuXQuRkV,,Twitter Web App,False
DrSheldonCooper,UK,Ph.D. The Ultimate Number Cruncher,2013-03-01 20:55:23,35,124,11,False,2020-08-04 07:32:37,"Confirmed cases &amp; deaths outside PRC, as of 3/08/2020.
#nCoV2019 #coronavirus #COVID2019 #COVID19 https://t.co/zpZR7koNvL","['nCoV2019', 'coronavirus', 'COVID2019', 'COVID19']",TweetDeck,False
Alessandro Calzavara,"Milano, Italia",,2013-01-15 15:16:21,153,228,5,False,2020-08-04 07:34:10,"@MCHammer Great job by Dr.Lee and ...Hammer, sorry, I have to tell you, Dr.Lee dances better then you 😁 (I'm joking… https://t.co/WvKk80oft9",,Twitter for Android,False
Jugal / जुगल,"New Delhi, India","▶Steer @BBC's 🇮🇳 TV 📺 Ops in 5 languages
▶Defence & Diplomacy 
▶ Ex @IndiaToday @TimesNow & @MiDDAY 
▶Co-Founder @PollutionTales
▶RT ✖ Endorse 
▶❤ ✖ Like",2011-08-23 16:47:14,7930,965,8286,False,2020-08-04 07:34:17,"Common thread connecting the three most impacted #COVID19 nations ~ India 🇮🇳, USA 🇺🇸 &amp; Brazil 🇧🇷? 

""Toxic levels o… https://t.co/mcBOPY36mv",['COVID19'],Twitter for Android,False
HDAH,Hertfordshire,Herts Domestic Abuse Helpline provides a confidential free support & signposting service with expert local advice for all. Call 08 088 088 088.,2017-08-16 15:45:59,1229,2351,2134,False,2020-08-04 07:35:03,"#COVID19 has been incredibly hard financially for all charities. Doubly hard, #DomesticAbuse charities have seen de… https://t.co/eN11lnmz1A","['COVID19', 'DomesticAbuse']",Buffer,False
Rachel Beth Ahrens,"White Marsh, Maryland, U.S.","Irish hopeless romantic. Anti-racism, LGBT ally & trans ally. Feminist, she/her. MD born progressive Democrat. Dreams died after being #COVID19 displaced.",2009-02-10 14:27:06,1447,1182,8135,False,2020-08-04 07:36:35,"Something on the home front for future reference. 
#OralHealthIsHealth. Take care of your teeth, and that includes… https://t.co/dHVpo2uK8l",['OralHealthIsHealth'],Twitter Web App,False
Ellesmere Solicitors ⚖,"Lagos Mainland, Nigeria","Legal Practitioner,Corporate Practice/Branding, Real Estate Consultants.#Trademark #patent contact:coellesmere@gmail.com,+2348037032004.+2348056481750",2013-07-05 20:01:18,650,500,54,False,2020-08-04 07:38:20,We offer Company and Business name registeration services with the Corporate Affairs Commission. Kindly 📲 080370320… https://t.co/ThPfTUuVmE,,Twitter for Android,False
Ebenezer O. Ayelabola,,IG: @benayelabola,2011-04-01 16:42:54,1418,1389,7685,False,2020-08-04 07:39:45,"Why do @WHO not allow autopsy conducted on the #COVID19 dead bodies?
@WHONigeria
@Fmohnigeria
#wassce2020","['COVID19', 'wassce2020']",Twitter for Android,False
🗣️VoiceOfReason💪🏽,"South Africa, somewhere! ","The Awoke, A Thinker, Afrocentric, Voice of Reason, A Believer in Christ, An Independent Researcher... that's me.

I hate those who are slumbering and ignorant.",2018-12-08 08:38:59,95,154,1449,False,2020-08-04 07:41:32,"If only this can be possible! 

#WeThePeople
#Plandemic
#COVID19
@SAgovnews
@CyrilRamaphosa
@KhuselaS
@MYANC https://t.co/1dovT8b8BL","['WeThePeople', 'Plandemic', 'COVID19']",Twitter for Android,False
A l e,"London, England","architec+ | au+hor | pain+er |
tweeting in eng/esp",2013-04-25 23:05:04,462,2761,2004,False,2020-08-04 07:45:11,"Lovely times. 

In A Twist On Loyalty Programs, Emirates Is Promising Travelers A Free Funeral If Infected With… https://t.co/lM5pLgEpZw",,Twitter for Android,False
Maison-Home,UK,"Beautiful tableware, ceramics and kitchenware for day to day use",2018-06-21 11:09:45,25,228,0,False,2020-08-04 07:45:21,"Our 70% alcohol based hand sanitiser will keep your hands feeling protected, clean and fragrant 💧💧
-
🛒 -… https://t.co/zUirp6Xruy",,Twitter Web App,False
Matt Kemp,"Basingstoke, UK","#SaintsFC Football, Gaming, AV, Cars. Love my wife and lil' girls. Cyber Security Architect/Consultant. CCSP, SABSA SCF, CISSP, Prince II",2010-03-29 21:15:56,935,1466,18049,False,2020-08-04 07:49:50,You’ve got to worry when the actual President of the actual United States of America’s is as stupid as this total E… https://t.co/nT53Mynwsb,,Twitter for iPhone,False
Russ Shilling,,"Looking for new opportunities in tech innovation in education & psych health. fmr DARPA PM, Navy CAPT, & Obama STEM lead. Autism Dad. Muppet & tweets are mine!",2011-08-28 17:04:51,1274,815,5001,False,2020-08-06 14:49:45,Really good discussion of prior #pandemic war games and lessons that went unlearned by the current administration!… https://t.co/wdKK0pDsF9,['pandemic'],Twitter for iPad,False
ROC United,United States,Restaurant Opportunities Centers United fights to raise wages & labor standards for the country's 13 million restaurant workers. Text ROC to 79606,2009-06-17 21:29:07,12532,2045,8779,True,2020-08-06 14:55:31,"#Unemployment benefits during #COVID19 are critical to many like @MomsRising member Daniella, a mom working three j… https://t.co/fYFcFo2727","['Unemployment', 'COVID19']",Twitter Web App,False
Space for Earth,Earth :-),Bringing you collated news about space for Earth @ESA 🛰️🌍,2012-10-26 15:20:23,3555,202,548,False,2020-08-06 14:57:08,"Satellites provide crucial data on crops during the #COVID19 crisis 🛰️🌾

#Space4Earth https://t.co/Z6yoNXBQaA","['COVID19', 'Space4Earth']",Twitter Web App,False
CVR,"Glasgow, United Kingdom",Fascinated by viruses and the diseases they cause. We are the MRC-University of Glasgow Centre for Virus Research. @The_MRC and @UofGlasgow we blog @CVRblog,2009-06-19 08:39:01,3221,675,964,False,2020-08-06 15:03:04,"New @ISARIC1 protocol led by @JTSglobalhealth aims to determine long-term health impacts of #COVID19, by sending it… https://t.co/sCHDEiQIE8",['COVID19'],Twitter Web App,False
Kroger Health,United States,"We are the healthcare arm of @kroger, serving more than 14 million Americans through our 2200 pharmacies, 220 clinics, and digital platforms. #krogerhealth",2017-07-29 17:53:35,457,185,477,False,2020-08-06 15:03:32,"While experts are still studying #COVID19 and how the virus is being spread, many believe that air conditioning cou… https://t.co/WBo7zllzBF",['COVID19'],Hootsuite Inc.,False
mentalhealthmatters,,"🙁 Remember, BAD THOUGHTS WILL PASS🙂 🧡DM are always open if you want to talk to me 🗣 It's okay to talk about #mentalhealth",2019-11-09 18:09:06,1289,1108,2842,False,2020-08-06 15:04:48,"Lots of people told me I was selfish, I was weird because the covid-19 didn't scare me. There you know why? Some of… https://t.co/1QSC9qsYHt",,Twitter for iPhone,False
IAM Platform,Worldwide,"Curation | Tools | Tips | Services

IAM Platform powers IAM Network:

GO: https://t.co/OJVc7LULBT

Blog | Social | Podcast | Code Trove",2010-12-13 21:24:29,17962,15107,65470,False,2020-08-06 15:06:28,"23 new coronavirus cases reported in Maine 

READ MORE: https://t.co/VQdDlzaNu3

#cdc #coronavirus #covid19 #mers… https://t.co/qvguTbAsmQ","['cdc', 'coronavirus', 'covid19', 'mers']",IAMBLOG2TWITTER,False
Todd Hancock,"Vancouver, BC, Canada",🇨🇦 Daddy. Husband. Son. Brother. Friend. Nerd. CFOX Afternoons ('99-‘14). BCIT instructor. #TCPC https://t.co/eP6Edsrtjh,2011-07-25 16:32:28,8542,2954,26717,False,2020-08-06 15:10:21,"A 33 minute #podcast with #EconolineCrush singer Trevor Hurst! We talked recording with #BobRock, #COVID19,… https://t.co/JPZKPG8eSz","['podcast', 'EconolineCrush', 'BobRock', 'COVID19']",Hootsuite Inc.,False
KayLoren,"Philadelphia, PA",Media Professional; PSU Grad Class of 2012; Girls’ High Girl; Lovely Lady of that Pretty Pink and Green...LOVER OF LIFE! My opinions are exactly that...mine!,2010-08-26 16:41:07,670,2079,1828,False,2020-08-06 15:14:01,@SenToomey #CitiesAreEssential in the #COVID19 response &amp; recovery. Our hometowns need help NOW through DIRECT reli… https://t.co/8kPWYnAvqO,"['CitiesAreEssential', 'COVID19']",Twitter Web App,False
Pharm2Market,,"Business intelligence for biotechs. We help #biotech innovators, investors, and business partners connect.",2018-08-13 22:12:46,115,841,68,False,2020-08-06 15:23:07,Lilly starts phase 3 test of COVID-19 antibody in nursing homes | @Lillypad @NIAID #Covid19 #nursinghome… https://t.co/dRyiSJbHL6,"['Covid19', 'nursinghome']",SocialPilot.co,False
Pragativadi,"Bhubaneswar, India","The only unbiased Odia Daily, Founded by Shri Pradyumn Kishore Bal.",2015-05-27 05:34:06,11380,327,149,False,2020-08-06 15:24:20,"1150 #COVID19 patients recover in #Odisha

https://t.co/eICieNTBwt","['COVID19', 'Odisha']",Twitter Web App,False
Alicia Ault,"DC, Baltimore, New Orleans","Twitter master, not. Freelancer covering health, science, medicine, art, and culture. May not always tweet responsibly. Music, food and NOLA float my boat.",2009-03-03 21:43:00,2928,2018,325,False,2020-08-06 15:27:44,"New study: respiratory droplets last longer, go further; same for aerosolized viral particles, esp in higher humidi… https://t.co/PPWRhknltU",,TweetDeck,False
Sedgwick County,"Sedgwick County, Kansas","Cultivate a healthy, safe & welcoming community through exceptional public services, effective partnerships, and dedicated employees. RTs are not endorsements.",2012-08-08 15:49:13,9221,673,2936,True,2020-08-06 15:31:00,Sedgwick County together with Legacy on College Hill announce eight positive #COVID19 cases (six residents and two… https://t.co/O07obi7zc5,['COVID19'],Twitter Web App,False
Nina Ryder,City of London,#BlackLivesMatter #WeDemandPPE #MassTesting #VAW #humanrights * #pressfreedom #SaveNHS #childrenrights #RuleOfLaw #GeziPark16 #ExtinctionClimate,2013-02-03 01:11:21,3003,4969,124026,False,2020-08-06 15:35:31,#ToryScandals Massive #ToryCorruption @Under_Covid  #HerdImmunityScandal  #LockdownFatigueScandal #DataScandal… https://t.co/lDeyFDjCca,"['ToryScandals', 'ToryCorruption', 'HerdImmunityScandal', 'LockdownFatigueScandal', 'DataScandal']",Twitter for iPhone,False
FEI (Financial Executives International),"Morristown, NJ","Financial Executives International (#FEI) advances the success of finance leaders, their organizations and the profession.",2009-05-01 20:21:46,3096,34,793,False,2020-08-06 15:36:35,5 things financial executives need to read today: Highlights from the latest #PPP loan forgiveness FAQs and the 5 s… https://t.co/9f6ZYy0LyE,['PPP'],Hootsuite Inc.,False
Tent Partnership for Refugees,"New York, NY","Founded by @hamdiulukaya, Tent mobilizes the business community to improve the lives & livelihoods of 26 million #refugees.",2015-12-08 21:31:47,9811,838,2995,True,2020-08-06 15:44:48,"""As we celebrate #refugees’ contributions to the fight for racial justice and the #COVID19 response, we should also… https://t.co/Zf5gtPpHm7","['refugees', 'COVID19']",Sprout Social,False
Jeffrey fa,USA,"News Junkie,Bowling & Golfing are my Leisure Time Hobbies,Love to Cook!Work to Live! Focus Group Member and Puny Words are my Own! Red Sox/Pats/Bruins Fan! SRU",2013-10-06 15:21:14,168,370,162,False,2020-08-06 15:46:40,@ProFootballTalk Hopefully the floodgates will open! Life over Money! Or in other cases the love of money over Life! #COVID19  Kills!,['COVID19'],Twitter for iPhone,False
Phil McNamara,"Washington, DC","Government Relations @pewtrusts.
Former @dnc (1998-2009), Former Obama Administration appointee @DHSgov (2009-2017).  I love popcorn and the Oxford comma.",2009-03-09 19:46:06,3615,3047,5803,False,2020-08-06 15:49:20,This is exciting. Great to see Virginia leading the way here. When will DC develop an app? @MayorBowser @_DCHealth… https://t.co/PMD1aKqP6j,,Twitter for iPhone,False
Tom Mason ™️ 💵,"Maryland, USA",Personal Finance 💵 | Business 🏦 | Craft Beer 🍺| Great Food 🥩| Engaged to wonderful woman 🙎🏻‍♀️| Strong Opinions | #BePositive #DebtFree #StopStress #Money,2019-03-19 14:07:30,177,302,524,False,2020-08-06 15:49:42,So have you been tested for #COVID19 ?,['COVID19'],Twitter for iPhone,False
🎩MAD_Hatter🎩,United States of America,"Applying critical thinking skills to political issues of the day. We won't all agree, but we should agree to hear all sides.",2016-06-15 02:57:48,208,608,2093,False,2020-08-06 15:50:45,@WSJ Several months back scientific data supported not wearing a mask  https://t.co/W0Gu2BL9jC. I would like to see… https://t.co/jzj51Be0bw,,Twitter Web App,False
VOW FM News,"Braamfontein, Johannesburg",News updates by VOW FM NEWS team daily. Listen to our full bulletins at every top of the hour between 8am and 7pm on 88.1 OR Stream: https://t.co/Uwpolaf2VN,2020-02-10 13:23:35,150,53,172,False,2020-08-06 15:51:02,"The top stories for the evening with Yonaka Theledi (@Yonaka_Theledi)

-SPCA aims to remove the tigers found at a H… https://t.co/nwfl6gPzcz",,Twitter for Android,False
Less than 100 days. Do your part. VOTE.,,,2013-04-18 23:06:50,131,31,1380,False,2020-08-06 15:51:18,"@WestWingReport Cause you know, when we have a raging pandemic and over 150,000 dead Americans, with expired… https://t.co/hwicTOKCnb",,Twitter Web App,False
RidinwitBiden,"Michigan, USA","I refuse to deal with idiots. Anti-Biden/Obama, pro-trumps, and bots automatically blocked.",2016-11-16 12:02:21,481,699,15487,False,2020-08-06 15:52:32,@Niki_Lyn_ @BeckySarasotabf @rccola1962 @stillgray Interesting. #personwomanmancameratv #ItIsWhatItIs #Epstein… https://t.co/9py9cG6aeK,"['personwomanmancameratv', 'ItIsWhatItIs', 'Epstein']",Twitter for iPad,False
Big Daddy Vin,USA | INDIA | UAE ,Voice of rock band 'Vin Sinners' | Vinyl & Coffee Lover | Writer / Columnist | Defense Contracting | Business Strategy Consultant,2009-03-31 13:04:58,17416,1085,38342,True,2020-08-06 15:52:47,@realDonaldTrump You're the problem. 22.5% of global #COVID19 deaths are Americans. Yes. Americans who believed you… https://t.co/ItAJYAz1kx,['COVID19'],Twitter for Android,False
Hotpage News,United States,Top 50 Headlines of the Day #COVID19 #Coronavirus,2009-03-12 14:16:30,26227,13288,1,False,2020-08-06 15:54:38,"University of Texas anticipates testing ""several hundred"" symptomatic people every day - #COVID19 #Covid… https://t.co/RxYwQcLs7t","['COVID19', 'Covid']",Twitter Web App,False
Gina Marie,"Fenton, MI",Self-published novelist. Screenwriter. Mom. Semi-ignored by Adam Devine on social media.,2016-12-22 21:33:58,719,685,16935,False,2020-08-06 15:57:29,The New Normal premieres TOMORROW! https://t.co/iNwtiWeprd via @YouTube @ADAMDEVINE #movies #comedy #indiefilm… https://t.co/IlO8L18STv,"['movies', 'comedy', 'indiefilm']",Twitter Web App,False
Mount Sinai Health System,"New York, NY",Integrated health care system providing exceptional medical care to our local and global communities.,2009-07-07 18:58:14,86149,6849,5544,True,2020-08-06 15:59:57,Tune into Facebook Live today at 1:00PM ET for a message from @CAP_MDNY regarding the research and innovation takin… https://t.co/75hyOYD8no,,Falcon Social Media Management ,False
J.C. Wilder 🍸,Here and there,"Author/Artist/Opinionated. IRL, descendant of Alexander Hamilton, one of the Founding Fathers of the United States.",2009-03-08 15:49:30,937,958,28298,False,2020-08-06 16:00:45,"Thoughts and prayers for the @NRA...
(Crickets) 
I can't say that with a straight face. 
SCREW the NRA.… https://t.co/VcNa2yiVeb",,Twitter for Android,False
Ryerson Research,Toronto,"News about research and innovation at Ryerson University, Canada's comprehensive innovation university.",2012-10-31 15:52:47,4129,862,2795,False,2020-08-06 16:02:14,"Ryerson alumnus @AdamDmytriw is the Canadian Lead for the North American Neurovascular #COVID19 Consortium, where h… https://t.co/lp7eLlOarS",['COVID19'],Hootsuite Inc.,False
Lyanne Melendez,"San Francisco, CA","Super mom of 3 & news reporter ABC Owned KGO-TV (ABC7), San Francisco Bay Area. #1 Alabama Football fan in the West. Boricua sobre todo. 🇵🇷",2010-10-09 22:57:07,5652,631,8529,True,2020-08-06 16:02:44,My colleague @JulianGABC7 will be reporting on #colleges amid #COVID19. https://t.co/Kciz8T5UEo,"['colleges', 'COVID19']",Twitter for iPhone,False
Denise Patel,,"Environmental Health Advocate tweeting about: Sustainable communities; Healthy environments; Social equity... And, the ocean. It's amazing.",2011-05-07 18:09:09,369,544,5735,False,2020-08-06 16:05:15,"TAKE ACTION! Not only does #PFAS affect our immune systems, @McDonalds is one of the few affordable meals in low-in… https://t.co/KvG9vJ8xQa",['PFAS'],Twitter Web App,False
IAVI,Global,Translating science into global health impact. 🔬🤝🌍,2010-04-01 15:24:17,25904,3827,7242,False,2020-08-06 16:10:05,"“Increasingly, #antibodies are the future of preventing and treating #infectiousdiseases."" 🗣️ James E. Crowe, Jr.,… https://t.co/CdXVRIJ6Pv","['antibodies', 'infectiousdiseases']",Hootsuite Inc.,False
Indiana State Department of Health,Indiana,Official account of the Indiana State Department of Health (ISDH). The ISDH promotes and provides essential public health services.,2012-05-18 19:00:54,29497,1052,5108,True,2020-08-06 16:12:50,"The latest #COVID19 case information for #Indiana is now available on the ISDH website.
Here are the updated number… https://t.co/GB0bhuuK5D","['COVID19', 'Indiana']",Twitter Web App,False
Franz Arnaud,,Le souffle de vie donné à l'homme est pareil à celui donné à l'animal.,2014-01-12 00:20:44,2464,4992,33972,False,2020-08-06 16:14:50,I believe you! I know it! Bless! #USA #France #Quebec #Canada #cdnpoli @SenatCA #ChinaVirus #COVID19 #coronavirus https://t.co/PnSECCU8eT,"['USA', 'France', 'Quebec', 'Canada', 'cdnpoli', 'ChinaVirus', 'COVID19', 'coronavirus']",Twitter Web App,False
Cannabis and Cannabinoid Research Journal,,"Cannabis and Cannabinoid Research is the leading journal for authoritative cannabis and cannabinoid research, discussion, and debate",2015-06-23 19:53:21,4399,120,247,False,2020-08-06 16:20:03,Important new research assessing the potential role for #CBD during ARDS - perhaps extending CBD as part of the tre… https://t.co/cN0rWKI10f,['CBD'],Hootsuite Inc.,False
Trump2020,,"**I AM NOT THE PRESIDENT***. I FIERCELY SUPPORT HIM Followed by General Michael Flynn, James Woods, and Dinesh D’Souza",2015-06-16 17:25:33,29530,63,26034,False,2020-08-06 16:21:12,"The democrat party has fulfilled its’ goal of re-enslaving not only African Americans, but the entire population wi… https://t.co/NLRN8xqPcQ",,Twitter for iPhone,False
Dr. Joe Thompson,"Little Rock, Arkansas","Pres. & CEO, @ACHI_Net. Working with stakeholders across the state to proactively shape the future of Arkansas's health system to meet the needs of Arkansans.",2011-10-14 14:18:41,1545,505,50,False,2020-08-06 16:26:46,Please join me on @ACHI_Net’s Facebook page at 11:30 a.m. for a live #COVID19 update in partnership with… https://t.co/KSGLjththt,['COVID19'],Twitter for iPhone,False
findingphysics,"Pittsburgh, PA","Physics tutoring, workshops, and tips for beginner physics students looking for help understanding basic physics concepts.",2020-05-23 15:36:53,3,11,1,False,2020-08-06 16:29:45,Here’s my latest podcast “A Teacher’s Perspective: Reframing Fear as Excitement”. https://t.co/Aeunvcrgtw… https://t.co/werBzAl0HJ,,Twitter for iPhone,False
Amina,,,2020-05-19 15:39:07,0,0,0,False,2020-08-06 16:32:03,#Education is suffering as a result of #COVID19. Increased operations costs to meet new staffing needs &amp; procure es… https://t.co/O37uZ1a8pm,"['Education', 'COVID19']",Twitter Web App,False
James Johnson,Seattle,"Lifelong seeker of the Truth. Because the time is short, I now mostly tweet about God and His people. ""You Must Be Born Again"" 
8/21/2019 End of the 400 Years",2019-05-14 16:11:36,557,1421,485,False,2020-08-06 16:37:50,"Trump, a failed businessman, #WhiteSupremacist Con Man becomes POTUS
The Result:
-An economy teetering on collapse.… https://t.co/OYv35odvdA",['WhiteSupremacist'],Twitter Web App,False
Vertopia Foundation,Nigeria,"#We're first a ministry then a social enterprise
#We promote godliness
#Publishers of PricelessMagazine
#Conveners of Beautopia Project",2015-01-14 16:06:39,121,25,92,False,2020-08-07 12:52:56,"For financial donations: Vertopia Publize Publications
(GTB 0199591627) 

For material donations and other enquirie… https://t.co/NKbo5HqjyO",,Twitter for Android,False
WeCollaborateforNutrition,New Delhi,"A national level platform that aggregates and disseminates knowledge to impact nutritional outcomes, in alignment with POSHAN Abhiyaan",2020-02-17 10:58:53,237,190,105,False,2020-08-07 12:53:20,"#DYK breastfeeding and all the 17 SDGs are linked? 
Learn how: https://t.co/NqOi3Wlqg2

 #StanpaanHaiVardaan… https://t.co/kQ8g5YB7AW","['DYK', 'StanpaanHaiVardaan']",Twitter Web App,False
centeringpendulum,Canada,"Advocate for all those left behind by #CERB. #Canada cannot advertise a high quality of life to all, when millions are left in the lurch. Equality needed TODAY.",2019-09-27 16:37:07,589,1491,12332,False,2020-08-07 12:54:23,"@jacqwest They thought they could force workers, newcomers, newly graduates into carrying the lion-share of the bud… https://t.co/XTN2P8uaWI",,Twitter Web App,False
Dr. Kelsey Leonard,Shinnecock Indian Nation,Water is Life // Shinnecock // Water Scholar/Protector advocating for Indigenous Water Rights @TribalWater,2016-07-29 04:26:26,4235,4569,6318,False,2020-08-07 12:54:33,The more things change the more they stay the same...welcome to the #COVID19 “Compounds” NYC’s rich elites are buyi… https://t.co/srlRN96Ib0,['COVID19'],Twitter for iPhone,False
HT Punjab,"Chandigarh, India","Hindustan Times Punjab — Latest News from Punjab, its neighbourhood, and the Punjabi community around the world",2012-02-18 09:28:17,76005,517,28,True,2020-08-07 12:54:45,"Virus scare in political circles of Himachal after power minister tests positive for #COVID19

(reports… https://t.co/VL5VvMBBQ1",['COVID19'],TweetDeck,False
steph,"Philadelphia, PA","folklore is constantly playing in my head • tn x4! • 🐍 7.14 • cats, coffee, 1989, embroidery, etc.",2018-10-29 16:01:46,3122,2364,12940,False,2020-08-07 12:55:25,"The US: alright world our travel bans are lifting and we are finally coming to travel!!

The rest of the world: no… https://t.co/K5aUALdl8f",,Twitter for iPhone,False
raychilling in a mask,"Jersey City, NJ",#njcasaSMA • Macro Social Worker • Hudson County Committeewoman • @hudprogressives,2016-05-08 22:55:50,190,513,10118,False,2020-08-07 12:55:36,@CSPNewJersey is hosting #virtual groups for free during the #COVID19 pandemic. #stayconnected https://t.co/WMWla7gQjT,"['virtual', 'COVID19', 'stayconnected']",Twitter for iPhone,False
Zoe D Fowke (My linkedin is Zoe Fowkee),London,As you can see from my profile picture Fowke planned to take my lights out. He took out the living room lights.  This ac is my case. They closed my old linkedin,2009-01-28 15:15:05,4550,260,2142,False,2020-08-07 12:55:55,ac/said/er via Whitehall rebecca in reverse. They said its a fair Hurst Teacher. Flying newts class. So weird how m… https://t.co/xbVyqZi195,,Twitter for Android,False
"Estelle Alain ""Get Younger Skin Secrets Now""",,"I am a Beauty, Health and Anti-Aging Author.  My Books are Based On Helping Women To Improve Their Skin And Health And Look Younger Than They Are.",2020-03-28 12:42:10,83,50,20,False,2020-08-07 12:55:57,"WOW! So You Want Radiant, Wrinkle Free Skin? Amazing New Beauty Blog Post!  #workfromhome #personalcare #beauty… https://t.co/4umMxP3hcQ","['workfromhome', 'personalcare', 'beauty']",Twitter Web App,False
Louis & His Nanny,,"New Episodes Weekly!!

We create Fun, Interesting and Educational videos on our YouTube Channel, for all the family to enjoy 🤩",2020-07-21 20:49:24,5,5,90,False,2020-08-07 12:58:52,Why do I need to wear a mask? - Nina telling Louis the importance of wearing a mask #covid19 #backtoschool #StaySafe https://t.co/jikQ4V5Ekq,"['covid19', 'backtoschool', 'StaySafe']",Twitter Media Studio,False
라손,,"Master's degree from @chicostate working with @tengstromchico, my research uses #eDNA to answer whether invasive turtles are eating native fish in Hawaii",2014-11-24 14:23:27,1677,1520,20735,False,2020-08-07 12:59:07,"“Obesity is a serious global problem, and the suboptimal vaccine-induced immune responses observed in the obese pop… https://t.co/9co7erOue1",,Twitter for iPhone,False
Lanrick Bennett Jr.,"Turtle Island, Tkaronto",Husband. Dad. Managing Dir. Creating #CompleteStreets in the #The6ix I’m with @whatmatterstous #JacksLibraryTour #DHoP #TweetsAreMineByDefault #BlackLivesMatter,2008-12-05 16:22:31,2787,4211,57909,False,2020-08-07 12:59:10,@FedExCanada We've seen you in the wild here in #TorontoDanforth! These are definitely neigbourhoods that will cele… https://t.co/biRO73IsN3,['TorontoDanforth'],Twitter Web App,False
Jordi Riera,Barcelona,"@vallhebron ICU consultant. Adult ECMO team director. @VHIR_ investigator.

Interested in science,art,history,social matters,sports",2014-01-13 19:15:42,1079,286,4518,False,2020-08-07 12:59:44,"Proposal of an independent evaluation of Spanish response to the #COVID19 pandemic.
Keypoint is the heterogeneity o… https://t.co/XjtuXGCEXe",['COVID19'],Twitter for Android,False
CESI Guelph,University of Guelph,The Community Engaged Scholarship Institute (CESI) fosters collaborative & mutually beneficial community-university research partnerships. Home to @ResearchShop,2011-04-07 17:54:47,1724,643,983,False,2020-08-07 13:00:00,@ONTrillium is offering funding for #nonprofits delivering services &amp; programs in Ontario. Organizations must be lo… https://t.co/cNIqYkaZ03,['nonprofits'],TweetDeck,False
JAMA,"Chicago, IL","JAMA is an international peer-reviewed general medical journal published weekly online and in print, and a member of the @JAMANetwork family of journals.",2009-05-07 18:45:39,384398,830,1551,True,2020-08-07 13:00:01,For a #COVID19 vaccine to be successful it is critical @US_FDA's independence be respected &amp; politicians kept from… https://t.co/9ED3XwrDcB,['COVID19'],Sprinklr,False
Larry Copeland Jr.,,"MBA-IT, CISM, MS-IT, CISSP, GSEC-GOLD",2009-10-23 19:55:27,72,279,232,False,2020-08-07 13:00:05,"The enablers of genomics and data science that drive precision medicine, can drive the revolution in precision heal… https://t.co/zigZB7v9q8",,LinkedIn,False
"Zoe ""Proud Lowlife & Scum""",,#VoteBlue #TheResistance #TW #BLM Blue Wave Part Two the 2020 Edition #CountryOverParty  Ω 🌊🔥❤️🦄🗳️,2014-11-21 16:17:39,29461,29794,94514,False,2020-08-07 13:00:11,"@CarolinaOpinion If trump had done his job instead of declaring #Covid19 the ""new democrat hoax"" we would have far… https://t.co/PS7h7uzvrf",['Covid19'],Twitter Web App,False
Abt Associates,"Rockville, MD","Bold Thinkers Driving Real-World Impact. Global leaders in research & program implementation in health, social/environmental policy & international development.",2009-04-27 18:43:33,11465,2760,2712,True,2020-08-07 13:00:23,"“#COVID19 just highlighted all the needs that we've seen in our community.” Lisa Smith of Lawrence, Mass’s Neighbor… https://t.co/YqVHfV53MP",['COVID19'],Sprout Social,False
NHS Salford CCG,Salford,Every GP practice in Salford is part of Salford Clinical Commissioning Group. Salford CCG is in charge of buying most health services for the people of Salford.,2009-05-29 22:39:13,15715,1329,1831,True,2020-08-07 13:00:26,"Walking, cycling &amp; using your own vehicle are better than car shares right now. But if you need to travel by car wi… https://t.co/1QeGm12vjd",,Orlo,False
York University School of Continuing Studies,"York University, Toronto, ON","York’s School of Continuing Studies is committed to lifelong learning, offering access to professional certificate programs and English language preparation.",2014-10-22 18:37:22,1332,387,939,False,2020-08-07 13:00:39,"Join #Blockchain Development instructor Affaf Ahtisham on August 20th for an exclusive, behind-the-scenes look at w… https://t.co/cHrOJCrxeW",['Blockchain'],MeetEdgar,False
OpenMind,Knowledge is Global,"OpenMind's goal is bringing you quality content from experts of different fields of study: Science, Economy, Technology, Environment, Humanities. 🧑‍🔬 🔬 🧪 🧬",2011-06-28 09:03:40,14019,2244,2560,False,2020-08-07 13:01:05,#COVID19 | Sweden has never imposed a lockdown due to the pandemic. 🇸🇪 🦠 This is something that has been both comme… https://t.co/e1sEx5fycx,['COVID19'],Salesforce - Social Studio,False
West End Church,"Atlanta, Georgia",West End Seventh-day Adventist Church ~ Be Free to Worship #WESTENDSDA,2012-05-21 23:00:04,663,177,88,False,2020-08-07 13:01:25,👨🏾‍🍳👩🏽‍🍳Family Life Drive Thru Cookout &amp; Car Decorating Contest! Register by this Sunday August 9:… https://t.co/lTerqsni1K,,LaterMedia,False
@COSATU Today,"Johannesburg, South Africa","Africa's largest Federation Official tweets,the home of the toiling classes across the world,with more than 2million membership...Amandla!",2012-06-18 09:06:30,151926,71369,81067,False,2020-08-07 13:01:45,"Recruit workers to join COSATU Now! 
Mobilize against #COVID19 infections at every workplace Now! 
We shall overcom… https://t.co/RBoqyWad4z",['COVID19'],Twitter Web App,False
QED Group,"Washington, D.C.",Helping public & private sectors improve performance & manage results. We use Innovation & evidence-based research to drive development impact #ProvingWhatWorks,2012-02-23 17:11:22,1394,992,576,False,2020-08-07 13:01:48,#COVID19 isn’t going anywhere anytime soon. #CGDV’s Understanding COVID-19 Across the Globe Data Challenge wants yo… https://t.co/7SReP9ZybE,"['COVID19', 'CGDV']",Hootsuite Inc.,False
"Diana Adneris Rivera, M. Psych, M. Ed","Puerto Rico, USA","ECE+Advocate◈Kindergarten Teacher◈Educ Psych◈ ❤Puerto Rican ◈Mom ◈Blogger◈Stands for diversity, child + brain development, parenting tips, teaching practices❣",2015-01-18 22:42:39,290,658,6015,False,2020-08-07 13:02:00,This collaboration presents useful recommendations for parents + caregivers of young children + adolescents facing… https://t.co/1JkZRgNDch,,Twitter for Android,False
(((Mia Bloom)))🦈👽🧠🏳️‍🌈🇱🇧supporter,"ATL, Chicago or State College?","@evidencebasedc1, Small Arms: Children & Terrorism @cornellpress @NewAmerica @whatthewomensay media analyst 4Terrorism @fbi liaison #GIFCT @stanfordpress series",2013-04-03 01:32:55,18578,1531,80540,False,2020-08-07 13:02:10,Atlantans if you need a #covid19 test: drive up testing available in Decatur &amp; with no co pay https://t.co/xJU9pGsqxk,['covid19'],Twitter for iPhone,False
Sapio DSS Covid Volunteer,Mumbai,Sapio is a team of dedicated members with a single aim of Making life better with the help of data analytics powered by AI and ML.,2020-04-01 07:25:01,87,1036,58,False,2020-08-07 13:02:39,We are proud to announce our association with SUFI- Steel Users Federation of India and jointly fight against… https://t.co/WssBZS48Bv,,Twitter Web App,False
Maya Solis,"Chicago, IL","Views are my own. Pilsen raised, CPS- working mom, civically engaged, feminist, triathlete, who can’t wait to vote #45 out!",2016-03-10 14:59:22,255,427,2187,False,2020-08-07 13:02:46,"#Covid19, #Unemployment, #NRAFraud to name a few pressing issues, but glad his priorities are on point 🤦🏻‍♀️.… https://t.co/NsBoFaYwXA","['Covid19', 'Unemployment', 'NRAFraud']",Twitter for iPhone,False
USAID Belarus,"Minsk, Belarus",The official Twitter feed of USAID's Mission in Belarus,2012-03-02 14:49:02,461,233,52,False,2020-08-07 13:02:54,Partnership of civil society activists helps to solve common challenges &amp; problems &amp; respond to #COVID19. #US Gover… https://t.co/Ho96Y9RF66,"['COVID19', 'US']",Twitter Web App,False
Gregory Silberman,"Atlanta, GA",Chief Investment Officer Atlanta Capital Group. Alternative investment scout. (South) African American. #Rugby & #UFC fan. #Hedgefunds #PE #wealthmanagement,2014-07-18 13:03:10,12693,803,179983,False,2020-08-07 13:03:02,"Ant Could Be the Biggest IPO Ever, but It Will Bypass the U.S. Others Could Follow.

#wealthmanagement… https://t.co/7WmoytjqCA",['wealthmanagement'],Hootsuite Inc.,False
Musafir Namah,"New York, US & Delhi, India","Latest tourism news, views, policy, information, travel tips, inspiration and ideas about India and all that is Indian globally.",2014-06-04 17:49:44,2994,485,1896,False,2020-08-07 13:03:40,#CoronaVirusindia Congress MLA and former Karnataka Chief Minister #Siddaramaiah's son Dr Yathindra Siddaramaiah on… https://t.co/dqSJk9qCgg,"['CoronaVirusindia', 'Siddaramaiah']",Twitter Web App,False
wolf dog mom,“portman town” ohio,gdtrfb. creative director. photo/women’s march on dc #resist #blacklivesmatter #ditchmitch,2009-07-07 17:01:36,1667,2435,79033,False,2020-08-07 13:04:44,this degree of testing and rapid results are necessary to suppress the spread of #covid19 here in the US.… https://t.co/aYX2thWYYo,['covid19'],Twitter for iPhone,False
Venkatesh V,"Hyderabad, India",The man behind lens Entertainment. No Politics - Only Cinema,2012-08-17 10:51:25,3299,166,264,False,2020-08-07 13:05:00,"#RRR Producer #DVVDanayya tested positive for #coronavirus. Wishing him speedy recovery.

#RRRMovie #COVID19 https://t.co/8K5wuPyVfq","['RRR', 'DVVDanayya', 'coronavirus', 'RRRMovie', 'COVID19']",Twitter for Android,False
COVID19 News,WORLDWIDE,"""After all it really is all of humanity that is under threat during a pandemic."" ~ Margaret Chan
Latest Verified News and updates #COVID19 #coronavirus",2019-02-11 06:22:48,83,133,1,False,2020-08-07 13:06:35,Vietnam says the new strain of coronavirus behind its ominous COVID-19 spike is 3 times more contagious #covid19… https://t.co/CS50ALcmEg,['covid19'],ContentStudio.io,False
"Ken Morris, Jr.,","Dublin, Scottsdale, St. Pete",I seek to deliver 401k results-Participant Advocate. Securities offered through LPL Financial Member FINRA/SIPC https://t.co/17C89y5LIt https://t.co/ByaEosHXVh,2017-07-18 18:32:05,168,773,563,False,2020-08-07 13:07:34,"Biggest increase in jobs for July, restaurants and bars.  Sadly, biggest loss for jobs in August will be restaurant… https://t.co/r8ed3OxKp6",,Twitter for iPhone,False
🍑The GOP is trash 🍑,,"Black Lives Matter.  Card-carrying member of Elizabeth Warren's Antifa  Buddies.  Proud Georgian.  Also, Brian Kemp sux.",2018-10-06 02:42:59,68,331,7095,False,2020-08-07 13:08:05,For perspective Lumpkin County has had 27% of its total covid cases occur in **just the last two weeks alone**… https://t.co/EU40TnWLKu,,Twitter for Android,False
M Tscano,,"I love to dance salsa, listen to all types of music, loves toy dogs, food, pizza, red wines,traveling and reading good books.",2013-08-23 00:18:09,90,242,8129,False,2020-08-07 13:08:28,@realDonaldTrump Uh huh.... too busy #golfing and wasting money on security detail instead of continuing… https://t.co/RNHeDBZCau,['golfing'],Twitter for iPhone,False
Naftali Kaminski,Yale School of Medicine,"First Generation Physician-Scientist, & many other things. This account is Private - opinions and tweets do not represent any of the organizations I work with.",2012-07-09 02:26:48,4676,1489,28457,False,2020-08-07 13:08:34,"The American failure handling the #COVID19 pandemic is tragic, embarrassing &amp; indisputable. Says Dr. Mishori. We ne… https://t.co/Pu8HKXwIWz",['COVID19'],Twitter for iPhone,False
Tuyet T-N.,"NY, NY USA","Biz-Tech| Environment, Oceans, Climate Change| Journalism| Human Rights+Dignity| Believes In Making a Difference| Multilingual Views Are Solely Mine. She/Her",2008-11-28 20:34:02,2967,1616,24272,False,2020-08-07 13:08:36,Emerging research highlights a connection between #COVID19 and significant neurological effects in young brains… https://t.co/QP2e68odmP,['COVID19'],Twitter Web App,False
West Hartlepool RFC,Hartlepool,Official Site of West Hartlepool RFC - promoted to North East 1. We have playing sides from Little Deers (2yrs up)through to Seniors & Vets.,2010-08-22 18:45:53,2512,1423,3557,False,2020-08-07 13:08:38,"We’ll be open from 5pm today to make the most of the lovely weather!

The forecast is good for the weekend and we’l… https://t.co/DlpJVJT8Tv",,Hootsuite Inc.,False
GV Wire | News & Politics,"Fresno, CA","Our mission is to illuminate programs, policies and people who promote the economic prosperity, health and well-being of residents of the Central Valley.",2016-09-28 20:45:49,5415,2821,869,False,2020-08-08 10:15:01,78 out of 100 patients studied showed heart impacts from #COVID19. | https://t.co/xx66sWUdrt https://t.co/sX1kfpdWm6,['COVID19'],Buffer,False
neshzw,"Harare, Zimbabwe",Google Certified Digital Marketer|Web Developer| MD@NESHCHEM|Focused Young Entrepreneur,2016-05-07 15:31:13,1065,2694,1388,False,2020-08-08 10:16:20,"Trust the process...

-
-
-
#harare #hararezimbabwe #covid19 #socialmediamanager #socialmedia #googlecertified… https://t.co/SaLBpTl9th","['harare', 'hararezimbabwe', 'covid19', 'socialmediamanager', 'socialmedia', 'googlecertified']",Instagram,False
Gwadar Pro Official,"Gwadar, Pakistan","گوادر،سی پیک اور پاکستان کے متعلق تازہ ترین خبریں 
Latest on Gwadar & CPEC, and Pakistan.
 If contributions and advice, plz contact us gwadarpro1@gmail.com",2019-05-23 07:44:04,8769,759,1707,False,2020-08-08 10:18:52,270 #Chinese technicians r to arrive in #Pakistan next week for construction of #SukiKinari hydropower project unde… https://t.co/LvKWHdaOVf,"['Chinese', 'Pakistan', 'SukiKinari']",Twitter for iPhone,False
Mark Tschudin,,Swiss trading and software development enthusiast with a background in making tech M&A happen. Aspera non spernit,2011-11-03 21:03:50,98,115,1452,False,2020-08-08 11:08:39,"The control of money has inevitably passed from central banks to govt's using #COVID19 as a catalyst &amp; cover.
 
Cap… https://t.co/P2mkV8xLv5",['COVID19'],Twitter Web App,False
Impact Borderless Digital,Global,"Brainchild and brand of Nashon Adero, a Kenyan global citizen #mentoring #youth thro' #talent & #career series for #borderless impact and #DigitalTransformation",2020-02-26 11:34:53,104,271,52,False,2020-08-08 11:09:22,"#IBDmodel #WeekendReflections: Model projects 25661 total #COVID19 cases in Kenya today, Aug. 8, given about 4000 t… https://t.co/dMqtFs5fqL","['IBDmodel', 'WeekendReflections', 'COVID19']",Twitter Web App,False
YALDA Africa,,We are coalition of young change makers determined to make Africa a better continent and in our lifetime. #YALDA #Africa #Youth #Nonprofit #Leadership,2011-05-07 08:10:47,3001,1683,350,False,2020-08-08 11:17:18,Read about how you can make use of Gender Data in creating #COVID19 pandemic response policies.… https://t.co/iXbVxhHiXE,['COVID19'],Twitter Web App,False
"Vanessa Campo-Ruiz, MD PhD","Bruselas, Bélgica","Medical Doctor, PhD, internat collabs, research science & tech adviser/ policy maker, R&I manager at European Commission REA.Opinions= my own. RTs not endorsms.",2011-10-24 19:37:03,860,1764,18029,False,2020-08-08 11:21:56,Yale Faculty on #Hydroxychloroquine and its Use in #COVID19: rigorous #clinicaltrials show it is NOT EFFECTIVE as a… https://t.co/GygI8IOCGe,"['Hydroxychloroquine', 'COVID19', 'clinicaltrials']",Twitter for iPhone,False
Dr Hareen De Silva,"London, England",Portfolio GP. @NightingaleLDN Doctor. @UKModelWHO Internal Chapter Director. @ScHARRSheffield Public Health graduate. @Chiefs Fan. Own views. 🇱🇰➡️🇬🇧,2015-09-29 19:34:17,707,568,2200,False,2020-08-08 11:25:30,So many choices! The UK moves into stricter mask wearing rules. Make sure to wash your cloth masks regularly especi… https://t.co/Cc3qTy5t3o,,Twitter for Android,False
County Technicians,,"County Technicians is located in bungoma County opposite the county governors office. we deal with general computer repair
*screen replacement
*hinges repair",2020-07-10 10:43:34,5,28,27,False,2020-08-08 11:31:33,"HP probook
core i7, 8gb ram, 1tb hdd
fifa installed...... trade in accepted
ksh. 40,000
Contact :0704060970, 071259… https://t.co/rX172Rl4OG",,Twitter for Android,False
@amys_bus_ticket 🌊 #VOTE #2020 #PaperBallots,,"Colorful girl in a BW world. 
Cynically optimistic. 

Unusual fondness for double clear-eye Disney balloons.",2008-03-05 07:12:08,3108,4998,33305,False,2020-08-08 11:39:25,Trump endangers Rich Little Children at his Bedminster Golf Course... as a prop for his 'COVID19 press conference'… https://t.co/Zcnst0d5Lc,,Twitter Web App,False
Paul Nelson,"Middleton, WI",Got a question?  I'll supply the answer.,2008-07-09 09:38:07,385,241,21,False,2020-08-08 11:44:24,#Weekbyweek #COVID19 cases in #Ohio #coronavirus #TrumpVirus2020  https://t.co/v2IzJF93Yf https://t.co/T3UtoXIlU2,"['Weekbyweek', 'COVID19', 'Ohio', 'coronavirus', 'TrumpVirus2020']",Twitter Web App,False
goworld.org,,,2020-07-14 23:40:48,0,16,1,False,2020-08-08 11:45:00,"#COVID19 has given us a chance to do more things for others.  
#kindness #unsunghero #GOWORLD

https://t.co/FZvcUBnuQF","['COVID19', 'kindness', 'unsunghero', 'GOWORLD']",Buffer,False
Seefinish Insights,Nigeria,"Information Service - #Marketing #Analytics #Trends #Events #Design #Technology

🖼️https://t.co/vKJh30fX8w

👍💙https://t.co/lSMcwPe23H

DM for Ads & Support",2018-04-08 17:28:22,25782,27182,223992,False,2020-08-08 12:00:10,"The new world #WorldMaskWeek!  Nigeria

#TakeResponsibility ❤️ against #Coronavirus #COVID19 https://t.co/z31YQbKws7","['WorldMaskWeek', 'TakeResponsibility', 'Coronavirus', 'COVID19']",Twitter Web App,False
LGPD - Lei Geral de Proteção de Dados,"Curitiba, Brasil",Advogado/Attorney/. • Digital Law -Posgraduate business law - @abdconst. Doctorate progress - @derechouba duartenavarette@hotmail.com,2019-08-14 17:41:53,486,590,141,False,2020-08-08 12:20:09,"Europe launches apps to track coronavirus contacts, stoking privacy concerns  #lgpd #gdpr #ccpa #dataprotection… https://t.co/L6276eWD4y","['lgpd', 'gdpr', 'ccpa', 'dataprotection']",Twitter for iPhone,False
COVID 19 India Updates,,"Following COVID 19 Closely, only confirmed updates",2020-04-15 05:32:18,1133,41,9,False,2020-08-08 12:29:17,"#Bihar
Update of the day

3992 more #COVID19 +ve cases have been reported so far on 7th August. Total count of posi… https://t.co/0XlL9RTGjk","['Bihar', 'COVID19']",Twitter for Android,False
Simon Smart,Bristol,"Digital Marketing Strategist, International Traveller, Foodie, Remainer, Bristolian and all-round good guy.",2011-01-13 13:25:58,1036,1577,1500,False,2020-08-08 12:37:02,As at Aug 8 - UK 309005 cases of #COVID19 &amp; 46511 deaths. #Portugal 52351 cases &amp; 1746 deaths. New cases on Aug 7 -… https://t.co/6gUKW1CMFr,"['COVID19', 'Portugal']",Twitter for iPad,False
First Officer,"USA, PA","Science minded (though not scientist), engineer, programmer (even know VEE), hate irrationality, hope to live long enough to see another person on the moon.",2014-03-30 04:15:43,1478,942,64264,False,2020-08-08 12:38:38,"How @BrianKempGA is making #Georgia howl! 

#COVID19 #GOP https://t.co/fFWODgxusq","['Georgia', 'COVID19', 'GOP']",Twitter Web App,False
peter avanti,"Providence, RI, USA","Violence runs on ignorance and hatred. Education in love, trust, respect and a desire to approach truth and seek justice is our response.",2012-09-06 13:44:59,180,299,4291,False,2020-08-08 12:55:31,"Milbank asks about total failure vs #COVID19: ""How was the most powerful &amp; advanced nation on earth brought so low?… https://t.co/msWWjOupz2",['COVID19'],Twitter for Android,False
LongHash,US and Asia,"LongHash uses data to help you understand crypto. Emphasis on Asian markets, content in English and Chinese. Co-founder @emilydparker.",2018-05-02 06:05:58,3698,165,990,False,2020-08-08 13:03:42,"#COVID19 hasn’t stopped China’s blockchain boom. 10,000+ new blockchain companies have been established in the firs… https://t.co/BDKarPE9lj",['COVID19'],Twitter for iPhone,False
Praveen kumar,"Chennai, India","Indian ,

Music🎥📽️🎹🎶🎼🎵",2011-06-04 05:47:32,51,85,55,False,2020-08-08 13:10:14,"District wise abstract of covid19 positive cases in Tamilnadu dated 08.8.2020

Total-5883⬆️(2,90,907)
Active-53481… https://t.co/yjW3F6eYvF",,Twitter for Android,False
JammuNews,Jammu And Kashmir,"News Company ♥️
Breaking News of J&k 
🇮🇳🙏♥️",2020-06-19 16:49:14,1390,597,13018,False,2020-08-08 13:11:31,8 August  : Media Bulletin on Novel #CoronaVirusUpdates #COVID19 https://t.co/zrajAedcm7,"['CoronaVirusUpdates', 'COVID19']",Twitter for Android,False
Krista Weiss,SF Bay Area,"SF / Bay Area Tour Guide, Transportation Guru, DMC Pro, Movement Artist w/ background in Classical ballet, Traditional Martial Arts, Pilates, Yoga & more.",2010-01-06 17:29:29,524,1250,8404,False,2020-08-08 13:14:50,Latest economic updates #COVID19 #Relief #Package #Coronavirus https://t.co/sYkgjm7R1G,"['COVID19', 'Relief', 'Package', 'Coronavirus']",Twitter for iPhone,False
myupchar,"New Delhi, India","Destination for Health Information in Hindi, English and every other Indian language 
जानिए अच्छी सेहत बनाए रखने के तरीके अपनी भाषा में",2016-12-08 13:00:03,580,53,152,False,2020-08-08 13:20:37,"#Tobacco consumption is the most avoidable cause of death in the world, killing more than 8 million every year. Stu… https://t.co/HrFyxo8tXo",['Tobacco'],TweetDeck,False
Missy Buchanan,Texas,"Co-author w/ Robin Roberts (Good Morning America) & her mother, Lucimarian: My Story, My Song. Voices of Aging, Living w/ Purpose in a Worn-out Body, Speaker",2009-03-27 23:03:34,4372,5001,24677,False,2020-08-08 13:26:21,"This week, I dropped off peaches from a local orchard on the porch of a 90-something friend who lives alone. She ca… https://t.co/bww9Xsu4tl",,Twitter Web App,False
Arab News,Saudi Arabia,"Established in 1975, Arab News is the Middle East’s leading English language daily.",2009-08-27 02:15:51,289364,38,6,True,2020-08-08 13:29:33,"#OPINION: #Merkel, like other female leaders from Iceland to Taiwan and from New Zealand to Finland and Denmark, ha… https://t.co/UZHzpNgrcy","['OPINION', 'Merkel']",Twitter Web App,False
Phil Rt. Honoursson 🏴󠁧󠁢󠁳󠁣󠁴󠁿🇪🇺(😱🇬🇧👎),Edinburgh 🏴󠁧󠁢󠁳󠁣󠁴󠁿,We call her First Minister of #Scotland @NicolaSturgeon 🏴󠁧󠁢󠁳󠁣󠁴󠁿‘Not B*ris but #ENGLISHPM’ #saoralba🏴󠁧󠁢󠁳󠁣󠁴󠁿 #closescottishborder Stop Yoon virus😷,2012-06-15 19:42:42,2330,4463,26886,False,2020-08-08 13:49:31,#edinburghcastle on a sunny pandemic Saturday. Socially distanced and a lot quieter than you would expect in Summer… https://t.co/nso8qOvtJP,['edinburghcastle'],Twitter for iPhone,False
Alan Kotok,"Washington, DC","Reporter and writer on science, technology, business, policy. Publishes Science & Enterprise (link below). Iowa Hawkeyes. Buffalo Bills. Wash Wizards/Nats.",2009-05-01 21:37:06,2762,3844,3988,False,2020-08-08 13:58:09,"Physical symptoms experienced by people with Covid-19 infections are well documented, but the psychological toll is… https://t.co/e2pEpA3nlP",,Twitter Web App,False
🇺🇸 All Truth Matters 🇺🇸,Washington DC,"Lawyer, Constitutional Scholar, Political Analyst #Trump2020 #MAGA #ProAmerica #ProMilitary #AntiCOVID19 #ProConstitution",2019-09-17 21:25:57,363,761,2890,False,2020-08-08 13:58:46,I ALWAYS consider it to be a wise choice to rely on the ⁦@nytimes⁩ to provide an accurate analysis of anything havi… https://t.co/A2APi2poLe,,Twitter for iPhone,False
The Boxtones,Dubai U.A.E.,5-piece rock/pop Scottish & Canadian band • Signed to @UMGmena • Multi-award winners in Dubai • “HUMANITY” - @GulfForGood charity music video OUT NOW 👇🏻,2009-04-04 20:14:30,7679,3443,15316,True,2020-08-08 14:06:39,.@Boxtones &amp; @GulfForGood #HUMANITY charity is asking you to help spread awareness &amp; raise funds for children affec… https://t.co/hyWkqwegls,['HUMANITY'],Twitter for iPhone,False
East Sussex Medical Events Service,Portslade,An independant ambulance company in Sussex providing UK wide event medical cover with both road and 4x4 ambulances.,2011-02-11 08:52:31,1019,582,4624,False,2020-08-08 14:16:53,"Great weather, great comedy, amazing food... and superb beer ( so we are told 😌) 

Off to get a Pizza 😍… https://t.co/CNYUqi5Z0K",,Twitter for iPhone,False
goodgrief app,,"Goodgrief App, the social network for loss, is available FREE  for download in the App Store, Google Play and https://t.co/l3FXuSwMP0 You are not alone.",2017-06-24 02:18:26,1679,1903,3779,False,2020-08-08 14:18:00,"Social distancing is hard.  Even so, we can cope by giving and receiving social support through video, phone or tex… https://t.co/CBdvXRbCah",,Buffer,False
mary grimm,,"I'm a writer and passionate reader. I teach creative writing, graphic novel & comics, and urban fantasy.",2009-07-04 15:27:51,494,907,1683,False,2020-08-08 14:18:20,"Dr. B, on being masked. https://t.co/gh2k4Paeod
#COVID19  #rawdatafallout","['COVID19', 'rawdatafallout']",Twitter Web App,False
💧 Fierce Dinosaur 🔥 🐨 🔥 🐨 🔥 🐨 😪 😡,"Sydney, Australia","Worldwide we've elected a*holes: What have we done? 😳 
Refugees on Manus & Nauru! 😥
We're ignoring Climate EMERGENCY! 😥
Koalas going extinct! 😭
WE MUST ACT!",2009-05-07 07:49:13,2436,1436,168582,False,2020-08-08 14:19:52,"Yes, but it is NOT in fact $12,500 for every man woman &amp; child - mostly it goes to those who vote LNP; the poor get… https://t.co/6JZzoIC2xN",,Twitter Web App,False
Kari Joys MS,Global,"Transform Your Life to JoY! Discover your True Self! Powerful Emotional Healing; Psychotherapist, Author, Educator; Co-Creator of #JoYTrain at https://t.co/gU0GCBGGZ6.",2008-12-24 15:46:04,133685,81627,83063,False,2020-08-08 14:20:54,"Real #Beauty is what the heart can hold!

#JoyTrain #Joy #Love #Peace  #Kindness #spdc #IDWP #GoldenHearts #IAM… https://t.co/AEoQdLXVuJ","['Beauty', 'JoyTrain', 'Joy', 'Love', 'Peace', 'Kindness', 'spdc', 'IDWP', 'GoldenHearts', 'IAM']",TweetDeck,False
ತರ್ಲೆ 𝒯𝒽𝒾𝓂𝓂𝒶,"Bengaluru South, India",Cooking of drugs during the week and food during weekends; Dogmatic; Sarcastic; Debonair; ENTJ;,2014-01-11 10:18:31,5313,180,81567,False,2020-08-08 14:23:23,"How many more till the big guys are tested for #COVID19 positive...
Does this mean, the big guys weren't wearing ma… https://t.co/8fibRDEagL",['COVID19'],Twitter for Android,False
"Jay Ryerse, CISSP",(404) 944-6996,A day in the life of Jay.,2011-09-19 18:29:22,155,125,76,False,2020-08-08 14:24:23,Thinking about a switch to #cybersecurity? Work for an MSP and want to enhance your cyber fundamentals? #free… https://t.co/qMQdpADSRi,"['cybersecurity', 'free']",PostBeyond,False
Brooke Louise,"Las Vegas, NV",Dream. Smile. Dance. Sing. Live. Love. Vegas Born. 💙 Ella. 🐶,2009-05-10 22:51:06,413,264,8313,False,2020-08-08 14:26:51,For those of you that think #COVID19 just goes away at 2 weeks... I’m coming up on 3 weeks now and just got my seco… https://t.co/Ve0CF0OSVs,['COVID19'],Twitter for iPhone,False
NYC Health + Hospitals,"New York, NY","The nation’s largest public health system empowering New Yorkers to live their healthiest life. For appointments, call 1-844-NYC-4NYC. Page not monitored 24/7.",2009-08-12 16:02:33,29230,2554,16503,True,2020-08-08 14:30:18,"We are taking extra precautions to make sure our patients are safe:
+ Everyone will have their temperature checked.… https://t.co/auWUgRAWtW",,Hootsuite Inc.,False
Gaurav Patni,,Politics and cricket.,2012-05-13 11:09:18,263,1308,15556,False,2020-08-08 14:30:31,"12,822 #COVID19 cases, 11081 recovery &amp; 275 deaths reported in #Maharashtra today. Total number of cases in the sta… https://t.co/ITajowhZWs","['COVID19', 'Maharashtra']",Twitter for Android,False
Mindy Domb,"Amherst, Pelham, Granby, MA","Proudly representing the residents of Amherst, Pelham & Granby in the Massachusetts House of Representatives. 
#WearAMask #StaySixFeetApart
She/her/hers/Ms",2018-03-04 19:00:20,2183,1790,17992,False,2020-08-08 14:35:15,Here's a comparison between the USA and Europe re: #COVID19 you don't get to read every day. https://t.co/cJQCO9lmtM,['COVID19'],Twitter Web App,False
GlobalPandemic.NET,WORLDWIDE,Breaking News & Critical Information to SURVIVE the Coronavirus Outbreak / Civil Unrest,2010-07-13 21:58:05,26089,25288,2,False,2020-08-09 03:08:19,"ALERT: Pelosi, Schumer slam Trump's 'meager' executive orders on
COVID-19 relief - Global Pandemic News |… https://t.co/agRxI06KeA",,GlobalPandemic.NET,False
With Bear,San Diego CA,"Deep, Heavy Dubstep with Native American elements
https://t.co/CzGrNAhJBQ",2019-06-17 03:38:34,42,151,345,False,2020-08-09 03:09:19,.@CDCgov must extend its #NoSailOrder until cruise ships can demonstrate a commitment to protect public health and… https://t.co/Q0gW1q7XQY,['NoSailOrder'],Twitter Web App,False
yosiaki hasimoto,"fukuoka, japan","composer, guitarist, singer, songwriter. / hello! project / lisa / wwr stardom",2012-01-16 15:21:50,308,283,27,False,2020-08-09 03:12:11,"stay home as much as possible.
#covid19
#coronavirus
#stayhome
#socialdistance","['covid19', 'coronavirus', 'stayhome', 'socialdistance']",Twitter for iPhone,False
Cynthia Trentelman,"Ontario, Canada",Idealist. Francophone. Public transportation user. Former #GPC candidate. Seeking to bring forth evidence-based solutions to parliament.,2019-08-05 14:55:34,448,165,10147,False,2020-08-09 04:11:54,All the best to Ontario students and parents this year. Be safe. #onpoli #MaskUp #COVID19 https://t.co/WKYrr71hCj,"['onpoli', 'MaskUp', 'COVID19']",Twitter for iPhone,False
Keerthana J,"Hyderabad, India","Foodie, Software Engineer",2017-11-10 06:29:08,756,0,53,False,2020-08-09 04:13:27,"Highest single-day spike of 64,399 #COVID19 positive cases &amp; 861 deaths reported in #India, in the last 24 hours.… https://t.co/u7fAngYp58","['COVID19', 'India']",Twitter for Android,False
DesignGuru,North Carolina,Get money out of politics. Support #MedicareForAll. Be progressive. #GunControlNow Stand up & be heard! #BlueWave2020 #AnyoneButTrump,2010-05-06 11:44:50,118,250,14489,False,2020-08-09 04:21:06,"“If your job is gone and you can’t get a new one, a rich president who has only ever worked for his daddy has no cl… https://t.co/rHBwOrfHmB",,Twitter for iPhone,False
Sam c,,We'll see how this goes..,2014-04-23 15:38:38,35,371,2,False,2020-08-09 04:25:49,"Researchers created a test to determine which masks are the least effective - CNN 
#COVID19  #MaskUp 

https://t.co/L6bguEzSOv","['COVID19', 'MaskUp']",Twitter Web App,False
A2Z-NEWS Channel,"New Delhi, India","बड़ी खबरों का अड्डा
सम्पर्क करें :- newsa2z786@gmail.com",2018-11-17 08:44:38,313,730,965,False,2020-08-09 04:28:44,Deeply anguished by news of tragic fire accident at a #COVID19 facility in Vijayawada. Centre assures all support t… https://t.co/yRsutpJDSA,['COVID19'],Twitter for Android,False
paanimart,bangalore,best water purifiers in bangalore under one roof,2012-10-19 10:04:54,75,54,146,False,2020-08-09 04:37:01,"#Aventura 
 #Watersoftener
#Discountedprice
#Buyonline
#OnlyBangalore
#Covid19 offer
Transport cost and Installatio… https://t.co/XVyWsRbRiS","['Aventura', 'Watersoftener', 'Discountedprice', 'Buyonline', 'OnlyBangalore', 'Covid19']",Zoho Social,False
siva drakshrapu,"Hyderabad, India",indian,2016-09-23 05:19:17,2,106,398,False,2020-08-09 04:51:21,Shocked and distressed to learn about fire accident in a #COVID19 center at #Vijayawada. My deepest condolences to… https://t.co/oSCJF1u4sd,"['COVID19', 'Vijayawada']",Twitter for Android,False
Rajeshwar🧘‍♂️ Bharatvaasi,Hindustan / Bharat,"I’m an Indian 🇮🇳| I’m a Hindu| and I’m Proud of being so |Dharm~Eva Hato Hanti, Dharmo Rakshati Rakshitah! Tasma~Dharmo Na Hantvyo, Ma No Dharmo Hato~Vadhit!!",2010-03-17 13:21:58,159,757,13957,False,2020-08-09 04:58:33,Saddened news! A hotel 🏨 turned into COVID19 Facility Center burn To ashes taking more than 10 lives. Its a reputed… https://t.co/DjpPmb9SFG,,Twitter for iPhone,False
desphology,,We love #photography and #designing... and are having fun at #Zazzle!,2014-02-27 07:21:30,1598,476,282,False,2020-08-09 04:59:19,Ancient Egyptian Hieroglyphs Blue Face Mask for #Halloween https://t.co/WnBjhjwfdV #facemask #facemasks #COVID19… https://t.co/GviMUN9hSB,"['Halloween', 'facemask', 'facemasks', 'COVID19']",Twitter Web App,False
Diligently Seeking✝️🙏🏻,#TheTwilightZone,Diligently seeking God by seeking truth via Holy Spirit discernment. Much edu & eclectic life experiences. Ive been on the “inside.” It’s dark in there.,2012-12-26 06:03:51,770,215,9579,False,2020-08-09 05:20:25,"Let’s make sure we clearly understand this. In this convo, from 7/28/20, #Fauci says #coronavirus #COVID19 is ever… https://t.co/caiNsegghS","['Fauci', 'coronavirus', 'COVID19']",Twitter for iPhone,False
Naeem R Thomas,,Independent Writer and Research in the Middle East region. Geography and History major,2020-07-25 21:25:40,2,48,192,False,2020-08-09 05:54:38,@realDonaldTrump So no stimulus payments? #Stimuluscheck #COVID19,"['Stimuluscheck', 'COVID19']",Twitter for iPhone,False
Louise Sigfrid,"England, United Kingdom","Clinical Research Fellow, Public Health Specialist, infectious diseases, epidemic preparedness & response. Stronger Together. Views my own. @ISARIC @ERGO",2012-06-19 22:17:08,361,448,8701,False,2020-08-09 06:07:21,"Sweden's coronavirus figures are falling sharply,  #COVID19 https://t.co/GP6heoAqUq",['COVID19'],Twitter for iPhone,False
PIB in Andhra Pradesh,"Vijayawada, India","This is the Official Twitter account of Press Information Bureau , Vijayawada, Andhra Pradesh",2017-10-17 10:49:10,3436,532,2060,True,2020-08-09 06:20:51,"#CoronaVirusUpdates: 

📍Total #COVID19 Cases in India (as on August 9, 2020)

➡️68.78% Cured/Discharged/Migrated (1… https://t.co/ai3EVJhgH4","['CoronaVirusUpdates', 'COVID19']",Twitter for Android,False
"Norm Farrell, IN-SIGHTS.CA","North Vancouver, BC, Canada",Commenting on B.C. public affairs at https://t.co/j7aSNMoZfA since 2009.,2009-03-29 03:29:20,4826,3461,3165,False,2020-08-09 06:22:56,Only a matter of time before conspiracy theory crowd move on from Bill Gates and start blaming Jeff Bezos for… https://t.co/6LamDk40dX,,Twitter Web App,False
Brifly.,India,"Just news, briefly.",2020-05-05 21:32:47,126,3,7,False,2020-08-09 06:50:05,"Office of Department of Information and Public Relations, #Dharwad is being sanitized after an employee was tested… https://t.co/dQpyzay57k",['Dharwad'],Twitter for iPhone,False
Dr Sophie Nightingale,"Melbourne, Victoria","General, Breast and Melanoma Surgeon working in Melbourne. Interests: cancer research, oncoplastic surgery, exercise in cancer care and familial breast cancer",2016-05-07 00:51:45,568,475,4364,False,2020-08-09 07:09:52,@Nishaobgyn Surely NSW can learn from Vic. Please. 😷 and close the pubs! Why do we always think it won’t happen to us?? #COVID19,['COVID19'],Twitter for iPhone,False
𝙎𝙤𝙡𝙞𝙥𝙨𝙞𝙨𝙢𝘾𝙧𝙞𝙨𝙞𝙨 🔞,None Of You Are Real,"Xbox : SolipsismCrisis

Playstation : SolipsismCrisis

Steam : SolipsismCrisis",2010-11-13 09:23:48,304,50,2,False,2020-08-09 07:20:24,"Oh look...

#COVID19 #Covid19UK https://t.co/tvsUaUd06z","['COVID19', 'Covid19UK']",Twitter Web App,False
TV Games,"East, England","40-something year old gamer rediscovering the past. 160+ Games. PS3 Fat (RetroArch - VCS2600/ZX Spectrum/NES/SNES, Managunz - PS1/2/3 ISO).  PS4 Pro (Glacier).",2019-07-05 08:17:56,148,237,2271,False,2020-08-09 07:21:31,A lot of talk around at the moment around how Britain should restucture/rescue its economy following the double hit… https://t.co/u0bsOXC85n,,Twitter Web App,False
SoulStone,,"Alive on कहवा -- शीर -- Coffee |
Shraddha Aur Saburi | Passionate for Music | 🍁 Roots in Kashmir 🍁 | शौर्यम, दक्षम, युध्धेय, बलिदान परम धर्म!",2010-05-30 12:38:52,213,306,7587,False,2020-08-09 07:26:06,"@WHO You mad or what ?

Why do you take U-turn every other month ?

Every other month, you come up with a new theor… https://t.co/x0MXgX5xsz",,Twitter for Android,False
Sambad English,Odisha,"Odisha Sun Times is now Sambad English. We cover Breaking News, Alerts & Feature Articles.

Join us on: https://t.co/dVPFiHHyyo",2013-11-12 08:17:29,35842,4,7,False,2020-08-09 07:34:40,"#Odisha | #Khordha surpasses #Ganjam in #COVID19 cases 

#Sambad #SambadEnglish 

https://t.co/2UaYUlDqFr","['Odisha', 'Khordha', 'Ganjam', 'COVID19', 'Sambad', 'SambadEnglish']",Twitter Web App,False
TarHeelBruin,La La Land ☀️🏝🏖,UNC Graduate 🐏 married to a UCLA 🐻 Bruin.  Love my Cavalier King Charles Spaniels 🐶🐶🐶‼️ Cheetos are a meal. Walking 🚶‍♀️ on sunshine ☀️,2015-07-23 15:36:41,1775,2133,204763,False,2020-08-09 07:43:42,"Outdoor markets popping up so we can get out...

It’s 109 degrees outside #WTF #COVID19 #Noonecoming https://t.co/65VPSqpAn8","['WTF', 'COVID19', 'Noonecoming']",Twitter for iPhone,False
Dave Phillips 🇬🇧 🌍,"HM Tower of London, England","15 years #YeomanWarder #Beefeater @ #TowerOfLondon 26 years #Army #Veteran #999Family  All views are my own, etc.  After-Dinner Speaker, DM for details/bookings",2014-07-30 07:44:33,4747,176,86298,False,2020-08-09 07:46:48,"Help slow the spread of #COVID19 and identify at risk cases sooner by self-reporting your symptoms daily, even if y… https://t.co/Zqe1ypuvf9",['COVID19'],Twitter for Android,False
Deniz Engelhardt,"Istanbul, Turkey",‏أنت المدائن كلها بشمسها و ظلها . .,2012-01-24 09:20:30,1612,486,247559,False,2020-08-09 08:11:41,🇳🇿 New Zealand has gone 100 days without community transmission of #COVID19 — here's how they did it  https://t.co/aZpbQVrjkh,['COVID19'],Twitter for iPhone,False
Farida Bemba Nabourema,Freedomland,"Citizen of #Togo, Writer, Human Rights Defender, Pan-Africanist. Believe in a free Togo and a strong Africa #Togodebout Spokesperson of #FaureMustGo movement",2009-04-22 02:19:04,33367,2387,7417,False,2020-08-09 08:21:02,"Dear African presidents who love to travel, live abroad and visit us on the continent on the holidays, we know that… https://t.co/u2JUQxJ4cr",,Twitter for iPhone,False
Brifly.,India,"Just news, briefly.",2020-05-05 21:32:47,126,3,7,False,2020-08-09 08:21:17,#NewZealand has now gone 100 days with no community spread of #COVID19 detected. The news is confirmed by the Minis… https://t.co/szvWOJKFH7,"['NewZealand', 'COVID19']",Twitter for iPhone,False
UNFPA Bangladesh,Bangladesh,"The United Nations Population Fund: Delivering a world where every pregnancy is wanted, every childbirth is safe and every young person's potential is fulfilled",2014-04-09 09:25:21,6037,472,2024,False,2020-08-09 08:36:42,"Breastfeeding should not be stopped out of the fear of having #COVID19. 

Ensure to:
😷 Wear a mask during feeding
💧… https://t.co/HcTvNr3ugt",['COVID19'],Twitter Web App,False
Dr Angharad Watson,,"Working on REF Impact, parenting after infertility. Scientist. Feminist. Alt-ac career. She/her.",2013-05-17 09:19:06,426,969,7353,False,2020-08-09 08:50:33,For all the people excusing Boris's incompetence by saying that nobody knew what we were facing or how to handle it… https://t.co/GfEQrTmxkP,,Twitter for Android,False
Deccan Herald,India,"Bangalore & Karnataka's leading news daily for over 72 years. Authentic, definitive, and fresh: like your morning filter coffee. Got a story? Tweet or DM us.",2011-03-18 10:02:16,57950,738,1088,True,2020-08-09 08:52:23,Festival committees in the city are brainstorming ways to ensure the safety of pandal-hoppers amid the #Covid19 cri… https://t.co/t8kDlG8rEl,['Covid19'],Twitter Web App,False
Social Distance Warrior,,I give up..... twitter me up.,2018-10-23 09:46:27,2,30,25,False,2020-08-09 08:52:34,"@seanhannity, hey buddy, let’s play the, “Remember when you said this” game. So, do you? #WearYourFuckingMask… https://t.co/2aag2wSR7W",['WearYourFuckingMask'],Twitter for iPhone,False
Kees71,"Rotterdam, The Netherlands",Stop the Marxist cultural revolution supported by the 1-percent. Stop lockdown. Stop fake pandemic. Give me liberty or give me death!,2017-01-31 20:22:03,730,795,17079,False,2020-08-09 08:54:32,"@huisdoktertim @rschonck David Icke: ""There is no Covid19, it doesn't exist. At no time did they isolate that so-ca… https://t.co/blIDhOxHos",,Twitter for Android,False
Mitra.H,"Copenhagen, Denmark",I am a former political prisoner who is currently working on human rights. My goal is to achieve freedom and peace.,2013-02-10 18:58:22,1355,1356,156509,False,2020-08-09 08:56:11,"#Iran's #coronavirus death toll is at 84,900
Group of physicians write to regime's officials emphasizing that 200 o… https://t.co/y91NBkpOJq","['Iran', 'coronavirus']",Twitter Web App,False
Sayed Mùhammad Shah Abeezur Rahmán.,"New Delhi, India","I want to be a  #Scientist in #NASA, #AIdeveloper, #DataScientist,etc in https://t.co/HB6Fhujh3V blood Turkish and an Honourable Indian(by soul and from heart).ALHAMDULLILAH☝",2018-02-12 18:47:05,307,3366,3924,False,2020-08-09 08:59:37,@COVIDNewsByMIB @ICMRDELHI @MoHFW_INDIA @PMOIndia @HMOIndia @drharshvardhan @PrakashJavdekar @PIBHomeAffairs… https://t.co/ttw2ItUXtR,,Twitter for Android,False
Sugan D Palanee,United Kingdom,"Father, husband, and born to serve",2009-06-25 19:32:08,1368,765,2687,False,2020-08-09 09:00:06,"#COVID19 is accelerating #AI deployment, but are business leaders and policymakers giving enough consideration to i… https://t.co/JzhX0jL6Y8","['COVID19', 'AI']",Sprinklr,False
"Ministry of Health, Malawi","Capital Hill, Lilongwe",Official Twitter page for the Malawi Ministry of Health,2020-04-13 15:17:31,1505,39,0,False,2020-08-09 09:01:50,"On education, solutions will be on a case by case basis. School opening is being discussed. #COVID19",['COVID19'],Twitter for Android,False
Jibu Elias,"New Delhi, India",Preparing India for AI @OfficialIndiaAI @NASSCOM. Editorial board @SpringerNature AI & Ethics. Trustee @mitraniketan. @LSEalumni.,2009-06-29 18:45:21,376,423,1757,False,2020-08-09 09:06:42,Exploring the possibility of going into a cryogenic hibernation till the end of 2020. Someone please wake me up on… https://t.co/ld632weWWk,,Twitter for iPhone,False
Rajprasong_News,"Bangkok, Thailand","Aka Sean Boonpracong: Pol analyst, fmr Thai Trade & NSC, SEAsia & modern China’s foreign policy from 1949",2010-01-22 15:23:08,12553,967,8597,False,2020-08-09 09:07:07,#Thailand is among only 7 countries and territories categorized in the latest US travel advisory as being at low-ri… https://t.co/HeKAm5ADXh,['Thailand'],Twitter for iPhone,False
GracepointICC,"Ibadan, Nigeria","At Gracepoint, you connect to grace and your life gets shaped!",2011-08-26 11:24:42,831,65,316,False,2020-08-09 09:12:23,"We serve a very big God!

#Gracepoint #WeMerry amid #COVID19","['Gracepoint', 'WeMerry', 'COVID19']",Twitter for Android,False
Respect - Unemployed,Glasgow Birmingham London UK,A Political Campaign Group - We gain political inspiration from Wal Hannington 'National Unemployed Workers Movement NUWM. https://t.co/hx7Bxh5ia9,2011-03-25 00:37:20,1161,430,2557,False,2020-08-10 15:11:38,"@JohnSwinney Our advice #Scotland... Ignore 
@scotgov! Open #schools demand @JohnSwinney 
@10DowningStreet… https://t.co/MretI2yAU4","['Scotland', 'schools']",Twitter Web App,False
Marcus Looney = Source Hill,"Roseville, MN",I love writing. It's my true love in life. I also  am a screenplay writer. #screenplay #screenwriting #movies,2019-06-01 18:45:11,132,333,1197,False,2020-08-10 15:11:59,Always smile even on the darkest days #writingcommunity #writing #screenwriting #covid19 # https://t.co/0ScJqDsSlf,"['writingcommunity', 'writing', 'screenwriting', 'covid19']",Instagram,False
Libertine Scribbles,"New Delhi, India","Writes to motivate a strong soul!
An effort to write up things that keeps going on in our daily lives!
Coming up with new trending ideas!",2018-03-28 19:30:06,74,330,53,False,2020-08-10 15:12:22,"Stay home at guys!! 
If you step out make sure you wear a mask
#WearAMask #COVID19 
@YUVSTRONG12 @CampaignYolo… https://t.co/4BsNBwlk2X","['WearAMask', 'COVID19']",Twitter Web App,False
STAYHOMESAVELIFE,,"I just socialise,dont catch feelings 🤣🤣🤣🖐🖐🖐",2012-05-25 16:45:38,2417,2502,8729,False,2020-08-10 15:13:02,This was better than #COVID19 atleast you die a happy soul. https://t.co/LtL0SuaPVZ,['COVID19'],Twitter for Android,False
Doni's RC Adventures,,"I like to help others, and try to be better than I was the day before.",2020-01-26 20:57:26,50,7,8459,False,2020-08-10 15:13:59,@TryAgai94108261 @mmpadellan Trump will be remembered as the greatest President ever #Trump2020 #Trump2020Landslide… https://t.co/OllV1o0TNq,"['Trump2020', 'Trump2020Landslide']",Twitter for Android,False
Krishna Accessories House,Indore,,2019-12-26 06:45:24,2,0,13,False,2020-08-10 15:15:18,Shop the best steelbird dashing flip up face shields from Krishna Accessories House at the best price and protect y… https://t.co/YiCJwBS06W,,Twitter Web App,False
Citizens Action Group,"Lagos, Nigeria",We are concerned citizens doing our best to provide support to private and public healthcare and promoting awareness and sensitizing the public about COVID19.,2020-04-08 12:08:08,136,10,3,False,2020-08-10 15:15:30,"By understanding the factors that put the aged ones at an increased risk, you can make decisions about what kind of… https://t.co/9licDP9697",,Twitter Web App,False
M. A. Taylor Stark,,"I have a passion for nursing home reform and supporting inclusion and I am an active advocate for both. My ""mantra"" is Quality of Life Is Medically Necessary"".",2014-09-30 18:58:01,22,81,454,False,2020-08-10 15:16:21,"""We should not have to BEG to be part of our Loved Ones life"" #COVID19 #NotJustAVisitor @MayorOfLA @GavinNewsom… https://t.co/7HEMuj2Tqe","['COVID19', 'NotJustAVisitor']",Twitter Web App,False
Naomi🇨🇦,True North,#cdnpoli🇨🇦#StopTrudeau.🇨🇳🇭🇰🇹🇼 watch. Mockery is the best exposure of absurdity. Politically incorrect & speak inconvenient truth. Happily Married.,2013-02-26 15:13:22,3187,1487,6673,False,2020-08-10 15:20:10,Serious question: Is #COVID19 racist? Black people are disproportionally affected by #COVID19.… https://t.co/OvfeOd9pK1,"['COVID19', 'COVID19']",Twitter Web App,False
Latina Comunica,"Miami, FL",Independent bilingual media in South Florida. Medio independiente bilingüe en el sur de la Florida. #LatinaComunica,2015-03-29 04:53:23,1258,1944,1750,False,2020-08-10 15:23:21,Almost 100k children have tested positive for #COVID19 in the US  https://t.co/V1AV4G10oV,['COVID19'],Twitter for iPhone,False
InterAcademy Partnership (IAP),Worldwide,"The global network of science, engineering & medical academies collaborating to provide independent expert advice on scientific, technological & health issues.",2015-01-27 12:02:58,3113,692,1481,False,2020-08-10 15:25:15,"🇨🇺Rafael Bello, from the Marta Abreu Central University in Las Villas, was elected along with seven Cuban experts t… https://t.co/WXJ9ew2orh",,Twitter Web App,False
Melissa V.,,,2020-05-19 16:25:59,16,23,5,False,2020-08-10 15:31:05,"We call upon the White House’s negotiators 
@MarkMeadows @stevenmnuchin1 to join @SenSchumer @SpeakerPelosi once ag… https://t.co/NoC684Hy6n",,Twitter Web App,False
KC Happenin',,"Born and raised in beautiful WA State. Realistic optimist. Quietly spiritual. Woman, wife, mother, sister...and Warrior for the light.
#mainecoonlife #resist 🌊",2009-07-16 15:28:00,128,364,3957,False,2020-08-10 15:34:08,"@DemocracyInn Don't let up, people.  Vote like your life depends on it!!! #TrumpIsANationalDisgrace #coronavirus… https://t.co/gyDJSm1GPo","['TrumpIsANationalDisgrace', 'coronavirus']",Twitter for Android,False
JΞRΞMY ☆ BL♜SS,Chicago . Phoenix . Memphis . NYC,"Pro Sports, Hard Facts, Good Friends, Loving Family, P.L.U.R., Jesus & Only the Best! @Penn_State",2013-01-03 22:04:57,766,4995,108407,False,2020-08-10 15:37:46,"PSA America &amp; @sam_vinograd 

🔮🇺🇸 my #COVID19 Test;
was (Negative)

💍🕊🧬
-JB https://t.co/iOI8ZPKwa7",['COVID19'],Twitter for iPad,False
M Health Fairview,"Minneapolis, MN",We are driven to discover a better way of delivering breakthrough care closer to home. Follow us for news and inspiration. #MHealthFairview,2010-12-08 20:51:27,6389,399,2915,False,2020-08-10 15:38:17,"This weekend we gave free #COVID19 tests to over 1,100 people. “I’m thrilled there are so many people here,” our do… https://t.co/MlS6kiIuyO",['COVID19'],Twitter Web App,False
chip mcdonald,"Augusta, GA","Guitar teacher, musician, photographer, writer of scurrilous dialectic, consumer of fine maki.Don't be confused: I will not support Red/Blue Team anti-estab FTW",2009-04-10 16:29:08,918,795,85637,False,2020-08-10 15:38:34,"Don't be the person referring to what you think are technical aspects of ""the vaccine"" as if they're all the same.… https://t.co/qZtPaHjylE",,Twitter for Android,False
Congressional Progressive Caucus Center,"Washington, DC",501(c)3 nonprofit developing people-led policy that builds power for the rest of us. Advancing the best ideas from across the #progressive movement.,2009-06-18 00:25:01,5584,2079,2036,False,2020-08-10 15:40:07,"The #COVID19 pandemic has reiterated three important things: how necessary #unemployment insurance is, how powerful… https://t.co/csrcMiaXQ4","['COVID19', 'unemployment']",Hootsuite Inc.,False
"King County, WA","King County, WA","We're the only jurisdiction in the world named for Dr. Martin Luther King Jr., America's 12th-largest county, and home of 2.2 million people and 39 cities.",2008-12-17 17:07:55,82191,1507,5651,True,2020-08-10 15:45:08,"During the #COVID19 pandemic, fire agencies will take new steps to protect firefighters, residents and the environm… https://t.co/7tJAdGliuJ",['COVID19'],Twitter Web App,False
APLU,"Washington, DC",This is the official Twitter account for the Association of Public and Land-grant Universities (APLU),2011-11-01 17:18:04,8023,580,1833,True,2020-08-10 15:47:58,#DYK @Mizzou researchers recently developed an ethanol-based hand sanitizer to curb the spread of #COVID19? The tea… https://t.co/i9lS4DeogL,"['DYK', 'COVID19']",Twitter Web App,False
LarryBee🤡,world wide ,"Don't compare.
Greasing Grace
Pics Editing
#Futarian (alumni👨🏾‍🎓)
#Chelseafc ... Lanru4u@yahoo.com",2012-04-29 13:44:10,1725,1989,9649,False,2020-08-10 15:48:19,"Available at cheaper offer and many more ..... Order for yours now Ibadan , Lagos ........  #bbnaijialockdown… https://t.co/7tyaQ7nbck",['bbnaijialockdown'],Twitter for Android,False
The PRI,London,"The UN-supported Principles for Responsible Investment, the world's leading proponent of responsible investment. RTs do not constitute endorsement.",2010-06-09 15:00:32,21763,2088,5050,True,2020-08-10 15:51:41,"Podcast: @gemma_james1, PRI, Marc Robert, Water Asset Management, @wateraid, &amp; Maher Abdullah Al, Fakir Fashion, di… https://t.co/HAPGd8rY1H",,Twitter Web App,False
rainmaker,,,2017-08-16 22:12:17,687,1112,92514,False,2020-08-10 15:58:42,@DWUhlfelderLaw @rcrockett #Florida @RonDeSantisFL is just asking for an outbreak #COVID19. What in the name of all… https://t.co/srGBGcwQZC,"['Florida', 'COVID19']",Twitter for Android,False
🏥 Alder Hey 🌳,"Liverpool, UK",Creating a healthier future for children and young people everywhere. Tweeting 9am-5pm weekdays 😀,2009-01-14 09:32:18,48597,1662,18835,True,2020-08-10 16:00:24,Wearing a face covering 😷 can help to protect you &amp; others around you who may be vulnerable to viruses such as… https://t.co/AeRoIgbHFu,,Sprout Social,False
Massachusetts Medical Society (MMS),"Waltham, Massachusetts","The MMS, with some 25,000 physicians and student members, is dedicated to educating and advocating for the #patients and #physicians of Massachusetts.",2009-04-28 12:34:32,11118,3798,2338,True,2020-08-10 16:00:29,"Nearly 7,000 #Massachusetts children have contracted #COVID19, including 118 hospitalizations, according to a repor… https://t.co/ZG5pQd4qo8","['Massachusetts', 'COVID19']",Hootsuite Inc.,False
Barry Pearman Mental Health - Faith : Hope : Love,"Auckland, New Zealand",Empowering your #MentalHealth Online mental health pastor #faith #hope #love #kiwi #infj #pastor,2011-06-25 18:26:51,14091,7359,4060,False,2020-08-10 16:04:15,If you want to beat COVID-19 you need to ask yourself this question ‘What is the most important thing?’ and I hope… https://t.co/Cmjhx0mlN6,,Hootsuite Inc.,False
Pathfinders,Worldwide,"Fighting inequality and injustice, working to accelerate the delivery of the SDG targets for peace, justice for all and inclusion (SDG16+). Hosted by @nyuCIC.",2017-11-20 12:59:58,1056,869,1077,False,2020-08-10 16:05:35,"#COVID19 isn't just threatening peoples' health, it's exposing deep-rooted inequalities and increasing vulnerabilit… https://t.co/fBwoh1w91Q",['COVID19'],Hootsuite Inc.,False
Make America Honest😷🌹🔥🎶🎨🏘🔥💚🔥🌎💃🏻⚖️🗽🕺🏼🗳🇺🇸🔬🔭👊🏿🤝🌈🙌✌️,USA #EatTheRich =Abuse by big💰,"#Covid19 NoFascist=
#Antifa #BLM #Vote📬
Cooperatives💪Community
Democratic Socialist DSA Member
HumanitariansCoop
Poor & Working Class
Organic Felter 🐑🐏👩🏻‍🌾",2018-06-20 16:33:15,3731,4835,55571,False,2020-08-10 16:06:02,"Yep, just look at all the Dems voter suppression 

No🔻
#MedicareForAll 
#GreenNewDeal 
#UBI At least #Covid19 Relie… https://t.co/Pd3uQeeVyi","['MedicareForAll', 'GreenNewDeal', 'UBI', 'Covid19']",Twitter Web App,False
WaterAid Sierra Leone,Freetown,"Part of an international not-for-profit aiming to make clean water, decent toilets and good hygiene normal for everyone, everywhere.",2020-04-23 19:55:14,75,200,3,False,2020-08-10 16:06:49,#Handwashing with soap and clean water is one of the most effective ways to prevent the spread of #COVID19. We have… https://t.co/FjnkfqmUoB,"['Handwashing', 'COVID19']",Twitter Web App,False
Christopher Rabbit,"Seattle, WA","Our #cbd #chocolate treats #rabbit #chronicpain #bipolar 1 #anxiety #insomnia |  We offer clones, edibles & flower #growyourown #SmallBiz #Seattle",2017-12-02 13:17:19,692,1900,6333,False,2020-08-10 16:08:28,@GovInslee @Seahawks To keep ALL teams and staff healthy you need to test EVERYONE everyday they enter that stadium… https://t.co/5XJEKEj8qn,,Twitter for Android,False
Nikki Fried,Florida,Florida’s 12th Commissioner of Agriculture and Consumer Services. Working to keep Florida growing.,2009-05-02 12:52:12,25912,1566,2827,True,2020-08-10 16:09:48,"At a time when we should be united, we are more divided than ever. 

But together, Florida can recover from… https://t.co/1WKUe3OhRO",,Twitter for iPhone,False
Kim Richards,Hollywood,"Official Twitter feed of Kim Richards, CEO & Chairman, Allied Artists, with more than 30 years of experience in the music, film and television industries.",2009-07-19 23:43:29,45785,1701,7838,False,2020-08-10 16:11:09,Got tested for #Covid19 at one of @CoreResponse's MANY Drive-thru testing sites in L.A.. Kudos to @SeanPenn &amp; Ann L… https://t.co/26gxIjMb86,['Covid19'],Twitter Web App,False
boopie,USA,"Blue
Medical
Research
Women's health, women's rights, environment, science, safe schools, healthy pregnancy, healthy kids & babies, support the living
#46in2020",2011-02-15 18:18:33,35,402,10695,False,2020-08-10 16:11:23,"@Jim_Jordan Go ahead and play yourself,  then don't come to the hospital when u get covid #covid19 #football","['covid19', 'football']",Twitter Web App,False
Serena Natile,"London, England","Feminist, anti-racist, migrant, lecturer in socio-legal studies: #gender law& political economy, #decolonial digital finance, #IELCollectivist, editor @IJLC_CUP",2019-02-01 20:53:46,655,831,3540,False,2020-08-10 16:12:20,"In this blog post for the @IJLC_CUP series, I reflect on the process and politics of academic publishing and how… https://t.co/CevIlMJK9t",,Twitter Web App,False
On3 Public Relations,"Tallahassee, FL",Full service PR firm with 30 years experience.          Public Affairs - Corporate Communications - Grassroots Advocacy. Let us get you 'Ready On 3',2013-07-08 14:35:06,1446,1810,1608,False,2020-08-10 16:16:37,"Dr. Michael Patete, MD, FACS, and President of @FloridaMedical explains why #ConvalescentPlasma donations are neede… https://t.co/0T8iqvGRuQ",['ConvalescentPlasma'],Twitter Web App,False
Anita McKernan,"Toronto, Ontario",Peace 🕊In praise of the gospel of the moment (she/her),2016-04-14 17:37:33,108,483,1043,False,2020-08-10 16:18:15,Queen Street in April (Toronto) #COVID19 #isolation #Toronto #photography #streetphotography https://t.co/3TV64T3e5R,"['COVID19', 'isolation', 'Toronto', 'photography', 'streetphotography']",Twitter for iPhone,False
Charles Raven 🥑🥒🥬🥦🧄🧅🥕🥜🥝🥥🍇🍈🍉🍊🍌🍍,"Kelowna, BC.  Canada","Against all forms of cruelty against Animals & Mother Earth.  I am the Ultimate Voice For The Voiceless.

#GoPlantBased, #ClimateActionNow #AntiSpeciesism",2018-06-28 16:36:51,4602,3792,21852,False,2020-08-10 16:20:05,"Eating animals has created the world's worst pandemics.

The World Leaders know this but they only care about money… https://t.co/8W6DN3hP55",,Twitter Web App,False
David Moore,"Dallas, Texas","Partner in Deloitte Digital focused on Cloud ERP and Blockchain. You'll find me traveling, and enjoying my Big Green Egg. Views are my own.",2014-06-26 20:29:58,416,1321,11780,False,2020-08-10 16:20:39,To say that #financialreporting for the most recent quarter was challenging is an enormous understatement. How can… https://t.co/lTgnoImz2P,['financialreporting'],Dynamic Signal,False
Science in the City,"Vancouver, British Columbia","Your complete source for all the life science news, events, and jobs in the Lower Mainland! Brought to you by @STEMCELLTech.",2015-11-16 23:35:36,1621,889,4365,False,2020-08-10 16:25:01,"#COVID19 has had major impacts on how science is done. In this Q&amp;A with @PHCResearch, Dr. Zabrina Brumme from… https://t.co/W0fqq6FMJQ",['COVID19'],Sprout Social,False
The Conference Board,www.conference-board.org,Leading global think tank and business membership association since 1916.,2009-06-01 14:09:02,15062,2073,1143,True,2020-08-10 16:25:11,#EconomyWatch 💱 Join @USCMarshall's Ayse Imrohoroglu &amp; @BERcoza's George Kershoff WED 8/12 at 11am for insights on… https://t.co/qqy1JkFuJn,['EconomyWatch'],Twitter Web App,False
Stephanie Innes,"Phoenix, AZ","Health care reporter for the Arizona Republic/@azcentral, formerly @tucsonstar.  RT ≠ endorsement. Canadian/American, she/her. stephanie.innes@gannett.com",2009-04-30 20:51:53,6317,4791,5073,True,2020-08-10 16:27:39,"#Arizona ranks 13th in the country for its number of #COVID19 #deaths (raw number) as of Sunday - 4,150 deaths, put… https://t.co/JBN9YASpJS","['Arizona', 'COVID19', 'deaths']",Twitter Web App,False
Danny Nel,"ÜT: -26.712692,27.104824","Agricultural economist, networker, artlover, philosopher and holistic life coach.  Where will we look? This is it!  The truth will set us free.  Suid Afrika Bo!",2010-03-14 22:18:21,6209,6813,16985,False,2020-08-11 06:55:53,"Yes #SouthAfrica 🇿🇦 can become another Singapore.

Their success story. 

Honesty:
No stealing allowed 

Mediocrity… https://t.co/SW6Z2Q0880",['SouthAfrica'],Twitter for Android,False
V6 News,"Hyderabad, Telangana, India","V6 News Channel
Telangana Breaking News  https://t.co/OmDwQ19NZ3",2012-03-09 04:58:04,144068,147,62,False,2020-08-11 06:57:00,#Telangana Health Minister #EtelaRajender has said strict action would be taken against private hospitals charging… https://t.co/LfKnHNa6Ri,"['Telangana', 'EtelaRajender']",Twitter Media Studio,False
Dr. Shahzad Faisal Chaudhary,United Kingdom,"Regenerative, Anti-aging, Metabolic & Functional Medicine💊🏋🏻‍♂️🏃🏽🥑🍇🥦🍱Only latest, non-manipulated & “GENUINE” scientific research 📑",2013-05-12 18:55:50,173,1819,252,False,2020-08-11 06:59:25,Dr. Anthony #Fauci says that the chances of #Coronavirus #SARSCoV2 #COVID19 #vaccine being highly effective are not… https://t.co/TaCNHGp1xP,"['Fauci', 'Coronavirus', 'SARSCoV2', 'COVID19', 'vaccine']",Twitter for iPhone,False
chilternbear,MI6 Safe House,I am a neglected pooch. Pops is something in MI6. He leaves me alone for long periods. Every dog and dog owner please follow me (except @garylineker) woof!,2019-10-06 07:54:22,3868,3592,43977,False,2020-08-11 07:34:38,@Haggis_UK There are 4.8 million people in New Zealand which is equivalent to around a third of the population of… https://t.co/j0lmKZj3R4,,Twitter for iPhone,False
Randy Steves,,"I write political and societal stuff. My own opinions and feelings only. If you don’t like what I have to say, that’s ok. We don’t have to agree :)",2020-02-12 23:54:37,280,755,1158,False,2020-08-11 07:35:19,"You can’t charge someone for attempted murder for not wearing a face mask. What happened to “my body, my choice” li… https://t.co/4MtaGR8e4e",,Twitter for iPhone,False
The Guardian Nigeria,Nigeria,"An independent news source, with newspaper established in 1983 for the purpose of presenting balanced coverage of events and news. WhatsApp - +2348136370421",2009-07-16 12:24:36,1812802,450,2527,True,2020-08-11 07:40:54,This is not philosophising… instead I am indeed making a bold statement that will fortify us against the time and t… https://t.co/jSso1LfspH,,Echobox,False
Credevo,Singapore,Clinical Development | Global Regulatory Support | Clinical Trials Strategy & Operations | Country Level & Site Level Feasibility | Product Registrations,2015-10-30 01:19:01,132,101,2,False,2020-08-11 07:44:54,"EU authorities agree new measures to support availability of medicines used in the COVID-19 pandemic

#ema #covid19
https://t.co/7mJJpOCvCe","['ema', 'covid19']",,False
rugby365.com,Following the oval ball!,Real time rugby! One of the most popular rugby news sites on the planet. Come find out why! Rucking good stuff....,2009-05-18 10:46:39,35035,8501,1659,False,2020-08-11 07:46:23,"#⃣NEWS: The @Hurricanesrugby's South African wing Kobus van Wyk will have a few sleepless nights this week
🏉Hearing… https://t.co/lkiU4gWnDa",,Twitter Web App,False
dagda1,Glasgow,"glasgow based react, typescript, javascript fiend.  Nomadic cattle rustler and inventor of the elastic lasso.",2008-01-29 12:45:15,553,29,616,False,2020-08-11 07:51:32,I wonder how much of the #COVID19 reaction has been influenced by a dying paper-based media hungry for views.  All… https://t.co/Qa3oFMJOJi,['COVID19'],Twitter Web App,False
SIBM NAGPUR,"Nagpur, India","The Official Twitter account of SIBM NAGPUR
https://t.co/KHvC2n0ww3
Gate No.167,168,169,
Village Mauje-Wathoda / Bhandewadi.",2019-08-24 13:20:04,67,5,0,False,2020-08-11 07:58:49,May Shri Krishna shower you with his choicest blessings on the auspicious day of Shri Krishna Janmashtami.… https://t.co/NsaviyLNg4,,Twitter for Android,False
European Hospital,Essen,"The platform for the latest trends in medical technology, and advances in medicine.

Imprint: https://t.co/qrcokOXEzp",2009-06-26 07:13:15,5989,1102,247,False,2020-08-11 08:00:42,Researchers at @HeriotWattUni and @EdinUniUsher have developed a new mathematical model to better understand how ai… https://t.co/FvsuQnNLv0,,Hootsuite Inc.,False
Weekly Social Diary,"Islamabad, Pakistan",An official twitter account of weekly magazine SOCIAL DIARY by @PakObserver which covers social & fashion life of #Pakistan. RT are not endorsements.,2013-09-30 05:52:00,1559,615,552,False,2020-08-11 08:00:51,Its World Mask Week and #markzuckerberg shared his little friend showing us how to wear a mask properly!… https://t.co/vb9UT3G7iK,['markzuckerberg'],Instagram,False
105.5 The Dove,"Tampa Bay, FL",Lite favorites.,2012-06-14 15:23:54,2854,4547,769,False,2020-08-11 08:11:51,"Hillsborough County schools still set for online learning; cruise industry hits Florida economy

#DoveDailyUpdate… https://t.co/X6EZfR5Qc7",['DoveDailyUpdate'],SocialNewsDesk,False
8min 46sec,Canberra,Twitter is my ONLY vice ... cartoons on @FB   https://t.co/eoO8qIiOAN,2011-09-14 02:31:09,7033,2208,26197,False,2020-08-11 08:28:03,#Covid19 NO #covidApp #Privacy Spying by @schrankartoons https://t.co/jPB5PO4VcX #auspol #thedrum,"['Covid19', 'covidApp', 'Privacy', 'auspol', 'thedrum']",TweetDeck,False
Gulf Daily News,Bahrain,Leading English Daily Newspaper published from Kingdom of Bahrain,2010-02-25 09:22:18,23732,103,8,True,2020-08-11 08:33:51,"U.S. Covid-19 deaths drop for first time in four weeks

Read More - https://t.co/1EiOg0QR1n

#UnitedStates #Covid19… https://t.co/6SozNqjCfY","['UnitedStates', 'Covid19']",TweetDeck,False
Kearney MEA,Middle East and Africa,Driven to be the difference between a big idea and making it happen. One of the original management consulting firms.,2009-04-20 05:22:06,940,301,449,False,2020-08-11 08:41:48,"In a recent report developed in partnership with @ALAGHAR_GROUP, #KearneyMEA investigates the social impact of… https://t.co/0XWkyaeWQm",['KearneyMEA'],Twitter Web App,False
ScotParl Outreach,"Edinburgh, Scotland","Tweets from Paul, Ewan, Kate & Leoncha. Building relationships between people and Parliament. Helping bring lived experience to decisions made @ScotParl.",2016-10-05 13:30:11,1431,702,601,False,2020-08-11 08:43:07,"@SP_HealthSport is looking at the impact of #COVID19 on the delivery of social care.

If you're an adult who RECEIV… https://t.co/xZc7rQFAMi",['COVID19'],Twitter Web App,False
Weary Physician,England,"Exhausted
Sceptical
Angry",2020-08-04 15:07:54,2,54,3,False,2020-08-11 08:58:20,@netpoette @KEL_423714 @jpkiekens Please show me a suitable clinical trial where hydroxychloroquine reduces the ris… https://t.co/57PqTIqJiQ,,Twitter for Android,False
Jenny Barron,"Boston, MA","EyeOpener Executive Producer. Sleep deprivation doesn't scare me. Opinions, links are my own. RTs are not endorsements",2009-06-20 11:59:00,3879,2065,7739,True,2020-08-11 09:06:27,#BREAKING: President Vladimir Putin says Russia's coronavirus vaccine has been registered; his daughter is among th… https://t.co/Rnl7vUkU1j,['BREAKING'],TweetDeck,False
Jacqui Cannon FRSA,United Kingdom,Freelance Consultant #CEO of @lbsorg Experienced IT Business Analyst ; Chair of @Wigan_DAA,2017-05-12 11:20:06,674,748,20453,False,2020-08-11 09:13:46,Please take a few mins to read this blog on @lbsorg website #COVID19 #LBD #Awareness https://t.co/zp6a11NoOm,"['COVID19', 'LBD', 'Awareness']",Twitter for iPhone,False
Lizzie,"Sydney, New South Wales","When I look at the mirror, I see strength, learned lessons & pride in myself.",2019-04-19 10:13:04,6,87,40,False,2020-08-11 09:14:40,I got a text from my local medical centre asking if I wanna partake in a #Covid19 vaccine trial. I’ve been poked an… https://t.co/kTu65s15qd,['Covid19'],Twitter for iPhone,False
Prag News,"Ulubari, Guwahati","The First News Channel of North East that brings you the news from all corners of North East.
https://t.co/k5yBO348V0",2016-09-14 14:21:13,1664,31,83,False,2020-08-11 09:16:39,Social distancing norms seem to have vanished from the minds of people in Guwahati as citizens can clearly be seen… https://t.co/PUa5E3pnHR,,Buffer,False
#UzalendoNewsKE,"Nairobi, Kenya","U S I P I T W E  N A   S T O R Y • 
.
Turn on Notifications 🔔 to receive the Latest news of what is happening around you. #UzalendoNews",2019-01-03 15:10:11,2492,448,4167,False,2020-08-11 09:21:41,#COVID19: Russian President Vladimir Putin has alleged that a coronavirus vaccine developed in the country has been… https://t.co/g1u1XmlRTw,['COVID19'],TweetDeck,False
Yes2,"Scotland, United Kingdom",Yes2 organisation,2016-11-07 20:08:57,517,1016,2307,False,2020-08-11 09:26:03,Recent coronavirus deaths broken down by UK country/nation incase you are struggling to see this important informat… https://t.co/EUgAT3hUif,,Twitter for Android,False
APFOOD,Singapore,"Asia Pacific Food Industry is the publication of choice for professionals throughout F&B industry - on latest research, technologies, health & nutrition trends.",2017-03-22 07:53:01,182,428,4,False,2020-08-11 09:27:48,.@foodagility's $10M initiative is bringing #agrifood and tech businesses to create #data-driven solutions to help… https://t.co/6LPvHcZMjS,"['agrifood', 'data']",Twitter Web App,False
VOW FM News,"Braamfontein, Johannesburg",News updates by VOW FM NEWS team daily. Listen to our full bulletins at every top of the hour between 8am and 7pm on 88.1 OR Stream: https://t.co/Uwpolaf2VN,2020-02-10 13:23:35,153,54,177,False,2020-08-11 09:39:48,"Your news coming at 12PM with Karabo Tebele (@Bluekaybee) 

- @CityofJoburgZA mayor @GeoffMakhubo applauds JMPD off… https://t.co/9MWfDTPLjF",,Twitter for Android,False
Marco The Grand,"Manchester, England","Law and national security enthusiast, gamer and Esports follower. Total nerd. Looking forward to Starmer 2024. Sometimes a devil's advocate.",2012-03-02 00:22:34,125,716,636,False,2020-08-11 09:44:51,"This backwards cesspool of corruption

#COVID19 https://t.co/TQOPRuCC7g https://t.co/ZegXFQqXVL",['COVID19'],Twitter Web App,False
Mango News,Hyderabad,"Follow us for all the latest news and entertainment updates!

Subscribe on YouTube: https://t.co/xHrAgFNDBC
Follow on Facebook: https://t.co/seiODX8Sfn",2013-10-08 08:07:43,1628,64,57,False,2020-08-11 09:45:00,PM Modi held a video conference with CM's of 10 States and discussed over the Covid-19 situation. This was the 7th… https://t.co/17cYaMC295,,TweetDeck,False
Casper Sand,Sweden,Made for 5 Star Hotels & Room service,2013-05-15 15:04:03,5121,4956,22527,False,2020-08-11 09:52:52,"Whoops... #Norge #covid19 #Corona
https://t.co/0VqQitLFCO","['Norge', 'covid19', 'Corona']",Twitter Web App,False
Mike Sutton,,"Sales Leader by Trade, Technology Nut by Nature. Manufacturing Sales Lead @Dassault3DS in the UK&I",2020-07-08 12:11:24,5,50,36,False,2020-08-11 10:00:18,"Managing the #COVID19 pandemic, especially as economic activity resumes, will require specific measures and changes… https://t.co/tlNSZgvjyv",['COVID19'],Powered by Sprinklr,False
🇦🇺🇮🇪🏴󠁧󠁢󠁳󠁣󠁴󠁿🇺🇸Peter Oataway,"Riverina, NSW, Australia ",Aussie Grandpa with Irish English Scottish and recently discovered thanks to Ancestry DNA Virginian ancestors who’ve all been to war against each other at times,2011-02-13 04:10:30,2558,2513,34756,False,2020-08-11 10:00:50,"I want to make love to @ladygaga doesn't mean it will ever happen

1985 I drove to #Perth the hard way - across the… https://t.co/QZzxoatghE",['Perth'],Twitter for iPad,False
Tate Jiang,"Christchurch City, New Zealand",,2013-07-07 09:18:14,13,45,63,False,2020-08-11 10:00:58,"Community Transmission is back to NZ, let's fight and win again！
#KiaKaha
#COVID19 https://t.co/hha95Ga1dA","['KiaKaha', 'COVID19']",Twitter for Android,False
TRT World Now,"Istanbul, Turkey","Breaking news, live updates, and developing stories around the world. Follow @TRTWorld for in-depth coverage, features, videos and more.",2016-12-02 08:36:07,89491,10,0,True,2020-08-11 10:01:36,New Zealand records first community #Covid19 infection in 102 days,['Covid19'],TweetDeck,False
OTV,"Bhubaneshwar, India","If something on Odisha is not on https://t.co/tklvVwUTgF, it is unlikely to be elsewhere...

Join us on Telegram:  https://t.co/Hu7tZ0QKiH
Follow us on Facebook: https://t.co/EYZelyrCNf",2011-12-16 07:28:52,544641,283,413,True,2020-08-11 10:02:10,"'COVID bandhus' of Ganjam succour in fight against #coronavirus #Odisha

#COVID19 
https://t.co/nUHEDNsxxf","['coronavirus', 'Odisha', 'COVID19']",Twitter Web App,False
Wolverine,"England, United Kingdom","My views - no more important than yours, but no less important either.",2009-07-28 18:02:41,81,134,4448,False,2020-08-11 10:03:45,@ReutersUK With huge queues at security &amp; #passport areas with zero #SocialDistancing enforced @HeathrowAirport has… https://t.co/JstjDqpAW8,"['passport', 'SocialDistancing']",Twitter for Android,False
CapeTalk on 567AM,"Cape Town, South Africa","We're on the AM band - find us on 567 medium wave, DStv channel 885 or download the APP. Call us now on 021 446 0567 or voice-note us on WhatsApp 072 567 1567.",2009-04-25 16:55:26,234535,567,4158,True,2020-08-11 10:04:34,"""I'm a writer and I know how to spell a lot of words, but sometimes it can take me half an hour to figure out how t… https://t.co/br1inDQfe9",,Buffer,False
Tentaran.com,"Saket, New Delhi",Digital News Magazine for Byte-sized & crisp Infotainment news to keep our audience up-to-date on info and services to make their day-to-day life and work easy,2016-07-04 06:34:17,1460,756,41309,False,2020-08-11 10:05:36,"Finally Some Good News from 2020

Russia becomes the first country to approve #COVID19 vaccine; President Vladimir… https://t.co/OlSMXHFcGu",['COVID19'],Twitter Web App,False
ET NOW,India,"Youtube:
https://t.co/CPdYqOLlJo   
Facebook:
https://t.co/XoAifE1q1A 
Instagram:
https://t.co/IvXWmqtHtw",2010-12-10 12:49:29,574279,113,1,True,2020-08-11 10:08:49,"Russia approves first #COVID19 vaccine, says #VladimirPutin. #Putin adds that his daughter has already been vaccina… https://t.co/CNqA4oz6iY","['COVID19', 'VladimirPutin', 'Putin']",Twitter Web App,False
Steve Lanys-Morris,Toronto,"“I alone cannot change the world, but I can cast a stone across the waters to create many ripples.”  Mother Teresa —
Husband, Survivor, Advocate, Yogi, Teacher",2010-11-07 13:35:48,497,1728,3758,False,2020-08-11 10:09:03,"Noam Chomsky: Trump Is Using Pandemic to Enrich Billionaires as Millions Lose Work  https://t.co/4sifCJ2ImZ 
#COVID19 #billionaires","['COVID19', 'billionaires']",Twitter Web App,False
Coronavirus Updates,,"COVID-19 (Coronavirus) Latest News & Statistics.
We post updates 24/7 as they come in, all stats are from official sources.
#Coronavirus #COVID19",2020-03-07 12:52:51,482,1,0,False,2020-08-11 10:13:11,"2,345 new cases and 184 new deaths in Iran 

[11:13 GMT] #coronavirus #CoronaVirusUpdate #COVID19 #CoronavirusPandemic","['coronavirus', 'CoronaVirusUpdate', 'COVID19', 'CoronavirusPandemic']",COVID19-Updates,False
indtoday,"Hyderabad, india","Brings you news breaks: Exclusive political, entertainment, sports insight, unbiased-nonaligned Download App: https://t.co/1w0dyQOOt1",2013-04-04 04:52:23,1135,186,537,False,2020-08-12 05:09:23,"COVID19: #Telangana registers 1,897 fresh Coronavirus cases, 9 new deaths - IND TODAY watch at… https://t.co/8xZk0EAaKP",['Telangana'],Twitter Web App,False
PharticusMaximus,"Miami, FL",PC/console Game Promoter/Streamer. Post Game News/Deals Daily. I do Giveaways! I Build PCs & a sports fanatic. Business inquiries: PHARTICUSMAXIMUS305@GMAIL.COM,2009-05-23 05:37:42,1404,1523,2598,False,2020-08-12 05:10:19,I went to @Sedanos here in Miami to pick up some groceries yesterday. Look what I found on a bottle of @Motts apple… https://t.co/rRbDFqAlG7,,Twitter Web App,False
IndiaSpend,Mumbai,"India's First & Most Extensive Data Journalism Initiative. Hard Numbers, Investigations, Insights & News You Won't Find Elsewhere. Watch Our Videos @Databaaz",2011-03-30 16:32:40,58065,124,265,True,2020-08-12 05:13:46,"In May, India’s effective reproduction number was 1.23, down from 1.83 in March. India’s overall #COVID19 figures c… https://t.co/gUhkHMpbHs",['COVID19'],Twitter Web App,False
Dr Ranjith Reddy - TRS #StayHome #StaySafe,"Hyderabad, India",Hon'ble Member of Parliament-Chevella  | Veterinarian | Philanthropist,2019-03-06 17:18:48,5340,54,892,True,2020-08-12 06:10:30,"This is really unfortunate. Fear is the greatest enemy of all. Urge the citizens to stay strong, take all the neces… https://t.co/2jW34adQeB",,Twitter for Android,False
Robert Williams,"Salem, OR","Systems Engineer, looking for truth in numbers.",2017-07-31 17:54:51,3568,20,8,False,2020-08-12 06:11:17,"11-August #COVID19 Case Progress chart for key US states.  3 states (IN, PR, and ND) are reporting an all-time high… https://t.co/4YjWFE8W91",['COVID19'],Twitter Web App,False
Flipkart Stories,India,Official account for #news & #stories about @Flipkart . For customer service please tweet to @Flipkartsupport,2015-09-09 08:36:01,61895,60,1789,True,2020-08-12 06:17:52,"Read how our #ProgramManagement team worked days, nights, and weekends, enabling #Flipsters to collaborate and serv… https://t.co/EG7SkZppLr","['ProgramManagement', 'Flipsters']",Twitter Web App,False
BeingAfricanInAfrica,Africa,"#BeingAfricanInAfrica is a platform for sharing positive narratives, content & more balanced perspectives of life on the continent.",2020-07-19 09:52:16,96,134,88,False,2020-08-12 06:22:36,"#Ubuntu in the time of #COVID19 
Within the confines of lockdown that have since seen me stay at home for more than… https://t.co/DDO6t6gnGW","['Ubuntu', 'COVID19']",Twitter Web App,False
JK 24x7 News,India,"National Hindi News Channel, Covers News in Politics, Sports, Business & Cinema. RT not endorsement. Email : Corporate@jk24x7news.tv",2016-10-03 05:29:10,23243,4,1813,False,2020-08-12 06:24:33,FIFA &amp; Asian Confederation have jointly decided that the upcoming qualifying matches for FIFA World Cup Qatar 2022… https://t.co/7IOcGrDFyA,,Twitter for iPhone,False
ETHealthWorld,"Noida, India",One stop platform that tracks all breaking news & analysis of the pulsating healthcare industry.,2014-10-30 07:51:54,5650,888,249,True,2020-08-12 06:30:17,ETHealthworld | Need to increase COVID-19 testing in 10 most-affected states: PM Modi tells CMs #Bihar… https://t.co/FwuIDoohAW,['Bihar'],econ b2b post,False
Hans van Dijk,Needrrland,,2011-02-20 03:08:06,997,2255,11214,False,2020-08-12 06:37:11,"One of England’s most senior doctors: “Face masks could increase risk of infection, medical chief warns” #COVID19  https://t.co/cG0RGobv7R",['COVID19'],Twitter for iPad,False
The Hand That Feeds You,,"You can either support Trump or the Republic.

They are opposites.",2019-05-22 15:02:58,837,4169,4998,False,2020-08-12 06:40:46,"Months where Trump said #COVID19 would just go away:

February 

March

April

May

June

July

August

The entire… https://t.co/cW7CLs4UDZ",['COVID19'],Twitter Web App,False
Lefa Best Lechesa⚽💗,Soweto mapetla east,"Too brave to face every challenges that comes on my way, soccer it's my life ⚽⚽👊💪 Best19",2013-12-28 21:19:46,724,377,13021,False,2020-08-12 06:41:21,"It's game on tonight at 18:00 @OrlandoStadium 

Which team will win tonight 🔥⚽🔥⚽ #KaizerChiefs #BidvestWits… https://t.co/HPJ0b2ncRA","['KaizerChiefs', 'BidvestWits']",Twitter for Android,False
TRT World Now,"Istanbul, Turkey","Breaking news, live updates, and developing stories around the world. Follow @TRTWorld for in-depth coverage, features, videos and more.",2016-12-02 08:36:07,89550,10,0,True,2020-08-12 06:56:27,A look at the intense spread of active cases of #Covid19 which has infected over 20 million people since the start… https://t.co/U0ghl5EBZr,['Covid19'],TweetDeck,False
SDG Nigeria Knowledge Hub 🔊,,News & Commentary | #TeachSDGs | +234 903 825 9336 | admin@sdgnigeria.com.ng,2012-12-27 16:19:48,1207,4919,4150,False,2020-08-12 07:13:23,"WHO: 😷 How to wear a medical mask safely: Do’s 

More: https://t.co/eAhuPXM9E6 

#COVID19 #WearAMask… https://t.co/YleLataP57","['COVID19', 'WearAMask']",IFTTT,False
ASEAN+3 Macroeconomic Research Office (AMRO),,AMRO is a regional macroeconomic surveillance organization that aims to contribute to securing the macroeconomic and financial stability in the ASEAN+3 region.,2020-04-03 07:40:34,27,16,7,False,2020-08-12 07:21:23,AMRO and ESM Chief Economists Hoe Ee Khor and Rolf Strauch @r_strauch explain in a blog why policy responses to mit… https://t.co/TJ7YtIg5ym,,Twitter Web App,False
Bell Direct,Australia,Making online trading the way it should be. Winner of Investment Trends Highest Overall Client Satisfaction 7 years in a row.,2009-03-26 22:56:16,3405,634,185,True,2020-08-12 07:30:55,"Could Magellan rival BlackRock's iShares? $MFG released it's FY20 results, reporting #NPAT +5% to $396.2m due to gr… https://t.co/bQ3TVqZueo",['NPAT'],Twitter Web App,False
Dr Kelly 🔶 🕷,,I love a bit of quilting. I am *that* exciting. I have two wonderful children and a hot husband. Doctor of the mind. NHS clinician. Foxes. European. Ex-barmaid,2018-01-26 18:35:53,3791,4525,7827,False,2020-08-12 07:32:06,"We simply won’t be able to cope with a #recession, #COVID19 and #brexit","['recession', 'COVID19', 'brexit']",Twitter for iPhone,False
LydiaR,12th Doctor's Tardis/UK,"Massive Nerd, Doctor Who Fan (Classic/New), Capaldi fan,Audrey Hepburn fan
Star wars fan,
Tarantino fan,
Hammer fan,
Vincent Price fan,
Bowie Fan
Wannabe Actor",2018-09-28 22:12:23,98,258,4887,False,2020-08-12 07:50:03,Just Read if you are going out partying and refusing to wear a mask #COVID19 #coronavirus https://t.co/hpEbyXlNaD,"['COVID19', 'coronavirus']",Twitter for Android,False
NDS,Australia,National Disability Services (NDS) is the Australian peak body for non-government disability services.,2015-10-14 04:29:35,3950,853,214,False,2020-08-12 08:03:28,"Victorian disability service providers are invited to join us at 10am on Friday, 14 August, for our next NDS COVID-… https://t.co/k40RK46iM4",,Buffer,False
Say No To Sino,,"🇬🇧🇺🇸🇦🇺🇨🇦🇳🇿🇮🇳🇯🇵🇹🇼

FIGHT  THE  CHINESE  COMMUNIST  PARTY

It's easy to be a communist in a FREE country.
Try being free in a communist country.

👊",2020-05-06 03:42:26,699,1570,8664,False,2020-08-12 08:11:00,"🖕

BOYCOTT  EVERYTHING  CHINA

🖕

C.C.P.  IS  EVIL

#BoycottChina #BoycottCCP #BoycottMadeInChina #BoycottBeijing… https://t.co/lquerl4JEE","['BoycottChina', 'BoycottCCP', 'BoycottMadeInChina', 'BoycottBeijing']",Promo.com,False
PCTweets #nomasks #KBF,London,"Journalist and author. Worked at The Sun, Express, Daily Mail and Mirror. Own views. Liberty or death.",2009-03-30 18:33:17,1121,1771,23468,False,2020-08-12 08:12:07,My thoughts on the UK officially entering an entirely voluntary recession caused by @BorisJohnson’s government.… https://t.co/a80iozuomy,,Twitter for iPhone,False
KAPIL SINGHAL,"Bhilwara, India",,2013-05-26 03:02:40,401,634,301,False,2020-08-12 08:15:35,"#अनंत_हेगड़े_माफ़ी_मांगो 
#BSNL_Pride_Of_India  #Even in the terrible situations of #COVID19, #BSNL staff provision… https://t.co/fBA2yKSAbq","['अनंत_हेगड़े_माफ़ी_मांगो', 'BSNL_Pride_Of_India', 'Even', 'COVID19', 'BSNL']",Twitter for Android,False
Ben Whitelaw,"Freetown, Sierra Leone",Freelance journalist/digital strategist for @ejcnet and others. Past: @TheTimes + @Guardian. Shy #LUFC fan. I write a newsletter on content moderation 👇🏽,2010-10-26 23:05:15,5499,2730,13126,True,2020-08-12 08:22:21,"Back in April, @citylab readers were asked to create a map to express how their world had changed during #covid19.… https://t.co/T8uiUEfZdL",['covid19'],Twitter Web App,False
michael fogarty,Rossendale,Arte et Labore for life #Rovers,2012-05-10 21:03:01,511,549,5076,False,2020-08-12 08:29:53,"@BorisJohnson @RishiSunak @MattHancock

G7 counties - 

Top of the excess death table

Top of the biggest recession… https://t.co/4yJQD5qTum",,Twitter for Android,False
WISH Qatar,"Doha, Qatar","‏‏‏‏A healthier world through global collaboration
مبادرة عالمية من أجل صحة أفضل",2013-07-29 07:38:15,4693,1299,1740,False,2020-08-12 08:31:16,"It is normal to feel sad, stressed, confused, scared or
angry during a crisis especially during #covid19
Talking to… https://t.co/JZAuxRpCiy",['covid19'],Twitter Web App,False
Marc C Johnson,"Oregon, USA","Political historian | My book ""Political Hell-Raiser"" is a finalist for The Spur Award for biography from @Western_Writers. Order at: https://t.co/5y90FZ3BBH",2012-04-05 15:44:09,1658,1144,12232,False,2020-08-12 08:51:11,We’re in the midst of a massive propaganda effort to try and convince Americans that what they are seeing with thei… https://t.co/7aZa7JlEit,,Twitter for iPhone,False
Ndidi Okezie🕊,My #TedTalk  ➡️,CEO @UKYouth ✨| Youth Development | System Leader #Advocate | #Commissioner | NED @CentrepointUK @NCS @MulberryTH & @TeachForAll | My Tweets | Eph3.14🙏🏾,2009-07-01 11:32:26,6361,845,2908,False,2020-08-12 08:58:15,Thanks @IainDale @LBC for having me. I spoke abt the critical need for a joined up National Strategy on the multifa… https://t.co/IPcWaPQoiZ,,Twitter for iPhone,False
SCI💡,London,"SCI is an international forum where science meets business on independent, impartial ground. https://t.co/E4yaEF6RlD & https://t.co/c6IkgPc7Lo",2009-10-28 12:09:28,3498,1969,5228,False,2020-08-12 08:58:44,"#WednesdayThoughts 💬

◾️The abaca tree, a relative of the banana, produces fibre that could help cut #covid19 plast… https://t.co/SpJS3PdXoC","['WednesdayThoughts', 'covid19']",Twitter Web App,False
👨🏻‍💻,,Leans right | Speak freely 🗣️ | l,2017-09-10 09:24:51,36,88,3420,False,2020-08-12 09:08:15,Haters could learn a lot from this. #COVID19 https://t.co/ryH8YTnq8M @BillyTeKahika,['COVID19'],Twitter for Android,False
Steve A Morris,"Woodstock, GA","Systems Engineer,
Man Made Climate Skeptic,
Rational Optimist,
AntiFragile,
Identify as Human",2009-08-13 14:55:22,717,900,12266,False,2020-08-12 09:19:04,"First it is important to understand that the #COVID19 virus does not kill you, your body's overreacting response (a… https://t.co/0nxOdbmFlL",['COVID19'],Twitter Web App,False
Dr.med. Bernd Kynast,"Milky way,  I can see aliens !","Medical Oncology, Molecular Genetics, Medical & Business Consultancy, Commander (Navy, Reserve)  #Instagram DrKynast-stop  no WhatsApp+Facebook #Passion4America",2016-09-07 02:03:23,3273,3888,18307,False,2020-08-12 09:20:53,#Atomicbombs &amp; #covid19  #shelters can be easily cracked by #microm based #concrete &amp; #steel eating  in combination… https://t.co/lYgWcgurz5,"['Atomicbombs', 'covid19', 'shelters', 'microm', 'concrete', 'steel']",Twitter Web App,False
NETRALNEWS,"Jakarta Capital Region, Indone","Akun Resmi https://t.co/9YQ7Wv9dd8
Cermin Bangsa",2016-02-12 12:00:28,1507,164,224,False,2020-08-12 09:21:02,"Social Affairs Minister: Remote Indigenous Communities Can Receive Social Aid.

#Indonesia #MinistryofSocialAffairs… https://t.co/baKCLxdFRO","['Indonesia', 'MinistryofSocialAffairs']",Twitter for Android,False
ShelfLife.ie,Dublin,Largest independently audited grocery FMCG trade circulation in Ireland,2010-06-11 16:43:27,5392,2394,12268,False,2020-08-12 09:23:16,One in five Irish SMEs fear their future is at risk due to Covid-19 https://t.co/1SRhECDwnU #covid19 #SMEs #visa #commerce #digitisation,"['covid19', 'SMEs', 'visa', 'commerce', 'digitisation']",Twitter Web App,False
National Herald,"New Delhi, India","National Herald—founded in 1938 by Jawaharlal Nehru—is a news website and weekly newspaper with a focus on people, governance and current affairs",2014-06-27 05:46:24,99708,315,333,True,2020-08-12 09:24:50,"As per police records, every day 5 #suicide deaths are being reported in #Jharkhand for one reason or the other dur… https://t.co/zVL1Klah4E","['suicide', 'Jharkhand']",National Herald,False
Mirco,"Valencia, España","PhD student in #archaeology (#archaeometry with @ArchaeChemis), liberalsocialist, oblomovist, decent cook, fond of #cinema, etc...",2012-02-15 14:31:16,444,556,2797,False,2020-08-12 09:28:01,One day in Bradford is enough to understand why #UK is such a disaster from the point of view of #COVID19 spreading.,"['UK', 'COVID19']",Twitter Web App,False
CSPPS,"Den Haag, Nederland",Civil Society Platform for Peacebuilding and Statebuilding (CSPPS) - IDPS CSO Secretariat @Cordaid,2013-04-13 20:34:32,1654,702,1163,False,2020-08-12 09:29:35,"Today is #InternationalYouthDay, a day to recognise &amp; celebrate the key role of #youth as game-changers.

Young peo… https://t.co/IiNqXKeYqZ","['InternationalYouthDay', 'youth']",Twitter Web App,False
Blue Door Property Guardians,"London, England","We offer zero-cost vacant property security with live-in guardians.
02078594213 / admin@bluedoorpropertyguardians.co.uk",2018-06-08 12:37:58,177,353,136,False,2020-08-12 09:30:30,These are surreal times. That seems the only thing that we can say for sure about the #COVID19 landscape. If you’ve… https://t.co/cyKxNQQJZR,['COVID19'],Hootsuite Inc.,False
"David Butcher: Pop of SPRINGFIELD, MO - Dead",California Bay Area,"Mad Scientist, Inventor, Solar and Pedal Power Fanatic. I really do pedal-power my battery powered devices. Follow me and believe. #WearADamnMask #WashYourHands",2009-02-15 00:38:14,723,812,84904,False,2020-08-12 09:34:05,A sure sign that all that #COVID19 money you are borrowing from the Treasury is not going to the people who need it. https://t.co/85X9fwUthK,['COVID19'],Twitter Web App,False
Doctor Roshan R 🌍,India,"Anaesthesiologist  (Human painkiller) ¦¦ 
Winner #TOIWriteIndia - S01 & 02 ¦¦ Finding #HeroesOfKindness across the world",2009-04-09 18:57:26,11430,1979,38248,True,2020-08-12 09:34:28,"What an amazing story.

The patient, a doctor himself suffering from #covid19 and struggling to breathe inside the… https://t.co/hwS7ACAqvd",['covid19'],Twitter for Android,False
MEED,UAE,"Middle East Business Intelligence - news, analysis, tenders, contracts, projects, data, insight and events from MEED.",2009-02-18 13:14:02,10745,407,429,False,2020-08-12 09:40:05,UAE CONSTRUCTION AFTER COVID-19 is the eleventh #report from the @meeddubai @MashreqTweets #Construction… https://t.co/Ue69e7ixUD,"['report', 'Construction']",Twitter Web App,False
Agenparl,Roma,"Agenzia nazionale di informazione politica, economica e sociale.        Direttore responsabile Dr. Luigi Camilloni",2010-07-19 08:38:21,6055,2293,0,False,2020-08-13 06:44:48,#Rabobank Posts Net #Result of EUR 227 million for First Half-Year 2020 - https://t.co/VlZbr7xiPh #Coronavirus… https://t.co/tRnM5lOren,"['Rabobank', 'Result', 'Coronavirus']",Agenparl,False
Dr. Andrea C. Simonelli,"RVA, AUS, & Islands Everywhere","PhD. Founder @ASI_Climate. Research on Climate, Displacement, Governance & Policy. Human Security AsstProf @VCU; Scifi Nerd and Globetrotter. Tweets=mine.",2008-12-30 02:15:48,1103,995,14562,False,2020-08-13 06:45:23,"The future is now. Living in 120° heat for several days straight w/o air con is terrible for your body. 

Building… https://t.co/Dv5ICTtaUt",,Twitter for Android,False
Integral Overview,Israel ישראל,"Researches and learns the wisdom of connection, Examination of various issues from the world in aspect of integral laws of nature.
סקירה עולמית אינטגרלית",2017-09-22 13:52:37,531,543,6283,False,2020-08-13 06:49:04,Humanity has not yet entered into a transition from an egoistic conception to an integral conception. Nature is jus… https://t.co/YzjaaaewyI,,Twitter Web App,False
WFP MENA,Middle East and North Africa,The United Nations World Food Programme is the largest humanitarian agency fighting hunger worldwide. Follow us for news from the Middle East and North Africa.,2014-02-16 13:09:57,16942,336,2129,True,2020-08-13 07:31:21,"This is Yemen.

It has been devastated by floods.

Yet more hardship for families already enduring conflict, econom… https://t.co/RYG3v7gRp3",,Twitter Web App,False
Petr Lupač,"Straz nad Nisou, Czech Republi","Assistant Prof. at the Department of Sociology, @FF_CUNI ; #sociological theory - #internet research - #digitaldivide - current transformations",2013-10-11 12:13:26,177,235,3820,False,2020-08-13 07:32:50,Twitter changes in #COVID19 times https://t.co/ue4RrehQoZ    ... and a map for @simongerman600,['COVID19'],Twitter Web App,False
ScottWork,United Kingdom,I am a Customer Service coach working for Southern Railway,2020-01-15 12:05:30,0,14,11,False,2020-08-13 07:38:25,"On my way down to #gatwicktrainstation to see staff before we do observations with them in the coming weeks, nice t… https://t.co/MUVU2fsD0O",['gatwicktrainstation'],Twitter Web App,False
Shane Woodford,"Faaborg, Denmark","Freelance journalist in the EU. Formerly News Director and Talk Show host @RadioNLNews, former journo @CKNW, and @CBCVancouver. Email: shanewoodford@hotmail.com",2010-08-03 05:31:34,13003,2682,1755,False,2020-08-13 07:41:53,"In the #USA #Florida, #Arizona, and #Georgia all saw significant increases in daily #COVID19 deaths yesterday and i… https://t.co/qscpvW74Ib","['USA', 'Florida', 'Arizona', 'Georgia', 'COVID19']",Twitter for iPad,False
Zee News English,India,"https://t.co/L9XS391Ajy brings latest news with 360 degree coverage across all the genres including politics, sports, entertainment, etc | For hindi visit @zeenews",2008-12-12 06:01:55,5231805,49,2,True,2020-08-13 07:44:07,"Chicken imported from Brazil tests positive for coronavirus, says China
#COVID19 #coronavirus 

https://t.co/fEHyyGJdkI","['COVID19', 'coronavirus']",Twitter Web App,False
Millî Gazete (ENG),"İstanbul, Türkiye",Official Twitter Account of Milli Gazete English,2016-09-03 11:50:03,1193,0,0,False,2020-08-13 07:50:13,"📰Today's headlines | Turkey’s death toll from coronavirus rises to 5,891

🔗https://t.co/mS2GjX4xer #Turkey #COVID19 https://t.co/o4FhmEdt4e","['Turkey', 'COVID19']",Twitter Web App,False
welfare.ie,Ireland,Official Twitter account of the Department of Employment Affairs and Social Protection. Online and sharing information each weekday from 9am to 5pm.,2010-09-02 15:55:21,20105,558,3853,True,2020-08-13 07:58:00,"Our #Covid19 Income Support Helpline is open today from 9am-5pm: 1890-800-024

Our Intreo Centres are open today fr… https://t.co/9Gy5sCK3oh",['Covid19'],Twitter Web App,False
GlobalPandemic.NET,WORLDWIDE,Breaking News & Critical Information to SURVIVE the Coronavirus Outbreak / Civil Unrest,2010-07-13 21:58:05,26095,25317,2,False,2020-08-13 08:00:16,"ALERT: China says chicken wings from Brazil tested positive for
coronavirus - Global Pandemic News | #Coronavirus… https://t.co/CYfhT5E6gg",['Coronavirus'],GlobalPandemic.NET,False
MrsChaluwa,,#Wife. #SuperMom. #KingOfBoys. #Health. #Nutrition. #FitFamGeng. #DIY. #JesusJunkie. #MusicLover. #MommyChronicles #DiaryOfALagosMom,2020-03-12 16:06:30,3,47,105,False,2020-08-13 08:00:31,"Don't lean in so close when you want to speak to me.
And without your mask on, for that matter...
I'm not deaf now.… https://t.co/RUJDmPECR4",,Twitter for Android,False
Hua Chunying 华春莹,中国，北京 Beijing PRC,"Foreign Ministry Spokesperson
Director General, Department of Information, MFA PRC
Get to know us more @MFA_China
YouTube https://t.co/owWGn7pWzE
Facebook https://t.co/Mkd9zD52cs",2019-10-14 10:56:54,620975,151,0,True,2020-08-13 08:11:22,China's #Fauci Dr. Zhong Nanshan was awarded Medal of the Republic for his outstanding contributions to China's fig… https://t.co/BGTluWZKAz,['Fauci'],Twitter Web App,False
@SAgovnews,,Official South African Government news agency. Live tweets and links to news stories. For queries contact sanews@gcis.gov.za,2010-03-08 19:57:16,277705,372,2275,True,2020-08-13 08:29:19,Makhura: #COVID19 pandemic in Gauteng is entering a new period. We are still going through the storm of COVID. We a… https://t.co/diaf13ghX4,['COVID19'],Twitter for iPhone,False
Office for National Statistics (ONS),UK,The UK's largest independent producer of official statistics and the recognised national statistical institute of the UK. Contact info https://t.co/kGxjF7A9PN,2010-11-24 12:16:24,310326,1001,2791,True,2020-08-13 08:35:36,"While #COVID19 deaths were more common in highly polluted areas early in the pandemic, this trend decreased as the… https://t.co/XvbdGOH2U6",['COVID19'],Twitter Web App,False
CapricornFM News,@CapricornFMNews,015 590 0900,2013-06-04 09:30:52,36623,372,622,True,2020-08-13 08:46:10,#COVID19 Some pre-school and crèche owners in Polokwane have expressed their frustrations to Capricorn FM News abou… https://t.co/Br7qFBYTXr,['COVID19'],Twitter Web App,False
ScienceOpen,"Berlin, Boston, Budapest",Make science open! ScienceOpen is a free professional networking platform specialising in research discovery and impact. (Image: Brookhaven National Lab CCBYNC),2013-03-06 15:50:00,16452,4745,14864,False,2020-08-13 08:47:26,"From the #OpenAccess journal @clinical_social, a new article regarding the current Health #Crisis: 'Health Economic… https://t.co/g6TJx1bN1c","['OpenAccess', 'Crisis']",Twitter Web App,False
trambellir.com,,Online Booking Platform for Medical Tourism. Based in KL. Managed by Japanese & Malaysian team. Medical tourism can be more casual and easier for travelers.,2019-06-12 09:45:14,15,35,15,False,2020-08-13 09:02:08,"#COVID19 Test | Now in Tokyo!😌

If you're looking for an easy-accessible clinic for COVID-19 checkup in #Tokyo, our… https://t.co/MP4N3Hswbq","['COVID19', 'Tokyo']",Twitter Web App,False
ParasNsui,,,2020-03-31 14:22:39,6,9,692,False,2020-08-13 09:15:05,"All schools/colleges are closed due to #Covid19 &amp; classes are being conducted online, so these smartphones will be… https://t.co/RW7uvpqYCU",['Covid19'],Twitter for Android,False
Barack Obama Europe,"Berlin, Chicago",Diese Site ist für #Fans und #Unterstützer von @BarackObama #BarackObama #Obama in #Europa https://t.co/F4HNScbEyT,2012-03-14 15:53:40,677,5001,23691,False,2020-08-13 09:21:25,#Pandemics and #challenges of #sustainingpeace - #SecurityCouncil (12 August 2020)  https://t.co/XjpIKk6ksu via… https://t.co/NkPU6vdjP0,"['Pandemics', 'challenges', 'sustainingpeace', 'SecurityCouncil']",Twitter Web App,False
Klimaschutz kann nur von der Basis aus wachsen,"Berlin, Deutschland","Lokales Handeln zeigt den Weg auf — Sei Teil der Bewegung zum Ausstieg aus Kohle, Öl und Gas und zum Aufbau einer Bürger-Energiewende hin zu 100 % Erneuerbaren.",2010-12-31 15:34:45,1463,5094,23179,False,2020-08-13 09:22:12,#Pandemics and #challenges of #sustainingpeace - #SecurityCouncil (12 August 2020)  https://t.co/ctJTfTyZdw via… https://t.co/j8V1Jnd9iS,"['Pandemics', 'challenges', 'sustainingpeace', 'SecurityCouncil']",Twitter Web App,False
PresidentWynne,,"Former lefty. I value Republican ideals, but don't think Republicans live up to them. I want to run for President 2024, addressing automation and base equality.",2020-06-29 06:54:07,1,10,111,False,2020-08-13 09:25:20,"Fast food places with plastic guards in the wi der that eveyone ducks under and reaches through like 

Literally no… https://t.co/cPPKvBG2fJ",,Twitter for Android,False
Versus the Crowd,,Safe haven of ideas. Celebrate our ability to think freely and learn from mistakes. Fight through dialogue and education. Embrace criticism. Nourish the mind.,2020-07-29 08:43:01,4,4,3,False,2020-08-13 09:31:03,Education kills terrorism. Never underestimate the power of education #malala #msm #covid19 https://t.co/MCCYb7ORwD,"['malala', 'msm', 'covid19']",Twitter Web App,False
Richard M - Bastille awaits!,"England, United Kingdom",Dual Nederlands/Kiwi citizen living in little  england. Pro EU & apparently the Enemy. Also a guitarist & mild eccentric. Wife is a shrink...,2010-07-03 17:31:29,6871,6995,15233,False,2020-08-13 09:36:12,The answer to #COVID19 https://t.co/i8CDtLFN1A,['COVID19'],Twitter for Android,False
The Lancet,"London, New York, Beijing","Welcome to The Lancet on Twitter. Keep in touch with The Lancet, one of the world's leading general medical journals, published weekly since 1823 #FutureChild",2009-03-27 14:24:45,570731,281,4072,True,2020-08-13 09:38:00,Editor's Pick on The Lancet's #COVID19 Resource Centre—A Comment @TheLancetInfDis from Anita E Heywood &amp; C Raina Ma… https://t.co/V63IHy3xVI,['COVID19'],HubSpot,False
Papa Ola Lokahi,Ka Pae ‘Āina o Hawai‘i ,Native Hawaiian Health Board,2016-09-17 01:43:17,290,510,1004,False,2020-08-13 09:57:11,"A new interview with @PHIdotorg's Dr. Marta Induni, of PHI's Tracing Health initiative, explores how… https://t.co/g6MNWce5KV",,Twitter Web App,False
Kofi Bartels,Global,Award-Winning Broadcast Journalist• Public Affairs/Strategic Comms Consultant•Public Speaker• #YMedia100• RT's # my views/endorsemnent• mediaedge.mail@gmail.com,2011-11-17 15:51:53,32773,5579,4865,True,2020-08-13 10:02:20,"No enforcement of social distancing, hand washing/sanitizing, mask wearing, marked queuing and other #Covid19 proto… https://t.co/NdUa28NTbL",['Covid19'],Twitter for iPhone,False
WHO South-East Asia,"New Delhi, India",World Health Organization Regional Office for South-East Asia (SEARO) Country accounts: @WHOIndonesia @WHOMaldives @WHOThailand @WHOTimorLeste @WHOSriLanka,2013-06-25 14:57:19,104104,743,2980,True,2020-08-13 10:02:35,"Each of us can stop the spread of #COVID19. Avoid the 3Cs. 👇
 
 🛗 closed spaces with poor ventilation
🏟️crowded pla… https://t.co/pvxUPKYOQs",['COVID19'],Twitter Web App,False
Michelle Choi,"Houston, TX","Reporter for @khou - catch my reports 4:30-7 a.m. and noon Mon-Fri. Houston native, storyteller, work in progress yogi, and passionate foodie",2011-07-16 16:29:30,3436,439,1977,True,2020-08-13 10:13:14,As more kids head #backtoschool - Harris County is strongly encouraging districts to delay reopening in-person lear… https://t.co/woyXkjRt3F,['backtoschool'],Twitter Web App,False
Keysoft Traffic,Alcester,We design intuitive software allowing designers to create the safest and best possible environments. Keysoft Solutions – A Transoft Solutions Company,2013-03-01 14:38:30,228,89,16,False,2020-08-13 10:23:09,"Traffic levels continue to grow https://t.co/WO0wUxxjum
#traffic #COVID19 #highwaysnews https://t.co/hJBq80z7u4","['traffic', 'COVID19', 'highwaysnews']",Twitter Web App,False
@SAgovnews,,Official South African Government news agency. Live tweets and links to news stories. For queries contact sanews@gcis.gov.za,2010-03-08 19:57:16,277704,372,2275,True,2020-08-13 10:24:24,Makhura: Our resources need to be directed to saving lives and Covid but also post-Covid to have a better improved… https://t.co/grpPbCakao,,Twitter for iPhone,False
Xinyu S. Pan,New York City,ENFJ | PhD student. Cog Sci @TeachersCollege | Instructional coach | Former teacher & program director @NYCSchools | Full-time dog mom | Part-time artist |,2019-10-30 22:07:07,115,299,301,False,2020-08-13 10:24:37,“Many possible explanations for why the pandemic is impacting women more than men in science. But particularly comp… https://t.co/XcPwH5vqr3,,Twitter for iPhone,False
GautengGov,"Johannesburg, South Africa",Working hard each day to improve the lives of citizens of South Africa's economic hub and beyond,2011-07-13 16:00:41,219321,3115,8035,True,2020-08-13 10:25:42,"#COVID19 | #Makhura In keeping with our commitment to transparency and accountability, the @GautengTreasury will pu… https://t.co/wKVPY1LKIu","['COVID19', 'Makhura']",Twitter for iPhone,False
Siobhán,Dublin,"Love golf, reading & all watersports. Wellness Advocate DoTerra https://t.co/t50Am7ZQCN",2007-08-05 13:42:43,4071,1663,615,False,2020-08-13 10:26:35,@philipnolan1 Tbh Philip I’m sickened to the pit of my stomach by those profiting from #COVID19 Their day will come,['COVID19'],Twitter for iPhone,False
Susan Says VOTE for Biden/Harris Becraft,"Mount Lebanon, PA","#RESIST Trump must go. VOTE! Steelers, dogs, books, politics are my passion. Mount Holyoke College. Chemist.",2011-03-02 10:09:57,2357,3696,53058,False,2020-08-13 10:28:35,@tiger150 @THEHermanCain I wonder if Herman has #COVID19 post-mortem. &lt;I just slapped my hand&gt;.,['COVID19'],Twitter for iPad,False
BioTechniques,"London, England","BioTechniques is an #openaccess journal and website, providing the latest news and #research in #lifescience methods 🔬🧪 | Est. 1983 | https://t.co/h1WKdqoLMf",2009-02-18 01:23:29,10826,1904,2260,False,2020-08-13 10:30:00,"The @DHSCgovuk has partnered with @nanopore
 to make use of their novel LamPORE test in a bid to manage and contain new #COVID19 cases.",['COVID19'],Twitter for Advertisers,False
Covid Data,,Posting Covid-19 data from web sources,2020-04-05 14:41:28,54,14,0,False,2020-08-13 10:30:22,New COVID-19 Data at 2020-08-13 06:30:01 am EDT #Coronavirus #COVID19 https://t.co/iPR5N7wL74,"['Coronavirus', 'COVID19']",coronaData_Test,False
GENOCIDE IN SOUTHERN KD,"Lagos, nigeria","simple me, a son, husband, father, brother, friend and colleague. love the truth but hate cheats. (PDP blood group).08096905238",2012-04-11 21:52:03,163,427,3271,False,2020-08-13 10:34:01,"@APCNigeria is more of pandemic to Nigeria than #COVID19 @PDPVanguard
@OfficialPDPNig
#Pandemicgovt","['COVID19', 'Pandemicgovt']",Twitter for Android,False
Rommel Villegas,Pasay City,"Social media influencer. Kapusong Totoo. Movie critic. Horror/thriller/suspense aficionado. Sapiosexual. O.C. CTTO for all news articles, shared only FYI.",2009-07-22 08:36:02,553,95,8684,False,2020-08-13 10:34:35,"The worldwide total recoveries from #COVID19 numbers at 13,719,780 as of August 13, 2020 4:15 PM PhST
The recoverie… https://t.co/ahRbd214UX",['COVID19'],Twitter Web App,False
SmartFlight,Worldwide,"#Scicomm. Travel Wellness, Travel Health, Medical Tourism, Global Health & Aerospace Medicine. Twitts are not medical advice.",2014-10-15 17:59:04,2252,3953,3667,False,2020-08-13 10:38:58,"India’s Virus Death Toll Becomes the World’s Fourth Largest, Topping U.K.
#coronavirus #pandemic #COVID19
https://t.co/2zpBjKNn64","['coronavirus', 'pandemic', 'COVID19']",Twitter for iPhone,False
"uché blackstock, md",Occupied Lenape Land ,"founder & ceo, advancing health equity • @yahoonews medical contributor • speaking rep: @ccmntspeakers • media rep: @cse_TraciWilkes • IG: @ucheblackstockmd",2012-09-03 18:21:17,56811,4198,66974,True,2020-08-14 01:17:22,"People are still in my mentions asking *why*  Black, Latino and Indigenous people are being infected and dying disp… https://t.co/0PohHaFdXQ",,Twitter Web App,False
"Caitlin S., Masked PhD😷",OH➡NJ➡️NYC➡️AZ➡️DC and MD,"Senior #SciComm Specialist, basic biomedical research org | evolutionary anthro MA&PhD | novice script writer | #celiac | #scipol | 🐶🐈 #rescue | Personal acct",2011-02-05 04:56:19,6830,2754,156133,False,2020-08-14 01:18:12,"I have five nephews. 
I have five nephews going #BackToSchool soon.
I have a brother who is a teacher.
I have a bro… https://t.co/AVya03ntT2",['BackToSchool'],Twitter for iPad,False
TAC 🌊 TogetherAsEverAsOne 🌊 #VoteBidenHarris2020,Earth - #SaveThePlanet,"🌊 #Resistance 🌎 #ClimateChange
😂 Loves Humor 🦁 #PETA
🚫 NO LISTS🎗#BLM
💕💕💕BE KIND💕💕💕
Followed by Scott Dworkin,
Jeffrey Guterman, Glenn Kirschner",2010-05-11 03:43:04,9919,9901,7671,False,2020-08-14 01:21:22,".
#GOP is owned by the #IdiotInChief, the #ImpeachedForever, the #IMPOTUS!

I wonder how much $ would have gone to… https://t.co/qvRSKezOeU","['GOP', 'IdiotInChief', 'ImpeachedForever', 'IMPOTUS']",Twitter Web App,False
Grimpeur Bros Specialty Coffee,,Grimpeur Bros. Specialty Coffee is an online retailer selling some of the best single origin & espresso coffee available. Ride your bike. Drink great coffee.,2012-06-04 19:17:06,1930,2948,94360,False,2020-08-14 02:14:16,".@GregAbbott_TX @GovAbbott: Public Safety? More than 9,289 Texans are DEAD in 5 months directly due to your failed… https://t.co/DhAvEl89ap",,Twitter for iPhone,False
World Bank MENA,United States,"Welcome to the official World Bank Middle East & North Africa Twitter feed. Sharing the latest news about development in the region in English, Arabic, & French",2014-02-04 00:25:32,31212,706,1680,True,2020-08-14 02:15:08,"Improving broadband services in #MENA countries is impeded by: 

1) Inability of telecom operators to continue busi… https://t.co/7Vae7KPYgJ",['MENA'],Hootsuite Inc.,False
Mr T 2,Colorado,"Small Government advocate, #copolitics, Big Government=corruption, #NRA, #2A, Conservative, My Tweets=my personal opinions, RT may not be endorsement",2012-11-09 20:27:45,18101,18248,63013,False,2020-08-14 02:22:20,#covid19 cases increased faster in Denver than in Weld County from 5/6 to 8/13 despite the mandatory mask requireme… https://t.co/9KdnHEHKN3,['covid19'],Twitter for iPhone,False
𝘈𝘭𝘦𝘹 𝘔𝘤𝘓𝘢𝘳𝘦𝘯,Sydney - Australia,Curious about health reform.,2009-05-03 06:49:35,741,136,381,False,2020-08-14 02:26:54,No health system was adequately prepared for a pandemic. #COVID19 highlighting pain points e.g. Aged Care sector… https://t.co/3v0S5N2vTI,['COVID19'],Twitter Web App,False
Captain Pineapple,,Recently promoted from from the rank of Commander,2013-07-30 04:02:23,18,48,423,False,2020-08-14 02:29:30,"My wife said ""I don't like going out in public now"" and I said ""you usually avoid it like the plague"" without think… https://t.co/880hn5Kdz7",,Twitter for Android,False
SueDinNY,Beautiful Central New York,Conservative with a hint of libertarian.  I'm truly a #Deplorable. #MAGA TRUMP IN 2020,2008-08-09 17:27:58,3836,5001,2881,False,2020-08-14 02:36:28,"The #FDA is not about the American public welfare, it's about the money. #Hydroxycholoroquine has been shown to mak… https://t.co/2hj80ldDTZ","['FDA', 'Hydroxycholoroquine']",Twitter Web App,False
KimBergie,,Pharmacologist • filmmaker • writer • artist ~ ❤️ 🐈🐕/horror films/#TWD/⛳️/80s/🎸/#GBR/#ALLCAPS/#RAIDERS •The views and information presented here are mine.•,2009-03-07 14:12:47,1220,1127,25382,False,2020-08-14 02:48:14,"“May we never forget that behind every coronavirus statistic there is unquantifiable human suffering.”

#COVID19… https://t.co/t6JZy2qA8z",['COVID19'],Twitter for iPhone,False
Maritime Executive,"Fort Lauderdale, Florida",The Maritime Executive publishes the world's premier business journal and most widely read digital newsletter that serve the maritime and offshore industries.,2009-03-18 17:50:13,49855,5764,135,False,2020-08-14 02:53:50,BPA Objects to New Quarantine Rule for Cross-Channel Ferry Passengers https://t.co/AWjRs6ivAL #ports #bpa… https://t.co/1ZVRiCuOwK,"['ports', 'bpa']",Twitter Web App,False
Paul Taylor,Toronto,"Patient Navigation Advisor at Sunnybrook Health Sciences Centre. Focused on #Health, #Science as well as Space.",2012-07-30 13:50:56,3860,362,16029,False,2020-08-14 02:54:49,'Collateral damage” from #COVID19 — Doctors worry patients diagnosed with more advanced #cancers because of delays.… https://t.co/Y6bYNlFqqF,"['COVID19', 'cancers']",Twitter for iPhone,False
Binita Shrivastava,"Dubai, UAE","Former Beauty Queen Binita Shrivastava, Founder & National Director of VG MRS INDIA™ Beauty Pageant",2017-05-08 19:51:50,20,32,199,False,2020-08-14 03:11:01,"Are you following the #NewNormal during the #Covid19 pandemic? 

If not, here is a quick reminder to:
1)  Maintain… https://t.co/d5RU23DsRT","['NewNormal', 'Covid19']",Twitter for Android,False
Anup Soans,Bangalore,MedicinMan @ https://t.co/23c4jdZV2e,2008-08-20 07:32:56,6962,1989,27072,False,2020-08-14 03:38:47,"Long before #COVID19, Hinduja Hospital was an early adopter of remote care models.

Back in 2006, it launched Care@… https://t.co/tWI9VnQA81",['COVID19'],Twitter Web App,False
x- Not Pucking Around,"Texas, USA","This world sucks! always has, always will. We all will die. Do you want to be with our Creator or Lucifer who is allowed this havoc to take place by God?",2010-08-17 18:11:09,62,495,2015,False,2020-08-14 03:52:53,@YouTubeTV WTF??? ... dropped you when sports went away because of #COVID19 paying $49.99. Now to restart you want… https://t.co/N8m8jggz8o,['COVID19'],Twitter for iPhone,False
AIR News Guwahati,"Guwahati, India","Official account of Regional News Unit Guwahati, All India Radio News",2016-12-06 11:31:25,14130,123,3709,True,2020-08-14 04:04:18,"📻Regional Assamese Morning News 
🕘0900 Hours 🗓️14/08/2020, #Covid19

শুনক, #Covid19 সম্পৰ্কীয় সকলো গুৰুত্বপূৰ্ণ ক… https://t.co/8iSCLO8Ic5","['Covid19', 'Covid19']",Twitter for Android,False
Freedom Sports and Entertainment,"Rochester, NY","Mark Washo #sportsbiz & FSE agency feed @soccerwasho for soccer, 28 years in sports biz.,Author Break Into Sports Through Ticket Sales/Professor Georgetown SIM",2009-03-29 17:41:11,1520,1816,2340,False,2020-08-14 04:05:37,#sportsbiz Freedom Sports Biz Now produced show - we check in with Dan Mason GM of @RocRedWings a few months back d… https://t.co/xfnXdd2eCS,['sportsbiz'],Twitter for iPhone,False
ET Panache,"New Delhi, India","Follow @ETPanache for the latest on #fashion, #tech, #celebrities, #healthyliving, #lifelessons, #entertainment & more! A Times Internet Product",2009-04-29 09:31:57,32452,99,170,True,2020-08-14 04:30:00,"Atul Rai, CEO of @staqutech, says his mobile phone comes ‘next to oxygen’ in order of priority. #Covid19… https://t.co/cnRJjckYOq",['Covid19'],TweetDeck,False
Congressman Lacy Clay,"Washington, DC","Missouri’s Senior Democrat in Congress, proudly representing Missouri’s 1st Congressional District, City of St. Louis, portions of Saint Louis County",2020-03-20 20:07:11,50,215,72,False,2020-08-14 04:49:32,#DoYourJobMitch call the US Senate back into session and pass the #HEROESActNOW #FamiliesFirst #EssentialWorkers… https://t.co/XmR22sdmxS,"['DoYourJobMitch', 'HEROESActNOW', 'FamiliesFirst', 'EssentialWorkers']",Twitter for iPad,False
GlobalPunjabTV,,"A premium Punjabi channel which is “Fair and Fearless” that aspires to serve the Punjabi community with rich content from news, entertainment and community.",2013-04-04 03:59:20,666,19,4,False,2020-08-14 05:01:25,"With over 64K new cases COVID-19 tally in India cross 24 Lakh-mark

#CoronaVirusUpdates #IndiaFightsCorona #24Lakh… https://t.co/M8BnzIXQ19","['CoronaVirusUpdates', 'IndiaFightsCorona', '24Lakh']",Twitter Web App,False
"Mark K. Chee, Ph.D.","Tennessee, USA","#Biology #professor; #Dukie; #microbiology, #epidemiology, #entomology; #history #science #colonialism #war; #geek; #conscript; #wintersport. My personal feed.",2016-09-24 18:49:43,108,119,773,False,2020-08-14 05:03:45,"https://t.co/R0c6J0IhER

Examining the case of #Sweden during the #COVID19 #pandemic.","['Sweden', 'COVID19', 'pandemic']",Twitter Web App,False
Dotcat,,"#NewFederalStateofChina
#Whistleblowermovement
#GTV.ORG 
#CCP_is_terrorist
#QMAP.PUB
#TRUMP2020
#MAGA #KAG",2019-06-02 18:50:35,257,552,2930,False,2020-08-14 05:09:14,#Covid19 is a lab modified virus based on some bat coronavirus called ZC45 and ZXC21 which discovered and owned by… https://t.co/ypsj5iIlgG,['Covid19'],Twitter Web App,False
ᴜᴅᴀʏᴀɴᴛ ᴛᴏʙʏ ᴍᴀʟʜᴏᴜᴛʀᴀ 🇮🇳,BLR/LON| Opinions Are Personal,"Entrepreneur, Inventor | Freedom, Egalité, Humanism, Environment | Loyally defends Family, Friends, Nation & Mother Earth | Zero Political Affiliation",2016-07-23 11:40:55,967,179,2024,False,2020-08-14 05:20:41,Yet another study has established that BCG (Bacille Calmette-Guerin) vaccine 𝘪𝘯𝘤𝘳𝘦𝘢𝘴𝘦𝘴 𝘵𝘩𝘦 𝘢𝘣𝘪𝘭𝘪𝘵𝘺 of the immune sy… https://t.co/XZHzG0DFw8,,Twitter for Android,False
Freddy Krueger,Hell ,You are all my children now! 🔥,2019-10-04 08:03:04,23,9,903,False,2020-08-14 05:30:51,"California coronavirus case count tops 600,000 #California #gavinnewsom #newsom #COVID19… https://t.co/I5VtoSytrw","['California', 'gavinnewsom', 'newsom', 'COVID19']",Twitter for Android,False
Mosesmagolego,"Kagiso, South Africa","When money & lifesaving ideas hang in the skies like clouds of rain they are driven by global crisis not personal gain,treat them like drops of rain,DON'T WASTE",2020-07-23 12:12:37,14,365,11,False,2020-08-14 05:34:47,@EricanSA WORLD OF IMAGINATIONS: Nations must encourage citizens to open bank accounts &amp; avoid walking around with… https://t.co/pBlwPSCt5F,,Twitter for Android,False
Dr. Thomas Wilckens,"München, Bayern","MD #PrecisionMedicine leader: Changing the way we diagnose, treat and eventually prevent disease #Innovation #Healthcare #Medicine #MachineLearning #AI #omics",2013-10-22 14:46:04,3627,3149,11315,False,2020-08-14 06:08:01,"... shortcomings   of   currently  available  testing   #coronavirus. What if, ALLl conventional tests (PCR &amp; Antib… https://t.co/CA63fz0C4K",['coronavirus'],Buffer,False
Coronavirus Updates Korea,,Realtime Covid-19 English Updates in Korea 영어 실시간 코로나 현황 업데이트,2020-02-27 09:25:18,747,4,1,False,2020-08-14 06:20:47,"(14/14)
+103 confirmed cases nationwide over past 24 hours (14,873 total).

#covid19korea #coronavirus #corona #covid19","['covid19korea', 'coronavirus', 'corona', 'covid19']",Twitter Web App,False
Rajesh Mohan🌈--PPE for FRONTLINE--,,"Psychiatrist @MaudsleyNHS 
Chair #Rehabilitation & Social Psychiatry Faculty 
@rcpsych Equality lead #BLM
#RehabPsych #BioPsychoSocial #Coproduction #MindBody",2017-03-16 07:35:25,9267,1888,73347,False,2020-08-14 06:21:23,"On the low recruitment of racial &amp; ethnic minorities into #COVID19 vaccine trials

Trust is a problem. With researc… https://t.co/QbGJyQfF3v",['COVID19'],Twitter Web App,False
IL CATTIVO,α Tau,Free Speech | Free Press | Human Rights Activism | Independent Journalism 🌐 #TeamAssange🎗#WikiLeaks 🌐 Telegram - https://t.co/adWaX9slMi,2018-03-24 03:15:24,889,1636,32181,False,2020-08-14 06:39:26,"#COVID19 🔸 SUPER THREAD

#NewNormal
#DnaNudge
#HealthPassport
#CovidPassTech
#COVAX

https://t.co/4WDjEi7rju","['COVID19', 'NewNormal', 'DnaNudge', 'HealthPassport', 'CovidPassTech', 'COVAX']",Twitter Web App,False
Marc Lewis,"Sandton, Johannesburg","Head of Sport at @Newzroom405.
@SportOn405 anchor. Instagram: MarcLewisZA",2009-12-21 03:23:38,12450,628,629,False,2020-08-14 06:57:43,"ICYMI [WATCH] Duane Vermeulen speaks to @Newzroom405 about the @BlueBullsRugby, @VodacomRugga and the impact… https://t.co/hjczfx0Ivi",,TweetDeck,False
Bridge Kenya,"Nairobi, Kenya","Bridge partners with governments, communities, teachers and parents to deliver evidence based quality education for primary and pre-primary school children.",2016-07-06 12:37:44,1845,242,450,False,2020-08-14 07:00:00,"It's a #FeelGoodFriday How are you staying safe at home?

Handwashing, social distancing and wearing a mask are the… https://t.co/ag4LT6ltOl",['FeelGoodFriday'],TweetDeck,False
Medical Detection Dogs,"Great Horwood, Milton Keynes, England",Helping the NHS save lives by training Bio Detection Dogs to detect diseases like cancer & Parkinson’s + Medical Alert Dogs for people with complex health needs,2009-12-24 21:19:15,30649,366,2074,False,2020-08-14 07:00:00,Belle has joined our #COVID19 project and started learning the system so she's ready to work on samples when they a… https://t.co/qCqjxxHhAB,['COVID19'],TweetDeck,False
The Guardian Nigeria,Nigeria,"An independent news source, with newspaper established in 1983 for the purpose of presenting balanced coverage of events and news. WhatsApp - +2348136370421",2009-07-16 12:24:36,1815126,453,2528,True,2020-08-14 07:00:36,Practice social distancing when picking up a copy of The Guardian at your local newsstand to read the… https://t.co/wgCTrkgQQI,,Echobox,False
TTEClife,Worldwide,"Our purpose drives us. Our values guide us. Our humanity connects us. Experience it for yourself! 
#ExperienceTTEC
#WeAreTTEC",2009-05-07 17:48:54,5848,390,963,False,2020-08-14 07:01:33,"How do you get the Most out of Distributed Workforces beyond the #COVID19 pandemic? Check out NeilRussell-Smith, He… https://t.co/lMTfDaB4pi",['COVID19'],Falcon Social Media Management ,False
MICROWAVE MEALZ,,,2020-01-23 09:48:54,3,24,5,False,2020-08-14 07:04:39,"#COVID19
0.5 COVID DEATHIS PER 1000
1 COVID DEATH PER 2000 PEOPLE IN USA
DEATH RATE IN USA PER 1000 IS ABOUT 8.8 FO… https://t.co/G5tjaw1tCy",['COVID19'],Twitter Web App,False
Career Building,"Sydney, Australia",We specialize in staffing and recruitment working with a large talent pool of key candidates.,2010-08-25 04:23:17,54,104,60,False,2020-08-14 07:06:23,"To all who now work from home, give yourselves a pat on the back. You are doing an amazing job! 👏

Have a great wee… https://t.co/C6EiQXdKt7",,Twitter Web App,False
Canada in Indonesia,"Jakarta, Indonesia",Embassy of Canada to Indonesia and Timor-Leste - Français : @AmbCanIndonesie - https://t.co/2BmxbbJ9zs,2014-07-15 14:49:30,3659,65,85,True,2020-08-14 07:09:30,Youth are agents of change to build a better future for their communities. 🇨🇦 is proud to support the work of… https://t.co/AKRF1z2NU8,,Twitter Web App,False
ABS-CBN News,"Manila, Philippines","Stories, video, and multimedia for Filipinos worldwide, from ABS-CBN News and Current Affairs, the Philippines' most trusted news organization.",2008-08-16 10:09:33,7040038,1070,1159,True,2020-08-14 07:15:00,DOH: Safeguards in place for time-based tagging of #COVID19 recoveries https://t.co/HfJZdwf0ww,['COVID19'],TweetDeck,False
Chartered College of Teaching,United Kingdom,Your professional body supporting teachers to provide world-class education. Together we will raise the status of the teaching profession.,2014-10-10 11:49:28,43620,7007,19105,False,2020-08-14 07:15:04,"Our #COVID19 report looked into the role of assessment in the #FutureOfTeaching. 

Find out more about what our mem… https://t.co/BeOKjJgkSE","['COVID19', 'FutureOfTeaching']",Hootsuite Inc.,False
I H,,,2019-12-03 21:23:25,1,0,0,False,2020-08-14 07:22:06,There’s no reason for @realDonaldTrump to fuel @USPS to handle the voting since it was local leaders like… https://t.co/w7hwRCiZ35,,Twitter for iPhone,False
CovidUpdate,,Update about #Coronavirus #COVIDー19,2020-03-14 22:56:05,118,55,17,False,2020-08-16 02:00:11,"🦠 Follow @CovidUpdateEU : Update around the World 🌍

🚑 Total cases: 21,601,847 (9248 since last update)
Cases close… https://t.co/mIRV2B4Mff",,eupdater,False
Jim Henson,"Austin, TX","Director, @TxPolProject at @UTAustin, co-director of UT/Texas Tribune Poll, a few decades in Austin, TX. Blog/webtext/more: https://t.co/YlLTvb8n24",2009-06-22 20:44:06,6200,3950,2952,False,2020-08-16 02:00:49,"77% of Texans said they thought it was unsafe to go to go to a bar or club in the @TxPolProject Poll.

More data po… https://t.co/p0CD7nIL0p",,TweetDeck,False
Jesse Miller,"British Columbia, Canada","I research & discuss how people converge with the internet, media & tech, & how that convergence creates events that make society interesting and/or problematic",2009-05-12 23:12:11,5881,3067,20715,False,2020-08-16 02:05:04,Based on my week I’m starting to believe that young people cared more about #Kony2012 than they do about #COVID19,"['Kony2012', 'COVID19']",Twitter for iPhone,False
Paulus.Ralimo,Free State Bloemfontein,"Entrepreneur,Politician,Soccer fan,I am the hybrid of my Ancestors. Link; https://t.co/kj3Je6XAy2. https://t.co/0dMFfHo2b6…",2019-04-26 13:21:50,173,910,4442,False,2020-08-16 03:15:42,@KNaomi_N Can we start Praying for each other 🙏. People are dying out there and mentally It’s affecting some of us… https://t.co/TGHXDUpNe5,,Twitter for Android,False
Jeff Miller 🇺🇸,"Washington, DC","Foreign politics, fmr @dclogcabin board, Masters alum of Tel Aviv University. Enlightenment Thatcherite. American from the Flint Hills🌾🌻 & a Luxembourger 🇱🇺",2009-05-05 19:25:35,825,3373,112466,False,2020-08-16 03:16:38,"Haha blunt, straightforward, and true. Will be good to have this candor and clear-mindedness in the Senate. Love Lu… https://t.co/IFx6AgVVx8",,Twitter for Android,False
Cathy Harris Norman,Blue Mountains NSW,I Tweet for my Old Age... think about it.,2009-03-23 01:36:29,891,1132,27216,False,2020-08-16 03:25:42,"Maybe an odd thing but the World being in the midsts of this egregious pandemic #COVID19, I am starting to feel hop… https://t.co/7Y02VdOKva",['COVID19'],Twitter Web App,False
Rick Ramirez,"Los Angeles, CA","Reader.Writer.Researcher: Science, Immunology, Microbiome, Vit D, Covid, Health & Fitness, Lifestyle Medicine advocate ¯\_(ツ)_/¯",2012-04-18 00:30:47,91,232,2215,False,2020-08-16 03:30:34,"1/ Please retweet to share
AMAZING LINEUP Aug 17th! 

Featuring international experts 
@SunetraGupta , @DrDavidKatz… https://t.co/OGrcbmm2MI",,Twitter for iPhone,False
Voice of Xiamen,,"The only official English portal site in Xiamen, Fujian, China. Follow us to find out what's new here!",2018-07-16 06:40:48,1188,2446,2220,False,2020-08-16 03:33:36,"#Xiamen reports one new imported #COVID19 case on Saturday, said the Xiamen Municipal Health Commission on Sunday m… https://t.co/eOuAoZt06I","['Xiamen', 'COVID19']",Twitter Web App,False
Jimmyjawbreakr,,from the hip!,2020-04-06 03:13:02,5,25,178,False,2020-08-16 03:44:18,"@NBCNews ""It is what it is""...right @realDonaldTrump  ? #Covid19",['Covid19'],Twitter for Android,False
Carrie Cahill Mulligan,"Canaan, New Hampshire","Park ranger turned fiber artist, out to change the world, one felt hat at a time.",2009-09-15 19:30:50,2124,4892,23196,False,2020-08-16 03:58:07,"With today’s 17 new #coronavirus cases, there have now been 6,980 cases of #COVID19 in New Hampshire to date:… https://t.co/Q7ngEAMS4z","['coronavirus', 'COVID19']",Twitter for iPhone,False
"Hansa Bhargava, MD","Atlanta, GA","Doc,speaker,journalist, host,Sr Med Director @WebMD Contributor @KTVU @fox5atl @AAP @medscape Pro-kids!#mentalhealth #balance #parenting- my thoughts only",2011-09-14 20:27:14,2784,1773,10248,False,2020-08-16 04:02:07,"Yet another stressor for parents as rates of stress, anxiety rise - the childcare burden. We’ve got to find solutio… https://t.co/y6rUZUfBTM",,Twitter for iPhone,False
ANI,India,"Asian News International. Multi-media news agency, content for information platforms: TV, Internet, broadband, newspapers, mobiles https://t.co/PjGRhL4qvg",2011-08-16 05:23:41,4648219,0,0,True,2020-08-16 04:03:00,"Spike of 63,489 cases and 944 deaths reported in India, in the last 24 hours.

The #COVID19 tally in the country ri… https://t.co/iny9CASf01",['COVID19'],Twitter Web App,False
Arun Mahesh Babu,Ahmedabad,"IAS, DDO Ahmedabad. Social entrepreneur.
Passionate footballer and equestrian sports lover.Believes in humanity above all.",2018-01-09 10:47:00,6308,174,559,False,2020-08-16 04:22:49,"Share the trail but practice safe Social distancing on it! 

#AhmedabadFightsCorona #Mask #COVID19 #Sundayvibes https://t.co/wQMTOrGQfd","['AhmedabadFightsCorona', 'Mask', 'COVID19', 'Sundayvibes']",Twitter Web App,False
Strain Asylum,Middle Earth (FL),Treat people the way you'd like to be treated ♥ Transgender ❤#ChrisColfer ♥ #TLOS #SBL #ZNation #KurtHummel #Saved! ♥ ☼ #SBL is inspiring ☼,2008-10-11 12:47:39,1830,1313,222981,False,2020-08-16 04:59:37,@ASlavitt @NathanGrubaugh @awyllie13 @VogelsChantal @robbysikka Thank you all for working on this oh-so-promising b… https://t.co/WGElF5ianc,,Twitter Web App,False
Exposing ICBC,British Columbia,Fighting @ICBC for the rights of British Columbians for access to fair legal representation + medical opinion for #personalinjury. @CivResTribunal #bcpoli,2019-03-21 01:33:54,319,1262,2857,False,2020-08-16 05:15:20,"Get ready for increased premiums... again. This is a smoke screen so when rates ""drop by 20%"" in May 2021, it feels… https://t.co/lkvI5KB6aE",,Twitter Web App,False
Muscat Daily,Oman,Muscat Daily is the largest-selling English daily in Oman. Follow us at https://t.co/7saURBdD1S…,2012-11-25 12:09:16,22665,89,130,False,2020-08-16 05:38:07,"How does contact tracing work? #COVID19 

Source: WHO https://t.co/9S77TYSZlQ",['COVID19'],Twitter for iPhone,False
Covid-19 Bot,,Tweeting stats about Covid-19. A @joe_scotto product.,2020-03-11 20:27:58,38,1,2,False,2020-08-16 05:41:03,"Cases: 21,460,392 (+693) 
Deaths: 771,074 (+11) 
Recovered: 13,447,588 (+1,746) 
Active Cases: 8,012,804 (37.34%)
C… https://t.co/i6rrMVPUmZ",,Covid-19 Bot,False
HMF_UK 🏴󠁧󠁢󠁳󠁣󠁴󠁿🏴󠁧󠁢󠁷󠁬󠁳󠁿🏴󠁧󠁢󠁥󠁮󠁧󠁿,United Kingdom,"Currently serving, RN son.Tweets/RT not endorsement. Old account locked. ignores DM. Sarcastic-outspoken. #GBmfg #UKmfg #supportUKmfg #999Family #thinblueline",2020-02-19 18:43:34,2020,4934,7469,False,2020-08-16 06:15:38,"Nail hit on head. #Hypocrisy
#BBCBreakfast #COVID19 https://t.co/DC3nIsjdBR","['Hypocrisy', 'BBCBreakfast', 'COVID19']",Twitter for Android,False
Kshitij Chandiok,New delhi,Gooner. Expedian. Above all - Indian! Views are personal. Retweets are not endorsements.,2010-06-05 05:23:09,134,508,642,False,2020-08-16 06:43:44,Independence Day ride with the boys! #JaiHind #IndependenceDay #India #Bharat #TriColour #Bicycle #Cycle #Cycling… https://t.co/t2DKRWZTUO,"['JaiHind', 'IndependenceDay', 'India', 'Bharat', 'TriColour', 'Bicycle', 'Cycle', 'Cycling']",Instagram,False
Shahwaiz,"Lahore, Pakistan",,2016-08-28 15:27:07,56,185,18,False,2020-08-16 06:59:05,This picture was uploaded yesterday by #UNESCO. Notice eyes n expression of Muslim women shown in the picture.… https://t.co/wV3q9tVRZw,['UNESCO'],Twitter for Android,False
Abhi.Ban,New Delhi,"Neither man nor angel can discern hypocrisy, the only evil that walks invisible except to God alone",2020-01-12 17:33:24,11,189,142,False,2020-08-16 07:00:20,#Unemployment let's talk about the unemployment rate in India right now it is the highest in the time of #COVID19 a… https://t.co/nm1SrfbYOa,"['Unemployment', 'COVID19']",Twitter Web App,False
Sefton Council,"Sefton, Merseyside","Sefton Council, in the Liverpool City Region. News and updates from across Sefton. Contact Centre currently open 8am-6pm Mon - Fri",2011-06-23 09:24:03,21529,6917,11005,True,2020-08-16 07:05:03,"Sefton's two walk-through #COVID19 sites, opposite Bootle Town Hall and at Southport Town Hall, are open 8am to 8pm… https://t.co/9tTnX9U2u7",['COVID19'],Hootsuite Inc.,False
Aimee Bisset,Dubai,"Photographer and environmentalist, Aussie here! Let's talk about what I'm passionate about. 📷 🍃",2020-06-10 21:44:26,899,1182,25,False,2020-08-16 07:15:42,"WANTED: Modern  day #hero for #4Humanity campaign,  this campaign is for the 3rd phase of #COVID19  vaccine from UA… https://t.co/dRCC5jIlXh","['hero', '4Humanity', 'COVID19']",Twitter Web App,False
Dazzler,"Salisbury, England",Statistician.,2020-07-07 08:06:19,13,84,149,False,2020-08-16 07:24:24,"Hmmmm....

There might be a second wave. Let’s decommission the Nightingale hospitals. 

🤔🤔🤔

@BorisJohnson #COVID19",['COVID19'],Twitter for iPhone,False
Alexandra Lyyli Ankrah,"Railway cuttings, East Cheam.","Human Rights & Responsibilities. Once upon a time practicing Barrister, now working in the NHS & social care family - my tweets are my own views...",2010-06-05 08:00:06,1508,2284,3008,False,2020-08-16 07:28:37,We will remember. The contribution of #Sikh peoples a tradition of bravery and sacrifice which continues today acro… https://t.co/cJ1hjPrgCp,['Sikh'],Twitter Web App,False
TheMorningStandard,"New Delhi, India",Delhi's newest daily from @NewIndianXpress' Madurai group.,2018-11-18 10:26:19,818,10,3,True,2020-08-16 08:00:01,"#Delhi recorded 1,118 fresh #COVID19 cases and 26 deaths due to the virus in the last 24 hours, taking its total… https://t.co/JrGt0X5v20","['Delhi', 'COVID19']",Buffer,False
Rich Daddy,"Jersey City, NJ",Collector of EVERYTHING & ANYTHING AWESOME,2013-02-27 04:42:50,105,225,2729,False,2020-08-16 08:10:19,#COVID19 has got me like https://t.co/FBaSjc5Qd9,['COVID19'],Twitter for iPhone,False
Nine News Queensland,"Brisbane, Australia",Queensland's nightly 6.00pm news with @Loftea and @9MelissaDownes. Simulcast on River 94.9FM.,2009-04-29 02:14:05,135513,7503,961,True,2020-08-16 08:10:59,"A #Covid19 vaccine could be on the horizon, with the Health Minister revealing he's now optimistic a breakthrough i… https://t.co/C02lRcbEjn",['Covid19'],Grabyo,False
The Ken,"Bengaluru, India","Original, deeply-reported and analytical business stories from India and Southeast Asia.",2016-06-21 07:20:50,30025,35,574,True,2020-08-16 08:29:47,.@sumanthr's second story of the week explored what Practo’s new $32M funding round means for it. The healthtech co… https://t.co/5u7REScQno,,TweetDeck,False
洋介チェルノブイリ,JAPAN,ドイツでギリホリするためにドイツ語勉強中 サガン鳥栖/ホークス/ギラヴァンツ北九州/ASローマ/中村俊輔/上原浩治/有村架純/ HP制作や写真加工、動画編集などできますので遠慮なく依頼してください,2010-10-06 17:22:35,1091,2058,2893,False,2020-08-16 08:47:00,"@clareappleyard hi I did write about Japanese fine system.
I appreciate you if you read or spread your friend
thank… https://t.co/D3f0Z8tFA6",,Twitter Web App,False
Antoine Neuraz,,,2009-06-02 12:20:16,23,45,34,False,2020-08-16 08:49:29,How #NLP can help amplifying signals in #EHR. Example with an emergent disease like #COVID19 published in @jmirpub… https://t.co/rz9chPRND9,"['NLP', 'EHR', 'COVID19']",Tweetbot for iΟS,False
TacoFaceFreedom,"Maharashtra, India",not a vegetarian but most certainly a fruitcake!,2019-11-17 03:30:32,17,381,3793,False,2020-08-16 08:49:53,"@moayush should be embarrassed today and should be dissolved. 

AYUSH Minister Shripad Naik spreads miss informatio… https://t.co/odZokEW0Xp",,Twitter for iPhone,False
JayEnAar,,"Public health physician. 
Arriving at the right answer is important, but getting the question right is vital.
The self-proclaimed expert is likely a charlatan",2011-06-29 13:01:40,4456,1410,43295,False,2020-08-16 08:52:11,"Yes, it was #Covid19 #Pandemic and the #lockdown that did it for the economy, but #India should be in no doubt that… https://t.co/Z872VSQmwE","['Covid19', 'Pandemic', 'lockdown', 'India']",Twitter Web App,False
JandK Headlines,Srinagar,Credible and premium online news portal operated from #Kashmir. | Instagram https://t.co/AP6werA0v2 | Support us here - https://t.co/lweeoOevR3,2010-08-05 06:57:14,31013,202,1117,False,2020-08-16 08:54:11,Religious places reopens in #Kashmir after five months of #COVID19 lockdown. Video by @basiitzargar https://t.co/3wMop0UfLV,"['Kashmir', 'COVID19']",Twitter for Android,False
Vi,Australia,researching bedrest and artificial gravity with #AGBRESA | future #space doc | @SGAC | @ISU_SHSSP 2020 | @SpaceAusDotCom writer | marathoner | @DocsEnvAus,2008-06-16 20:22:30,1293,1032,4453,False,2020-08-16 08:57:08,"So how many deaths is it, @ABCaustralia?

#COVID19Vic #COVID19Aus #COVID #COVID19  #Covid19VicData #snafu https://t.co/BTcfkHcdy3","['COVID19Vic', 'COVID19Aus', 'COVID', 'COVID19', 'Covid19VicData', 'snafu']",Twitter Web App,False
4ALLSEASONS,"Ayrshire, Scotland, UK","We are a new start-up online business specialising in selling for customers all year round E.G children's wear, adults, fashion, accessories, outdoor etc.",2020-07-20 16:19:07,358,402,132,False,2020-08-16 08:58:53,"Hello everyone, we have been making the most of the good weather as it doesn’t ever last in Scotland. We are busy t… https://t.co/EJzKQvkPzE",,Twitter for iPhone,False
Unicef UK,,"Right now, children are in danger. We will do whatever it takes until every child is safe.",2007-11-16 11:56:04,231770,2592,4442,True,2020-08-16 09:00:37,"Amid the #covid19 pandemic, Unicef has supplies more than 84 tons of soap to most vulnerable families including tho… https://t.co/pJS3JnHeOW",['covid19'],Hootsuite Inc.,False
Malaria No More India,"Bhubaneswar, India",Malaria No More India envisions a world where no one dies from a mosquito bite. We work at national & state levels to support India’s 2030 goal to #endmalaria.,2019-08-19 10:19:03,49,124,15,False,2020-08-16 09:06:52,"Monsoon increases the chances of getting malaria. Be prepared beforehand. Use mosquito repellents, coils, and bedne… https://t.co/giIle4yZFO",,Twitter Web App,False
Strayt,"Sydney, New South Wales","Straight shooter. I don't hold back. Ban veggie burgers, turkey bacon, baby naming ceremonies & gay weddings - poor substitutes for the real thing.",2017-09-06 06:08:10,18,5,753,False,2020-08-16 09:07:10,@SkyNewsAust @DanielAndrewsMP Great if martial law is your thing. Good luck with that #loser #COVID19Vic… https://t.co/Vvo5nxI0Ah,"['loser', 'COVID19Vic']",Twitter for iPhone,False
CYRIL,"Cork, Ireland ",political Analyst and contributor,2009-11-14 22:25:34,36,149,116,False,2020-08-16 09:15:06,"@realDonaldTrump What happened was not done by US envoy, Israel #Israel and saudi Arabia #SaudiArabia are doing all… https://t.co/dd89gI7beG","['Israel', 'SaudiArabia']",Twitter for Android,False
MichaelLowe,,"Tweeting incisive facts & questions with witty, vicious sarcasm/ridicule for Trump propagandists. Believe in the power of Love & Truth & We the People! RESIST!",2018-08-09 02:27:28,442,1494,4856,False,2020-08-17 03:07:23,@lauferlaw @trish_regan the few billion the USPS needs is a drop in the bucket compared to @realDonaldTrump's tax c… https://t.co/PosJUD5UeJ,,Twitter Web App,False
Joyce Honigford,,"Wife, Mom, Nana, Caregiver, Doula, Photographer, + Christian",2020-05-03 22:34:32,4,21,11,False,2020-08-17 03:08:30,@DonaldJTrumpJr my daughter relapsed from leukemia in December 2019. Caught covid-19 in June. Fully recovered using… https://t.co/9p6dxKcjGf,,Twitter for Android,False
Kiran Kumar Pabbathi,#FollowBack,"Best Selling Author, ITSM Trainer, Consultant, Career Counsellor, and Lyricist",2020-02-14 04:03:24,250,430,329,False,2020-08-17 03:11:56,#ArtificialIntelligence #SushantSingRajput project needs serious investigation.Such a brilliant mind's homicide z b… https://t.co/sMcjHr1NYq,"['ArtificialIntelligence', 'SushantSingRajput']",Twitter Web App,False
Cori 🗽,USA,Storyteller 💌 Capitalist 💰 Proud American ♥️🇺🇸,2009-03-16 19:40:39,8670,6427,49049,False,2020-08-17 04:07:10,"Joe Biden is an absolute coward. He wants to debate Trump on Zoom now. 

This guy cannot lead our country. He is a… https://t.co/qaa4Q05IoP",,Twitter Web App,False
Open Letters,Text RESIST to 50409,"Copies of real letters delivered to the President, Congress, Governors, and State Legislators. Send 'resist' as a Direct Message to @resistbot to write yours.",2017-12-06 22:18:07,17407,3,2,True,2020-08-17 04:08:08,"🖋 Sign “Authorize COVID-19 Rapid Testing” and I’ll deliver a copy to your officials: https://t.co/FyKxuXN0Aw

📨 No.… https://t.co/eSXDyU9pdQ",,Resistbot Open Letters,False
Manickam Tagore MP🇮🇳✋மாணிக்கம் தாகூர்,மதுரை & விருதுநகர்,Congress-worker 💪🏾Whip of Congress in Loksabha ✋Member of Parliament for Virudhunagar (2009-14 & 2019 till date 🙂)🇮🇳Secy AICC 💪🏾🇮🇳Ex @nsui @iyc,2009-09-15 07:07:52,22948,1059,11543,True,2020-08-17 04:15:48,"India 🇮🇳 lost 50000 lives . But no one takes responsibility🤔

One day 941 deaths reported in India  But no one take… https://t.co/5iLeDUSFKy",,Twitter for iPhone,False
japanism,Tokyo Japan Asia,#japanite #japanesque #japanist #japanology #japanization #japantech #japanides #japanica #japanimation #japanime #japaninc #japango #japanic #japanism #jap,2011-09-30 15:19:15,748,1165,34,False,2020-08-17 04:20:19,#Japan PMs aloof tone deaf and now MIA in hospital largely withdrawn from government decision making and question d… https://t.co/VJvLGQRO58,['Japan'],Twitter for iPhone,False
luden,"Anchorage, AK",We need a new one,2020-08-09 21:36:34,14,234,171,False,2020-08-17 04:22:53,#COVID19 #concerts are nuts! https://t.co/0mqbkYtj9o,"['COVID19', 'concerts']",Twitter for iPhone,False
East Asia Forum,"Canberra, ACT","Economics, Politics and Public Policy in East Asia and the Pacific

Facebook: https://t.co/6JtHmOUZ1n | LinkedIn: https://t.co/4Y4ZSHLr9l",2010-01-22 00:39:29,22054,3449,148,False,2020-08-17 04:30:21,"Industrial policy the wrong treatment for #COVID19 woes, writes the EAF Editorial Board (@ANUCrawford).… https://t.co/02VWCHOLpD",['COVID19'],Buffer,False
Judy Hager 🌊🌊🌊,"Rochester, NY",🎀  𝒥𝓇. 𝐻𝒾𝑔𝒽 𝓉𝑒𝒶𝒸𝒽𝑒𝓇  🎀  #VoteTrumpOut #Biden2020 #FlipTheSenateBlue #TrumpIsUnwell 𝕃𝕖𝕥'𝕤 𝔹𝔼𝔸𝕋 𝕋ℝ𝕌𝕄ℙ'𝕊 𝔸𝕊𝕊.,2017-05-12 00:46:38,4736,5163,5343,False,2020-08-17 04:40:13,"Please read the entire thread.  This is what we are opening ourselves up to when we open schools.  

Teachers want… https://t.co/L4iHsFc8FX",,Twitter Web App,False
Mimi #FoundRoksiefied,,"Family is my domain |Software engineer|fascinated by innovation |I am for sports| Believer (#RoksiefiedForever🐲🌹)
https://t.co/YMJtsoR980",2018-01-24 12:41:22,1443,407,36465,False,2020-08-17 04:45:27,Nothing beats the day than a #Rosie_XSpedyweightloss package in your life . It takes care of everything and soothes… https://t.co/kYCE7GuFRG,['Rosie_XSpedyweightloss'],Twitter for Android,False
Shubham Jain,"New Delhi, India",,2014-02-20 07:45:02,3,88,10,False,2020-08-17 04:46:04,"I strongly feel GOI has now lost whole hope against #corono #epidemic
Plz GOI I beg you I am a common citizen of th… https://t.co/yjNxbSubt4","['corono', 'epidemic']",Twitter for iPhone,False
NewsVoir,India,NewsVoir is a Press Release distribution platform & works as a single-window solution for reaching out to the media,2014-05-08 08:34:47,501,705,717,False,2020-08-17 05:03:06,"Despite #COVID19 Disruptions, Ace Group Committed to Timely Delivery of Projects @AceGroupIndia #realestate 

Read… https://t.co/RYqM3D8ZXO","['COVID19', 'realestate']",Twitter Web App,False
contentworks,Cyprus,Contentworks delivers hawkish content marketing solutions for the #financial #forex #cryptocurrency and #tech sectors.,2017-01-09 06:07:29,1821,1520,7876,False,2020-08-17 05:30:47,"Today, we're heading down under to take a look at the top 5 companies headquartered in Australia and how they're fa… https://t.co/xA99i9wEzr",,AgoraPulse Manager,False
New Straits Times,Malaysia,"News, views and up-to-date reports from Malaysia's premier news source. All that and more at https://t.co/S8jbx5pMaF",2009-07-09 09:04:01,718075,411,881,True,2020-08-17 05:42:19,"#NSTworld #India's death toll from the #coronavirus surpassed 50,000 on Monday, with more than 900 new fatalities r… https://t.co/yBugQbhkHz","['NSTworld', 'India', 'coronavirus']",TweetDeck,False
Mudhi Mixture,"Orissa, India","Bringing you the latest news, views and trends from in and around Odisha.",2018-12-04 17:36:44,51,54,5,False,2020-08-17 05:55:40,"#Odisha #COVID19 Report | 16th August 2020

More than 50,000 tests conducted in the last 24 hours with 2244 new cas… https://t.co/MRwb3VXii1","['Odisha', 'COVID19']",Twitter Web App,False
ANI,India,"Asian News International. Multi-media news agency, content for information platforms: TV, Internet, broadband, newspapers, mobiles https://t.co/PjGRhL4qvg",2011-08-16 05:23:41,4652880,0,0,True,2020-08-17 05:57:36,"2,244 new #COVID19 cases, 1,550 recoveries reported in Odisha on 16th August. Total number of cases stands at 62,29… https://t.co/1XnlVP8yMl",['COVID19'],Twitter Web App,False
Ablife,"Point Lobos, Monterey, CA",08-01,2014-03-14 07:11:54,11,61,3031,False,2020-08-17 06:17:34,"The smoking gun,  funding China, 
#pandemicUSA #covid19 #China","['pandemicUSA', 'covid19', 'China']",Twitter for iPhone,False
COVID19 in Asia-Pacific,Singapore,"focusing on pandemic updates in the Asia-Pacific region by a team of four based in SG, retweets arent endorsement and opinions are our own",2013-08-07 17:18:47,37731,138,119,False,2020-08-17 06:37:02,Airlangga University is currently developing in collaboration with several Indonesian institutions “the first… https://t.co/gzWf6b3Ox3,,Twitter for iPhone,False
Coronavirus Updates,,"COVID-19 (Coronavirus) Latest News & Statistics.
We post updates 24/7 as they come in, all stats are from official sources.
#Coronavirus #COVID19",2020-03-07 12:52:51,502,1,0,False,2020-08-17 06:46:26,"30 new cases in Hungary 

[7:46 GMT] #coronavirus #CoronaVirusUpdate #COVID19 #CoronavirusPandemic","['coronavirus', 'CoronaVirusUpdate', 'COVID19', 'CoronavirusPandemic']",COVID19-Updates,False
G Plus,Guwahati,"An English weekly tabloid for an evolved and informed Guwahati. Follow us and stay updated about the gateway to Northeast India.
RT's are not endorsements",2013-06-12 05:57:48,28565,114,776,True,2020-08-17 06:47:56,"For people suffering from Down Syndrome and Autism, the pandemic, lockdown, etc are far beyond their levels of comp… https://t.co/4WLDYsmQol",,Twitter Web App,False
Steven Nunnery,Jackson TN,"Director/Producer of Jackson Paranormal
New Show On #YouTube
https://t.co/uuteXG2Kym
Co-owner of Hollow Star Production
https://t.co/hFEDnPbCHZ",2010-01-09 19:42:51,616,2062,1233,False,2020-08-17 06:52:13,"#Walmart  #producer  #documentary  #medical #HIPPA #MaskUp #Security  #covid19 
https://t.co/jJ8OVvoGCn
Its hard to… https://t.co/bnvSNxpoX6","['Walmart', 'producer', 'documentary', 'medical', 'HIPPA', 'MaskUp', 'Security', 'covid19']",Twitter for Android,False
Myan Lyca,,Passion Of Purity,2020-08-06 04:26:30,10,114,2,False,2020-08-17 06:59:49,"❗️Now is the time that everyone needs to be careful .😣
❗️According to (17.8.2020), there are (375) confirmed cases… https://t.co/VxMXUt4jXS",,Twitter for iPhone,False
Deccan Herald,India,"Bangalore & Karnataka's leading news daily for over 72 years. Authentic, definitive, and fresh: like your morning filter coffee. Got a story? Tweet or DM us.",2011-03-18 10:02:16,58295,737,1099,True,2020-08-17 07:03:56,Cruise ship passengers had their temperatures checked and took #Covid19 tests Sunday so they could set sail on what… https://t.co/MZZW9VBXBq,['Covid19'],Twitter Web App,False
COVID19 News,WORLDWIDE,"""After all it really is all of humanity that is under threat during a pandemic."" ~ Margaret Chan
Latest Verified News and updates #COVID19 #coronavirus",2019-02-11 06:22:48,85,132,1,False,2020-08-17 07:06:19,"Biden, Harris call for all states to mandate masks after first joint Covid-19 briefing #CoronaVirusUpdates #covid19 https://t.co/MHSlv4HSpR","['CoronaVirusUpdates', 'covid19']",ContentStudio.io,False
Bolt News,"Bengaluru, India",Editor in Chief@ https://t.co/vZh6Uw2F1l,2018-10-23 17:05:58,240,368,31,False,2020-08-17 07:29:49,"Divyansh Singh, August 17, 2020, Bangalore

SC Dismisses Plea to Postpone NEET, JEE: Exams To Be Held In September.… https://t.co/2LPO2i93Yx",,Blog2Social APP,False
Phil Nice (I'm with stupid 👉 🇬🇧 🇺🇲 🇧🇷 🇷🇺),"England, United Kingdom","likes Bicycles 🚲,
likes People 👫,
likes Europe 🇪🇺.
dislikes populism,
dislikes right-wing tabloids,
doesn't want UK pushed around by Trump or Putin.",2019-03-16 07:40:12,6871,7145,5076,False,2020-08-17 07:38:07,"Bozo the clown and the corrupt cabal have been fed a truth serum.
You have five minutes to ask them one question be… https://t.co/J9XWBZh3hJ",,Twitter for Android,False
COVID 19 India Updates,,"Following COVID 19 Closely, only confirmed updates",2020-04-15 05:32:18,1181,40,9,False,2020-08-17 07:38:35,"894 new #COVID19 cases, 2,006 recoveries &amp; 10 deaths reported in Telangana on August 16, taking the total number of… https://t.co/7RGpqUAZDv",['COVID19'],Twitter for Android,False
ABS-CBN News Channel,Philippines,News updates & breaking news from the Philippines. Like our Facebook page:  http://t.co/xr1ETuyubS.,2009-06-04 21:26:24,5011132,770,5420,True,2020-08-17 07:50:48,No one can come close': Roque says Duterte in 'perpetual isolation' due to #COVID19 threat https://t.co/XGrc9z9HMt,['COVID19'],TweetDeck,False
Alchemy Arts,,Alchemy Arts - Manchester Based Media & Arts Organisation: Empowering The Community Through The Medium Of Arts,2012-03-16 14:37:01,661,936,443,False,2020-08-17 08:00:25,Don't forget that we've produced a number of visual aids to help you make sense of the latest #COVID19 information!… https://t.co/IKRVpaPo8S,['COVID19'],Buffer,False
BITC Gender Equality,United Kingdom,Business in the Community’s gender equality campaign works with employers to accelerate change for women at work.,2009-04-14 11:03:53,8792,511,400,False,2020-08-17 08:01:17,"*TODAY 11am* Every child should be supported to achieve in education, leading to a successful working life. In this… https://t.co/Y8pmVJJr8Z",,Hootsuite Inc.,False
Carole Gordon,London,Remember to look up at the stars and not down at your feet ~ Stephen Hawking,2009-02-14 16:46:51,1189,1112,5976,False,2020-08-17 08:01:20,Only “some” health officials are alarmed at Trump pushing a highly toxic plant as a cure for #COVID19? #Oleander https://t.co/bpya0yrvtU,"['COVID19', 'Oleander']",Twitter for iPad,False
@SNCLavalin,Worldwide,We are an engineering and construction company and together we're building what matters. En français: @SNCLavalin_fr,2009-03-25 23:51:14,22251,476,1034,True,2020-08-17 08:01:54,We will soon see the impacts of #COVID19 to our onsite #construction workforce. Read Steve Tubby’s article to learn… https://t.co/OyBanksGo0,"['COVID19', 'construction']",Hootsuite Inc.,False
Dinesh Chauhan,"New Delhi, India","Social Activist, self-employed, RT is not Endorsement...Hate lie n liars,
Follow 100% FB, Luv u all❤️, 
Live and let live, Respect all religions, 
जय माता की।🙏",2010-07-04 12:22:26,884,930,17713,False,2020-08-17 08:03:16,"In India death count surpassed 50,000 due to #Covid19 . Who is responsible for this tragedy ?
1) Jwahar Lal Nehru
2… https://t.co/YQqhub9qZm",['Covid19'],Twitter for Android,False
PDICH1,Nigeria,"Menstrual health, hygiene & sanitation, SRHR, FGM, education, gender equality, human rights, mental health, women empowerment.
SDG 2030",2016-05-22 17:17:55,275,2166,4917,False,2020-08-17 08:05:11,There is still a huge need of #WASH facilities especially for children in developing countries #COVID19 #handwashing https://t.co/DhrgknqmSP,"['WASH', 'COVID19', 'handwashing']",Twitter for Android,False
Vicar of Dimbleby 🇪🇺,Europe,"Believe in reforming undemocratic Britain. 
#Brexit is a disaster that must be reversed.
Ignorance is unforgivable.",2012-03-14 23:03:52,631,277,53773,False,2020-08-17 08:06:29,"@CaroleHorsford @Benface1989 @GMB @ProfKarolSikora Do you not know #COVID19 kills and disables for life, whilst tho… https://t.co/qav0i9Jd3z",['COVID19'],Twitter for Android,False
Lalitendu Bidyadhar Mohapatra,"Bhubaneshwar, India","MLA, Brahmagiri. State Vice President. Descendant of Freedom Fighter Baxi Jagabandhu. Former Ranji Player/Coach . Inspired by #NewOdisha vision of @DPradhanBJP.",2019-09-27 09:01:05,1079,146,2655,True,2020-08-17 08:08:53,"Held a press meet at the party office today along with Puri District BJP President Shri Ashrit Pattnaik. 

We deman… https://t.co/Z8cw9njsnH",,Twitter for Android,False
Dr. Satya Prakash Yadav,Gurgaon,"Director, Pediatric Hematology Oncology & Bone Marrow Transplant, Medanta Hospital,Gurgaon, India. Opinions are my own and RT are not endorsement",2010-02-13 10:03:31,15305,1115,22555,False,2020-08-17 08:12:40,#covid19 @VincentRK @EricTopol any good reference or data on #SARCov2  PCR  in patients with leukemia particularly… https://t.co/i915AstLoq,"['covid19', 'SARCov2']",Twitter for iPhone,False
Race to beat the virus - Vote Blue 2020 ! 🇺🇸,,,2016-12-08 07:57:59,225,370,114028,False,2020-08-17 08:13:11,"@DanCrenshawTX #COVID19 deaths 8/16/20

TX - 107

UK - 5
Germany - 0
France - 1
Spain - 0
Italy - 4
UK/GER/FR/SP To… https://t.co/NYyd2VfEH7",['COVID19'],Twitter Web App,False
4King.com,,"At 4King Media, we’re interested in pushing boundaries and working with companies at the forefront of the blockchain wave.",2017-05-23 12:53:05,335,1219,1095,False,2020-08-17 08:16:13,"Rhino poaching cases drop sharply amid #COVID19 in #SouthAfrica 👏 Lets keep up the good work!
https://t.co/PcHyR1VnX8","['COVID19', 'SouthAfrica']",Twitter Web App,False
David Kisamfu,"Dar es Salaam, Tanzania","Creating Amazing Experiences for Home, Work, and Play.  https://t.co/RNkVOINcZ6",2007-11-20 11:57:10,1840,2553,34,False,2020-08-18 16:00:26,"COVID-19 Updates (globally)

Total cases: 22,121,009 
Dead: 778,883 
Recovered: 14,854,475 
Last updated: August 18… https://t.co/oGrbWFG01i",,@thedextazlab,False
McKinsey Capital Projects & Infrastructure,,"Insights on major projects, infrastructure, real estate, cities, and more. Home of the Global Infrastructure Initiative. #GIIVoices",2016-06-29 12:42:19,2960,285,375,False,2020-08-18 16:00:34,The impact of #COVID19 on #construction is stark. But owners and operators that act now to embrace more efficient a… https://t.co/rxbcYqUm41,"['COVID19', 'construction']",Sprout Social,False
Best #domainnames are at BrandsTek.com Shop & Save,West Palm Beach Fl.,Domain name Marketplace #sportsbetting #cannabis #business #domainnames on sale. Brand marketing advisors domain name experts.  We buy and sell #domains,2014-12-06 14:55:26,548,772,395,False,2020-08-18 16:01:19,New discussion threads Democrat National Convention just posted on https://t.co/EztcaUQJxC Get Real! #socialmedia… https://t.co/b0trLvxQek,['socialmedia'],LinkedIn,False
MaMaH,"Florida, USA","Break the Silence! Break the Cycle! Let The Sun Shine In!!  These Tweets, RTs, Replies, and Likes are a Result of Personal Experiences and Opinions.",2010-02-14 19:12:45,313,472,6759,False,2020-08-18 16:20:05,"Every FL native knows that's a poison!

#COVIDIOTS #COVIDIDIOTS #COVID #COVID19 #Corona #coronavirus… https://t.co/ErowtiIycW","['COVIDIOTS', 'COVIDIDIOTS', 'COVID', 'COVID19', 'Corona', 'coronavirus']",Twitter for Android,False
Margo 👀👂,Canada,"Mom to two cool dudes, politico, philosopher, financial advisor NO LISTS #HCLDR CANADIAN♡",2009-09-17 19:02:29,3219,4994,20428,False,2020-08-18 16:20:34,@BBCWorld #wuhanparty bet the party goers are actually #Uighurs #Xi shipped out of concentration camps to act/prete… https://t.co/kLGCw1cqbo,"['wuhanparty', 'Uighurs', 'Xi']",Twitter for Android,False
FURHAT SUBLA,Costa Blanca./ Srinagar,https://t.co/MMEvcVRDaE,2011-02-16 10:31:05,63,177,7119,False,2020-08-18 16:24:19,"Smoking  banned on #streets &amp; #terraces where a 2- meter safety distance cannot be guaranteed, 
Guide to new measur… https://t.co/yogBTOASjA","['streets', 'terraces']",Twitter for Android,False
AVeryFarMan,,,2019-03-07 22:18:12,28,19,5232,False,2020-08-18 16:26:08,@DanRather It has no bearing on my life. I'm already voting for @TheDemocrats. I don't have time to watch the cheer… https://t.co/sMHKNcnSqP,,Twitter Web App,False
CBC Ottawa,Ottawa,"Follow for breaking news, special reports and RTs of our journalists' latest work on these 4 platforms: 📺📻💻📱.",2009-01-14 22:46:19,234732,487,3182,True,2020-08-18 16:27:25,The 2 newly-reported #COVID19 outbreaks in #Ottawa are at long-term care homes: Residence Saint-Louis and Billingsw… https://t.co/qQ8Jvicyck,"['COVID19', 'Ottawa']",TweetDeck,False
Sam Pye,England,"Former newspaperman. Tweeting economics, business and politics.",2009-10-05 19:29:41,20901,18734,19777,False,2020-08-18 16:30:20,Bloomberg: #Germany records the highest number of new #coronavirus cases in nearly four months… https://t.co/FdPOAxNTtD,"['Germany', 'coronavirus']",Twitter for Android,False
Mind on 🔥,"Carterville, Illinois","Somewhat of a Horror nerd, scifi dreamer, occultist, and I dabble in magical realism. I'm all about them Book memes, poetry, fiction and inspiring creativity.",2015-12-22 21:44:01,1464,1836,9742,False,2020-08-18 16:34:21,"Ya'll thought Sharknado was just a joke?  Wait until election month when they come FR!

@SharkWeek #sharks… https://t.co/YtTQEwXqny",['sharks'],Twitter Web App,False
Open Letters,Text RESIST to 50409,"Copies of real letters delivered to the President, Congress, Governors, and State Legislators. Send 'resist' as a Direct Message to @resistbot to write yours.",2017-12-06 22:18:07,17454,3,2,True,2020-08-18 16:36:02,"🖋 Sign “Authorize COVID-19 Rapid Testing” and I’ll deliver a copy to your officials: https://t.co/FyKxuXN0Aw

📨 No.… https://t.co/75amhkKCLo",,Resistbot Open Letters,False
SimpleReason,,"If you don't wear a mask, you're a murderer.",2018-06-19 23:11:40,13,56,502,False,2020-08-18 16:36:18,@SaraSmallTV @FOXNashville Of *course* it won't be enough. Brace yourselves for the casualties. The death rate of… https://t.co/yiiZTjMHWj,,Twitter Web App,False
Cardiovascular Biz,United States,"Cardiovascular Business – Strategies in Economics, Practice and Technology. Subscribe to our newsletters - https://t.co/V5LUN2gvJB",2009-08-21 16:52:53,7145,1102,400,False,2020-08-18 16:43:53,ICYMI: Statin use lowers the risk of severe illness from COVID-19 by 30% #covid19 #cardiotwitter #cardiology… https://t.co/5ov4fEYXwY,"['covid19', 'cardiotwitter', 'cardiology']",Hootsuite Inc.,False
Canada in Senegal,"Dakar, Senegal","Embassy of Canada to Senegal, The Gambia, Guinea, Guinea-Bissau and Cabo Verde | FR: @AmbCanSenegal | Amb: @Beaulieu_CAN
https://t.co/YcijzugMJP",2014-04-16 15:54:51,5786,347,598,True,2020-08-18 16:55:19,"#StudyinginCanada #Immigration 
International Students 🎓🎒 Do you have questions about your study permit? Updated in… https://t.co/ZY6fB4mIr0","['StudyinginCanada', 'Immigration']",Twitter Web App,False
ChristMeal.com,Worldwide,Official Twitter account for https://t.co/vtZnU1ZLsw - Africa's Loudest Online Gospel Portal || Send your press kits to i@christmeal.com | Contact: @VivorEric,2013-08-13 19:58:57,3799,840,2211,False,2020-08-18 17:00:10,"#covid19 #Ghana Update:

Don't self medicate! Visit a hospital or call 112 for assistance

#BeSafe","['covid19', 'Ghana', 'BeSafe']",Cubi.so,False
Urban League of Rochester,"Rochester, NY","Empowering Communities. Changing Lives.
#interruptracism",2020-05-04 20:23:03,75,165,70,False,2020-08-18 17:04:57,"Thank you, @News_8 for featuring our Afterschool Academy and program director Charisma Travis! The Urban League con… https://t.co/HG4T1bwuXB",,Buffer,False
Susan Tran,"Boston, MA","Anchor @NECN 7:00-10:00a & noon @NBC10Boston. Worked in Utica, NY & Charlotte, NC. BU grad! SoCal girl loving East Coast! susan.tran@nbcuni.com",2008-12-05 04:12:57,14093,1232,4105,True,2020-08-18 17:05:25,"Asked about #Patriots desire to have 20% capacity of fans at #Gillette, @MassGovernor says he’s had convos w them a… https://t.co/nbH8MbCPJl","['Patriots', 'Gillette']",Twitter for iPhone,False
Donnchadh_Whelan,,Taking it day by day. Work in Disability Services. Now hate home working! Husband. Father. Son. Odd taste in music. Hermit wannabe! My views are my own.,2020-03-25 18:50:11,1,19,18,False,2020-08-18 17:18:59,"#COVID19 So my son who plays #GAA has a match on Thursday away. So I'm supposed to drop him, wait in my car, and aw… https://t.co/VafQ2D2enJ","['COVID19', 'GAA']",Twitter for Android,False
Andy Ostroy,NYC,Proud democrat. Patriot. Love my country. Writer. Filmmaker/producer. Non-profit founder supporting female filmmakers. Drummer. Candy man. https://t.co/ZxB2nKQnUm,2010-03-15 15:46:27,80471,3274,45581,True,2020-08-18 17:29:28,Favorite @AC360 quote of all time..to #MyPillow’s @realMikeLindell over his dangerous #oleandrin hype: “How do you… https://t.co/wZx2hSbXjw,"['MyPillow', 'oleandrin']",Twitter for iPhone,False
Apex Ukrainian Girl,,life is too short to edit the typos 😭,2020-08-07 02:50:47,2,445,3,False,2020-08-18 17:32:42,I dont overly like the mall... I like going once or twice  during Christmas time because they decorate and the deal… https://t.co/JhkzJ0SyJx,,Twitter for Android,False
Commissioner Dave A. Chokshi,New York City,@nycHealthy Commissioner Dave A. Chokshi. PCP at @BellevueHosp. Husband. Father. #Queens. Tweets before 8/2020 from @DrOBarbot & @DrMaryTBassett.,2014-02-18 14:41:54,15529,432,2520,True,2020-08-18 17:33:35,NYC: Today is #GetTestedTuesday! Getting tested is critical to controlling the spread of #COVID19. Free testing is… https://t.co/ZgMcNzZ9Tb,"['GetTestedTuesday', 'COVID19']",Twitter for iPhone,False
Josh Cole,London & Cooden Beach,,2011-08-31 16:04:43,182,803,10819,False,2020-08-18 17:35:06,#London #August #covid_19 #covid19 @ Green Park https://t.co/CI78sirier,"['London', 'August', 'covid_19', 'covid19']",Instagram,False
Bruce Winder,"Toronto, Canada","Retail Analyst-author of RETAIL before, during & after COVID-19",2014-11-06 18:10:28,367,463,454,False,2020-08-18 17:38:22,Thanks for all your support this summer !! Very thankful to be number 5 in the retail industry on… https://t.co/zAt2nQFgqM,,Twitter for iPhone,False
Michelle Antoinette Nelson,"Oakland, CA",CEO + Founder @brownandhealthy⁣ ⁣⁣| ⁣ Master of Ceremonies @summit ⁣,2009-03-20 17:16:53,2898,914,1999,False,2020-08-18 17:41:37,@andersoncooper gave the numbered list of reasons why the My Pillow guy is a soul-less cretin... to 👏🏾his 👏🏾face👏🏾.… https://t.co/PVRCTs9ZQm,,Twitter for iPhone,False
"Chris J. Gonzalez, MD",,Primary Care Internist @#SettlementHealth & Health Equity Researcher @WeillCornell passionate about Latinx Community Health 🌇 Tweets my own.,2019-01-10 12:46:12,96,155,43,False,2020-08-18 17:43:06,A4: having existing resources actually reach individuals is critical! That’s why #CommunityEngagement is so importa… https://t.co/RpR5vnpXl4,['CommunityEngagement'],Twitter for iPhone,False
Frank Conte,"East Boston, Massachusetts","Editor of #EastBoston's first web site, https://t.co/6S5ZUwASRb, est. 1995.  RT does not mean I agree or disagree. I am merely retweeting!",2009-08-01 11:48:51,715,723,270,False,2020-08-18 17:55:50,https://t.co/kz55IHfWmf @adrianmadaro   speaks out on #EastBoston #Covid19 rate,"['EastBoston', 'Covid19']",Twitter Web App,False
Achaibo Clinical,KS 66223,"Innovating Clinical Trials

#clinicalresearch #clinicalstudies #researchanddevelopment",2014-04-18 00:44:12,336,1085,17854,False,2020-08-18 18:00:01,COVID-19: How a new blood test could help speed up vaccine development and population screening… https://t.co/DgNUx6yFx7,,Buffer,False
CIC Cambridge,"Cambridge, MA",The world's highest density of startups in the heart of Kendall Square. Shared office space & coworking for exceptional entrepreneurs. Home to @VentureCafe.,2016-08-23 21:08:16,2039,2151,2145,False,2020-08-18 18:00:06,This week @VentureCafe: Get ready for #EnergyConnect 2020! A day dedicated to innovations in #energy 🔋 #cleantech 🍃… https://t.co/TuQ5fKJhTM,"['EnergyConnect', 'energy', 'cleantech']",HubSpot,False
Joyce Msuya,"Nairobi, Kenya","Deputy Executive Director of @UNEP
@UN Assistant Secretary-General
Join the conversation for people and planet.",2018-06-07 11:09:18,18463,957,1777,True,2020-08-18 18:04:55,"People with mild or no #COVID19 symptoms can be cared for at home with the supervision of a health worker, if adequ… https://t.co/Rfe88jXeUj",['COVID19'],Twitter for iPhone,False
Anna Maino,"Manchester, United Kingdom","Consultant Eye Surgeon with a specialist interest in #strabismus, doing it ""backwards and in high heels” like Ginger Rogers. Lead for New Consultants, RCOphth",2016-07-14 11:52:18,492,339,501,False,2020-08-18 18:11:40,"Putting together ophthalmology, ikigai and rock songs #Ophthalmology #COVID19 #resilience                         M… https://t.co/1lmReffjDC","['Ophthalmology', 'COVID19', 'resilience']",Twitter for iPhone,False
Vinit Dabade,,would like#worldtour....,2020-07-02 13:08:17,8,7,64,False,2020-08-18 18:12:41,"#who
#heardimunity
#POSTPONEJEE_NEET 
#PostponeJEE_NEETinSept 
#COVID19 
Postpond jee neet students life maters https://t.co/x0qUJAQelZ","['who', 'heardimunity', 'POSTPONEJEE_NEET', 'PostponeJEE_NEETinSept', 'COVID19']",Twitter for Android,False
FOX 46 Charlotte,"Charlotte, NC","Thank you for stopping by FOX46- the place to go for local stories, breaking news, weather updates, sports and more! #GettingResults Email: newstips@fox46.com",2009-01-06 19:15:00,36602,1302,8568,True,2020-08-18 18:12:47,"NC COVID-19 #UPDATE: The cumulative number of coronavirus cases in North Carolina is at least 146,779. There have b… https://t.co/sQW7PsD678",['UPDATE'],Twitter Web App,False
Innocent Matara,kenya,"TV/Digital content producer|Social Media Marketer|TV Host|Photographer|TV Director
Virgo 4th Sept.
innocentmatara7@gmail.com",2011-03-16 17:05:46,50069,1065,8042,False,2020-08-18 18:13:34,Do you think @FredMatiangi and @IG_NPS Mutyambai will obey the Senate Speaker summon tomorrow? #SenateDrama #COVID19 @garvin_mungai,"['SenateDrama', 'COVID19']",Twitter for Android,False
DON WAVO 🌊🏝,Planet Vegeta,Contact : donwavo@gmail.com IT’S DON CORLEONEEE 🌊🏝,2014-05-07 01:30:05,196,163,3039,False,2020-08-18 18:14:12,DON CORLEONE MUSIC VIDEO OUT NOW 🌊🏝🏁 https://t.co/9ahKo93rtg #NewMusic #COVID19 #TuesdayMotivation… https://t.co/rHYVB9xhzv,"['NewMusic', 'COVID19', 'TuesdayMotivation']",Twitter for iPhone,False
NOW Magazine,"Toronto, Ontario","Think Free! 

Facebook: https://t.co/TiQhnTpF8s

Instagram: https://t.co/Msmu4JU9Nb",2008-09-18 19:21:11,218514,8183,3669,True,2020-08-18 18:15:18,Hospital biostatistician @imgrund breaks down trends he's seeing in Ontario's #COVID19 stats: https://t.co/r2MwmuX3vq,['COVID19'],Hootsuite Inc.,False
Mark Messinger,"Thurston County, WA","Please, stop me before I tweet again.

These opinions are my own.",2009-01-16 21:25:15,589,984,19,False,2020-08-18 18:15:50,"My insurer, Premera says, if you have to get #COVID19, try to do that within the next month. After Oct 1 it'll get… https://t.co/PyG35REIYe",['COVID19'],TweetDeck,False
GOPArkansas 🇺🇸,"Texarkana, USA","Republican from Texarkana, Arkansas -Miller County GOP Chairman 11-12, 15-16, Secretary 13-20, Miller County Elections Commissioner '08-‘19 #Trump2020",2009-09-16 20:12:01,1167,289,129,False,2020-08-18 18:17:10,"Democrats have blocked efforts by #Republicans to help the Americans during #COVID19. The result, only $1200 per pe… https://t.co/TS1sNOh08o","['Republicans', 'COVID19']",Twitter for iPhone,False
Rich Beauchesne,"Portsmouth, NH",Photojournalist in #PortsmouthNH. #streetphotography,2012-10-31 18:00:27,3087,1864,27910,False,2020-08-18 18:19:36,In case you missed this. #PortsmouthNH Justin Finn beats #COVID19. Story by @DinanElizabeth @jfinn9411… https://t.co/cktlNm3qcF,"['PortsmouthNH', 'COVID19']",Twitter Web App,False
Jim Gray,,"Retired and retiring journo. Sligo Rovers, United and Beatles addict. Proud dad and, unbelievably, grandad.",2015-07-07 13:53:21,696,333,13324,False,2020-08-18 18:19:54,Don't use public transport but school bus ok; don't watch sport outdoors but Mass indoors ok; stay home but extend… https://t.co/uKhH6p3BNs,,Twitter for Android,False
miss❣️outspoken💋💄,,A lil sweet❤️a lil outspoken😈,2020-06-20 02:59:04,6,34,117,False,2020-08-18 18:22:43,Make sure u are following my #instagram ❤️ #houston #texas #dnc #BlackTwitter #makeup #DynamiteVideoTeaser… https://t.co/D5JGsPYQnA,"['instagram', 'houston', 'texas', 'dnc', 'BlackTwitter', 'makeup', 'DynamiteVideoTeaser']",Twitter for iPhone,False
Blood Donors India,"Mumbai, India","Focused on matching blood donors with those in need. No followers here, only contributors. Spread the word, help save lives. We save 8/day.",2008-12-23 07:55:39,1220398,2072,19732,True,2020-08-22 00:18:21,"#Faridabad
Need #Blood Type :  AB-positive
At : QRG Hospital 
Blood Component : Need Plasma from AB+ve #COVID19 rec… https://t.co/YKNXh0azT1","['Faridabad', 'Blood', 'COVID19']",Blood Donors India,False
Dr. Theresa Chapple,Atlanta,"Public health geek, maternal and child health advocate, social justice seeker, mother of three. Motto- ""In God we trust, everyone else must show data""",2014-03-23 18:34:03,8006,2887,4731,False,2020-08-22 00:18:52,Pre-planning 2- Think about screening before joining the pod. Will everyone in the pod network take a #COVID19 test… https://t.co/kDu7l8dE5F,['COVID19'],Twitter Web App,False
TheRealPfeiffer 🧢 🐐☂️🍎,"Talkeetna, Ak",#Yang2020 @AndrewYang https://t.co/UjkWtSoDs4,2017-09-24 03:28:59,2337,2900,22275,False,2020-08-22 00:46:42,@brookeleawood Not me. If you vote third party it’s like voting for #Covid19. I’d like to be able to go back to see… https://t.co/K2wA2xIvjF,['Covid19'],Twitter for iPhone,False
Our Revolution,,Campaigns end. Revolutions endure. This is the official account of Our Revolution.,2016-07-14 16:12:15,146803,1470,1350,True,2020-08-22 01:00:00,"The only consistent COVID response from Trump has been playing GOLF. #DefendDemocracy #COVID19
https://t.co/iKtrqm7pFz","['DefendDemocracy', 'COVID19']",TweetDeck,False
Ayondae's Collections,Jamaica,Home &Fashion Accessories for the entire family.,2011-03-19 02:31:48,58,147,78,False,2020-08-22 01:01:28,"Click the link in our bio to order.

#covid19 #manadatory #tanayuhyaad #6ftapart #doyourpart #flattenthecurve… https://t.co/OKNvLBT9bq","['covid19', 'manadatory', 'tanayuhyaad', '6ftapart', 'doyourpart', 'flattenthecurve']",LaterMedia,False
Balkingpoints.com,,Corrective lenses on News Media Inc -- it needs them. Site author / Roy Greenfield,2010-02-06 00:44:49,1527,482,1,False,2020-08-22 01:08:33,"""tied in #OH"" = nonsense. If DT is in trouble in the Midwest he is in Ohio 
#Covid19 #news https://t.co/juveHBGqU7","['OH', 'Covid19', 'news']",Twitter Web App,False
Center for HDMA,"San Diego, CA","Research team integrating human dynamics, public health, spatial science, big data, & social sciences to understand patterns
#spatialscience #bigdata #GIS",2014-10-09 16:59:09,246,452,53,False,2020-08-22 01:29:21,"In the last month, San Diego County Skilled Nursing Facilities have reported 94 new COVID-19 cases in residents and… https://t.co/5G8uzMKxGj",,Twitter Web App,False
Quarantined Desi Stree 😷,,Chai ☕ Pe Charcha?? Blocked by Devdutt Patnaik Because I laughed at him 😂👌,2020-01-25 15:05:16,327,1479,20327,False,2020-08-22 01:29:56,"WHO hopes COVID-19 pandemic ends within 2 years, says chief Tedros Adhanom Ghebreyesus
#Covid19 #Coronavirus #Covid… https://t.co/PetOoHBrzF","['Covid19', 'Coronavirus', 'Covid']",Twitter for Android,False
PSA - Plato Socrates Aristotle Parler,USA,Thankful to live in the land of the free and home of the brave. ❤️🇺🇸💙 @flotus @realdonaldtrump @whitehouse,2012-08-25 22:00:10,11558,9186,38273,False,2020-08-22 01:43:04,If Biden wants to do whatever we can do to save lives why doesn’t he shut down Planned Parenthood? #COVID19,['COVID19'],Twitter for iPhone,False
B4B Corp,"Brooklyn, NY",B4B Developer of Earth Tea the All Natural Treatment for covid19. Auto and Motorcycle services.#B4B #COVID19TEA #earthtea #TRYEARTHTEA #Fromslavestomasters,2020-01-07 06:28:09,29,365,114,False,2020-08-22 02:00:10,To WHO and all those trying to figure out a cure for #covid19 please do the world a favor and use our treatment  we… https://t.co/VJ1ye1JNUU,['covid19'],Twitter for Android,False
Andrew,"Buffalo, NY","Gratefulness is the Key to Happiness.
Justice is the Key to Progress. The Buffalo Sabres are my Key to insanity.",2016-06-06 02:39:24,635,1857,48234,False,2020-08-22 02:07:11,Two months from now we're going to look back on any University that participated in sports during #COVID19 with disgust.,['COVID19'],Twitter for Android,False
KCMO Health Dept,"Kansas City, Mo.","Official Twitter account for the City of Kansas City, Mo., Health Department, 2400 Troost Ave., 64108. Directed by @RexArcherMD.",2010-06-01 15:24:39,9550,1828,5826,False,2020-08-22 02:18:00,"We are seeing many #COVID19 cases come from small gatherings.  

The virus can be spread by people who do not have… https://t.co/SwU2fe68pn",['COVID19'],Twitter Web App,False
Tony Caldwell,,,2015-04-07 22:33:29,693,406,1593,False,2020-08-22 02:44:42,#COVID19 times at Lansdowne Park in #Ottawa Friday. #ottnews #ottsports https://t.co/Jf6aWfFH8l,"['COVID19', 'Ottawa', 'ottnews', 'ottsports']",Twitter Web App,False
Michel Plaxton ✏️📺📕💻🎥🚀,"Mississauga, Ontario, Canada","#Geeky, #lefty, #artsy, #StarWars lover. #Bilingual #PromoProducer #Producer/ #Director/ #Writer/ #VideoEditor/ would-be #mystery #erotica #Author and #TV brat.",2008-06-29 17:33:49,2371,4928,4016,False,2020-08-22 02:51:44,"“Mass” transit in the era of #covid19. #TTC #toronto @ Toronto, Ontario https://t.co/BWInyRDUQM","['covid19', 'TTC', 'toronto']",Instagram,False
Nextlevltherapy,,Licensed Professional Therapist in private practice,2020-07-22 14:48:24,0,57,18,False,2020-08-22 03:04:25,Are you trying to find happiness during #COVID19?  Learn more about the habits of happy people as detailed by a lif… https://t.co/RyhBwKokgf,['COVID19'],Social Genie by Brighter Vision,False
Cecilia Chung,,"Public Speaker, Commissioner, Advocate; Pronouns: She, her, hers RT ≠ Endorsement ; I mute trolls. @Instagram: smallglimpses",2008-05-10 19:32:52,4726,1311,21211,True,2020-08-22 03:59:07,These 3 symptoms are common in people who have died of #COVID19  https://t.co/u3hCSQUq8S,['COVID19'],Twitter for iPhone,False
Prince de Versailles,"California, USA","⚜ Curator, Architectural Historian
↪ Join 18000 followers on my Tumblr page/blog using link below⤵
⚜Pour suivre, s'il vous plaît utilisez le lien Tumblr, merci⤵",2018-01-11 12:02:45,598,1371,55823,False,2020-08-22 04:07:23,Part 2: @maddow tracks the dangerous &amp; deadly decisions to #COVID19 made by the #CriminalInChief aka #TraitorTrump'… https://t.co/I5b88L7BTp,"['COVID19', 'CriminalInChief', 'TraitorTrump']",Twitter for Android,False
Lee Hiller 💛🐝VeganⓋVoter💙🔥,Arkansas,✨Wed 2 my beloved @RickLondon #AutisticAcceptance ✨ #vegan #treehugger from #Oregon living in red zone ✨ #BlackLivesMatter ✨ #HRC #KHive #BidenHarris2020 ✨,2009-01-13 21:32:16,30924,32240,73425,False,2020-08-22 04:19:06,"🌸✋🌼😷💮👐🌸😷🌼✋💮
#facemasks #facemasks4all
#gifts #shoppingonline #healthandsafety #onlineshopping #socialdistancing… https://t.co/gipP9j7eAJ","['facemasks', 'facemasks4all', 'gifts', 'shoppingonline', 'healthandsafety', 'onlineshopping', 'socialdistancing']",Tweet Suite,False
The Logical Indian,India,"Handpicked, newsworthy stories which deserve the attention of a rational generation.
https://t.co/u8aJrTvzxw",2013-12-27 19:58:01,86479,2068,2442,True,2020-08-22 04:28:03,"According to the study, relative humidity of 40 to 60 percent could reduce the spread of viruses and their absorpti… https://t.co/BxUPb8pFSU",,TweetDeck,False
Steve Williams,,,2016-08-02 21:25:23,498,307,45120,False,2020-08-22 04:39:55,@brithume @RepAndyBiggsAZ @DavidMuir and @ABCWorldNews pandering and fear mongering is pathetic asking questions Ab… https://t.co/jJRsAypVD9,,Twitter for iPhone,False
Conservative in Utah,,"Christian, husband, father, genealogist, movie fan, blogger, and author, and I still have time for a day job.  https://t.co/2qaY85tR7w",2015-05-04 01:43:50,42,54,13887,False,2020-08-22 05:00:06,"Davis County has 3,542 cases, 200 hospitalizations, and 21 deaths.  There were 46 new cases which is the highest am… https://t.co/Kl6L8afmGY",,Twitter Web App,False
MPPSC ADDA,,MPPSCADDA is an initiative by ACHIEVERS to help aspirants clear MPPSC Exam.,2020-06-05 22:06:49,61,57,6,False,2020-08-22 05:17:00,"On this occasion of Ganesh Chaturthi, I wish Lord Ganpati visits your home with bags full of happiness, prosperity,… https://t.co/wZU7b04kc1",,Twitter Web App,False
Telugu Bullet,World Wide,"Get the latest News on Andhra Pradesh, Telangana, National, Business, Technology, Cinema, Celebrity Galleries, and more.",2016-05-21 11:46:41,731,908,1,False,2020-08-22 05:56:10,Subdued start to Onam celebrations in Kerala amid Covid https://t.co/2VtDaj3NOC #covid19 #onam https://t.co/tyUzu7gtFP,"['covid19', 'onam']",Hootsuite Inc.,False
Parent Security,,#Parents who want to keep their #children #safe #Read #ParentSecurity. #teens #kids #schoolshooting #schoolsafety,2012-09-13 14:16:45,103,43,8,False,2020-08-22 06:01:32,"Beshear reports 785 new COVID-19 cases, eight deaths; 97 are kids under 18; wear those masks | #covid19 | #kids | … https://t.co/qJVBXXYlfc","['covid19', 'kids']",WordPress.com,False
"Indrit Vucaj, Ph.D.",,,2010-09-27 15:02:59,372,723,14,False,2020-08-22 07:04:13,"Follow latest #learn4life #education advice, tools, and events by iste: When #COVID19 hit and schools closed, stude… https://t.co/UA41wSgEQO","['learn4life', 'education', 'COVID19']",IFTTT,False
AsherSunset,,.,2020-08-22 07:08:05,0,11,0,False,2020-08-22 07:14:12,#COVID19  is one of my worst nightmare,['COVID19'],Twitter Web App,False
AfrOptimist,Wakanda ,Passionate about building Africa-centric companies. Co-Founder at @ANDA_GLOBAL &  @Dwelner1. #DigitalTransformation #TheAfricaWeWant,2014-08-24 07:20:45,1510,50,109340,False,2020-08-22 07:23:36,"""The ongoing #Covid19 crisis has ravaged global #economic activity, has severely disrupted #trade and global… https://t.co/qt5eWwAWlz","['Covid19', 'economic', 'trade']",LinkedIn,False
SHEDRACK MWAI KINYALI,,,2020-03-28 16:38:41,13,127,4,False,2020-08-22 07:50:29,"@ndataniplots_Ke 
""Hepa Landlord Na Ndatani""
...by owning your own through
Ndatani step -by-step housing plan… https://t.co/BrGU3fOSBA",,Twitter for Android,False
Shi 💖 #WearAMask #SocialDistancing #StayHealthy💖,WORLD CITIZEN💙 DM-FREE ZONE,"MSc. Climate Change | Environment | Energy | Sustainability. Proud supporter of change-makers. #AI #Science #Art #Photography #CyberSecurity NO DM, Please",2008-09-26 23:20:04,32856,14149,73918,False,2020-08-22 08:16:21,"#AI model suggests #COVID19 will grow more infectious https://t.co/pHCyoMoZSM 
TY, @DrIanWeissman &amp; @DrHugue… https://t.co/hFMJ9Vmar1","['AI', 'COVID19']",Twitter Web App,False
MP,,,2020-04-02 00:41:42,83,0,8619,False,2020-08-22 08:18:29,"#WakeUpAmerica #WakeUpWorld 
#medicalfascism #covid1984 #COVID19 #Covid_19  #covid #CrimesAgainstHumanity… https://t.co/ZE3tw6BfEH","['WakeUpAmerica', 'WakeUpWorld', 'medicalfascism', 'covid1984', 'COVID19', 'Covid_19', 'covid', 'CrimesAgainstHumanity']",Twitter Web App,False
Amber Support,United Kingdom,"Rated Top UK 2%. IIP Gold Award. Supporting people to live the life they want to live; Day Service, Home Care, Supported Living and Home Respite",2010-04-24 14:29:27,8255,8264,1117,False,2020-08-22 08:20:33,"For our 105th (!!) #MusicMoments session, Gaby's mum joined in to celebrate; you will be blown away by her piano sk… https://t.co/xCnoL0uPeQ",['MusicMoments'],Twitter Web App,False
Werindia,"India and USA, 5 years Old","India's #1 Digital News website with 500+ English & Hindi Newspapers, and 100+ Menus, & keep adding. Try our Free Apps. Dynamic Team. #IndiaNews",2013-06-17 19:02:28,3343,3084,876,False,2020-08-22 08:33:02,Bengal Gov. Orders For Free #COVID19 Treatment In Private Hospitals https://t.co/e6aMQz8QL4 #Fusion #WeRIndia https://t.co/bqXXe1cYCR,"['COVID19', 'Fusion', 'WeRIndia']",Buffer,False
Rob Ferrer,"Leamington Spa, UK","Father, husband, Explorer Scout leader, CTO at @PrestoClassical. Enjoys the outdoors.",2009-02-06 15:15:52,463,441,1275,False,2020-08-22 08:42:16,"What's the point in the government rules/guidelines on #COVID19?

Our local PCSO shared a photo of him chatting to… https://t.co/UXKy7In9Dn",['COVID19'],Twitter for Android,False
Mel Bartley,,Born 1947. Far left socialist & Ultra-Remainer. Macro-social epidemiologist. Unemployment / job insecurity & health. Trains/trams. Badgers. .,2009-10-22 19:35:18,5925,4736,10409,False,2020-08-22 09:18:56,Question: how long did it take for native people invaded by Europeans to become resistant to viruses like common co… https://t.co/bBK2NyFd3D,,Twitter Web App,False
Prasar Bharati News Services,,"Digital News Service of India’s Public Broadcaster - Breaking Alerts, Digests & curated Developing Stories from across the Globe.Also on https://t.co/q7eM98YxLj",2019-04-01 13:51:43,51708,60,15,True,2020-08-22 09:38:13,Ganesh Chaturthi is being celebrated across the country amid #COVID19 pandemic with all precautions. People in Bang… https://t.co/DFyf8oVuvq,['COVID19'],TweetDeck,False
GlobalPandemic.NET,WORLDWIDE,Breaking News & Critical Information to SURVIVE the Coronavirus Outbreak / Civil Unrest,2010-07-13 21:58:05,26091,25343,2,False,2020-08-22 09:39:42,"ALERT: Hospital staff members say they can't get coronavirus tests,
are forced to reuse PPE - Global Pandemic News… https://t.co/vxS8rIvlBE",,GlobalPandemic.NET,False
brianct,australia,"interested in buddhism, esp Dzogchen, like to travel. like to read, esp fantasy, scifi, mysticism and folklore. Fave film Avatar.",2014-07-27 22:40:21,1842,390,33742,False,2020-08-22 10:08:08,"In Spain rally against mandatory imposition such as mandatory masks 
@Charlotte3003G @robinmonotti @OffGuardian0… https://t.co/Ay3KMIquIz",,Twitter Web App,False
White Rabbit,,Supporting digital privacy and free speech. Raising awareness of the aggressive expansion and abuses perpetrated by the Communist Party of China and its allies,2020-08-22 09:12:59,0,0,0,False,2020-08-22 10:16:55,Chinese military publications from 2015 and 2017 specifically describe Biology as among seven “new domains of warfa… https://t.co/3Zo9HKKX77,,Twitter for iPhone,False
Firstpost,"Mumbai, India","Incisive opinions, in-depth analysis and views that matter. Read the last word in news on https://t.co/yXH6L1LeiM.",2011-02-23 13:09:22,2078381,902,361,True,2020-08-22 10:28:30,"A low-cost saliva test that will enable people to collect their own samples with minimal discomfort, without invasi… https://t.co/dgEQ1OGJNk",,Twitter Web App,False
Pachamama has a posse,,"I / we

#ttrpg

#pnpde

#rpglifeuk

#appendixn

#nerdylegion",2016-03-20 08:21:41,766,4541,8662,False,2020-08-22 10:33:59,"Now imagine a mediaeval person walking around a modern town. No colour. No singing. Hardly any people, even without… https://t.co/RP8ew2EOMQ",,Twitter Web App,False
DWB-Foundation,"Nairobi, Kenya","A mentorship foundation that is dedicated in the realisation of SDGs no.4&5 through advocacy, mentorship and economic empowerment to the women&girls.",2018-08-19 02:08:04,276,248,1036,False,2020-08-29 19:45:02,"By supporting and caring for each other ❤️ during #COVID19 ,we will all win the fight against the spread of the vir… https://t.co/G9X1juaubV",['COVID19'],Twitter Web App,False
Vicky Woodcock,,,2020-08-05 11:26:38,9,34,389,False,2020-08-29 19:56:27,At #PeoplesPMQs @BorisJohnson committed to reading the #maternitypetition. Over 3m #ExcludedUK from #COVID19 suppor… https://t.co/lYLuhp0qF8,"['PeoplesPMQs', 'maternitypetition', 'ExcludedUK', 'COVID19']",Twitter for Android,False
US Army Fort Benning,"Fort Benning, GA","The Maneuver Center of Excellence provides trained, adaptive, combat-ready Soldiers and leaders to support a globally engaged Army. Following/RTs ≠ endorsement.",2009-05-21 13:43:32,40481,595,10561,True,2020-08-29 20:00:00,We remind all Soldiers assigned to Fort Benning that a violation of General Order #5 could result in UCMJ or admini… https://t.co/eQm0YgaFyM,,Twitter Web App,False
Miami-Dade County,"Miami, Florida",Official Miami-Dade County government Twitter account. #OurCounty The County adheres to FL Statute Chapter 119 public record laws.,2009-03-21 18:35:24,107375,378,1451,True,2020-08-29 20:00:14,Get tested. Do your part. Save lives. Schedule an appointment at https://t.co/JtaGmsIjQc for free testing sites loc… https://t.co/VbDqB9gxbB,,Salesforce - Social Studio,False
Johnson & Johnson Global Health,,Collaborating across Johnson & Johnson to change the trajectory of health for the most underserved around the world.,2013-08-02 14:05:35,37823,1304,12720,False,2020-08-29 20:02:56,"👏👏 We couldn’t agree more! #COVID19 has exposed the weak spots in our health systems, and when we strengthen #PHC a… https://t.co/1n2RKIcsq3","['COVID19', 'PHC']",Twitter for iPhone,False
Justin Mullins,Mississippi,I'm a 34 year old  from the southeastern US.,2009-04-22 17:47:21,54,41,1540,False,2020-08-29 20:10:43,Hit 112 days in OpenPandemics - Covid19 on World Community Grid this morning. I should hit my 120 day processing ti… https://t.co/iuBG6KRI3C,,Twitter Web App,False
Coronavirus Updates,,"COVID-19 (Coronavirus) Latest News & Statistics.
We post updates 24/7 as they come in, all stats are from official sources.
#Coronavirus #COVID19",2020-03-07 12:52:51,555,2,0,False,2020-08-29 20:14:49,"1,465 new cases and 12 new deaths in Israel 

[21:14 GMT] #coronavirus #CoronaVirusUpdate #COVID19 #CoronavirusPandemic","['coronavirus', 'CoronaVirusUpdate', 'COVID19', 'CoronavirusPandemic']",COVID19-Updates,False
Roham,,when you try you succeed,2020-07-23 06:17:27,0,27,165,False,2020-08-29 20:22:45,@JoeBiden 100%No because when lots of people death in USA for #COVID19 you can't or it's better to say you shouldn'… https://t.co/ype6guVlEh,['COVID19'],Twitter for Android,False
Covid-19 Statistic's,,Stats for #COVID19,2020-07-25 02:23:57,2,0,0,False,2020-08-29 20:23:53,"Country: [Benin]
0 confirmed cases of #COVID19 for today Saturday, August 29th 2020, 4:22:42 pm.
2,145 total cases confirmed in Benin!",['COVID19'],,False
RachelGoodstein,EnRoute,,2010-11-11 23:22:26,438,748,37861,False,2020-08-29 20:27:13,"ICYMI @SpeakerPelosi @SenSchumer @ChuckGrassley @splcenter 
#COVID19 as terrorist weapon https://t.co/ovHLJMIZB0",['COVID19'],Twitter for iPhone,False
Dee Sull,"Las Vegas, NV","Attorney, mother,travel enthusiast and lover of humanity.Founder of #SullGlobal.",2016-11-10 02:43:18,289,457,8654,False,2020-08-29 20:34:21,"Yesterday,I was deeply saddened and hurt for my client who passed away untimely from Covid19.We were obtaining lega… https://t.co/oJxoX1ndjl",,Twitter for iPhone,False
Tim White,Ireland,"Techie, Gadget lover, Software developer, musician, CoderDojo mentor",2010-09-01 12:00:05,267,241,10270,False,2020-08-29 20:50:30,For all those saying that because hospitalisations are down we don't need to be as careful about #COVID19 anymore -… https://t.co/iEYI5N5a6m,['COVID19'],Twitter for Android,False
"Beth S. Linas, PhD, MHS (she/her)","Washington, DC","Infectious Disease & Digital Health Epidemiologist |#SciComm| @AAAS_STPF, @JohnsHopkinsSPH, & @BrandeisU alum | @500wsDC & @500womensci |she/her|",2009-06-19 20:41:33,10956,9255,85665,True,2020-08-29 20:55:38,This is pretty concerning...what’s behind the #COVID19 test refusal? Can’t the school prevent their attendance if t… https://t.co/8nkQSCenTO,['COVID19'],Twitter for iPhone,False
Gamechangers,"Huntington Beach, CA ⚡️","🌿 Organically bringing people together and inspiring along the way 📍Surf City, USA",2013-06-25 20:51:28,1501,1219,11671,False,2020-08-29 21:03:58,When #COVID19 is over and we can finally be social again 😂 https://t.co/VVqMfmAsBt,['COVID19'],Twitter for iPhone,False
Alameda County Public Health Department,Oakland,"The official Twitter account for the Alameda County Public Health Department. For COVID-19 info/resources, visit https://t.co/dCSvAGjah9.",2013-06-21 16:12:59,5115,559,623,False,2020-08-29 21:10:02,You know what looks great with any summer look?              A face covering that will stop the spread of #COVID19… https://t.co/OSSTElFluV,['COVID19'],Hootsuite Inc.,False
CoViD19-ΛFЯICΛ,Sénégal 🇸🇳,"E-tracking maps and data on the #covid19 in Africa.
Données et cartes #MadeinAfrica, ouvertes et détaillées sur le #covid19 en Afrique.",2019-02-08 19:35:12,5158,934,11921,False,2020-08-29 21:11:48,"SOMALIA

35 new confirmed cases of #CoViD19SO, 2 new deaths, 98 new recoveries

Total:
- Confirmed cases of… https://t.co/PQzB8naxeW",['CoViD19SO'],Twitter Web App,False
tomasz przechlewski,Sopot,"research worker (retired), keen cyclist, union rugby enthusiast and long-term linux user.
Annoying anonymous users are blocked. Upierdliwe anonimy są blokowane.",2011-04-26 13:52:00,127,695,7003,False,2020-08-29 21:17:33,#coronavirus #COVID19 Data from https://t.co/ns0qnOhnzm https://t.co/EtgymD7P0T,"['coronavirus', 'COVID19']",tprzechlewski.app,False
Dushyant Vachhani,,,2010-02-11 00:42:17,38,44,53,False,2020-08-29 21:31:20,@Bardicvoice Do in person #EarlyVoting (able &amp; willing) as it gets counted on Nov-3 EOD. e.g. #NewYork's early voti… https://t.co/6u0WJYM9g1,"['EarlyVoting', 'NewYork']",Twitter Web App,False
EpiTrace© Sentinel Solutions Inc.,Canada 🇨🇦,Real-time pandemic early warning system designed to protect people & communities. Made in Canada. Join us on this global mission to save lives! #covid19 #health,2020-08-26 02:51:36,36,756,51,False,2020-08-29 21:33:51,"#Children with no COVID-19 symptoms may shed virus for weeks 

https://t.co/oXixcn0xe9 #covid19 https://t.co/4DWkHkX2E1","['Children', 'covid19']",Hiplay,False
Monique,Oklahoma,I have a love for essential oils and have studied them to craft therapeutic and medicinal products to share. Please support me in building my business.,2020-08-28 18:58:25,1,33,15,False,2020-08-29 21:54:32,"Tackle those seasonal allergies with essential oils. #Covid19
https://t.co/iRWvf6yst0 https://t.co/ZfL7n5XXt3",['Covid19'],Twitter Web App,False
"Stephen Beckett, PhD","Atlanta, GA",Marine microbiology and virology. Computational ecology.  Bipartite networks. Scientist @GeorgiaTech in the @Weitz_group. Searching learning & coffee converting,2011-10-04 17:35:15,1274,2137,6877,False,2020-08-29 22:13:42,"Today in GA: +2386 cases, +198 hospitalizations, +105 deaths (3rd highest) recorded since yesterdays report.… https://t.co/oS835SD060",,Twitter Web App,False
Rocco Vertuccio,New York City,"Native NY'er , journalist at NY1 . Tennis lover , bike rider, Broadway fan, biography reader. Proud Italian-American. ( links ,retweets are not endorsements.)",2009-01-20 03:01:41,3240,1962,10952,False,2020-08-29 22:17:08,"⁦@metmuseum⁩ reopens after historic closure
By ⁦@APaolicelli17⁩ 
#COVID19 #NYC  https://t.co/HZQZUPzYvW","['COVID19', 'NYC']",Twitter for iPhone,False
1VocalGuy,,"Dad, Husband, CFL Fan, hard rock, politics, 100% Canadian eh! Opinions are my own, not my employer's. Retweets are not endorsements. Centrist drifting left.",2010-04-25 23:05:42,162,131,452,False,2020-08-29 22:28:20,"Is anyone else concerned with the mortality rate for #COVID19? Total cases in Canada: 127,614. Total deaths: 9,113.… https://t.co/jbTEZx8neD",['COVID19'],Twitter Web App,False
Erin Hannah,"Glasgow, Scotland",🙈💕💃🏼,2016-09-01 06:24:24,46,169,488,False,2020-08-29 22:35:18,Really wish @marksandspencer would bottle up their hand sanitizer they have in stores! Legit the best thing about 😍… https://t.co/qqluzngdpe,,Twitter for iPhone,False
mabel able🌺HI🇺🇸💖🌄🎤🐦🗻🦞🏝️🎶🖼️🐕📽️🦊🎄🥮,,"Truth,Love,shall LIVE
myLife's moreThanThriller
SOS走向死亡
Locked inToxicReal&HmJail
CleanAir,AllBasicLivngNeeds-Luxry
Disfiguremnt,daily
TheycanKillme,Can'tDTruth",2013-01-20 21:31:12,348,315,10773,False,2020-08-29 22:38:09,"Erh, this #covid19 is a #pandemic
Every leader from every nation has  casualty in their hands
Everyone of then tryi… https://t.co/y1pRkqMmoJ","['covid19', 'pandemic']",Twitter Web App,False
Coronavirus Updates,,"COVID-19 (Coronavirus) Latest News & Statistics.
We post updates 24/7 as they come in, all stats are from official sources.
#Coronavirus #COVID19",2020-03-07 12:52:51,555,2,0,False,2020-08-29 22:43:36,"850 new cases and 17 new deaths in Japan 

[23:43 GMT] #coronavirus #CoronaVirusUpdate #COVID19 #CoronavirusPandemic","['coronavirus', 'CoronaVirusUpdate', 'COVID19', 'CoronavirusPandemic']",COVID19-Updates,False
CM Haughey Solicitors,"Dublin 8, Ireland",Personal Injury and Clinical Negligence Practitioners,2011-12-16 12:39:02,796,1858,6571,False,2020-08-29 22:44:54,"#Civilliberties group concerned at how #COVID19 -19 laws being drawn up
via @IrishTimes
https://t.co/iqf7E6XXrc","['Civilliberties', 'COVID19']",Twitter for iPhone,False
Michele Capobianco,"Italy, Europe, Planet Earth","#Resilienza! #Resilienza! #Resilienza!
""Spargete voce che il vento sta cambiando""!
Il mio riferimento è la #Costituzione...
😷😷😷 🐟🐟🐟",2018-09-01 15:59:43,308,272,19672,False,2020-08-29 22:52:45,@BallouxFrancois This is the reason why politics do exist... #politics is supposed to find and define the way to ba… https://t.co/A1RcBOwvEF,['politics'],Twitter Web App,False
💧kimworldwide,,,2009-11-09 00:18:01,2008,4161,71977,False,2020-08-29 23:00:56,"#LNP economic credentials pre #Covid19 
Clear enough for @insidersabc to mention it?
Nah #Justkidding 
more importa… https://t.co/xVt2oxVo22","['LNP', 'Covid19', 'Justkidding']",Twitter Web App,False
ActivistBowen,Hong Kong,"person, web writer, dissident, son, brother, friend; NOT a 1-man show; RTs = IMPORTANCE, NOT NECESSARILY ENDORSEMENTS; REASONABLENESS over loyalty",2011-06-08 20:17:01,3225,4015,4309,False,2020-08-29 23:05:15,"PBS NEWSHOUR WEEKEND (August 30, 2020; 5:29 HKT) #COVID2019 #COVID19 #EDUCATION #PBS","['COVID2019', 'COVID19', 'EDUCATION', 'PBS']",Twitter Web App,False
ActivistBowen,Hong Kong,"person, web writer, dissident, son, brother, friend; NOT a 1-man show; RTs = IMPORTANCE, NOT NECESSARILY ENDORSEMENTS; REASONABLENESS over loyalty",2011-06-08 20:17:01,3225,4015,4309,False,2020-08-29 23:05:48,"students &amp; parents gearing up for an UNFAMILIAR school year (August 30, 2020; 5:29 HKT) #COVID2019 #COVID19 #EDUCATION","['COVID2019', 'COVID19', 'EDUCATION']",Twitter Web App,False
covid,,,2020-08-23 23:08:36,0,0,0,False,2020-08-29 23:09:15,This infographic is intended to raise awareness towards ending the stigma around Covid-19. #covidcourse #covid-19… https://t.co/9ZDAgV2c4k,"['covidcourse', 'covid']",Twitter for iPhone,False
Alcohol Awareness,Greater Vancouver,"JMF Research BC-Specializing in Alcohol ,Community Public Health and Safety advocate Retired Fire Chief,Musician(Keyboard Player)etc.",2011-11-05 02:21:51,8875,6573,285130,False,2020-08-29 23:12:34,@lisa_proust Yes your body's a temple. keep the spirits out! Including to fight infections and diseases #COVID19,['COVID19'],Twitter Web App,False
Brady Wakayama,"Albuquerque, NM",@KRQE News Reporter | aka Panda Star | @WSUPullman Alum #GoCougs | @AAJA Member | IG: bradywakayama | email: Brady.wakayama@krqe.com,2011-08-25 05:53:21,653,165,10629,True,2020-08-29 23:14:56,"Starting today, #NewMexico diners can eat inside again, more than a month after the state shut down indoor dining s… https://t.co/LEJYXA9fbl",['NewMexico'],Twitter Web App,False
Dushyant Vachhani,,,2010-02-11 00:42:17,38,44,53,False,2020-08-29 23:17:34,@lisareynaloe #VoteEarly #Indiana's #EarlyVoting via #AbsenteeBallot begins Oct-06 &amp; ends Nov-02. #POTUS #DeJoy tac… https://t.co/hf1n6XKvtg,"['VoteEarly', 'Indiana', 'EarlyVoting', 'AbsenteeBallot', 'POTUS', 'DeJoy']",Twitter Web App,False
Michelle H 👩🏻‍🔬🐰❤️️🇨🇦 Masks save lives,Treaty 1 Territory / Winnipeg,"Married Biologist,enjoy spending time with my husband,family &friends. Travel,music,TEDx,arts,fitness,books, photos, RIP 🐰Audrey Hopburn, My tweets are my own",2011-05-15 18:52:10,3577,3384,96401,False,2020-08-29 23:22:44,"Please cut mask loops! 

Or ideally use a reusable one as it’s better for the environment.  ❤️🌎

#Covid19MB… https://t.co/gZrfiu3Tfv",['Covid19MB'],Twitter for iPhone,False
MASK! TEST! Black Lives Matter,"On a beach, I wish. Coalcliff.","Tea. Humanist.  Redhead. Omnivore.
ALP Left. Not a bit quiet.
Always was, always will be, Aboriginal land: Ngunnawal country: Australia.",2010-03-23 01:46:55,2780,5001,62721,False,2020-08-29 23:28:06,"#insiders China  now more interventionist, assertive, in Australia, in universities. Morrison good on announcements… https://t.co/qWXL9mfkAT",['insiders'],Twitter for Android,False
Jörn Erbguth (🚲🐟 stay @🏠),Geneva,"GDPR & Blockchain https://t.co/QBVHzV9eOr
Legal Tech, Smart Contracts, Anwaltspostfach beA
Skitouring Cycling Ultratrail
Postings might contain Satire or Irony",2008-04-19 12:20:33,1264,367,21808,False,2020-08-29 23:37:30,5 months ago it was already reported that #COVID19 can spread many meter through aerosols e.g. through pipes and ve… https://t.co/sC9usjhohR,['COVID19'],Twitter Web App,False
8min 46sec,Canberra,Twitter is my ONLY vice ... cartoons on @FB   https://t.co/eoO8qIiOAN,2011-09-14 02:31:09,7040,2213,26415,False,2020-08-29 23:43:47,#covid19.  #CovidAPP Where's Wally by @Cartoon4sale https://t.co/6CufkaPXvL #auspol #Insiders,"['covid19', 'CovidAPP', 'auspol', 'Insiders']",TweetDeck,False
Radu Manolescu,"Jersey City, NJ",,2010-05-24 23:49:05,337,1776,106607,False,2020-08-29 23:43:54,"@EricTopol Slow down testing (e.g. new CDC guidelines).
Take control of #COVID19 data.
Push out vaccine before it i… https://t.co/YueKz6GWA6",['COVID19'],Twitter Web App,False
National Law Review,"Chicago, IL & Denver, CO",Each month over 2 million legal & business professionals read the National #Law Review. Breaking #news added hourly. Visit us at https://t.co/pVt5M0tYzR,2009-07-10 20:29:37,33859,3596,4287,True,2020-08-30 00:40:02,"Given Remote and Hybrid Re-Opening of Schools, When Is a School “Closed” and When Can Employees Take Expanded FMLA?… https://t.co/ds8pZUwJ35",,Hootsuite Inc.,False
Rachelle Roe Studio,"Toowoomba, Queensland","Jewellery Designer ☆ Photographer ~ Sue Bryce student ☆ Anita Roe ☆ Signature range
Jewellery * handcrafted *
Est. 2003 https://t.co/RMvIK7IL1a…",2014-05-11 23:48:30,1389,3074,12386,False,2020-08-30 00:57:11,"Amen 🙏❤️
#COVID19 https://t.co/7G6H0IxF8z",['COVID19'],Twitter for Android,False
crflamesfan,,"Canadian female who believes in oil & gas and environment. If you counter my comments, please explain your view don’t deflect, incite hate or racism. 🙏 ☮️",2009-10-10 20:32:56,185,619,3373,False,2020-08-30 01:12:29,Why has this become political &amp; MSM driven @jkenney #cdnpoli #COVID19 Hydroxychloroquine uproar shows 'objective sc… https://t.co/UNOukhhlqq,"['cdnpoli', 'COVID19']",Twitter for iPad,False
Let Them Eat Cake,,"Generations of Democrats. VOTE! Proud multi-ethnic family.  Scottish/Irish/Japanese/Hispanic/Black #BlackLivesMatter.  Cancer survivor. No DM's, please.",2009-03-18 21:04:17,326,975,8265,False,2020-08-30 01:32:18,OMG!  I am crying!  I am so so sorry for your horrible loss.  I can't imagine your pain.  Know that I am praying fo… https://t.co/S20DtTKFKZ,,Twitter Web App,False
be the change,"Turlock, CA","Community members who believe the bedrock of our nation rests on inclusivity, diversity & optimism! #CA10 #Indivisible #BLACKLIVESMATTER",2017-03-29 02:28:32,3691,3915,18175,False,2020-08-30 02:17:03,"Stanislaus County 8/29/20 #COVID19 #Coronavirus 
Hospital 
Adult ICU Bed Availability 7.3%🚨 https://t.co/2EvGvAdL7b","['COVID19', 'Coronavirus']",Twitter for iPad,False
China Xinhua News,"Headquartered in Beijing, PRC","We are public media for the public good. We don't pursue corporate interests, nor will we yield to the pressure of ideological stigmatization and political bias",2012-02-09 01:10:18,12656343,64,0,True,2020-08-30 02:26:43,No new locally-transmitted #COVID19 cases reported Saturday across Chinese mainland https://t.co/O8jrDa8Fzw https://t.co/jJjPnKJUmv,['COVID19'],China Xinhua News,False
TheKhan,Planet Earth,"RTs, likes&follows≠endorsement, Abbottabad, Quaidian& Healthcare Onclogy
The beloved you've lost The one you been seeking outside can only be found inside Rumi",2018-07-24 03:08:07,85,89,1630,False,2020-08-30 02:32:53,#COVID19 side effects https://t.co/446G22YRoC,['COVID19'],Twitter for Android,False
Elisabeth,,“My decision is very easy. I choose President Trump because I choose America. I choose Freedom.”    Independent with Libertarian tendencies. Facts over feelings,2020-03-23 03:15:06,33,373,738,False,2020-08-30 02:45:40,"Open up America. Let people get back to work and get back their lives. 

#COVID19 #coronavirus https://t.co/JevsjV3F0a","['COVID19', 'coronavirus']",Twitter for iPhone,False
World Knowledge Forum,"Seoul, Korea","A non-profit entity, which aims to promote global prosperity through knowledge-sharing. Asia’s largest annual business event hosted by Maekyung Media Group.",2009-05-14 06:08:43,1514,304,163,False,2020-08-30 02:47:30,"What will #Korea_ASEAN relations be like in the #COVID19 #pandemic? 
""The #coronavirus can open a new opportunity t… https://t.co/4n3QeQIhnB","['Korea_ASEAN', 'COVID19', 'pandemic', 'coronavirus']",Twitter Web App,False
rose lane,,,2009-02-27 02:09:30,493,629,37173,False,2020-08-30 02:51:37,Our infection-control response is broken. We need a new model - and fast https://t.co/SHozOabcor #Australia #health #covid19,"['Australia', 'health', 'covid19']",Twitter Web App,False
Angel Rivera,"New Jersey, USA",@Yankees @nyknicks @Giants fan. I'm a economic populist and the Democrats need to earn my vote...if they can.,2009-05-02 01:43:37,1662,2251,11174,False,2020-08-30 02:58:37,Really we are still on this #COVID19 nonsense? We are going to get through this just like America gets through ever… https://t.co/e0sYsTu0tH,['COVID19'],Twitter for Android,False
Vrsatile (Micah Woods),"Rock Hill, SC","Husband ✊🏽 Techie 😆
Content Creator/Photographer
IG: Micahwoods8
Business Inquiries: micah@vrsatilephotography.com
Cash App: $micahwoods8",2018-07-13 12:18:27,311,424,22310,False,2020-08-30 03:13:57,"I drank some cherry coke today from Zaxby's, and it instantly reminded me of drinking cherry coke at the movie thea… https://t.co/J3eyHHam9b",,Twitter for Android,False
solmelu,Mangaluru,"News, Information, Entertainment of coastal city of Mangaluru (Dakshina Kannada) & Udupi & more.",2020-04-29 12:57:37,15,107,4,False,2020-08-30 03:17:18,"Top 6 must-know, daily bulletins of the day!

#India #Karnataka #Udupi #keralacm #Kerala #pinarayivijayan #lockdown… https://t.co/ZjKLeQr3NP","['India', 'Karnataka', 'Udupi', 'keralacm', 'Kerala', 'pinarayivijayan', 'lockdown']",Twitter for Android,False
Lillian Saleh,"Sydney, Australia","National Editor, Network News @newscorpaus
Love a good yarn and a good yack.",2014-01-27 07:30:11,3886,1512,7332,True,2020-08-30 03:21:41,This is a lovely read via @cameron_adams #KateCeberano’s ’surprising’ new gig after being forced into #COVID19 lock… https://t.co/7STft8u7pT,"['KateCeberano', 'COVID19']",Twitter for Android,False
Paperbirds_Coronavirus,,Paperbirds_coronavirus is an initiative committed to deliver unbiased daily literature updates about the COVID-19 outbreak to health care professionals,2019-11-05 15:55:40,145,3,17,False,2020-08-30 03:40:32,"In the news: Coronavirus in Georgia | Latest updates for Aug. 29, 2020 https://t.co/89VXaNLjQx #coronavirus #COVID19 #2019ncov","['coronavirus', 'COVID19', '2019ncov']",dlvr.it,False
Healthy Lifestyle Network,,Follow us on Facebook and Pinterest for more healthy advice and daily routines.,2020-04-23 10:25:21,238,223,14,False,2020-08-30 03:53:23,"Food and Juice Trends to Watch Out For in 2017

https://t.co/HLTKidlcaV

#vegan #fitness #covid19 #goals #corona… https://t.co/qdlsWl4v1f","['vegan', 'fitness', 'covid19', 'goals', 'corona']",Integromat,False
SHONAL PRASAD,"Brisbane, Queensland",Quality Inspector | Dancer | Food Lover,2012-08-26 06:24:35,129,113,406,False,2020-08-30 04:11:09,Police were doing breathalyzer test in Ashgrove (QLD) on Thursday (27/08) at 2pm! You do know its risky doing it wh… https://t.co/Ma0qBMdrEj,,Twitter for iPhone,False
Global Resilient Cities Network,,This is the official account for the Global Resilient Cities Network. Instagram: globalresiliencenow. Retweets not an endorsement. #resilientcities #GRCN,2019-12-02 22:46:13,3358,1708,938,False,2020-08-30 05:00:36,"“Density can be good for #cities, delivery costs and carbon emotions are lower from shorter trips and lower energy… https://t.co/wcXlt004j0",['cities'],Hootsuite Inc.,False
AisaY WesaY LooG,,Nothing,2020-04-09 14:23:40,47,57,10020,False,2020-08-30 05:24:35,@WarHawk099 @first_hindustan @TibetPeople @taiwanformosan @A31X64Vijay @jacknikurausu @David_F_Priest @Aneelgs… https://t.co/lFEPLNabca,,Twitter for Android,False
BuQ19 💙,United Kingdom,"Husband, Father, From Liverpool, Former Soldado, veteran. From real soldier to digital soldier.  #LFC #17 #AllLivesMatter
https://t.co/Z6Poo4nCHq",2020-06-25 10:27:31,240,624,217,False,2020-08-30 05:30:54,"A massive surge in fact checking on wearing face masks aka face nappies this morning, their own mask of bullshit is… https://t.co/43EaM9BpKT",,Twitter for Android,False
Dr. X,The Fallen Republic,"Ph.D. - Security Studies, Mil/Intel-CI/CT Analyst, Geopolitics, Strategic Forecasting, Global Nomad & Whistle-blower.",2016-03-28 17:19:25,2603,3100,36051,False,2020-08-30 05:50:35,"US population 2020:  330 Million

US Working Population  2020 (18-64 yrs): 194 Million

Under the… https://t.co/maUhfImAOM",,Twitter Web App,False
AcademyOfFabStuff,,"Sharing fabulous things about the NHS & Social care. A collaboration to ensure best practice examples, great ideas and service solutions are available to all.",2015-01-21 08:47:12,29855,855,36030,False,2020-08-30 06:01:01,"Check out the #NoGoingBack campaign page &amp; all the shares and videos within it 📽️...

https://t.co/J0QXr7viz7… https://t.co/DuFLtPQtq5",['NoGoingBack'],Hootsuite Inc.,False
OdishaDiary,Bhubaneswar,"Branding #Odisha Globally, Oldest news portal of the state| Imp Initiatives of OD: Living Legend Awards | @kalingalitfest | #Mystickalinga |#Kandhmallitfest",2010-01-06 17:28:13,23139,463,5271,False,2020-08-30 06:05:28,#Odisha: #Sambalpur District reports 102 new #COVID19 Positives Cases in last 24 hours https://t.co/9ZQjfDi0tb,"['Odisha', 'Sambalpur', 'COVID19']",WordPress.com,False
💥Cookie DeCleyre💥,,Outraged Seattle Leftist with Dark Sense of Humor #AbolishICE #ChingaLaMigra,2015-09-09 18:39:14,1888,3009,13658,False,2020-08-30 06:24:34,"I am so sick of these white supremacists &amp; their guns &amp; #Trump nonsense

The #GOPComplicitTraitors
Want this violen… https://t.co/bl7b0lQa9L","['Trump', 'GOPComplicitTraitors']",Twitter for Android,False
Michael C Findlay,"New York, NY","I have a diverse background, with interests and skills in the fields of music, television,  theater and computer technology, Creator /Director of Multi Talented",2014-09-05 05:01:24,31,243,18,False,2020-08-30 06:42:53,#covid19 New YORK need to stop using the SUBway,['covid19'],Twitter Web App,False
Paperbirds_Coronavirus,,Paperbirds_coronavirus is an initiative committed to deliver unbiased daily literature updates about the COVID-19 outbreak to health care professionals,2019-11-05 15:55:40,145,3,17,False,2020-08-30 06:44:32,"In the news: LA County reports 1339 new coronavirus cases, 27 deaths https://t.co/7Ju33Ml6DE #coronavirus #COVID19 #2019ncov","['coronavirus', 'COVID19', '2019ncov']",dlvr.it,False
Africa CDC,"Addis Ababa, Ethiopia",@AfricaCDC is a technical institution of the @_AfricanUnion strengthening the capacity of Member States to respond quickly and effectively to disease threats.,2015-04-08 20:09:53,94443,5644,3194,True,2020-08-30 06:54:37,"#COVID19 update in Africa... 29 August 2020 as of 9AM EAT. Total cases... 1, 228, 971 Total deaths... 29, 087 &amp; Rec… https://t.co/bJBYNDGdLY",['COVID19'],Twitter Web App,False
COVID19 News,WORLDWIDE,"""After all it really is all of humanity that is under threat during a pandemic."" ~ Margaret Chan
Latest Verified News and updates #COVID19 #coronavirus",2019-02-11 06:22:48,85,130,1,False,2020-08-30 07:06:24,"About '70 to 80pc' of Victorian healthcare workers with COVID-19 caught it at work, Government reveals  - ABC News… https://t.co/nyRRIeyfRV",,ContentStudio.io,False
Rohingya Response,"Cox's Bazar, Bangladesh","The Rohingya refugee response is led by the Govt of Bangladesh, assisted by the Snr. Coordinator who is supported by the Inter Sector Coordination Group  (ISCG)",2018-06-10 10:29:40,2774,127,2021,False,2020-08-30 07:09:17,Promoting good hand hygiene is a basic and powerful tool to mitigate the spread of #COVID19. In #Rohingya #refugee… https://t.co/mcRUfCC9as,"['COVID19', 'Rohingya', 'refugee']",Twitter Web App,False
🐾JoyceG🆘🩸❤🗽✌🎗,California ,"Watchdog for Healthcare Workers & Vets. Diversity evolves over time, how you shape humanity evolves you. #ACLU #She/Her #Vegan #WeWontGoBack #ERA #LGBTQ",2015-09-11 17:33:55,5400,5886,36149,False,2020-08-30 07:13:18,"@DrEricDing threats, threats, threats..... the new location, location location.
Many watchdogs... and appreciate th… https://t.co/LKJx2HSazR",,Twitter Web App,False
Adriel Stoltzfus,,✞ 𝙷𝚞𝚖𝚊𝚗𝚒𝚝𝚊𝚛𝚒𝚊𝚗 ⁣ ✪ 𝙽𝚁𝙴𝙼𝚃-𝙰 ⁣ ✪ BLS- 𝙸𝚗𝚜𝚝𝚛𝚞𝚌𝚝𝚘𝚛 ⁣ ✪ 𝙰𝙲𝙻𝚂 - 𝙸𝚗𝚜𝚝𝚛𝚞𝚌𝚝𝚘𝚛 ⁣ ✪ 𝙿𝙰𝙻𝚂 - 𝙸𝚗𝚜𝚝𝚛𝚞𝚌𝚝𝚘𝚛 #votegold,2012-05-12 20:16:37,293,636,19219,False,2020-08-30 07:22:16,@SannWendel I bought a lot back when I saw that the DOJ had arrested two Chinese nationals (one active Chinese mili… https://t.co/6NJmrWqq85,,Twitter for iPhone,False
TNT-The Northeast Today,"Shillong, India","TNT – The Northeast Today is the Northeast’s first fully digital news portal. Launched in Aug 2007, it started off as a print magazine.",2013-10-15 11:09:37,6909,234,117,False,2020-08-30 07:48:06,"TNT | ASSAM
#COVID19: #Assam may face Oxygen shortage; 21 per cent positivity rate for #Tripura
DETAILS: https://t.co/YmFMN9exLk","['COVID19', 'Assam', 'Tripura']",Twitter Web App,False
The Secret Medical Student,UK,"Musings of a #medstudent. Enrolled Aug 2020, first #COVID19 cohort. Living with mental health. Lots of virtual learning to come. #MedStudentTwitter 🏳️‍🌈",2020-08-29 11:02:39,2,18,0,False,2020-08-30 07:51:17,"BBC News - Coronavirus: University return 'could spark Covid avalanche' https://t.co/T9NijMmYM1 

Was only due to b… https://t.co/4YxezbGGPU",,Twitter Web App,False
Buddha,Earth,Doctor. neurologist.student.teacher.semi epidemiologist. semi techie.,2014-05-27 18:38:57,421,268,1069,False,2020-08-30 07:51:57,Most number of RT-PCR tests (92041) for #COVID19 in a single week yet in Chennai. https://t.co/Y4hodCTqGD,['COVID19'],Twitter Web App,False
Blue Wode,UK,Editor of an anti-quackery website with a strong focus on chiropractic (which needs to be defined unambiguously).,2009-04-27 14:53:56,3252,237,356,False,2020-08-30 08:13:28,BBC News - Germany coronavirus: Hundreds arrested in German 'anti-corona' protests https://t.co/ybI6GwoVpH  #Covid19,['Covid19'],Twitter Web App,False
𖤐 Stan36 𖤐,why would I tell you?,"Full stack web3 developer on IPFS and the Ethereum Virtual Machine.
Agorist, CryptoAnarchist & PoGo master. Here to shit post and learn shit. Meme thief.",2019-08-21 19:24:26,1786,3773,28185,False,2020-08-30 08:16:39,"Are we still pretending #COVID19 is a ""deadly pandemic"".

But muh 170k dead muricans!!!!! https://t.co/QPMOR8VGL5",['COVID19'],Twitter for Android,False
␕␕␕,"Washingon, D.C.","📻 📸 🏴 Web, radio, Indymedia, Nader, digital PA, nonprofit technologist. NYer. Autodidact. Photog. Dad. Professional anarchist. Just this guy, you know? 🥃",2006-11-16 19:56:59,573,1242,11587,False,2020-08-30 08:36:08,". @washingtonpost every day, on the front page - like the coronavirus (mostly?) has been. #COVID19 is likely to be… https://t.co/drwH3lRJj8",['COVID19'],Tweetbot for iΟS,False
Ademibayo ™,The state of pride ,"I consider d continuous virtues anyone does to me as an eraser, to erase any vice he/she might do thereafter *I luv Hymns.",2011-05-22 16:25:17,3821,2561,165,False,2020-08-30 08:58:11,"With the easing of the lockdown, some ppl believed that #COVID19 is gone.",['COVID19'],Twitter for Android,False
J Opacka,"London, England","Neuroscience Prof, #Scientist4EU, carer of elderly 🐱 Marmite |
💚 #Trees🌳 & #cats
Tweets 🧠 #brain stuff incl #Covid19-related, #AI, #SciComm, own views #FBPE",2013-08-22 20:53:37,3079,2878,41873,False,2020-08-30 09:04:41,"""COVID-19 is not just hazardous for elderly people, it is extremely dangerous for people in their mid-fifties, sixt… https://t.co/6s32IHjISo",,Twitter for Android,False
Natalie B 🔶️,England,"single mum. Lib Dem. outspoken on Freedom of speech and women's rights.
#womenuniting",2019-01-06 14:22:49,439,586,165,False,2020-08-30 09:07:25,I do find it interesting how the #Tories are bringing in policies that they told @UKLabour were unworkable pre… https://t.co/qS5eFBAorH,['Tories'],Twitter for Android,False
