{"type":"FeatureCollection","no_data_share":0.1,"features":[{"type":"Feature","properties":{"name":"Zimbabwe","iso3":"ZWE","geo_share":0.0029092,"carto_share":0.0009056,"target_share":0.0009068},"geometry":{"type":"Polygon","coordinates":[[[0.37635,-0.39597],[0.37421,-0.39446],[0.37135,-0.3951],[0.36644,-0.39286],[0.36447,-0.39374],[0.36292,-0.39211],[0.36276,-0.38858],[0.35971,-0.38677],[0.35671,-0.38614],[0.35495,-0.37926],[0.35578,-0.37153],[0.35323,-0.37116],[0.35327,-0.36636],[0.35021,-0.36314],[0.34749,-0.35838],[0.34609,-0.34563],[0.3448,-0.3415],[0.34375,-0.33536],[0.34412,-0.33358],[0.34642,-0.33369],[0.34763,-0.33537],[0.35058,-0.33462],[0.35323,-0.33587],[0.35485,-0.33442],[0.35811,-0.32753],[0.36212,-0.3181],[0.36792,-0.31205],[0.36961,-0.30417],[0.37225,-0.30087],[0.37519,-0.29872],[0.37936,-0.2982],[0.3793,-0.30294],[0.38425,-0.30266],[0.38682,-0.30481],[0.38813,-0.30744],[0.38996,-0.3074],[0.39394,-0.31011],[0.39327,-0.31247],[0.39326,-0.31729],[0.3915,-0.32895],[0.39105,-0.33292],[0.38794,-0.34318],[0.38842,-0.34453],[0.38738,-0.34921],[0.38753,-0.35686],[0.38498,-0.3679],[0.38382,-0.37118],[0.3829,-0.38084],[0.37722,-0.39454],[0.37635,-0.39597]]]}},{"type":"Feature","properties":{"name":"Zambia","iso3":"ZMB","geo_share":0.0056279,"carto_share":0.0017559,"target_share":0.0017543},"geometry":{"type":"Polygon","coordinates":[[[0.37936,-0.2982],[0.37519,-0.29872],[0.37225,-0.30087],[0.36961,-0.30417],[0.36792,-0.31205],[0.36212,-0.3181],[0.35811,-0.32753],[0.35485,-0.33442],[0.35323,-0.33587],[0.35058,-0.33462],[0.34763,-0.33537],[0.34642,-0.33369],[0.34412,-0.33358],[0.34247,-0.3302],[0.33856,-0.32983],[0.33301,-0.33283],[0.32795,-0.31971],[0.32718,-0.31844],[0.32701,-0.30901],[0.33021,-0.26386],[0.34143,-0.26277],[0.34107,-0.2599],[0.34193,-0.25411],[0.34224,-0.24207],[0.3428,-0.23849],[0.34261,-0.23024],[0.34452,-0.23328],[0.34445,-0.23789],[0.35018,-0.23559],[0.35017,-0.2415],[0.35405,-0.2454],[0.3574,-0.2465],[0.35955,-0.24531],[0.36022,-0.24099],[0.36112,-0.24079],[0.36295,-0.24965],[0.36788,-0.25377],[0.36895,-0.25901],[0.36969,-0.25936],[0.37165,-0.2668],[0.3728,-0.26718],[0.37502,-0.26488],[0.37648,-0.26661],[0.37678,-0.24861],[0.37532,-0.24935],[0.37445,-0.25278],[0.37223,-0.25163],[0.36882,-0.24367],[0.36814,-0.23871],[0.36945,-0.22829],[0.37004,-0.22623],[0.37024,-0.21323],[0.36912,-0.20376],[0.37043,-0.20134],[0.37232,-0.19549],[0.37271,-0.19177],[0.38299,-0.18744],[0.38342,-0.19046],[0.38477,-0.19403],[0.38633,-0.19397],[0.38815,-0.19875],[0.38969,-0.20108],[0.3925,-0.20279],[0.39534,-0.20691],[0.39587,-0.21035],[0.39704,-0.21048],[0.39806,-0.21429],[0.39794,-0.21704],[0.39935,-0.22026],[0.4004,-0.22589],[0.39821,-0.23029],[0.39914,-0.23438],[0.39845,-0.23988],[0.39913,-0.24499],[0.39892,-0.24816],[0.39999,-0.25347],[0.3975,-0.25536],[0.39701,-0.26374],[0.39483,-0.26929],[0.3967,-0.27501],[0.39811,-0.2748],[0.38822,-0.28211],[0.38157,-0.28696],[0.37877,-0.28948],[0.37936,-0.2982]]]}},{"type":"Feature","properties":{"name":"Yemen","iso3":"YEM","geo_share":0.0033798,"carto_share":0.0010557,"target_share":0.0010535},"geometry":{"type":"MultiPolygon","coordinates":[[[[0.64417,0.236],[0.63632,0.22913],[0.63157,0.22437],[0.62738,0.21827],[0.62656,0.21395],[0.61754,0.20583],[0.60993,0.20021],[0.60389,0.19626],[0.59854,0.19121],[0.59521,0.18935],[0.58711,0.18305],[0.58239,0.17845],[0.57553,0.16979],[0.57076,0.16718],[0.56784,0.16671],[0.55915,0.15748],[0.55132,0.15114],[0.53862,0.14319],[0.53373,0.13665],[0.53071,0.13408],[0.52777,0.12964],[0.523,0.12708],[0.51835,0.12219],[0.51209,0.1178],[0.50798,0.11804],[0.50922,0.12316],[0.51445,0.13004],[0.51558,0.13415],[0.52033,0.14248],[0.52326,0.14999],[0.52086,0.14967],[0.52423,0.15284],[0.52498,0.15602],[0.52887,0.16166],[0.52968,0.16569],[0.53541,0.17132],[0.53553,0.17438],[0.53729,0.18045],[0.54013,0.18345],[0.54468,0.18188],[0.54708,0.18356],[0.55665,0.18756],[0.55871,0.18715],[0.56847,0.19098],[0.5733,0.19397],[0.57489,0.19195],[0.57694,0.19316],[0.58188,0.19748],[0.58598,0.20299],[0.59715,0.21649],[0.60856,0.22665],[0.61032,0.22792],[0.64546,0.24859],[0.6443,0.24022],[0.64491,0.24049],[0.64417,0.236]]],[[[0.51953,0.14942],[0.52069,0.15134],[0.52133,0.15129],[0.51953,0.14942]]],[[[0.50476,0.12403],[0.50644,0.12581],[0.50759,0.12667],[0.50476,0.12403]]],[[[0.50937,0.12959],[0.50863,0.12971],[0.5105,0.13149],[0.50937,0.12959]]],[[[0.64198,0.16061],[0.64726,0.16262],[0.65174,0.16172],[0.6457,0.15695],[0.6378,0.1546],[0.63418,0.1569],[0.63945,0.1614],[0.64198,0.16061]]]]}},{"type":"Feature","properties":{"name":"Vietnam","iso3":"VNM","geo_share":0.0024438,"carto_share":0.0039549,"target_share":0.0039757},"geometry":{"type":"MultiPolygon","coordinates":[[[[1.45503,0.15617],[1.4542,0.15041],[1.45194,0.15569],[1.45503,0.15617]]],[[[1.45215,0.30475],[1.44451,0.29945],[1.44567,0.29326],[1.44319,0.29109],[1.43324,0.29383],[1.43724,0.28718],[1.43519,0.28304],[1.43663,0.27807],[1.43142,0.2731],[1.42755,0.27267],[1.42708,0.26671],[1.42948,0.26143],[1.42918,0.257],[1.4393,0.24813],[1.45587,0.23516],[1.45779,0.23128],[1.4653,0.22386],[1.47359,0.21748],[1.4754,0.21518],[1.48268,0.21239],[1.49001,0.20976],[1.49545,0.21054],[1.52457,0.20166],[1.5315,0.19986],[1.55097,0.19052],[1.55325,0.18849],[1.57267,0.17819],[1.57022,0.17858],[1.58065,0.17085],[1.59204,0.16556],[1.59878,0.16063],[1.59205,0.16334],[1.58926,0.16262],[1.60466,0.15005],[1.60118,0.14898],[1.60363,0.14583],[1.59779,0.14625],[1.58304,0.14364],[1.55119,0.1417],[1.5338,0.14707],[1.53613,0.14356],[1.52459,0.14723],[1.53172,0.14331],[1.5191,0.14539],[1.53689,0.14071],[1.53404,0.1385],[1.50647,0.1469],[1.53107,0.13847],[1.53701,0.13614],[1.53061,0.13598],[1.49885,0.14544],[1.51692,0.13866],[1.52411,0.13518],[1.50023,0.13419],[1.49655,0.13141],[1.49024,0.12993],[1.47811,0.12976],[1.47794,0.13213],[1.47154,0.14383],[1.47118,0.1474],[1.4753,0.14826],[1.47186,0.15165],[1.46385,0.15418],[1.4595,0.15814],[1.46489,0.16045],[1.46693,0.16346],[1.46554,0.16563],[1.47026,0.16483],[1.47068,0.16614],[1.47734,0.16568],[1.48198,0.16259],[1.49363,0.15821],[1.48869,0.16278],[1.47588,0.16991],[1.47304,0.17386],[1.47473,0.17489],[1.48316,0.17276],[1.48035,0.17591],[1.49169,0.17412],[1.49573,0.17462],[1.50574,0.17195],[1.50657,0.17422],[1.49513,0.18028],[1.49522,0.18332],[1.48341,0.18978],[1.48542,0.19393],[1.48415,0.19605],[1.48745,0.19859],[1.47845,0.20268],[1.48127,0.20536],[1.47442,0.20838],[1.47243,0.21073],[1.47125,0.21023],[1.46842,0.21343],[1.46541,0.21825],[1.45969,0.22392],[1.44488,0.23704],[1.43528,0.24579],[1.42393,0.25331],[1.4223,0.25579],[1.4088,0.26291],[1.38043,0.27899],[1.38154,0.27927],[1.37927,0.28098],[1.38974,0.2772],[1.39509,0.27956],[1.38521,0.28457],[1.38014,0.28561],[1.38326,0.28762],[1.37307,0.29196],[1.36836,0.28996],[1.35938,0.29499],[1.35256,0.30117],[1.35095,0.30713],[1.34858,0.30968],[1.34796,0.30746],[1.34521,0.31185],[1.33709,0.32313],[1.33971,0.33423],[1.34107,0.33467],[1.34916,0.32641],[1.35402,0.33835],[1.35719,0.33338],[1.35979,0.34041],[1.36561,0.33348],[1.36799,0.34125],[1.37423,0.34091],[1.38189,0.34926],[1.38269,0.35691],[1.39012,0.36511],[1.3962,0.35687],[1.40256,0.35262],[1.41629,0.35346],[1.42142,0.34936],[1.4188,0.33612],[1.42198,0.33118],[1.42393,0.32275],[1.43126,0.31973],[1.44035,0.30973],[1.44808,0.30976],[1.45215,0.30475]]],[[[1.55101,0.12725],[1.5539,0.1275],[1.55461,0.12695],[1.55101,0.12725]]],[[[1.54497,0.14186],[1.54368,0.14254],[1.54734,0.14268],[1.54497,0.14186]]],[[[1.43865,0.28832],[1.43635,0.29019],[1.43626,0.29167],[1.43865,0.28832]]],[[[1.44851,0.29704],[1.44619,0.29417],[1.44585,0.29881],[1.44851,0.29704]]],[[[1.44959,0.28968],[1.44775,0.28937],[1.44922,0.29226],[1.44959,0.28968]]],[[[1.44177,0.28669],[1.43992,0.28971],[1.44264,0.28781],[1.44177,0.28669]]]]}},{"type":"Feature","properties":{"name":"Venezuela","iso3":"VEN","geo_share":0.0068033,"carto_share":0.0021221,"target_share":0.0021207},"geometry":{"type":"MultiPolygon","coordinates":[[[[-0.88469,-0.06237],[-0.88395,-0.06064],[-0.88202,-0.05926],[-0.88469,-0.06237]]],[[[-0.90042,-0.03627],[-0.90473,-0.03472],[-0.9024,-0.03167],[-0.90091,-0.03356],[-0.89891,-0.02884],[-0.90042,-0.03627]]],[[[-0.91394,-0.03837],[-0.91537,-0.03721],[-0.91407,-0.03611],[-0.91394,-0.03837]]],[[[-0.88692,-0.06822],[-0.88461,-0.06307],[-0.88429,-0.06444],[-0.88692,-0.06822]]],[[[-0.87778,-0.07144],[-0.87697,-0.07622],[-0.8797,-0.08157],[-0.88393,-0.08588],[-0.88543,-0.09012],[-0.88457,-0.0941],[-0.8822,-0.09548],[-0.88252,-0.09799],[-0.88465,-0.10008],[-0.88767,-0.10046],[-0.8879,-0.10183],[-0.88668,-0.10715],[-0.88779,-0.11098],[-0.88119,-0.12162],[-0.8796,-0.12449],[-0.88125,-0.12962],[-0.88324,-0.12942],[-0.8847,-0.1318],[-0.8884,-0.13326],[-0.89031,-0.13214],[-0.89204,-0.1334],[-0.89155,-0.1376],[-0.89278,-0.13828],[-0.89576,-0.1337],[-0.90051,-0.13248],[-0.90254,-0.12939],[-0.9046,-0.12887],[-0.90635,-0.12729],[-0.90399,-0.13198],[-0.90099,-0.13651],[-0.90015,-0.14136],[-0.89813,-0.14669],[-0.89766,-0.15018],[-0.8967,-0.15126],[-0.89312,-0.15239],[-0.89279,-0.15476],[-0.8964,-0.15806],[-0.8964,-0.16154],[-0.89736,-0.16341],[-0.89856,-0.16326],[-0.89986,-0.16551],[-0.90211,-0.16699],[-0.90395,-0.17182],[-0.90577,-0.1681],[-0.90806,-0.17028],[-0.90968,-0.17053],[-0.91423,-0.16442],[-0.91445,-0.16272],[-0.91812,-0.14869],[-0.92177,-0.14272],[-0.92362,-0.14112],[-0.92074,-0.13447],[-0.92422,-0.12786],[-0.92704,-0.11881],[-0.92855,-0.10843],[-0.92763,-0.09885],[-0.92913,-0.09573],[-0.93192,-0.09487],[-0.93588,-0.09477],[-0.94092,-0.09317],[-0.94368,-0.09321],[-0.95063,-0.08188],[-0.95566,-0.07918],[-0.9586,-0.07966],[-0.96396,-0.07831],[-0.96633,-0.07848],[-0.9682,-0.07692],[-0.96966,-0.07346],[-0.97193,-0.07215],[-0.97267,-0.0663],[-0.97204,-0.06513],[-0.97313,-0.06177],[-0.97599,-0.05849],[-0.9784,-0.05271],[-0.98121,-0.05033],[-0.984,-0.05006],[-0.98204,-0.04403],[-0.98229,-0.0354],[-0.98119,-0.03106],[-0.97939,-0.02724],[-0.97767,-0.02623],[-0.97568,-0.01814],[-0.96996,-0.01524],[-0.97131,-0.01792],[-0.9755,-0.02001],[-0.97365,-0.02704],[-0.97045,-0.03469],[-0.97058,-0.03838],[-0.97287,-0.04227],[-0.97388,-0.04571],[-0.96917,-0.05273],[-0.96787,-0.05602],[-0.96433,-0.05631],[-0.96271,-0.05413],[-0.96296,-0.04979],[-0.96585,-0.04354],[-0.96737,-0.0416],[-0.97002,-0.03408],[-0.96963,-0.03152],[-0.96404,-0.02924],[-0.95959,-0.02755],[-0.95841,-0.02473],[-0.95709,-0.02669],[-0.95682,-0.02186],[-0.95969,-0.02247],[-0.96076,-0.01655],[-0.96021,-0.01162],[-0.95853,-0.0098],[-0.95707,-0.01428],[-0.9553,-0.02614],[-0.95235,-0.0255],[-0.94917,-0.02733],[-0.94537,-0.03329],[-0.94441,-0.0404],[-0.94221,-0.04623],[-0.93979,-0.04717],[-0.93171,-0.04593],[-0.92458,-0.04549],[-0.92113,-0.05274],[-0.91446,-0.05588],[-0.9119,-0.05519],[-0.90491,-0.04725],[-0.90199,-0.04668],[-0.90168,-0.04427],[-0.90516,-0.04334],[-0.89794,-0.04128],[-0.88989,-0.03548],[-0.8858,-0.03445],[-0.88226,-0.03179],[-0.88825,-0.03854],[-0.89353,-0.04162],[-0.89315,-0.04514],[-0.8954,-0.05127],[-0.89255,-0.0476],[-0.89343,-0.05489],[-0.89034,-0.04976],[-0.88938,-0.05358],[-0.8858,-0.04853],[-0.88506,-0.05274],[-0.88265,-0.05263],[-0.88163,-0.05586],[-0.88583,-0.06305],[-0.88919,-0.07311],[-0.89205,-0.07338],[-0.88987,-0.07639],[-0.88534,-0.07271],[-0.88245,-0.07295],[-0.88074,-0.07082],[-0.87778,-0.07144]]]]}},{"type":"Feature","properties":{"name":"Vatican","iso3":"VAT","geo_share":0.0,"carto_share":0.0,"target_share":0.0},"geometry":{"type":"Polygon","coordinates":[[[0.28135,0.4233],[0.28098,0.42305],[0.28127,0.42348],[0.28135,0.4233]]]}},{"type":"Feature","properties":{"name":"Vanuatu","iso3":"VUT","geo_share":6.56e-05,"carto_share":4.62e-05,"target_share":2.04e-05},"geometry":{"type":"MultiPolygon","coordinates":[[[[2.45218,-0.36643],[2.451,-0.37082],[2.45524,-0.36745],[2.45342,-0.37482],[2.44751,-0.37743],[2.44958,-0.36705],[2.45172,-0.36386],[2.45218,-0.36643]]],[[[2.45547,-0.39046],[2.44957,-0.39316],[2.451,-0.38467],[2.4492,-0.3842],[2.4511,-0.38065],[2.45547,-0.39046]]],[[[2.46145,-0.39774],[2.45778,-0.39736],[2.45943,-0.3931],[2.46145,-0.39774]]],[[[2.46235,-0.38797],[2.45806,-0.38611],[2.46195,-0.3835],[2.46235,-0.38797]]],[[[2.45595,-0.41188],[2.45506,-0.41671],[2.4505,-0.41559],[2.45595,-0.41188]]],[[[2.46105,-0.37416],[2.45911,-0.37387],[2.4642,-0.37104],[2.46105,-0.37416]]],[[[2.4635,-0.37695],[2.46522,-0.3736],[2.46427,-0.38017],[2.4635,-0.37695]]],[[[2.46569,-0.37143],[2.46754,-0.36689],[2.4674,-0.36955],[2.46569,-0.37143]]],[[[2.45194,-0.37852],[2.45112,-0.37771],[2.45292,-0.37702],[2.45194,-0.37852]]],[[[2.46537,-0.35657],[2.46381,-0.35637],[2.46615,-0.35367],[2.46537,-0.35657]]],[[[2.46721,-0.34752],[2.469,-0.34578],[2.46864,-0.34872],[2.46721,-0.34752]]],[[[2.45314,-0.46091],[2.45157,-0.46034],[2.45393,-0.45916],[2.45314,-0.46091]]],[[[2.4523,-0.45035],[2.45054,-0.44743],[2.4538,-0.44443],[2.4523,-0.45035]]],[[[2.45731,-0.43709],[2.45272,-0.43631],[2.45718,-0.43158],[2.45731,-0.43709]]]]}},{"type":"Feature","properties":{"name":"Uzbekistan","iso3":"UZB","geo_share":0.003337,"carto_share":0.0010302,"target_share":0.0010402},"geometry":{"type":"MultiPolygon","coordinates":[[[[0.8435,0.92016],[0.84392,0.91918],[0.84267,0.91537],[0.8394,0.90378],[0.83915,0.89973],[0.83982,0.90128],[0.83897,0.89575],[0.83973,0.89322],[0.84268,0.90556],[0.84136,0.89657],[0.84203,0.89704],[0.84163,0.89063],[0.84271,0.89117],[0.83886,0.87798],[0.83874,0.87896],[0.83725,0.87234],[0.83686,0.8725],[0.83362,0.86018],[0.83364,0.8639],[0.83251,0.86141],[0.83157,0.85954],[0.83266,0.86796],[0.83543,0.87851],[0.83663,0.88767],[0.83544,0.88311],[0.83263,0.87464],[0.83299,0.87945],[0.83095,0.8713],[0.82862,0.85836],[0.82728,0.85767],[0.82752,0.85608],[0.82609,0.84814],[0.82529,0.84576],[0.82346,0.83592],[0.8223,0.83808],[0.82096,0.83289],[0.81988,0.82627],[0.82009,0.82383],[0.81964,0.81969],[0.82035,0.81859],[0.81915,0.81003],[0.81842,0.80173],[0.81811,0.79428],[0.81537,0.77811],[0.81427,0.77034],[0.81335,0.77143],[0.81316,0.77452],[0.81183,0.77474],[0.81321,0.78552],[0.81388,0.78921],[0.81297,0.79729],[0.81225,0.7962],[0.81126,0.80746],[0.81109,0.81291],[0.81059,0.81194],[0.81011,0.81686],[0.81011,0.82113],[0.80906,0.83104],[0.80898,0.83501],[0.80967,0.84256],[0.80994,0.85104],[0.81079,0.85999],[0.81026,0.86537],[0.80937,0.86271],[0.8077,0.86262],[0.80666,0.86127],[0.80616,0.86523],[0.80728,0.87336],[0.80822,0.8772],[0.80793,0.87982],[0.80913,0.88623],[0.80906,0.88858],[0.80759,0.88775],[0.8073,0.89275],[0.80654,0.89323],[0.80627,0.89812],[0.80547,0.89521],[0.80421,0.89407],[0.80433,0.8867],[0.80337,0.89058],[0.8018,0.8831],[0.80043,0.88229],[0.79857,0.875],[0.79724,0.85896],[0.79515,0.8622],[0.80193,0.93659],[0.8119,0.94584],[0.81276,0.94568],[0.82137,0.93531],[0.82162,0.93248],[0.82296,0.92322],[0.82732,0.92778],[0.83123,0.92849],[0.83273,0.9313],[0.8341,0.92643],[0.83429,0.92024],[0.83527,0.92254],[0.83191,0.90391],[0.83343,0.90563],[0.82926,0.88604],[0.82936,0.88547],[0.83277,0.89084],[0.83203,0.88628],[0.83033,0.87909],[0.82974,0.87409],[0.8304,0.87449],[0.83193,0.88192],[0.83496,0.89265],[0.83606,0.89734],[0.83879,0.90565],[0.84033,0.90972],[0.84192,0.91569],[0.84228,0.91564],[0.8435,0.92016]],[[0.83689,0.88719],[0.83682,0.88754],[0.83644,0.88493],[0.83689,0.88719]]],[[[0.83034,0.84936],[0.83183,0.8577],[0.83181,0.85517],[0.83034,0.84936]]],[[[0.832,0.85131],[0.83209,0.85252],[0.83271,0.85466],[0.832,0.85131]]]]}},{"type":"Feature","properties":{"name":"Uruguay","iso3":"URY","geo_share":0.0013297,"carto_share":0.0004144,"target_share":0.0004145},"geometry":{"type":"Polygon","coordinates":[[[-0.77467,-0.60507],[-0.77458,-0.61487],[-0.7763,-0.6192],[-0.78138,-0.62279],[-0.78804,-0.61901],[-0.79132,-0.62222],[-0.79687,-0.61959],[-0.79895,-0.61679],[-0.80384,-0.62022],[-0.80667,-0.61353],[-0.80661,-0.6107],[-0.80547,-0.6022],[-0.80453,-0.60097],[-0.80354,-0.59727],[-0.80414,-0.5919],[-0.80367,-0.58983],[-0.804,-0.58515],[-0.80321,-0.583],[-0.80327,-0.57974],[-0.80204,-0.57145],[-0.80234,-0.56813],[-0.801,-0.56251],[-0.799,-0.56311],[-0.79852,-0.56116],[-0.79703,-0.56024],[-0.7936,-0.56606],[-0.79266,-0.56852],[-0.79266,-0.57163],[-0.79036,-0.56848],[-0.78876,-0.57266],[-0.78534,-0.57533],[-0.78337,-0.57987],[-0.78096,-0.58224],[-0.77983,-0.58668],[-0.77644,-0.59112],[-0.77805,-0.5966],[-0.77662,-0.60284],[-0.77467,-0.60507]]]}},{"type":"Feature","properties":{"name":"Micronesia","iso3":"FSM","geo_share":2e-06,"carto_share":1.9e-06,"target_share":6e-07},"geometry":{"type":"MultiPolygon","coordinates":[[[[2.48019,0.03409],[2.4803,0.03306],[2.4793,0.03381],[2.48019,0.03409]]],[[[2.14458,0.07908],[2.14521,0.08213],[2.14648,0.0822],[2.14458,0.07908]]],[[[2.32429,0.0559],[2.32347,0.05589],[2.32388,0.05706],[2.32429,0.0559]]],[[[2.32725,0.05849],[2.32739,0.05925],[2.328,0.05921],[2.32725,0.05849]]],[[[2.41371,0.05705],[2.41315,0.05986],[2.41522,0.06026],[2.41371,0.05705]]]]}},{"type":"Feature","properties":{"name":"Marshall Is.","iso3":"MHL","geo_share":7e-07,"carto_share":7e-07,"target_share":2e-07},"geometry":{"type":"MultiPolygon","coordinates":[[[[2.57548,0.05567],[2.57571,0.05812],[2.57602,0.05794],[2.57548,0.05567]]],[[[2.56366,0.08538],[2.56208,0.0851],[2.56149,0.08573],[2.56366,0.08538]]],[[[2.60393,0.08345],[2.60493,0.08243],[2.60355,0.08305],[2.60393,0.08345]]],[[[2.59806,0.08374],[2.59573,0.08433],[2.59488,0.0852],[2.59806,0.08374]]],[[[2.53098,0.16386],[2.53088,0.16428],[2.53143,0.16431],[2.53098,0.16386]]]]}},{"type":"Feature","properties":{"name":"N. Mariana Is.","iso3":"MNP","geo_share":1.8e-06,"carto_share":1.8e-06,"target_share":6e-07},"geometry":{"type":"MultiPolygon","coordinates":[[[[2.23035,0.29654],[2.2297,0.29826],[2.23053,0.298],[2.23035,0.29654]]],[[[2.23626,0.24427],[2.23582,0.24514],[2.23665,0.24529],[2.23626,0.24427]]],[[[2.23466,0.19468],[2.23378,0.19573],[2.23477,0.19641],[2.23466,0.19468]]],[[[2.23288,0.28206],[2.23357,0.28473],[2.23404,0.284],[2.23288,0.28206]]],[[[2.23994,0.21774],[2.23927,0.22007],[2.24058,0.22135],[2.23994,0.21774]]],[[[2.23862,0.21336],[2.23798,0.21578],[2.23871,0.2165],[2.23862,0.21336]]]]}},{"type":"Feature","properties":{"name":"U.S. Virgin Is.","iso3":"VIR","geo_share":1.3e-06,"carto_share":1e-06,"target_share":4e-07},"geometry":{"type":"MultiPolygon","coordinates":[[[[-0.88165,0.14318],[-0.8828,0.14364],[-0.88079,0.14415],[-0.88165,0.14318]]],[[[-0.87756,0.14448],[-0.87874,0.14385],[-0.87879,0.14452],[-0.87756,0.14448]]],[[[-0.88238,0.135],[-0.88161,0.13361],[-0.88443,0.1334],[-0.88238,0.135]]]]}},{"type":"Feature","properties":{"name":"Guam","iso3":"GUM","geo_share":4.1e-06,"carto_share":3.8e-06,"target_share":1.3e-06},"geometry":{"type":"Polygon","coordinates":[[[2.22986,0.17578],[2.22847,0.17922],[2.23058,0.1836],[2.23196,0.18267],[2.22986,0.17578]]]}},{"type":"Feature","properties":{"name":"American Samoa","iso3":"ASM","geo_share":5e-07,"carto_share":5e-07,"target_share":1e-07},"geometry":{"type":"Polygon","coordinates":[[[-2.52676,-0.33044],[-2.52791,-0.32948],[-2.52531,-0.32907],[-2.52676,-0.33044]]]}},{"type":"Feature","properties":{"name":"Puerto Rico","iso3":"PRI","geo_share":6.62e-05,"carto_share":2.91e-05,"target_share":2.07e-05},"geometry":{"type":"MultiPolygon","coordinates":[[[[-0.89074,0.14222],[-0.89144,0.14034],[-0.89613,0.13643],[-0.90048,0.13562],[-0.909,0.135],[-0.90819,0.13954],[-0.90636,0.14124],[-0.89634,0.14229],[-0.89074,0.14222]]],[[[-0.89124,0.13864],[-0.89014,0.13955],[-0.88806,0.13941],[-0.89124,0.13864]]],[[[-0.9183,0.13499],[-0.91914,0.1355],[-0.91766,0.13562],[-0.9183,0.13499]]]]}},{"type":"Feature","properties":{"name":"United States of America","iso3":"USA","geo_share":0.0703478,"carto_share":0.2509862,"target_share":0.2511092},"geometry":{"type":"MultiPolygon","coordinates":[[[[-1.49464,1.11126],[-1.47194,1.12114],[-1.47415,1.11846],[-1.49464,1.11126]]],[[[-1.5062,1.10512],[-1.51159,1.10424],[-1.49798,1.10953],[-1.48767,1.11279],[-1.5062,1.10512]]],[[[-1.44081,1.142],[-1.4499,1.14021],[-1.44066,1.14319],[-1.44081,1.142]]],[[[-1.65682,1.09937],[-1.65872,1.09936],[-1.6531,1.10171],[-1.65682,1.09937]]],[[[-1.66308,1.09083],[-1.65513,1.09425],[-1.65001,1.09577],[-1.66308,1.09083]]],[[[-1.71703,1.08409],[-1.71121,1.08669],[-1.71015,1.08581],[-1.71703,1.08409]]],[[[-1.76745,1.09098],[-1.76704,1.09015],[-1.77136,1.08744],[-1.76745,1.09098]]],[[[-2.00277,1.00656],[-2.00401,1.00509],[-2.00443,1.00733],[-2.00277,1.00656]]],[[[-1.99736,0.99752],[-1.99666,0.99894],[-1.9961,0.99844],[-1.99736,0.99752]]],[[[-1.99714,0.99932],[-1.99781,1.00056],[-1.99535,1.0021],[-1.99714,0.99932]]],[[[-2.08716,0.9861],[-2.08674,0.98696],[-2.08434,0.98821],[-2.08716,0.9861]]],[[[-2.22368,0.95226],[-2.22536,0.95272],[-2.22447,0.95364],[-2.22368,0.95226]]],[[[-1.84945,1.25216],[-1.84676,1.2534],[-1.84247,1.25463],[-1.84945,1.25216]]],[[[-1.97338,1.18642],[-1.96907,1.18849],[-1.96254,1.19348],[-1.96134,1.19255],[-1.96321,1.18939],[-1.96045,1.18782],[-1.95359,1.1899],[-1.95843,1.18521],[-1.96408,1.18268],[-1.97217,1.17479],[-1.97003,1.17844],[-1.97171,1.17951],[-1.97071,1.18362],[-1.97379,1.18318],[-1.97885,1.17831],[-1.98018,1.17895],[-1.97398,1.1875],[-1.97338,1.18642]]],[[[-1.98721,1.11162],[-1.99183,1.10129],[-1.99689,1.10003],[-1.99803,1.0983],[-2.00113,1.1004],[-2.00321,1.10359],[-2.00262,1.10808],[-1.99753,1.10885],[-1.99223,1.11327],[-1.9897,1.11377],[-1.98721,1.11162]]],[[[-1.8481,1.03042],[-1.83922,1.03235],[-1.84347,1.02915],[-1.84215,1.02838],[-1.84845,1.02568],[-1.85541,1.02552],[-1.85591,1.023],[-1.87007,1.01954],[-1.88228,1.01552],[-1.88854,1.01266],[-1.89445,1.01206],[-1.88583,1.01476],[-1.88966,1.01716],[-1.89534,1.01345],[-1.89624,1.01549],[-1.89272,1.02048],[-1.88389,1.02468],[-1.87254,1.02635],[-1.87615,1.02132],[-1.86475,1.0302],[-1.85922,1.03111],[-1.86024,1.02878],[-1.85364,1.03023],[-1.84726,1.03378],[-1.84408,1.03286],[-1.8481,1.03042]]],[[[-1.41381,1.13576],[-1.42936,1.12801],[-1.44618,1.1193],[-1.46901,1.10882],[-1.4974,1.09682],[-1.50622,1.09385],[-1.49555,1.0996],[-1.47628,1.10775],[-1.45458,1.11849],[-1.44698,1.12312],[-1.43641,1.12759],[-1.48451,1.1089],[-1.51391,1.09655],[-1.5136,1.09816],[-1.46858,1.11677],[-1.4666,1.11963],[-1.45684,1.12561],[-1.46279,1.12483],[-1.45722,1.12781],[-1.47455,1.12355],[-1.46138,1.129],[-1.44164,1.1375],[-1.43046,1.13934],[-1.43435,1.13996],[-1.42639,1.14307],[-1.43926,1.13939],[-1.4373,1.14164],[-1.42345,1.14663],[-1.4342,1.14378],[-1.44327,1.14308],[-1.43245,1.14914],[-1.40903,1.15679],[-1.42491,1.15285],[-1.46505,1.13694],[-1.47829,1.13259],[-1.47828,1.13408],[-1.4911,1.12996],[-1.47835,1.13556],[-1.45815,1.14492],[-1.47458,1.13847],[-1.48788,1.13643],[-1.49441,1.13311],[-1.49019,1.13214],[-1.49871,1.12731],[-1.52893,1.11576],[-1.5416,1.11445],[-1.5334,1.12036],[-1.53469,1.12109],[-1.5505,1.11789],[-1.55515,1.11781],[-1.53067,1.12753],[-1.52427,1.13044],[-1.51224,1.13435],[-1.5309,1.12654],[-1.50925,1.13501],[-1.50954,1.136],[-1.53613,1.12661],[-1.55757,1.11875],[-1.57732,1.11267],[-1.58566,1.11186],[-1.57301,1.11782],[-1.58983,1.11139],[-1.60739,1.10787],[-1.61653,1.10555],[-1.63939,1.09862],[-1.64668,1.09697],[-1.64416,1.10017],[-1.65077,1.10108],[-1.63292,1.11124],[-1.65641,1.10061],[-1.66575,1.10033],[-1.65529,1.10581],[-1.66432,1.10402],[-1.66545,1.10865],[-1.65602,1.11593],[-1.66919,1.10964],[-1.67844,1.10653],[-1.67908,1.10816],[-1.68778,1.10433],[-1.68738,1.1062],[-1.67524,1.11417],[-1.68901,1.10747],[-1.69623,1.10252],[-1.70118,1.10084],[-1.69922,1.09873],[-1.704,1.09555],[-1.69946,1.09513],[-1.70743,1.09113],[-1.71268,1.08677],[-1.72143,1.08235],[-1.72924,1.0806],[-1.73425,1.08297],[-1.747,1.0751],[-1.74478,1.07819],[-1.75136,1.074],[-1.7629,1.06941],[-1.76994,1.06856],[-1.78379,1.06118],[-1.78646,1.06183],[-1.79809,1.05857],[-1.79921,1.06027],[-1.79444,1.06311],[-1.78434,1.06626],[-1.77192,1.07314],[-1.78058,1.0697],[-1.78477,1.07213],[-1.77743,1.07742],[-1.76688,1.08314],[-1.75736,1.09011],[-1.75108,1.09696],[-1.72691,1.10514],[-1.7238,1.10285],[-1.7133,1.10473],[-1.71631,1.10925],[-1.70153,1.11632],[-1.70169,1.11778],[-1.71105,1.11266],[-1.72231,1.11269],[-1.73743,1.1068],[-1.7525,1.10206],[-1.75704,1.09779],[-1.77207,1.09163],[-1.77504,1.08834],[-1.78607,1.0836],[-1.79098,1.08503],[-1.78916,1.08051],[-1.79581,1.07505],[-1.80487,1.0729],[-1.80506,1.06998],[-1.81038,1.0703],[-1.8223,1.06406],[-1.82885,1.0619],[-1.835,1.05763],[-1.82937,1.05442],[-1.82783,1.05107],[-1.83755,1.04659],[-1.84852,1.04357],[-1.86163,1.03687],[-1.8709,1.03482],[-1.88007,1.03414],[-1.89134,1.02986],[-1.89784,1.02868],[-1.90473,1.02573],[-1.9087,1.02584],[-1.9204,1.0237],[-1.92083,1.0221],[-1.92851,1.01949],[-1.93924,1.01903],[-1.94322,1.01997],[-1.94945,1.01819],[-1.95286,1.01966],[-1.9668,1.01759],[-1.96536,1.01397],[-1.97051,1.01281],[-1.96976,1.01526],[-1.97539,1.01272],[-1.9872,1.01237],[-1.99131,1.00938],[-1.9894,1.0139],[-1.99259,1.01379],[-2.00197,1.01085],[-2.00673,1.01171],[-2.01057,1.01013],[-2.01495,1.01098],[-2.01147,1.01562],[-2.02445,1.00728],[-2.02815,1.00613],[-2.0278,1.01046],[-2.03255,1.00571],[-2.03758,1.00596],[-2.0425,1.00348],[-2.038,1.00883],[-2.03224,1.01024],[-2.01777,1.01918],[-2.01023,1.02202],[-2.00356,1.02292],[-2.00049,1.02128],[-2.003,1.01949],[-1.99559,1.01571],[-1.99639,1.02019],[-1.98961,1.02534],[-1.97986,1.02792],[-1.97161,1.02771],[-1.96512,1.02895],[-1.96237,1.02637],[-1.95776,1.03],[-1.94883,1.03227],[-1.93578,1.03254],[-1.92118,1.04145],[-1.91406,1.04141],[-1.91753,1.04343],[-1.91434,1.04708],[-1.89747,1.05455],[-1.88366,1.06359],[-1.89656,1.05742],[-1.9175,1.05316],[-1.9221,1.05388],[-1.92046,1.05919],[-1.91558,1.06277],[-1.91036,1.06158],[-1.9133,1.06519],[-1.92372,1.06109],[-1.92947,1.05701],[-1.93448,1.05128],[-1.93782,1.05123],[-1.93807,1.06354],[-1.944,1.06229],[-1.94568,1.06868],[-1.95582,1.06633],[-1.96237,1.06653],[-1.96646,1.06504],[-1.97237,1.06599],[-1.97651,1.06808],[-1.96899,1.06856],[-1.96596,1.07263],[-1.96415,1.07859],[-1.95548,1.08556],[-1.94807,1.10398],[-1.94818,1.10767],[-1.93397,1.12059],[-1.95236,1.10745],[-1.95302,1.1026],[-1.95711,1.09829],[-1.96873,1.09553],[-1.97769,1.09627],[-1.97698,1.10137],[-1.97718,1.11086],[-1.97943,1.11424],[-1.97746,1.11681],[-1.98011,1.11798],[-1.96663,1.12907],[-1.96357,1.12366],[-1.96786,1.11938],[-1.95911,1.12495],[-1.9595,1.11893],[-1.95134,1.12437],[-1.95577,1.12789],[-1.95018,1.12944],[-1.95084,1.13179],[-1.95671,1.12828],[-1.96255,1.12846],[-1.96951,1.13117],[-1.9631,1.13552],[-1.96654,1.13896],[-1.9711,1.13508],[-1.96805,1.14106],[-1.96793,1.14648],[-1.96541,1.15092],[-1.96009,1.15361],[-1.95892,1.15756],[-1.95344,1.15996],[-1.94889,1.16684],[-1.93384,1.17887],[-1.92839,1.1792],[-1.92178,1.18706],[-1.91012,1.19375],[-1.90149,1.19511],[-1.89563,1.18919],[-1.8904,1.18878],[-1.87873,1.19063],[-1.86594,1.19449],[-1.86278,1.19233],[-1.85454,1.19165],[-1.84542,1.19268],[-1.83328,1.19781],[-1.82501,1.20819],[-1.82437,1.21504],[-1.81502,1.21613],[-1.80832,1.22162],[-1.80967,1.22514],[-1.8177,1.22187],[-1.8218,1.22243],[-1.83229,1.21879],[-1.851,1.21212],[-1.84812,1.21519],[-1.85515,1.21336],[-1.85977,1.21695],[-1.86982,1.21691],[-1.88348,1.21464],[-1.89932,1.21695],[-1.90043,1.2192],[-1.8942,1.22275],[-1.89546,1.22634],[-1.88943,1.22703],[-1.87925,1.23103],[-1.89492,1.2304],[-1.89912,1.23153],[-1.89796,1.23295],[-1.88713,1.23705],[-1.88106,1.24007],[-1.87507,1.2418],[-1.86442,1.24685],[-1.85272,1.25075],[-1.84692,1.25063],[-1.84476,1.25313],[-1.83389,1.25727],[-1.82729,1.25843],[-1.81477,1.26177],[-1.80471,1.26204],[-1.81819,1.25505],[-1.81672,1.2526],[-1.80511,1.25287],[-1.80214,1.25176],[-1.79099,1.25026],[-1.7792,1.2528],[-1.77433,1.25008],[-1.77164,1.25276],[-1.77721,1.25502],[-1.7832,1.25516],[-1.78046,1.26093],[-1.78404,1.26205],[-1.78191,1.26474],[-1.77594,1.26538],[-1.7747,1.26212],[-1.77932,1.2583],[-1.77653,1.25599],[-1.76589,1.25513],[-1.76129,1.25245],[-1.75152,1.25263],[-1.74716,1.25578],[-1.75589,1.25853],[-1.77022,1.25715],[-1.77429,1.26045],[-1.7715,1.2623],[-1.76064,1.26545],[-1.76502,1.26711],[-1.78477,1.26728],[-1.79096,1.26883],[-1.79135,1.27033],[-1.7864,1.27685],[-1.79274,1.28299],[-1.79784,1.28366],[-1.79833,1.2851],[-1.80312,1.28525],[-1.79632,1.28729],[-1.77914,1.29723],[-1.76781,1.29962],[-1.74482,1.30424],[-1.7344,1.30674],[-1.71163,1.31319],[-1.69661,1.31919],[-1.65944,1.32761],[-1.65958,1.32661],[-1.66845,1.32523],[-1.6438,1.32722],[-1.61915,1.3307],[-1.61712,1.33031],[-1.62636,1.32726],[-1.62379,1.32636],[-1.6144,1.32966],[-1.6173,1.33123],[-1.59731,1.33324],[-1.59975,1.33178],[-1.59393,1.33205],[-1.57534,1.33082],[-1.55297,1.33132],[-1.53855,1.33216],[-1.53018,1.33197],[-1.53339,1.33115],[-1.52148,1.32735],[-1.53744,1.32722],[-1.53478,1.3256],[-1.52754,1.32538],[-1.51451,1.32597],[-1.50848,1.32359],[-1.51285,1.32314],[-1.50456,1.32053],[-1.4977,1.32033],[-1.48464,1.31847],[-1.47337,1.31532],[-1.4706,1.31377],[-1.47794,1.31338],[-1.47499,1.31132],[-1.4681,1.30976],[-1.47336,1.30938],[-1.46177,1.30609],[-1.45034,1.30432],[-1.4428,1.30107],[-1.43667,1.30011],[-1.42633,1.29649],[-1.41775,1.29214],[-1.41585,1.28994],[-1.41103,1.28867],[-1.40393,1.28369],[-1.37149,1.2676],[-1.36322,1.26077],[-1.35435,1.25501],[-1.35065,1.25343],[-1.33348,1.2416],[-1.32786,1.23565],[-1.32415,1.22971],[-1.31888,1.22335],[-1.31699,1.22001],[-1.31402,1.2174],[-1.54713,1.12778],[-1.53449,1.13045],[-1.52598,1.13348],[-1.51541,1.13542],[-1.49479,1.14149],[-1.47435,1.1466],[-1.49289,1.14083],[-1.48773,1.14148],[-1.49332,1.13927],[-1.49573,1.13532],[-1.51371,1.12694],[-1.47443,1.14128],[-1.46638,1.1435],[-1.43061,1.15393],[-1.39813,1.15974],[-1.39539,1.15956],[-1.40242,1.15726],[-1.39708,1.15733],[-1.40024,1.15547],[-1.39564,1.15573],[-1.39608,1.15409],[-1.40033,1.15183],[-1.41658,1.14094],[-1.4281,1.13669],[-1.41879,1.1393],[-1.43228,1.13394],[-1.42616,1.13556],[-1.43767,1.13041],[-1.42634,1.13426],[-1.41929,1.13583],[-1.40976,1.13895],[-1.413,1.13711],[-1.4063,1.13999],[-1.41381,1.13576]]],[[[-2.04441,1.00137],[-2.04863,0.99949],[-2.05397,1.0001],[-2.0605,0.99707],[-2.06402,0.99734],[-2.06213,1.00082],[-2.05494,1.00566],[-2.04541,1.0083],[-2.04223,1.00827],[-2.04441,1.00137]]],[[[-1.56362,1.08161],[-1.58326,1.0733],[-1.57695,1.07749],[-1.56362,1.08161]]],[[[-1.51638,1.09093],[-1.5239,1.08844],[-1.51114,1.09523],[-1.5073,1.09609],[-1.51638,1.09093]]],[[[-1.49635,1.10555],[-1.51147,1.10201],[-1.47057,1.11899],[-1.47336,1.11585],[-1.49635,1.10555]]],[[[-1.48109,1.10633],[-1.49878,1.09881],[-1.50454,1.09743],[-1.49829,1.10045],[-1.52456,1.09013],[-1.51467,1.09533],[-1.4967,1.10247],[-1.48007,1.1101],[-1.4558,1.11963],[-1.46103,1.1157],[-1.48109,1.10633]]],[[[-1.46998,1.12326],[-1.47117,1.1221],[-1.49286,1.11271],[-1.51141,1.10532],[-1.52714,1.10048],[-1.51023,1.10858],[-1.50871,1.11092],[-1.49945,1.11446],[-1.46998,1.12326]]],[[[-1.57533,1.07235],[-1.56784,1.07485],[-1.57886,1.06953],[-1.58007,1.07161],[-1.57137,1.07764],[-1.56991,1.07705],[-1.57533,1.07235]]],[[[-1.67175,1.09789],[-1.68448,1.09313],[-1.6776,1.09795],[-1.67175,1.09789]]],[[[-1.71705,1.0801],[-1.71181,1.08316],[-1.69833,1.08925],[-1.69122,1.09333],[-1.69098,1.09161],[-1.70095,1.08703],[-1.71021,1.08233],[-1.71705,1.0801]]],[[[-1.69893,1.09202],[-1.7057,1.08886],[-1.69816,1.09412],[-1.69893,1.09202]]],[[[-1.69027,1.10259],[-1.69291,1.10268],[-1.69051,1.10461],[-1.69027,1.10259]]],[[[-1.8769,1.01541],[-1.87146,1.01877],[-1.86558,1.01909],[-1.8769,1.01541]]],[[[-1.82524,1.04398],[-1.82552,1.04497],[-1.82052,1.04623],[-1.82524,1.04398]]],[[[-1.85307,1.03082],[-1.85419,1.03282],[-1.85144,1.03281],[-1.85307,1.03082]]],[[[-1.93617,1.00026],[-1.93723,1.001],[-1.93331,1.00192],[-1.93617,1.00026]]],[[[-1.91125,1.00738],[-1.91062,1.00828],[-1.90521,1.00893],[-1.91125,1.00738]]],[[[-1.90375,1.00802],[-1.9035,1.0088],[-1.8997,1.00913],[-1.90375,1.00802]]],[[[-2.00668,1.00404],[-2.01078,1.00409],[-2.00629,1.00905],[-2.00668,1.00404]]],[[[-2.03097,1.002],[-2.03088,1.00398],[-2.02832,1.00466],[-2.03097,1.002]]],[[[-2.04172,0.99323],[-2.042,0.99566],[-2.04046,0.99475],[-2.04172,0.99323]]],[[[-2.00043,1.00129],[-2.00747,0.99859],[-2.00393,1.00198],[-1.99905,1.00401],[-2.00043,1.00129]]],[[[-2.08071,0.99176],[-2.07709,0.99448],[-2.07734,0.99217],[-2.08071,0.99176]]],[[[-2.07538,0.99293],[-2.07414,0.99515],[-2.07255,0.99399],[-2.07538,0.99293]]],[[[-1.96238,1.06182],[-1.96353,1.06399],[-1.95587,1.0645],[-1.96238,1.06182]]],[[[-2.04083,1.10429],[-2.04394,1.10437],[-2.04507,1.10696],[-2.04292,1.10749],[-2.04083,1.10429]]],[[[-2.07487,1.04738],[-2.07497,1.04852],[-2.07178,1.04937],[-2.07487,1.04738]]],[[[-2.13865,0.96992],[-2.14106,0.97026],[-2.13762,0.97159],[-2.13865,0.96992]]],[[[-2.15311,0.96587],[-2.14974,0.96848],[-2.15036,0.9669],[-2.15311,0.96587]]],[[[-2.17565,0.96115],[-2.17244,0.96326],[-2.17171,0.96216],[-2.17565,0.96115]]],[[[-2.078,1.03848],[-2.07599,1.03783],[-2.07787,1.03685],[-2.078,1.03848]]],[[[-2.2285,0.95139],[-2.22676,0.95322],[-2.22663,0.95216],[-2.2285,0.95139]]],[[[-2.22214,0.95581],[-2.22083,0.95759],[-2.22003,0.95628],[-2.22214,0.95581]]],[[[-2.23705,0.9507],[-2.24308,0.95001],[-2.23324,0.95398],[-2.23705,0.9507]]],[[[2.24118,1.02936],[2.239,1.03137],[2.24114,1.0302],[2.24118,1.02936]]],[[[2.26421,1.01573],[2.26213,1.01619],[2.24879,1.02378],[2.25231,1.02231],[2.26421,1.01573]]],[[[2.17007,1.05536],[2.16476,1.05756],[2.16747,1.05802],[2.17007,1.05536]]],[[[-1.52655,1.1081],[-1.5499,1.09569],[-1.57279,1.085],[-1.56973,1.08817],[-1.56029,1.09222],[-1.56664,1.09145],[-1.55321,1.09721],[-1.55178,1.09943],[-1.57175,1.09143],[-1.55721,1.09835],[-1.52954,1.10882],[-1.52655,1.1081]]],[[[-1.45936,1.13707],[-1.44144,1.14132],[-1.45093,1.13588],[-1.46018,1.13233],[-1.44796,1.13855],[-1.46063,1.13415],[-1.46712,1.12953],[-1.48361,1.12214],[-1.51122,1.11128],[-1.52803,1.10544],[-1.498,1.1187],[-1.49437,1.12145],[-1.4741,1.13134],[-1.4622,1.13731],[-1.45936,1.13707]]],[[[-1.4971,1.12553],[-1.50903,1.11997],[-1.48911,1.12792],[-1.4803,1.13003],[-1.51647,1.11254],[-1.52695,1.11089],[-1.54871,1.10182],[-1.55457,1.10024],[-1.54726,1.10454],[-1.54675,1.10735],[-1.52092,1.11825],[-1.49635,1.12697],[-1.4971,1.12553]]],[[[-1.53294,1.09772],[-1.52002,1.10148],[-1.52868,1.0969],[-1.52071,1.09841],[-1.52494,1.09269],[-1.5321,1.09156],[-1.54153,1.08769],[-1.5312,1.08992],[-1.53822,1.08666],[-1.53064,1.08863],[-1.54957,1.07983],[-1.55906,1.07618],[-1.55782,1.07813],[-1.56295,1.07692],[-1.55747,1.08013],[-1.56671,1.07656],[-1.56378,1.08026],[-1.55744,1.08251],[-1.55142,1.08607],[-1.55935,1.08389],[-1.56368,1.08408],[-1.54301,1.09123],[-1.54193,1.09257],[-1.55664,1.0875],[-1.54218,1.09348],[-1.53294,1.09772]]],[[[-1.52152,1.10375],[-1.53006,1.10055],[-1.55674,1.08907],[-1.56624,1.08579],[-1.55104,1.09301],[-1.53513,1.10111],[-1.52033,1.1065],[-1.52152,1.10375]]],[[[-1.82394,1.04307],[-1.82153,1.04181],[-1.82668,1.03899],[-1.83365,1.03812],[-1.83992,1.03511],[-1.84797,1.03568],[-1.83133,1.04245],[-1.82394,1.04307]]],[[[-2.11569,0.97796],[-2.12173,0.97417],[-2.13126,0.97042],[-2.11966,0.97837],[-2.11729,0.97836],[-2.11147,0.98308],[-2.10723,0.98407],[-2.10857,0.98078],[-2.11569,0.97796]]],[[[-2.08869,0.98862],[-2.08467,0.99109],[-2.08422,0.98985],[-2.09062,0.98593],[-2.0883,0.98575],[-2.09599,0.982],[-2.10662,0.97855],[-2.10894,0.97955],[-2.09892,0.98306],[-2.09525,0.9861],[-2.09377,0.98926],[-2.08721,0.99117],[-2.08869,0.98862]]],[[[-2.183,0.95741],[-2.18892,0.9566],[-2.19445,0.95787],[-2.18947,0.95873],[-2.183,0.95741]]],[[[-2.21224,0.95555],[-2.2127,0.95612],[-2.19644,0.96026],[-2.19616,0.96241],[-2.19078,0.96454],[-2.19052,0.96269],[-2.19972,0.95729],[-2.21224,0.95555]]],[[[-2.22902,0.95129],[-2.23687,0.94869],[-2.22814,0.95549],[-2.22902,0.95129]]],[[[-2.24695,0.94897],[-2.24554,0.9536],[-2.24238,0.95425],[-2.24269,0.95179],[-2.24695,0.94897]]],[[[2.25398,1.02623],[2.25189,1.02882],[2.25516,1.02708],[2.25398,1.02623]]],[[[2.22557,1.03334],[2.22623,1.03619],[2.2288,1.0332],[2.22557,1.03334]]],[[[2.14594,1.07133],[2.1541,1.06694],[2.14988,1.06683],[2.13915,1.0726],[2.13985,1.07333],[2.14594,1.07133]]],[[[-2.31341,0.31685],[-2.31774,0.31999],[-2.31633,0.32759],[-2.31698,0.33706],[-2.31064,0.3436],[-2.30854,0.34977],[-2.29828,0.3423],[-2.29732,0.33562],[-2.29378,0.32938],[-2.29995,0.32427],[-2.30559,0.32317],[-2.31341,0.31685]]],[[[-2.32475,0.37102],[-2.31675,0.36975],[-2.32019,0.36742],[-2.32692,0.36856],[-2.32475,0.37102]]],[[[-2.31091,0.36516],[-2.30737,0.36075],[-2.3105,0.35832],[-2.31673,0.35756],[-2.31579,0.36173],[-2.3186,0.36387],[-2.31559,0.36699],[-2.31091,0.36516]]],[[[-2.33098,0.37305],[-2.33843,0.37324],[-2.33884,0.3793],[-2.33297,0.38203],[-2.33098,0.37305]]],[[[-2.35364,0.38542],[-2.35695,0.38886],[-2.35273,0.39264],[-2.34976,0.39022],[-2.35364,0.38542]]],[[[-2.3638,0.38594],[-2.36138,0.38835],[-2.36182,0.38612],[-2.3638,0.38594]]],[[[-2.32472,0.36044],[-2.32468,0.36391],[-2.32136,0.36222],[-2.32472,0.36044]]],[[[-0.8656,1.02758],[-0.83414,1.0021],[-0.83541,1.01074],[-0.82909,1.00059],[-0.82987,1.00835],[-0.82676,1.01205],[-0.82813,1.01953],[-0.82589,1.021],[-0.82527,1.02462],[-0.81237,1.02728],[-0.80905,1.02476],[-0.80868,1.02271],[-0.8043,1.01838],[-0.79638,1.01276],[-0.7879,0.99862],[-0.77658,0.95181],[-0.77218,0.94461],[-0.77064,0.93152],[-0.76706,0.92558],[-0.76612,0.91312],[-0.76519,0.91062],[-0.76646,0.90305],[-0.76787,0.90394],[-0.77038,0.89826],[-0.7722,0.89964],[-0.7739,0.89133],[-0.77481,0.8971],[-0.77867,0.90104],[-0.7784,0.88863],[-0.7819,0.89611],[-0.78282,0.90829],[-0.78441,0.9037],[-0.7833,0.88631],[-0.78942,0.87977],[-0.79203,0.88754],[-0.7947,0.86849],[-0.79538,0.84405],[-0.79209,0.8305],[-0.7943,0.82899],[-0.79599,0.81825],[-0.79236,0.81018],[-0.78977,0.787],[-0.7879,0.78348],[-0.78549,0.78864],[-0.78521,0.78181],[-0.78889,0.77827],[-0.79113,0.77345],[-0.79143,0.78247],[-0.79595,0.77161],[-0.79632,0.77966],[-0.79854,0.78935],[-0.79958,0.76714],[-0.80747,0.766],[-0.81467,0.77037],[-0.82069,0.76144],[-0.82666,0.74724],[-0.8269,0.74356],[-0.82643,0.73947],[-0.82341,0.73635],[-0.82274,0.72989],[-0.82504,0.70321],[-0.82822,0.68902],[-0.83028,0.68555],[-0.83277,0.67377],[-0.84241,0.70365],[-0.84142,0.71848],[-0.8436,0.71249],[-0.84011,0.68224],[-0.83638,0.65461],[-0.8412,0.63868],[-0.84545,0.62286],[-0.84889,0.61548],[-0.85157,0.60511],[-0.852,0.60976],[-0.84923,0.6234],[-0.84527,0.63563],[-0.8478,0.63743],[-0.84761,0.65378],[-0.8525,0.65697],[-0.85316,0.66846],[-0.84901,0.66568],[-0.85337,0.6769],[-0.8516,0.67953],[-0.85291,0.6974],[-0.84771,0.70944],[-0.85595,0.70161],[-0.85706,0.6679],[-0.85541,0.65918],[-0.8566,0.65094],[-0.86392,0.66097],[-0.86572,0.66947],[-0.8699,0.67448],[-0.86583,0.68617],[-0.8701,0.67984],[-0.8713,0.67046],[-0.8666,0.6657],[-0.86431,0.65664],[-0.85832,0.6483],[-0.85405,0.63708],[-0.85587,0.62848],[-0.85561,0.61472],[-0.86134,0.6153],[-0.85706,0.60228],[-0.85918,0.60017],[-0.86334,0.6114],[-0.86283,0.60366],[-0.85962,0.59593],[-0.85355,0.59577],[-0.85571,0.57795],[-0.85606,0.56573],[-0.85908,0.56969],[-0.85998,0.56403],[-0.87048,0.55539],[-0.86011,0.55654],[-0.85665,0.55452],[-0.8587,0.54388],[-0.8667,0.52924],[-0.87092,0.5299],[-0.87065,0.5348],[-0.87815,0.53192],[-0.87235,0.52417],[-0.87579,0.51521],[-0.88068,0.50998],[-0.87412,0.51247],[-0.87696,0.50343],[-0.88622,0.49836],[-0.89862,0.48053],[-0.90407,0.46722],[-0.91438,0.46394],[-0.92117,0.45601],[-0.92916,0.43885],[-0.94642,0.41897],[-0.95543,0.4126],[-0.96609,0.39827],[-0.97008,0.39657],[-0.97782,0.37869],[-0.98169,0.37677],[-0.98632,0.36729],[-0.99229,0.3377],[-0.99396,0.31842],[-0.99279,0.30473],[-0.99669,0.31019],[-1.00002,0.29966],[-1.00377,0.26876],[-1.00322,0.26576],[-1.00907,0.25022],[-1.02153,0.22948],[-1.03526,0.21585],[-1.04711,0.21047],[-1.05641,0.20921],[-1.05496,0.21342],[-1.05787,0.22296],[-1.06618,0.22601],[-1.06662,0.23637],[-1.07018,0.23891],[-1.06743,0.24724],[-1.07357,0.24619],[-1.07536,0.2505],[-1.07519,0.26149],[-1.06482,0.27045],[-1.06825,0.27272],[-1.07355,0.26627],[-1.07648,0.26867],[-1.0626,0.28594],[-1.05509,0.29696],[-1.05574,0.30055],[-1.06247,0.30795],[-1.06321,0.32091],[-1.06823,0.32475],[-1.07494,0.32108],[-1.0794,0.31442],[-1.0902,0.30685],[-1.10127,0.30131],[-1.09942,0.30746],[-1.10326,0.31622],[-1.11313,0.32303],[-1.12649,0.31834],[-1.12199,0.32275],[-1.1241,0.32704],[-1.12776,0.31825],[-1.13614,0.31587],[-1.13686,0.33316],[-1.14108,0.31887],[-1.1502,0.31896],[-1.15355,0.32183],[-1.16122,0.32009],[-1.16694,0.314],[-1.17873,0.32454],[-1.18393,0.31519],[-1.1795,0.31043],[-1.16975,0.31467],[-1.17216,0.30875],[-1.16821,0.30516],[-1.16401,0.30911],[-1.16441,0.30172],[-1.17296,0.29582],[-1.17045,0.29018],[-1.163,0.28515],[-1.16747,0.2806],[-1.17081,0.28142],[-1.17772,0.29096],[-1.18177,0.29002],[-1.18876,0.28086],[-1.19048,0.28575],[-1.20014,0.28125],[-1.21006,0.28548],[-1.20784,0.29033],[-1.21254,0.29339],[-1.21799,0.30355],[-1.22671,0.29364],[-1.23372,0.29528],[-1.24179,0.30236],[-1.25523,0.30582],[-1.25811,0.30106],[-1.26579,0.29872],[-1.27051,0.30004],[-1.26989,0.30708],[-1.27534,0.30694],[-1.27268,0.29497],[-1.28158,0.2849],[-1.29533,0.27832],[-1.31367,0.28424],[-1.30865,0.27637],[-1.32514,0.27122],[-1.32992,0.26745],[-1.33793,0.26805],[-1.33432,0.26379],[-1.34156,0.25811],[-1.35202,0.26248],[-1.35058,0.25871],[-1.34385,0.2567],[-1.34865,0.25226],[-1.34973,0.24266],[-1.34771,0.23626],[-1.3551,0.23564],[-1.36723,0.23931],[-1.38313,0.24301],[-1.40982,0.2547],[-1.41319,0.26072],[-1.41861,0.26672],[-1.41792,0.27581],[-1.42401,0.28054],[-1.43408,0.29458],[-1.43329,0.29842],[-1.43496,0.31224],[-1.44282,0.33168],[-1.46246,0.33531],[-1.47301,0.32899],[-1.47834,0.31903],[-1.48937,0.31543],[-1.50987,0.32933],[-1.51829,0.33845],[-1.51976,0.35045],[-1.52151,0.3648],[-1.52612,0.36909],[-1.53122,0.38152],[-1.53561,0.39102],[-1.53623,0.39976],[-1.56656,0.3984],[-1.56899,0.38251],[-1.62999,0.39375],[-1.70179,0.44442],[-1.69889,0.45094],[-1.74916,0.46518],[-1.75181,0.46958],[-1.7534,0.48179],[-1.75616,0.48885],[-1.76706,0.50579],[-1.77332,0.50836],[-1.77397,0.51769],[-1.78569,0.52451],[-1.78759,0.53007],[-1.79345,0.53799],[-1.80772,0.5472],[-1.81022,0.55206],[-1.81015,0.56863],[-1.81346,0.57476],[-1.81306,0.58009],[-1.81904,0.5974],[-1.82406,0.61765],[-1.82345,0.62594],[-1.82034,0.63094],[-1.82011,0.6382],[-1.82416,0.64062],[-1.82576,0.6482],[-1.82259,0.66662],[-1.81814,0.65661],[-1.81831,0.67256],[-1.81413,0.67503],[-1.80322,0.67437],[-1.80896,0.67766],[-1.81828,0.67743],[-1.82214,0.66835],[-1.82606,0.67592],[-1.82485,0.68863],[-1.82794,0.70399],[-1.82431,0.72032],[-1.82021,0.72977],[-1.8182,0.73879],[-1.81904,0.75266],[-1.8159,0.76177],[-1.80387,0.78043],[-1.79558,0.79496],[-1.7914,0.80797],[-1.78708,0.8146],[-1.78699,0.81869],[-1.77869,0.83381],[-1.77629,0.84083],[-1.76083,0.85967],[-1.74881,0.87224],[-1.72145,0.90644],[-1.69755,0.93173],[-1.6789,0.95132],[-1.66476,0.95795],[-1.67967,0.95306],[-1.66837,0.96399],[-1.67173,0.95921],[-1.66254,0.96735],[-1.66094,0.97199],[-1.65009,0.97845],[-1.65447,0.97799],[-1.63499,0.99807],[-1.62997,1.00431],[-1.60774,1.0226],[-1.59822,1.02554],[-1.57993,1.03364],[-1.57264,1.03775],[-1.5796,1.03001],[-1.58654,1.02506],[-1.60958,1.00622],[-1.57545,1.03258],[-1.59032,1.01916],[-1.60081,1.0066],[-1.61019,1.00247],[-1.61974,0.99474],[-1.61175,0.9973],[-1.59207,1.01236],[-1.57598,1.03023],[-1.56545,1.03823],[-1.56311,1.04317],[-1.55863,1.0457],[-1.55633,1.04964],[-1.54998,1.05314],[-1.53784,1.06226],[-1.53219,1.06716],[-1.09801,1.16757],[-1.09355,1.16699],[-1.09046,1.16972],[-1.08571,1.16846],[-1.0868,1.16733],[-1.0857,1.1623],[-1.07696,1.15984],[-1.0724,1.15672],[-1.06715,1.15755],[-1.06179,1.15623],[-1.05547,1.15194],[-1.05456,1.14866],[-1.05129,1.14926],[-1.04331,1.14168],[-1.03555,1.1424],[-1.03407,1.14022],[-1.0256,1.1371],[-1.02369,1.13458],[-1.01538,1.13058],[-0.995,1.12442],[-0.95268,1.09337],[-0.92595,1.06986],[-0.92425,1.06477],[-0.92107,1.06014],[-0.91655,1.05991],[-0.91348,1.05002],[-0.90947,1.04969],[-0.90778,1.04676],[-0.90896,1.04273],[-0.89983,1.03059],[-0.9116,0.9607],[-0.91952,0.93539],[-0.92651,0.91397],[-0.9371,0.8956],[-0.94203,0.88135],[-0.94229,0.87522],[-0.93941,0.86979],[-0.93598,0.87173],[-0.91887,0.90975],[-0.90991,0.92814],[-0.90052,0.95392],[-0.89945,0.95969],[-0.89943,0.97099],[-0.89746,0.99033],[-0.89393,0.99954],[-0.88233,0.99328],[-0.88114,1.01123],[-0.87907,1.01788],[-0.87694,1.01964],[-0.87059,1.02754],[-0.8656,1.02758]]],[[[-0.81023,0.74801],[-0.80349,0.75211],[-0.80787,0.74561],[-0.8156,0.73883],[-0.8226,0.74122],[-0.82431,0.74628],[-0.82018,0.75579],[-0.81074,0.75175],[-0.80738,0.7583],[-0.81023,0.74801]]],[[[-0.77505,0.88964],[-0.77751,0.89295],[-0.77668,0.89685],[-0.77505,0.88964]]],[[[-0.82651,0.74266],[-0.82521,0.74818],[-0.82472,0.74411],[-0.82651,0.74266]]],[[[-0.79012,0.76643],[-0.79257,0.7638],[-0.79141,0.76951],[-0.79012,0.76643]]],[[[-0.79667,0.77195],[-0.79775,0.77115],[-0.79662,0.78048],[-0.79667,0.77195]]],[[[-0.78621,0.76379],[-0.78809,0.76346],[-0.78671,0.76603],[-0.78621,0.76379]]],[[[-0.8557,0.55242],[-0.85565,0.55668],[-0.85512,0.5555],[-0.8557,0.55242]]],[[[-0.8593,0.53032],[-0.85597,0.5426],[-0.85898,0.53057],[-0.8593,0.53032]]],[[[-0.86316,0.52489],[-0.86617,0.52072],[-0.86436,0.52365],[-0.86316,0.52489]]],[[[-0.87811,0.49839],[-0.87609,0.50311],[-0.87209,0.51058],[-0.87811,0.49839]]],[[[-1.07207,0.23596],[-1.07425,0.23711],[-1.07415,0.23864],[-1.07207,0.23596]]],[[[-1.07183,0.23748],[-1.07214,0.24227],[-1.07124,0.24151],[-1.07183,0.23748]]],[[[-1.03831,0.21187],[-1.04537,0.20728],[-1.032,0.21689],[-1.03831,0.21187]]],[[[-1.21933,0.29129],[-1.22177,0.29403],[-1.21744,0.29437],[-1.21933,0.29129]]],[[[-1.326,0.26712],[-1.32132,0.27093],[-1.31989,0.27003],[-1.326,0.26712]]],[[[-1.31775,0.27104],[-1.3113,0.27394],[-1.30877,0.27354],[-1.31775,0.27104]]],[[[-1.34048,0.25633],[-1.33548,0.26099],[-1.33402,0.26111],[-1.34048,0.25633]]],[[[-1.27718,0.28891],[-1.27247,0.29245],[-1.27239,0.29133],[-1.27718,0.28891]]],[[[-1.3469,0.23831],[-1.34507,0.24924],[-1.34367,0.24875],[-1.3469,0.23831]]],[[[-1.80394,0.5325],[-1.80573,0.53403],[-1.80492,0.53439],[-1.80394,0.5325]]],[[[-1.78915,0.50427],[-1.79065,0.50551],[-1.78991,0.50594],[-1.78915,0.50427]]],[[[-1.77221,0.48534],[-1.77411,0.48678],[-1.77632,0.49157],[-1.77221,0.48534]]],[[[-1.80165,0.52823],[-1.80316,0.53165],[-1.79924,0.52786],[-1.80165,0.52823]]],[[[-1.79798,0.52981],[-1.79289,0.52468],[-1.79665,0.52599],[-1.79798,0.52981]]],[[[-1.77213,0.49585],[-1.77463,0.4972],[-1.77639,0.50204],[-1.77213,0.49585]]],[[[-1.54923,1.05556],[-1.55603,1.05143],[-1.55048,1.05535],[-1.54923,1.05556]]],[[[-1.56406,1.04619],[-1.56598,1.0458],[-1.56074,1.04937],[-1.56406,1.04619]]],[[[-1.56936,1.03629],[-1.57332,1.03487],[-1.56667,1.04192],[-1.56936,1.03629]]],[[[-0.79824,0.77123],[-0.79816,0.77665],[-0.79783,0.77496],[-0.79824,0.77123]]],[[[-0.82601,0.69444],[-0.826,0.69574],[-0.8243,0.7038],[-0.82601,0.69444]]],[[[-0.8415,0.63191],[-0.84206,0.6314],[-0.83842,0.64258],[-0.8415,0.63191]]],[[[-0.87854,0.49858],[-0.87981,0.49911],[-0.87917,0.49968],[-0.87854,0.49858]]],[[[-1.06393,0.20107],[-1.06462,0.2029],[-1.06291,0.20188],[-1.06393,0.20107]]],[[[-1.05242,0.20423],[-1.05132,0.2048],[-1.05124,0.20442],[-1.05242,0.20423]]],[[[-1.04719,0.2062],[-1.04786,0.20604],[-1.04656,0.20689],[-1.04719,0.2062]]],[[[-1.05835,0.20197],[-1.05806,0.20259],[-1.05481,0.20306],[-1.05835,0.20197]]],[[[-0.98302,0.37019],[-0.98639,0.36326],[-0.98525,0.368],[-0.98302,0.37019]]],[[[-1.06894,0.20074],[-1.06752,0.20212],[-1.06715,0.20097],[-1.06894,0.20074]]],[[[-1.00177,0.27128],[-1.00218,0.27359],[-0.99965,0.28646],[-1.00177,0.27128]]],[[[-1.07215,0.20049],[-1.07086,0.20065],[-1.07092,0.20034],[-1.07215,0.20049]]],[[[-1.15674,0.29812],[-1.15798,0.29671],[-1.15682,0.29868],[-1.15674,0.29812]]],[[[-1.14894,0.31302],[-1.15118,0.31551],[-1.14886,0.31391],[-1.14894,0.31302]]],[[[-1.14229,0.31365],[-1.14432,0.31379],[-1.14125,0.31525],[-1.14229,0.31365]]],[[[-1.16072,0.30837],[-1.16284,0.30954],[-1.15947,0.31294],[-1.16072,0.30837]]],[[[-1.15521,0.30071],[-1.15585,0.29984],[-1.15459,0.30418],[-1.15521,0.30071]]],[[[-1.09415,0.302],[-1.09607,0.30105],[-1.08953,0.30584],[-1.09415,0.302]]],[[[-1.61349,0.99849],[-1.61153,1.00101],[-1.61141,1.00012],[-1.61349,0.99849]]],[[[-1.59215,1.01293],[-1.59648,1.01011],[-1.59069,1.016],[-1.59215,1.01293]]],[[[-1.5877,1.01946],[-1.5877,1.02053],[-1.58365,1.02386],[-1.5877,1.01946]]],[[[-1.56197,1.04734],[-1.55753,1.05019],[-1.56056,1.04755],[-1.56197,1.04734]]],[[[-0.77907,0.88634],[-0.77984,0.88652],[-0.77992,0.89],[-0.77907,0.88634]]]]}},{"type":"Feature","properties":{"name":"S. Geo. and the Is.","iso3":"SGS","geo_share":2.69e-05,"carto_share":1.77e-05,"target_share":8.4e-06},"geometry":{"type":"MultiPolygon","coordinates":[[[[-0.30257,-1.04971],[-0.30499,-1.04861],[-0.3034,-1.04818],[-0.30257,-1.04971]]],[[[-0.44223,-0.98462],[-0.43946,-0.9847],[-0.43642,-0.98714],[-0.43549,-0.98653],[-0.43207,-0.99013],[-0.4304,-0.99022],[-0.42867,-0.99277],[-0.431,-0.99384],[-0.43625,-0.98946],[-0.43846,-0.98888],[-0.44726,-0.9848],[-0.44913,-0.98325],[-0.45314,-0.98235],[-0.44681,-0.98272],[-0.44223,-0.98462]]]]}},{"type":"Feature","properties":{"name":"Br. Indian Ocean Ter.","iso3":"IOT","geo_share":3e-07,"carto_share":3e-07,"target_share":1e-07},"geometry":{"type":"Polygon","coordinates":[[[0.95786,-0.22666],[0.95698,-0.22765],[0.95768,-0.22444],[0.95786,-0.22666]]]}},{"type":"Feature","properties":{"name":"Saint Helena","iso3":"SHN","geo_share":7e-07,"carto_share":8e-07,"target_share":2e-07},"geometry":{"type":"MultiPolygon","coordinates":[[[[-0.04546,-0.3451],[-0.04681,-0.34451],[-0.04481,-0.3436],[-0.04546,-0.3451]]],[[[-0.183,-0.22146],[-0.18251,-0.21985],[-0.18119,-0.22059],[-0.183,-0.22146]]]]}},{"type":"Feature","properties":{"name":"Pitcairn Is.","iso3":"PCN","geo_share":2e-07,"carto_share":1e-07,"target_share":0.0},"geometry":{"type":"Polygon","coordinates":[[[-1.80554,-0.53822],[-1.80681,-0.53696],[-1.80616,-0.53686],[-1.80554,-0.53822]]]}},{"type":"Feature","properties":{"name":"Anguilla","iso3":"AIA","geo_share":4e-07,"carto_share":4e-07,"target_share":1e-07},"geometry":{"type":"Polygon","coordinates":[[[-0.85424,0.14654],[-0.85676,0.14512],[-0.85431,0.14744],[-0.85424,0.14654]]]}},{"type":"Feature","properties":{"name":"Falkland Is.","iso3":"FLK","geo_share":8.24e-05,"carto_share":3.72e-05,"target_share":2.57e-05},"geometry":{"type":"MultiPolygon","coordinates":[[[[-0.71657,-0.92826],[-0.71671,-0.92964],[-0.71279,-0.92839],[-0.71013,-0.92989],[-0.70931,-0.93212],[-0.7164,-0.93394],[-0.71523,-0.9358],[-0.72007,-0.93428],[-0.71823,-0.93611],[-0.72029,-0.93602],[-0.72011,-0.93727],[-0.72296,-0.93509],[-0.72334,-0.93304],[-0.72061,-0.93109],[-0.72184,-0.92921],[-0.7214,-0.92691],[-0.71657,-0.92826]]],[[[-0.72968,-0.92811],[-0.72457,-0.92757],[-0.7234,-0.92848],[-0.72566,-0.93324],[-0.72799,-0.93318],[-0.72809,-0.9347],[-0.73065,-0.93509],[-0.73395,-0.93362],[-0.73106,-0.93263],[-0.72894,-0.93102],[-0.73239,-0.93008],[-0.7297,-0.92966],[-0.73453,-0.9258],[-0.72968,-0.92811]]],[[[-0.73466,-0.9307],[-0.73446,-0.93237],[-0.73696,-0.93098],[-0.73466,-0.9307]]],[[[-0.71385,-0.93505],[-0.7132,-0.9361],[-0.71467,-0.93513],[-0.71385,-0.93505]]],[[[-0.73122,-0.92687],[-0.73228,-0.92532],[-0.73017,-0.92605],[-0.73122,-0.92687]]],[[[-0.72313,-0.93626],[-0.724,-0.93499],[-0.72298,-0.93554],[-0.72313,-0.93626]]]]}},{"type":"Feature","properties":{"name":"Cayman Is.","iso3":"CYM","geo_share":1.6e-06,"carto_share":1.5e-06,"target_share":5e-07},"geometry":{"type":"MultiPolygon","coordinates":[[[[-1.08512,0.13707],[-1.09029,0.13617],[-1.08991,0.1377],[-1.08512,0.13707]]],[[[-1.06529,0.14452],[-1.06485,0.1452],[-1.06315,0.14556],[-1.06529,0.14452]]],[[[-1.06175,0.14543],[-1.05922,0.14668],[-1.05858,0.14649],[-1.06175,0.14543]]]]}},{"type":"Feature","properties":{"name":"Bermuda","iso3":"BMU","geo_share":2e-07,"carto_share":2e-07,"target_share":1e-07},"geometry":{"type":"Polygon","coordinates":[[[-0.77971,0.49497],[-0.78002,0.49526],[-0.77865,0.49775],[-0.77971,0.49497]]]}},{"type":"Feature","properties":{"name":"British Virgin Is.","iso3":"VGB","geo_share":6e-07,"carto_share":5e-07,"target_share":2e-07},"geometry":{"type":"MultiPolygon","coordinates":[[[[-0.87345,0.14702],[-0.87287,0.14806],[-0.87135,0.14847],[-0.87345,0.14702]]],[[[-0.8762,0.14554],[-0.87764,0.14538],[-0.8752,0.14631],[-0.8762,0.14554]]],[[[-0.86914,0.15232],[-0.87078,0.1527],[-0.86949,0.15306],[-0.86914,0.15232]]]]}},{"type":"Feature","properties":{"name":"Turks and Caicos Is.","iso3":"TCA","geo_share":1.7e-06,"carto_share":1.5e-06,"target_share":5e-07},"geometry":{"type":"MultiPolygon","coordinates":[[[[-0.94559,0.18877],[-0.94726,0.19001],[-0.94499,0.1905],[-0.94559,0.18877]]],[[[-0.94801,0.18954],[-0.94892,0.19094],[-0.9475,0.19201],[-0.94801,0.18954]]],[[[-0.95357,0.18832],[-0.95233,0.18714],[-0.9543,0.18635],[-0.95357,0.18832]]]]}},{"type":"Feature","properties":{"name":"Montserrat","iso3":"MSR","geo_share":4e-07,"carto_share":3e-07,"target_share":1e-07},"geometry":{"type":"Polygon","coordinates":[[[-0.85105,0.11781],[-0.85185,0.11804],[-0.85068,0.12051],[-0.85105,0.11781]]]}},{"type":"Feature","properties":{"name":"Jersey","iso3":"JEY","geo_share":6e-07,"carto_share":1.7e-06,"target_share":2e-07},"geometry":{"type":"Polygon","coordinates":[[[-0.1593,0.72653],[-0.16559,0.72556],[-0.1648,0.72748],[-0.1593,0.72653]]]}},{"type":"Feature","properties":{"name":"Guernsey","iso3":"GGY","geo_share":2e-07,"carto_share":6e-07,"target_share":1e-07},"geometry":{"type":"Polygon","coordinates":[[[-0.17243,0.72937],[-0.17476,0.72979],[-0.17177,0.73094],[-0.17243,0.72937]]]}},{"type":"Feature","properties":{"name":"Isle of Man","iso3":"IMN","geo_share":3.3e-06,"carto_share":1.08e-05,"target_share":1e-06},"geometry":{"type":"Polygon","coordinates":[[[-0.22209,1.03269],[-0.22479,1.03139],[-0.21754,1.04666],[-0.21576,1.04378],[-0.22209,1.03269]]]}},{"type":"Feature","properties":{"name":"United Kingdom","iso3":"GBR","geo_share":0.0017735,"carto_share":0.032453,"target_share":0.0324698},"geometry":{"type":"MultiPolygon","coordinates":[[[[-0.18032,0.85141],[-0.203,0.83461],[-0.21374,0.83698],[-0.23438,0.85582],[-0.24923,0.85927],[-0.25601,0.84961],[-0.26083,0.86093],[-0.25766,0.87153],[-0.24186,0.89687],[-0.22765,0.92945],[-0.22755,0.95891],[-0.24313,0.9402],[-0.24111,0.94773],[-0.22359,0.98497],[-0.1868,1.01334],[-0.1749,1.01383],[-0.18086,1.02306],[-0.17018,1.04051],[-0.17198,1.04951],[-0.15408,1.07271],[-0.17391,1.06003],[-0.18593,1.06989],[-0.17004,1.09587],[-0.15252,1.11334],[-0.16106,1.11126],[-0.19423,1.08154],[-0.20695,1.07734],[-0.21415,1.06933],[-0.22166,1.07343],[-0.22369,1.06165],[-0.22957,1.0737],[-0.21274,1.12145],[-0.22029,1.13217],[-0.21305,1.15535],[-0.23304,1.14223],[-0.22944,1.15562],[-0.24036,1.14822],[-0.23949,1.13585],[-0.24359,1.11408],[-0.24957,1.11459],[-0.24826,1.13914],[-0.24846,1.15135],[-0.2356,1.17626],[-0.22053,1.19269],[-0.24773,1.17427],[-0.26411,1.17806],[-0.24732,1.18854],[-0.25193,1.18904],[-0.23551,1.20361],[-0.231,1.21067],[-0.23899,1.2125],[-0.22289,1.22639],[-0.2276,1.22826],[-0.21297,1.24203],[-0.18669,1.25323],[-0.19553,1.25535],[-0.1854,1.2641],[-0.16519,1.27205],[-0.16146,1.27869],[-0.14063,1.28431],[-0.05733,1.29657],[-0.0624,1.29193],[-0.10633,1.27785],[-0.10051,1.2745],[-0.12512,1.25997],[-0.07528,1.27503],[-0.01831,1.27613],[-0.01191,1.27606],[-0.00084,1.26965],[-0.00844,1.26353],[-0.02066,1.25044],[-0.0429,1.23653],[-0.08969,1.21604],[-0.06582,1.22455],[-0.05246,1.22618],[-0.11285,1.19149],[-0.09267,1.19668],[-0.05778,1.21458],[-0.033,1.22026],[-0.01571,1.21677],[-0.0221,1.18095],[-0.01886,1.17719],[-0.00046,1.182],[0.01145,1.17239],[0.00476,1.1613],[0.0035,1.13734],[-0.00994,1.12937],[-0.00094,1.12449],[-0.0046,1.10105],[-0.02735,1.05867],[-0.02171,1.05531],[-0.00553,1.08566],[0.00854,1.10072],[0.01347,1.08973],[0.0062,1.05262],[-0.00976,0.99113],[-0.02234,0.94934],[-0.03878,0.92187],[-0.03891,0.90469],[-0.04784,0.89235],[-0.04838,0.87815],[-0.03191,0.8908],[-0.03589,0.86816],[-0.04614,0.84546],[-0.05019,0.83203],[-0.07422,0.8039],[-0.08674,0.8012],[-0.10764,0.78924],[-0.12873,0.79344],[-0.13292,0.78122],[-0.15046,0.77716],[-0.15086,0.76924],[-0.16833,0.76959],[-0.18468,0.77783],[-0.1987,0.77455],[-0.20237,0.75699],[-0.20978,0.75359],[-0.22588,0.76602],[-0.24406,0.7665],[-0.25398,0.75902],[-0.26388,0.77068],[-0.26004,0.77104],[-0.24648,0.79715],[-0.24631,0.81115],[-0.23918,0.81339],[-0.23629,0.82375],[-0.22394,0.82521],[-0.19563,0.81961],[-0.16645,0.86863],[-0.18032,0.85141]]],[[[-0.22209,0.98886],[-0.2318,0.97281],[-0.23226,0.98882],[-0.22602,0.99601],[-0.22209,0.98886]]],[[[-0.04507,1.30079],[-0.04732,1.30128],[-0.04129,1.30087],[-0.04507,1.30079]]],[[[-0.0156,1.30539],[-0.01862,1.30637],[-0.01555,1.30684],[-0.0156,1.30539]]],[[[-0.02063,1.30569],[-0.01478,1.30492],[-0.01587,1.30133],[-0.01755,1.30309],[-0.0286,1.30533],[-0.02176,1.30497],[-0.02719,1.30636],[-0.02195,1.3067],[-0.02063,1.30569]]],[[[-0.01119,1.30615],[-0.01425,1.30725],[-0.0116,1.30723],[-0.01119,1.30615]]],[[[-0.0672,1.29803],[-0.07278,1.29881],[-0.06769,1.29918],[-0.0672,1.29803]]],[[[-0.05348,1.29756],[-0.0581,1.29842],[-0.05303,1.29833],[-0.05348,1.29756]]],[[[-0.05244,1.29884],[-0.07121,1.29978],[-0.07069,1.30087],[-0.05244,1.29884]]],[[[-0.05053,1.30085],[-0.06264,1.30205],[-0.06021,1.30213],[-0.05053,1.30085]]],[[[-0.27708,1.17177],[-0.27609,1.17386],[-0.27409,1.17434],[-0.27708,1.17177]]],[[[-0.22995,1.11486],[-0.23719,1.11808],[-0.23702,1.13208],[-0.2314,1.12895],[-0.22995,1.11486]]],[[[-0.25406,1.16492],[-0.2667,1.16307],[-0.26518,1.17017],[-0.26993,1.17168],[-0.26352,1.17577],[-0.25253,1.17156],[-0.25406,1.16492]]],[[[-0.2646,1.14864],[-0.26096,1.13705],[-0.26705,1.13572],[-0.27239,1.14712],[-0.2646,1.14864]]],[[[-0.25937,1.1419],[-0.26276,1.14646],[-0.25294,1.1546],[-0.25937,1.1419]]],[[[-0.2457,1.22813],[-0.27012,1.20651],[-0.26312,1.21519],[-0.2667,1.21474],[-0.25892,1.22477],[-0.22067,1.25241],[-0.2457,1.22813]]],[[[-0.26678,1.18524],[-0.26945,1.18627],[-0.26573,1.18886],[-0.26678,1.18524]]],[[[-0.25473,1.20245],[-0.23662,1.20805],[-0.25279,1.19425],[-0.25309,1.19961],[-0.26338,1.1946],[-0.27178,1.19681],[-0.26515,1.20438],[-0.2489,1.21438],[-0.25473,1.20245]]],[[[-0.27584,1.19969],[-0.28203,1.19338],[-0.28353,1.19501],[-0.27584,1.19969]]],[[[-0.28713,1.18199],[-0.28561,1.18758],[-0.28328,1.18868],[-0.28508,1.1828],[-0.28713,1.18199]]],[[[-0.29018,1.17715],[-0.29007,1.1783],[-0.28846,1.17877],[-0.29018,1.17715]]],[[[-0.25519,1.02345],[-0.26794,1.02207],[-0.28221,1.05553],[-0.29213,1.03274],[-0.30918,1.04656],[-0.31788,1.06623],[-0.30626,1.08027],[-0.31053,1.08517],[-0.29971,1.09148],[-0.29375,1.11077],[-0.28903,1.11457],[-0.26827,1.11718],[-0.25815,1.11038],[-0.24287,1.07619],[-0.24567,1.06763],[-0.23829,1.06329],[-0.23397,1.04736],[-0.2392,1.05571],[-0.23771,1.03724],[-0.24296,1.03448],[-0.24982,1.0204],[-0.25519,1.02345]]],[[[-0.11799,0.78128],[-0.12697,0.77288],[-0.13335,0.77609],[-0.12573,0.78467],[-0.11799,0.78128]]]]}},{"type":"Feature","properties":{"name":"United Arab Emirates","iso3":"ARE","geo_share":0.00053,"carto_share":0.0046432,"target_share":0.0046677},"geometry":{"type":"MultiPolygon","coordinates":[[[[0.75363,0.56112],[0.75462,0.55498],[0.75306,0.50106],[0.74865,0.48458],[0.74522,0.50573],[0.74337,0.49781],[0.74584,0.44765],[0.74821,0.43025],[0.7417,0.42176],[0.74196,0.40474],[0.72919,0.35676],[0.72191,0.33868],[0.71773,0.33241],[0.64822,0.31469],[0.64114,0.41482],[0.64605,0.43466],[0.64847,0.43682],[0.64399,0.41183],[0.65082,0.42126],[0.66216,0.44742],[0.6895,0.44931],[0.70257,0.46565],[0.71345,0.50526],[0.72258,0.52155],[0.73679,0.55412],[0.74804,0.57081],[0.75116,0.58132],[0.75231,0.58054],[0.75112,0.56468],[0.75363,0.56112]],[[0.75265,0.52757],[0.75185,0.53444],[0.75124,0.52616],[0.75265,0.52757]]],[[[0.67546,0.46581],[0.6816,0.47326],[0.67886,0.46631],[0.67546,0.46581]]],[[[0.66438,0.45756],[0.66586,0.4624],[0.66666,0.46225],[0.66438,0.45756]]],[[[0.69002,0.45569],[0.68281,0.45855],[0.68794,0.46617],[0.69002,0.45569]]],[[[0.70425,0.47738],[0.70097,0.48167],[0.70284,0.48406],[0.70425,0.47738]]]]}},{"type":"Feature","properties":{"name":"Ukraine","iso3":"UKR","geo_share":0.0042476,"carto_share":0.0013153,"target_share":0.001324},"geometry":{"type":"MultiPolygon","coordinates":[[[[0.71863,0.95604],[0.71363,0.95589],[0.71224,0.95405],[0.70301,0.94853],[0.69922,0.94646],[0.69422,0.93936],[0.69436,0.94164],[0.69113,0.93644],[0.69099,0.92988],[0.6898,0.93014],[0.68951,0.93262],[0.68528,0.93399],[0.68459,0.93192],[0.68302,0.9323],[0.67858,0.9283],[0.67517,0.92956],[0.67682,0.93229],[0.67474,0.93252],[0.67912,0.9343],[0.68083,0.93709],[0.67811,0.93531],[0.67755,0.93635],[0.67825,0.93983],[0.67678,0.93516],[0.67499,0.9341],[0.67107,0.92941],[0.66736,0.91816],[0.66401,0.90895],[0.65807,0.897],[0.65249,0.87941],[0.65257,0.8833],[0.64147,0.86336],[0.63811,0.85989],[0.63825,0.86345],[0.64384,0.87253],[0.64756,0.88108],[0.65854,0.9048],[0.66245,0.91675],[0.66439,0.92117],[0.666,0.92078],[0.66765,0.92398],[0.66742,0.9254],[0.66863,0.93034],[0.66819,0.93147],[0.66913,0.93536],[0.66859,0.93733],[0.66953,0.94091],[0.66975,0.94371],[0.66926,0.94305],[0.669,0.94501],[0.66786,0.94432],[0.66468,0.94689],[0.66288,0.94449],[0.66071,0.94285],[0.6587,0.93964],[0.65578,0.93632],[0.65234,0.93052],[0.64037,0.91814],[0.62523,0.89974],[0.62362,0.90123],[0.6141,0.8904],[0.5924,0.86724],[0.58014,0.85208],[0.58054,0.85365],[0.57177,0.84407],[0.56862,0.84076],[0.59101,0.87111],[0.59791,0.87916],[0.5977,0.88003],[0.6034,0.8902],[0.62024,0.91279],[0.64245,0.94025],[0.64714,0.945],[0.65229,0.95891],[0.64904,0.96845],[0.64898,0.97431],[0.65069,0.97848],[0.65363,0.97852],[0.65804,0.9869],[0.66301,0.98893],[0.66497,0.9881],[0.66632,0.98627],[0.66815,0.98544],[0.66844,0.98355],[0.66937,0.98358],[0.66974,0.98211],[0.67018,0.98365],[0.67119,0.9841],[0.6732,0.98341],[0.67443,0.98496],[0.67513,0.9825],[0.67816,0.98432],[0.6796,0.9825],[0.67996,0.98353],[0.67961,0.98592],[0.68013,0.98827],[0.68128,0.99079],[0.68426,0.99179],[0.68509,0.99142],[0.68623,0.99215],[0.68695,0.99384],[0.68846,0.99345],[0.68932,0.99409],[0.69153,0.99395],[0.69236,0.99319],[0.69346,0.99117],[0.69479,0.9896],[0.69378,0.98888],[0.69456,0.98549],[0.6966,0.98508],[0.69804,0.98536],[0.69921,0.98423],[0.69996,0.98197],[0.69992,0.98056],[0.70115,0.9793],[0.70205,0.98008],[0.70534,0.97876],[0.70589,0.97937],[0.70873,0.9801],[0.71045,0.97811],[0.71243,0.97678],[0.71326,0.97754],[0.71702,0.97569],[0.71824,0.97568],[0.72189,0.97325],[0.723,0.97313],[0.72403,0.97152],[0.72418,0.97045],[0.7228,0.96954],[0.72464,0.96813],[0.72379,0.96803],[0.72355,0.96668],[0.72462,0.96615],[0.72583,0.96408],[0.72571,0.96114],[0.72116,0.96196],[0.72038,0.96103],[0.71794,0.96004],[0.71863,0.95604]]],[[[0.67672,0.92808],[0.67433,0.92709],[0.67419,0.92794],[0.67672,0.92808]]]]}},{"type":"Feature","properties":{"name":"Uganda","iso3":"UGA","geo_share":0.0018056,"carto_share":0.0005626,"target_share":0.0005628},"geometry":{"type":"Polygon","coordinates":[[[0.4068,-0.07166],[0.38759,-0.07496],[0.38541,-0.07615],[0.38446,-0.07637],[0.38144,-0.08244],[0.38087,-0.08051],[0.37927,-0.08141],[0.37944,-0.07538],[0.38122,-0.05976],[0.38299,-0.05394],[0.38333,-0.04944],[0.3851,-0.04714],[0.39106,-0.03682],[0.39366,-0.03169],[0.39337,-0.02874],[0.39039,-0.02663],[0.39164,-0.02137],[0.39117,-0.01889],[0.39265,-0.01402],[0.39224,-0.01302],[0.39483,-0.00901],[0.39714,-0.01012],[0.39963,-0.0083],[0.40048,-0.01066],[0.40197,-0.0115],[0.40351,-0.00908],[0.40865,-0.00629],[0.40969,-0.00746],[0.41217,-0.00738],[0.4164,-0.00114],[0.41729,-0.00597],[0.41883,-0.00722],[0.41844,-0.01376],[0.42005,-0.01776],[0.42064,-0.02184],[0.41941,-0.03267],[0.41729,-0.03847],[0.41477,-0.04152],[0.41169,-0.04806],[0.40936,-0.05446],[0.4068,-0.07166]]]}},{"type":"Feature","properties":{"name":"Turkmenistan","iso3":"TKM","geo_share":0.0035033,"carto_share":0.0010941,"target_share":0.001092},"geometry":{"type":"MultiPolygon","coordinates":[[[[0.77714,0.78143],[0.77731,0.78447],[0.77813,0.7895],[0.77714,0.78143]]],[[[0.79515,0.8622],[0.79724,0.85896],[0.79857,0.875],[0.80043,0.88229],[0.8018,0.8831],[0.80337,0.89058],[0.80433,0.8867],[0.80421,0.89407],[0.80547,0.89521],[0.80627,0.89812],[0.80654,0.89323],[0.8073,0.89275],[0.80759,0.88775],[0.80906,0.88858],[0.80913,0.88623],[0.80793,0.87982],[0.80822,0.8772],[0.80728,0.87336],[0.80616,0.86523],[0.80666,0.86127],[0.8077,0.86262],[0.80937,0.86271],[0.81026,0.86537],[0.81079,0.85999],[0.80994,0.85104],[0.80967,0.84256],[0.80898,0.83501],[0.80906,0.83104],[0.81011,0.82113],[0.81011,0.81686],[0.81059,0.81194],[0.81109,0.81291],[0.81126,0.80746],[0.81225,0.7962],[0.81297,0.79729],[0.81388,0.78921],[0.81321,0.78552],[0.81183,0.77474],[0.81099,0.77618],[0.81061,0.77965],[0.80888,0.77182],[0.8075,0.77103],[0.80625,0.76816],[0.80194,0.74881],[0.79864,0.74033],[0.79543,0.73494],[0.79514,0.7319],[0.79398,0.72667],[0.79173,0.72147],[0.79044,0.71969],[0.79021,0.72484],[0.78868,0.72421],[0.78829,0.72686],[0.79182,0.7479],[0.78925,0.74541],[0.78978,0.75172],[0.78916,0.75497],[0.78991,0.76185],[0.78924,0.76435],[0.78786,0.76209],[0.78761,0.76459],[0.78642,0.76752],[0.78721,0.77308],[0.78544,0.77228],[0.78394,0.76692],[0.78248,0.76633],[0.77996,0.7593],[0.77816,0.75324],[0.7764,0.7463],[0.77298,0.73781],[0.77163,0.73591],[0.77535,0.75477],[0.782,0.79095],[0.78237,0.799],[0.78107,0.80147],[0.77978,0.79788],[0.78143,0.80911],[0.78306,0.80904],[0.78277,0.81189],[0.7835,0.81864],[0.78113,0.81873],[0.78039,0.81603],[0.78076,0.82948],[0.78411,0.85131],[0.78449,0.84474],[0.78676,0.84575],[0.78692,0.84113],[0.78933,0.84311],[0.7896,0.84756],[0.79103,0.84984],[0.79162,0.85992],[0.79097,0.87126],[0.7918,0.89043],[0.79113,0.89159],[0.78914,0.88923],[0.78779,0.88465],[0.78609,0.87324],[0.78432,0.8573],[0.78448,0.87542],[0.78765,0.8869],[0.78991,0.89289],[0.79325,0.89709],[0.79421,0.88855],[0.79441,0.88313],[0.79407,0.86792],[0.79413,0.86124],[0.79515,0.8622]]]]}},{"type":"Feature","properties":{"name":"Turkey","iso3":"TUR","geo_share":0.0057998,"carto_share":0.0128266,"target_share":0.0128399},"geometry":{"type":"MultiPolygon","coordinates":[[[[0.51951,0.61849],[0.51759,0.61501],[0.52067,0.62277],[0.51951,0.61849]]],[[[0.73643,0.88096],[0.74222,0.88081],[0.74389,0.88484],[0.74777,0.86552],[0.74939,0.84835],[0.74848,0.83816],[0.74838,0.82419],[0.74903,0.81704],[0.75037,0.81776],[0.74989,0.79778],[0.74961,0.79448],[0.7498,0.80231],[0.74638,0.78343],[0.74396,0.78106],[0.74056,0.75317],[0.73573,0.72983],[0.73625,0.72967],[0.72937,0.7053],[0.73,0.70113],[0.72651,0.68788],[0.72639,0.68472],[0.72446,0.67906],[0.72362,0.67832],[0.71843,0.66752],[0.72034,0.6739],[0.71986,0.67549],[0.71673,0.66941],[0.71327,0.66564],[0.71012,0.66548],[0.70645,0.66216],[0.69782,0.64765],[0.69926,0.65329],[0.68918,0.64102],[0.68215,0.63727],[0.67322,0.6251],[0.6664,0.61784],[0.66147,0.61453],[0.65938,0.61698],[0.65729,0.61672],[0.64987,0.60575],[0.64638,0.60352],[0.64173,0.60368],[0.6408,0.5955],[0.64231,0.59391],[0.63951,0.59057],[0.63751,0.58603],[0.634,0.58359],[0.63468,0.58495],[0.63209,0.58606],[0.63636,0.5961],[0.63411,0.60081],[0.62779,0.58832],[0.62234,0.58564],[0.61663,0.58584],[0.61285,0.58357],[0.60612,0.57673],[0.59695,0.56794],[0.58538,0.55895],[0.56294,0.53825],[0.55916,0.53328],[0.55273,0.52805],[0.55108,0.53272],[0.544,0.53119],[0.53406,0.52356],[0.52201,0.50316],[0.5165,0.49914],[0.50202,0.48591],[0.49549,0.48523],[0.4992,0.4941],[0.49335,0.48982],[0.48857,0.48877],[0.47667,0.47626],[0.47485,0.47579],[0.48292,0.48432],[0.4918,0.49688],[0.47908,0.48717],[0.48388,0.49474],[0.48403,0.50135],[0.48789,0.51232],[0.49056,0.51536],[0.49599,0.52701],[0.49378,0.53144],[0.49166,0.53166],[0.50047,0.5501],[0.49734,0.54093],[0.50286,0.54625],[0.50246,0.55016],[0.50476,0.55719],[0.51101,0.56998],[0.51416,0.58665],[0.51949,0.60105],[0.51922,0.60208],[0.51166,0.58897],[0.51908,0.61402],[0.52067,0.61706],[0.52929,0.64066],[0.53501,0.65136],[0.53592,0.64898],[0.54084,0.65721],[0.55139,0.66834],[0.55883,0.67664],[0.55631,0.67726],[0.56084,0.6843],[0.57685,0.70448],[0.5706,0.69954],[0.56905,0.70241],[0.57447,0.71341],[0.58515,0.72473],[0.59242,0.73402],[0.59744,0.73631],[0.60444,0.74373],[0.6115,0.75641],[0.62614,0.77822],[0.63183,0.78802],[0.65235,0.81772],[0.67084,0.83528],[0.67539,0.84258],[0.67531,0.83297],[0.67754,0.8323],[0.68425,0.84037],[0.6829,0.83134],[0.68477,0.8277],[0.68922,0.83556],[0.69039,0.83049],[0.69716,0.83306],[0.70228,0.83188],[0.71472,0.84915],[0.71751,0.84661],[0.72183,0.84892],[0.73022,0.86524],[0.73643,0.88096]]],[[[0.5682,0.71652],[0.56611,0.71238],[0.56592,0.7068],[0.57322,0.71202],[0.56763,0.70069],[0.56407,0.69582],[0.5557,0.68829],[0.54963,0.68008],[0.54265,0.6722],[0.53669,0.65946],[0.5304,0.64518],[0.52042,0.61804],[0.52426,0.6301],[0.53166,0.65031],[0.52623,0.64132],[0.52679,0.64521],[0.53044,0.65537],[0.5326,0.66343],[0.5363,0.6711],[0.53764,0.67491],[0.536,0.67385],[0.54233,0.6838],[0.55664,0.70213],[0.55902,0.70388],[0.5682,0.71652]]]]}},{"type":"Feature","properties":{"name":"Tunisia","iso3":"TUN","geo_share":0.0011721,"carto_share":0.0003659,"target_share":0.0003654},"geometry":{"type":"MultiPolygon","coordinates":[[[[0.19141,0.23651],[0.19253,0.23252],[0.19419,0.23109],[0.18634,0.22977],[0.18337,0.2282],[0.18146,0.2282],[0.18008,0.22701],[0.18297,0.2243],[0.1834,0.22284],[0.18073,0.2207],[0.17678,0.21996],[0.16641,0.2317],[0.15793,0.23525],[0.15581,0.23783],[0.15419,0.23897],[0.15053,0.24026],[0.14757,0.24419],[0.14748,0.24592],[0.15027,0.2482],[0.15277,0.24932],[0.1538,0.25056],[0.15515,0.25396],[0.15439,0.25857],[0.15587,0.26258],[0.15469,0.26362],[0.15885,0.26874],[0.16145,0.26979],[0.16519,0.27304],[0.17176,0.27699],[0.17671,0.27704],[0.17542,0.2742],[0.1762,0.27069],[0.179,0.27348],[0.18662,0.2788],[0.18635,0.27577],[0.17993,0.26909],[0.17578,0.26618],[0.17468,0.26446],[0.17532,0.26193],[0.18057,0.26049],[0.18219,0.25695],[0.17813,0.25317],[0.17378,0.24973],[0.16882,0.24663],[0.17063,0.2433],[0.17467,0.24132],[0.1779,0.24133],[0.17866,0.23974],[0.18159,0.24061],[0.1837,0.23997],[0.18649,0.23712],[0.19141,0.23651]]],[[[0.18518,0.25239],[0.18246,0.25149],[0.18469,0.25301],[0.18518,0.25239]]],[[[0.17992,0.24122],[0.17775,0.24324],[0.18237,0.24212],[0.17992,0.24122]]]]}},{"type":"Feature","properties":{"name":"Trinidad and Tobago","iso3":"TTO","geo_share":3.66e-05,"carto_share":2.02e-05,"target_share":1.14e-05},"geometry":{"type":"MultiPolygon","coordinates":[[[[-0.86741,-0.01443],[-0.86596,-0.01146],[-0.86412,-0.01074],[-0.86741,-0.01443]]],[[[-0.8785,-0.03973],[-0.88043,-0.0419],[-0.88751,-0.0466],[-0.88209,-0.03973],[-0.87989,-0.03401],[-0.88035,-0.0315],[-0.8772,-0.02788],[-0.87235,-0.02431],[-0.87491,-0.02882],[-0.8785,-0.03973]]]]}},{"type":"Feature","properties":{"name":"Tonga","iso3":"TON","geo_share":2.6e-06,"carto_share":2.6e-06,"target_share":8e-07},"geometry":{"type":"MultiPolygon","coordinates":[[[[-2.54005,-0.46006],[-2.54004,-0.46261],[-2.54434,-0.45951],[-2.54005,-0.46006]]],[[[-2.54372,-0.41391],[-2.54534,-0.41272],[-2.54355,-0.41178],[-2.54372,-0.41391]]],[[[-2.53619,-0.46341],[-2.53494,-0.46631],[-2.53662,-0.46434],[-2.53619,-0.46341]]]]}},{"type":"Feature","properties":{"name":"Togo","iso3":"TGO","geo_share":0.0004253,"carto_share":0.000132,"target_share":0.0001326},"geometry":{"type":"Polygon","coordinates":[[[0.09519,0.08663],[0.09389,0.08474],[0.09396,0.08241],[0.10146,0.08],[0.10307,0.07548],[0.10561,0.07399],[0.1061,0.06926],[0.10528,0.06172],[0.10382,0.06166],[0.10422,0.05959],[0.10747,0.05622],[0.10496,0.05547],[0.09784,0.05433],[0.09465,0.05658],[0.09106,0.05764],[0.08876,0.0603],[0.09111,0.06352],[0.08948,0.06466],[0.09115,0.0658],[0.09122,0.06835],[0.09275,0.06935],[0.08867,0.07211],[0.09025,0.07271],[0.09085,0.07591],[0.08694,0.07655],[0.08812,0.078],[0.08876,0.08197],[0.08305,0.08423],[0.08376,0.08687],[0.08275,0.08754],[0.08982,0.08665],[0.09519,0.08663]]]}},{"type":"Feature","properties":{"name":"Timor-Leste","iso3":"TLS","geo_share":0.0001098,"carto_share":4.41e-05,"target_share":3.42e-05},"geometry":{"type":"MultiPolygon","coordinates":[[[[1.94792,-0.34159],[1.94671,-0.34474],[1.94625,-0.34418],[1.94792,-0.34159]]],[[[1.93632,-0.36465],[1.93744,-0.35938],[1.93946,-0.35783],[1.93845,-0.35548],[1.94207,-0.3506],[1.94783,-0.34744],[1.95425,-0.34541],[1.95841,-0.34214],[1.96095,-0.34331],[1.95558,-0.34891],[1.95018,-0.35308],[1.94829,-0.35392],[1.94084,-0.3597],[1.93632,-0.36465]]],[[[1.92666,-0.36397],[1.93213,-0.36047],[1.92893,-0.36505],[1.92666,-0.36397]]]]}},{"type":"Feature","properties":{"name":"Thailand","iso3":"THA","geo_share":0.0038397,"carto_share":0.0045545,"target_share":0.0045814},"geometry":{"type":"MultiPolygon","coordinates":[[[[1.43795,0.16564],[1.43723,0.16445],[1.43621,0.16459],[1.43795,0.16564]]],[[[1.43496,0.16776],[1.43202,0.16727],[1.43272,0.16907],[1.43496,0.16776]]],[[[1.34229,0.10257],[1.34317,0.1083],[1.34579,0.1071],[1.34229,0.10257]]],[[[1.32101,0.30684],[1.32488,0.30651],[1.33347,0.30287],[1.33437,0.30055],[1.34154,0.29671],[1.3461,0.29567],[1.35079,0.29306],[1.35768,0.28654],[1.35803,0.2821],[1.3602,0.27799],[1.35855,0.27191],[1.36182,0.27011],[1.36742,0.27541],[1.36765,0.27689],[1.36998,0.27782],[1.38108,0.2705],[1.38489,0.26979],[1.38306,0.27313],[1.3866,0.27159],[1.39928,0.26418],[1.42339,0.24765],[1.43341,0.24061],[1.43744,0.23709],[1.44621,0.22608],[1.45623,0.21558],[1.46243,0.21031],[1.46374,0.20787],[1.46692,0.20475],[1.46791,0.20061],[1.46949,0.19563],[1.46915,0.19173],[1.46657,0.18958],[1.46558,0.18838],[1.46294,0.18945],[1.45868,0.18827],[1.45112,0.18809],[1.44761,0.18911],[1.44177,0.18914],[1.43816,0.18768],[1.43509,0.18267],[1.43005,0.18257],[1.43179,0.17999],[1.43582,0.17761],[1.43714,0.17471],[1.44226,0.17336],[1.44153,0.17037],[1.44409,0.16764],[1.43899,0.17085],[1.4377,0.16973],[1.4257,0.17213],[1.41669,0.17317],[1.40891,0.17213],[1.3925,0.17405],[1.39167,0.1841],[1.38273,0.18646],[1.37204,0.18715],[1.36733,0.18571],[1.37085,0.18075],[1.36957,0.17607],[1.37264,0.16919],[1.36757,0.16146],[1.36677,0.15433],[1.36173,0.14702],[1.3622,0.13724],[1.36705,0.12751],[1.37398,0.12872],[1.37776,0.12484],[1.37864,0.11671],[1.38455,0.10935],[1.38589,0.09437],[1.38403,0.09911],[1.38083,0.09891],[1.38112,0.09457],[1.3843,0.08974],[1.38753,0.09021],[1.39505,0.08713],[1.40499,0.0888],[1.40952,0.08553],[1.41454,0.08484],[1.40768,0.08026],[1.40076,0.07915],[1.38757,0.07413],[1.38614,0.07452],[1.38982,0.07667],[1.39177,0.07952],[1.38788,0.0785],[1.38761,0.08021],[1.38012,0.07968],[1.3778,0.08078],[1.37582,0.07824],[1.36962,0.08396],[1.37079,0.08702],[1.36889,0.09125],[1.364,0.09223],[1.35833,0.10188],[1.35309,0.10559],[1.34912,0.11119],[1.34568,0.10867],[1.3424,0.11329],[1.34295,0.11952],[1.34622,0.12925],[1.35328,0.14558],[1.3541,0.15303],[1.36054,0.15847],[1.36614,0.16552],[1.36154,0.17118],[1.3587,0.17596],[1.35465,0.17923],[1.35086,0.18497],[1.35109,0.18668],[1.34719,0.19459],[1.34175,0.20111],[1.33416,0.20869],[1.3257,0.22017],[1.32153,0.2287],[1.32467,0.23075],[1.31961,0.24288],[1.32194,0.24418],[1.32051,0.24825],[1.3191,0.24684],[1.31257,0.25466],[1.31002,0.25891],[1.29522,0.27303],[1.29201,0.27901],[1.287,0.2881],[1.28878,0.28977],[1.28667,0.29601],[1.28665,0.29933],[1.28535,0.30483],[1.28601,0.30819],[1.28842,0.30718],[1.29842,0.30649],[1.29781,0.30896],[1.30667,0.30848],[1.30353,0.31031],[1.30839,0.3091],[1.31339,0.30885],[1.32101,0.30684]]],[[[1.3809,0.13387],[1.37917,0.13596],[1.3804,0.13574],[1.3809,0.13387]]],[[[1.3811,0.1323],[1.37895,0.1299],[1.37872,0.13255],[1.3811,0.1323]]],[[[1.36652,0.08116],[1.36805,0.08224],[1.36838,0.08048],[1.36652,0.08116]]],[[[1.34842,0.10386],[1.34774,0.10724],[1.34915,0.10615],[1.34842,0.10386]]],[[[1.34467,0.12469],[1.34355,0.12452],[1.34462,0.12639],[1.34467,0.12469]]],[[[1.35873,0.09478],[1.35751,0.09624],[1.35785,0.09763],[1.35873,0.09478]]]]}},{"type":"Feature","properties":{"name":"Tanzania","iso3":"TZA","geo_share":0.0070473,"carto_share":0.0021963,"target_share":0.0021968},"geometry":{"type":"MultiPolygon","coordinates":[[[[0.43318,-0.15749],[0.4296,-0.15531],[0.42917,-0.14888],[0.43043,-0.14486],[0.43318,-0.15749]]],[[[0.43724,-0.12831],[0.43702,-0.13554],[0.43437,-0.13786],[0.43487,-0.12871],[0.43724,-0.12831]]],[[[0.39534,-0.20691],[0.3925,-0.20279],[0.38969,-0.20108],[0.38815,-0.19875],[0.38633,-0.19397],[0.38477,-0.19403],[0.38342,-0.19046],[0.38299,-0.18744],[0.3807,-0.17179],[0.37961,-0.16721],[0.37746,-0.16253],[0.3766,-0.15774],[0.37635,-0.15317],[0.37712,-0.14723],[0.37594,-0.13675],[0.37651,-0.12836],[0.37832,-0.12838],[0.381,-0.12241],[0.38294,-0.1145],[0.38531,-0.10939],[0.38549,-0.10488],[0.38396,-0.104],[0.38362,-0.09981],[0.38461,-0.09603],[0.38632,-0.09491],[0.38689,-0.08328],[0.38511,-0.07712],[0.38541,-0.07615],[0.38759,-0.07496],[0.4068,-0.07166],[0.40766,-0.07201],[0.4241,-0.09668],[0.42281,-0.10384],[0.42326,-0.10714],[0.43031,-0.12388],[0.42738,-0.14106],[0.42589,-0.14792],[0.4262,-0.15633],[0.43201,-0.16667],[0.43288,-0.16938],[0.43018,-0.17828],[0.43029,-0.18332],[0.43207,-0.18774],[0.43089,-0.19607],[0.43277,-0.20594],[0.43488,-0.21079],[0.4348,-0.21469],[0.43668,-0.22332],[0.4444,-0.23224],[0.43906,-0.23681],[0.43417,-0.24012],[0.43108,-0.24091],[0.42959,-0.24309],[0.42757,-0.24084],[0.42615,-0.24076],[0.42588,-0.24327],[0.42353,-0.24582],[0.42049,-0.24339],[0.41863,-0.24499],[0.41668,-0.24405],[0.41588,-0.24208],[0.41402,-0.24057],[0.41327,-0.24227],[0.40928,-0.24162],[0.4065,-0.23342],[0.40665,-0.22972],[0.40499,-0.2177],[0.40356,-0.21282],[0.40152,-0.20881],[0.40136,-0.2116],[0.39832,-0.2103],[0.39534,-0.20691]]],[[[0.4339,-0.18644],[0.43695,-0.18273],[0.43673,-0.18599],[0.4339,-0.18644]]]]}},{"type":"Feature","properties":{"name":"Tajikistan","iso3":"TJK","geo_share":0.0010583,"carto_share":0.0003372,"target_share":0.0003299},"geometry":{"type":"MultiPolygon","coordinates":[[[[0.81427,0.77034],[0.81537,0.77811],[0.81811,0.79428],[0.81842,0.80173],[0.81915,0.81003],[0.82035,0.81859],[0.81964,0.81969],[0.82009,0.82383],[0.81988,0.82627],[0.82096,0.83289],[0.8223,0.83808],[0.82346,0.83592],[0.82529,0.84576],[0.82609,0.84814],[0.82752,0.85608],[0.82728,0.85767],[0.82862,0.85836],[0.83095,0.8713],[0.83299,0.87945],[0.83263,0.87464],[0.83544,0.88311],[0.83663,0.88767],[0.83543,0.87851],[0.83266,0.86796],[0.83157,0.85954],[0.83251,0.86141],[0.83012,0.85389],[0.83009,0.85881],[0.8285,0.8549],[0.82721,0.84846],[0.82729,0.8504],[0.82602,0.84339],[0.82503,0.83581],[0.82581,0.83748],[0.8276,0.83765],[0.82706,0.83274],[0.82942,0.83976],[0.82805,0.82832],[0.82884,0.83106],[0.82827,0.82555],[0.82922,0.83048],[0.83,0.83245],[0.83131,0.83228],[0.83332,0.83659],[0.83149,0.82545],[0.83091,0.81421],[0.82981,0.80708],[0.82934,0.79579],[0.83014,0.79338],[0.83187,0.79876],[0.83456,0.79486],[0.83494,0.79129],[0.83392,0.78071],[0.83503,0.77097],[0.83479,0.76566],[0.83729,0.75881],[0.83563,0.75363],[0.83333,0.75919],[0.83069,0.76054],[0.82852,0.75736],[0.82823,0.76225],[0.82737,0.76444],[0.82658,0.76392],[0.82536,0.76022],[0.82511,0.75722],[0.82429,0.75728],[0.82236,0.75135],[0.82201,0.75309],[0.82208,0.76384],[0.8234,0.78391],[0.82293,0.78443],[0.82364,0.79595],[0.82347,0.80157],[0.82273,0.79829],[0.82115,0.78714],[0.82069,0.78009],[0.8202,0.77722],[0.81997,0.77895],[0.81901,0.77839],[0.81804,0.7698],[0.81747,0.76745],[0.81742,0.77332],[0.81661,0.77192],[0.81427,0.76463],[0.81427,0.77034]]],[[[0.83689,0.88719],[0.83644,0.88493],[0.83682,0.88754],[0.83689,0.88719]]],[[[0.82878,0.84519],[0.82917,0.84826],[0.82939,0.84725],[0.82878,0.84519]]]]}},{"type":"Feature","properties":{"name":"Taiwan","iso3":"TWN","geo_share":0.0002664,"carto_share":0.0072501,"target_share":0.0072537},"geometry":{"type":"MultiPolygon","coordinates":[[[[1.86737,0.28819],[1.85739,0.27533],[1.8512,0.26383],[1.84493,0.26219],[1.83007,0.2672],[1.80595,0.27173],[1.77066,0.31605],[1.75585,0.37999],[1.75445,0.4497],[1.76746,0.4804],[1.80251,0.48465],[1.85412,0.45748],[1.85645,0.45071],[1.87806,0.42867],[1.88636,0.40288],[1.8977,0.35071],[1.88908,0.31485],[1.86737,0.28819]]],[[[1.70335,0.44555],[1.7053,0.44098],[1.70378,0.4419],[1.70335,0.44555]]]]}},{"type":"Feature","properties":{"name":"Syria","iso3":"SYR","geo_share":0.0013832,"carto_share":0.0004078,"target_share":0.0004312},"geometry":{"type":"Polygon","coordinates":[[[0.634,0.58359],[0.63751,0.58603],[0.63951,0.59057],[0.64231,0.59391],[0.6408,0.5955],[0.64173,0.60368],[0.64638,0.60352],[0.64987,0.60575],[0.65729,0.61672],[0.65938,0.61698],[0.66147,0.61453],[0.6664,0.61784],[0.67322,0.6251],[0.68215,0.63727],[0.68918,0.64102],[0.69926,0.65329],[0.69782,0.64765],[0.6864,0.63076],[0.68246,0.62707],[0.68049,0.6244],[0.67822,0.62037],[0.67699,0.61682],[0.67419,0.61264],[0.6717,0.60752],[0.66882,0.60313],[0.66674,0.60096],[0.6541,0.58471],[0.6419,0.55694],[0.63948,0.55071],[0.63297,0.53884],[0.63445,0.55805],[0.63313,0.56884],[0.63437,0.57075],[0.63893,0.57911],[0.64271,0.58297],[0.64196,0.58322],[0.6451,0.58758],[0.64264,0.58651],[0.63716,0.58086],[0.63588,0.58028],[0.636,0.58156],[0.63288,0.58022],[0.634,0.58359]]]}},{"type":"Feature","properties":{"name":"Switzerland","iso3":"CHE","geo_share":0.0003069,"carto_share":0.0082219,"target_share":0.0082238},"geometry":{"type":"Polygon","coordinates":[[[0.2811,0.70967],[0.28225,0.69206],[0.28413,0.67605],[0.31597,0.66808],[0.32492,0.67881],[0.32956,0.67151],[0.32544,0.6474],[0.30835,0.64486],[0.30446,0.61766],[0.29502,0.62121],[0.26948,0.60739],[0.26659,0.62093],[0.25572,0.61726],[0.25214,0.6001],[0.23273,0.57564],[0.22383,0.55729],[0.19925,0.58329],[0.1954,0.60156],[0.17599,0.58081],[0.17821,0.5723],[0.15646,0.55129],[0.14188,0.55514],[0.11984,0.54944],[0.11384,0.5536],[0.09947,0.57373],[0.09731,0.59538],[0.08374,0.59846],[0.07584,0.57893],[0.07173,0.60069],[0.07331,0.61508],[0.0816,0.62666],[0.08427,0.64212],[0.0912,0.64773],[0.11151,0.67525],[0.11639,0.68733],[0.13584,0.68985],[0.14843,0.70209],[0.2019,0.70881],[0.21686,0.72153],[0.23647,0.71671],[0.25764,0.71882],[0.2811,0.70967]]]}},{"type":"Feature","properties":{"name":"Sweden","iso3":"SWE","geo_share":0.0032976,"carto_share":0.00543,"target_share":0.0054323},"geometry":{"type":"MultiPolygon","coordinates":[[[[0.51418,1.13531],[0.51033,1.13646],[0.51601,1.13055],[0.50562,1.13227],[0.50664,1.13316],[0.50098,1.13795],[0.49844,1.14192],[0.50326,1.14163],[0.50964,1.13861],[0.51418,1.13531]]],[[[0.47956,1.13992],[0.47668,1.14154],[0.47403,1.14542],[0.4771,1.14707],[0.47834,1.15064],[0.48063,1.14924],[0.47933,1.14496],[0.47956,1.13992]]],[[[0.28681,1.26513],[0.29796,1.25879],[0.29726,1.26184],[0.28876,1.26815],[0.2934,1.26798],[0.30041,1.26512],[0.30768,1.2633],[0.30612,1.26675],[0.28923,1.27858],[0.30082,1.2739],[0.3026,1.27556],[0.29121,1.28193],[0.27467,1.28964],[0.27148,1.29501],[0.26136,1.30061],[0.25669,1.30449],[0.25894,1.30446],[0.24855,1.30969],[0.25221,1.31023],[0.24979,1.3117],[0.25951,1.31154],[0.27628,1.30716],[0.29616,1.29939],[0.29892,1.29957],[0.293,1.30413],[0.27925,1.30999],[0.28733,1.30995],[0.29251,1.31083],[0.28953,1.31617],[0.28367,1.32043],[0.29865,1.31554],[0.30564,1.31381],[0.30177,1.31674],[0.3189,1.31464],[0.31839,1.31565],[0.3078,1.32183],[0.31635,1.32019],[0.31796,1.32167],[0.32805,1.31946],[0.3431,1.31232],[0.34608,1.31303],[0.34201,1.31728],[0.34636,1.3158],[0.38317,1.2982],[0.38727,1.2973],[0.38072,1.30088],[0.38528,1.30053],[0.38375,1.30244],[0.37769,1.30617],[0.38782,1.30165],[0.42318,1.27948],[0.44108,1.26843],[0.46449,1.25104],[0.46306,1.25123],[0.46882,1.24408],[0.47429,1.24058],[0.47576,1.23757],[0.48782,1.22697],[0.48737,1.22417],[0.49228,1.21855],[0.4955,1.21624],[0.50397,1.20815],[0.49592,1.21309],[0.48692,1.21751],[0.47867,1.22362],[0.4719,1.2274],[0.47342,1.22423],[0.46804,1.2268],[0.46889,1.22532],[0.46288,1.22876],[0.46687,1.22421],[0.46323,1.22321],[0.47555,1.21295],[0.46978,1.21377],[0.46903,1.21147],[0.46065,1.21449],[0.45538,1.21706],[0.45356,1.21677],[0.44537,1.22166],[0.44198,1.22158],[0.43314,1.22622],[0.43426,1.22325],[0.42178,1.22993],[0.42903,1.22385],[0.41976,1.22801],[0.41471,1.23133],[0.4227,1.22408],[0.42395,1.22096],[0.42885,1.21672],[0.42147,1.22125],[0.422,1.21975],[0.43737,1.20377],[0.44946,1.19559],[0.45535,1.19273],[0.46501,1.18528],[0.48028,1.17403],[0.4885,1.16657],[0.47756,1.16973],[0.47721,1.16895],[0.48389,1.16612],[0.48319,1.16385],[0.46826,1.16969],[0.4599,1.17238],[0.4411,1.18263],[0.45627,1.17377],[0.46084,1.17044],[0.45511,1.17306],[0.46106,1.16781],[0.46338,1.16384],[0.4615,1.16387],[0.46796,1.15751],[0.46697,1.15578],[0.47065,1.152],[0.47109,1.14822],[0.469,1.14444],[0.46632,1.14486],[0.46108,1.14809],[0.43955,1.15892],[0.43135,1.1605],[0.43927,1.15318],[0.43675,1.15317],[0.42667,1.15859],[0.41416,1.16328],[0.40112,1.16999],[0.39773,1.17833],[0.37422,1.19935],[0.38542,1.19251],[0.37667,1.19991],[0.3835,1.19605],[0.38099,1.19947],[0.36031,1.21271],[0.33775,1.22698],[0.33023,1.23258],[0.32476,1.23546],[0.31831,1.24091],[0.30653,1.24805],[0.30141,1.25255],[0.29272,1.2581],[0.27826,1.26929],[0.28681,1.26513]]],[[[0.51251,1.1369],[0.51362,1.13682],[0.51785,1.1342],[0.51251,1.1369]]],[[[0.48689,1.16115],[0.48578,1.16228],[0.48735,1.16155],[0.48689,1.16115]]],[[[0.48475,1.1659],[0.48427,1.16716],[0.48604,1.16606],[0.48475,1.1659]]]]}},{"type":"Feature","properties":{"name":"eSwatini","iso3":"SWZ","geo_share":0.0001259,"carto_share":4.1e-05,"target_share":3.92e-05},"geometry":{"type":"Polygon","coordinates":[[[0.37359,-0.44772],[0.37413,-0.44855],[0.37355,-0.45288],[0.37339,-0.46172],[0.37263,-0.46139],[0.37202,-0.46913],[0.36894,-0.46911],[0.36686,-0.46655],[0.36589,-0.46153],[0.3665,-0.45624],[0.36969,-0.44698],[0.37104,-0.44515],[0.37309,-0.44824],[0.37359,-0.44772]]]}},{"type":"Feature","properties":{"name":"Suriname","iso3":"SUR","geo_share":0.001079,"carto_share":0.0003473,"target_share":0.0003364},"geometry":{"type":"Polygon","coordinates":[[[-0.82578,-0.09766],[-0.83901,-0.11245],[-0.84507,-0.1282],[-0.84575,-0.13875],[-0.83901,-0.14914],[-0.84254,-0.158],[-0.84005,-0.16592],[-0.84006,-0.17355],[-0.84208,-0.17458],[-0.84821,-0.16405],[-0.84962,-0.16533],[-0.85076,-0.16474],[-0.85175,-0.16213],[-0.85167,-0.16539],[-0.84978,-0.17114],[-0.84911,-0.17456],[-0.85159,-0.17046],[-0.8528,-0.16805],[-0.85673,-0.15392],[-0.85781,-0.14681],[-0.85854,-0.14682],[-0.86,-0.14249],[-0.86163,-0.13672],[-0.8609,-0.13147],[-0.86137,-0.12977],[-0.8603,-0.12806],[-0.85855,-0.12779],[-0.85796,-0.1255],[-0.85835,-0.12412],[-0.85758,-0.1214],[-0.85512,-0.11399],[-0.85143,-0.1127],[-0.84843,-0.11189],[-0.84588,-0.1068],[-0.83161,-0.09279],[-0.81455,-0.08381],[-0.82578,-0.09766]]]}},{"type":"Feature","properties":{"name":"S. Sudan","iso3":"SSD","geo_share":0.0046527,"carto_share":0.00145,"target_share":0.0014503},"geometry":{"type":"Polygon","coordinates":[[[0.4164,-0.00114],[0.41217,-0.00738],[0.40969,-0.00746],[0.40865,-0.00629],[0.40351,-0.00908],[0.40197,-0.0115],[0.40048,-0.01066],[0.39963,-0.0083],[0.39714,-0.01012],[0.39483,-0.00901],[0.39224,-0.01302],[0.39053,-0.01148],[0.39015,-0.00882],[0.38798,-0.00716],[0.38464,0.0002],[0.38313,0.00041],[0.38062,-0.00256],[0.37758,-0.00126],[0.37529,-0.00367],[0.37357,-0.00342],[0.37075,0.00019],[0.36809,0.00591],[0.36707,0.00813],[0.36685,0.01219],[0.36591,0.01411],[0.36169,0.0176],[0.3602,0.02226],[0.36063,0.02444],[0.35704,0.02954],[0.35311,0.0327],[0.35161,0.03488],[0.35205,0.03731],[0.34892,0.0421],[0.34443,0.04385],[0.3432,0.04815],[0.34627,0.05068],[0.34823,0.06073],[0.35,0.0639],[0.35052,0.06656],[0.35652,0.06817],[0.35727,0.06578],[0.35951,0.06321],[0.36253,0.05834],[0.36423,0.05809],[0.36675,0.05951],[0.37325,0.05965],[0.37446,0.05661],[0.38077,0.05692],[0.38212,0.06026],[0.38595,0.06233],[0.38713,0.0658],[0.39041,0.06844],[0.394,0.06533],[0.39596,0.06277],[0.39985,0.06373],[0.40352,0.06888],[0.40602,0.07414],[0.41006,0.07901],[0.40994,0.08641],[0.40799,0.08947],[0.41337,0.09005],[0.41338,0.09242],[0.41724,0.09276],[0.4158,0.08561],[0.41609,0.07726],[0.42142,0.07037],[0.42169,0.06633],[0.42084,0.0618],[0.42234,0.06196],[0.42175,0.05161],[0.4205,0.04985],[0.41472,0.04871],[0.41262,0.04325],[0.41414,0.04113],[0.41754,0.04039],[0.41926,0.03866],[0.42028,0.03538],[0.42481,0.02915],[0.4266,0.0176],[0.42784,0.0156],[0.4164,-0.00114]]]}},{"type":"Feature","properties":{"name":"Sudan","iso3":"SDN","geo_share":0.0138799,"carto_share":0.0043234,"target_share":0.0043266},"geometry":{"type":"Polygon","coordinates":[[[0.42234,0.06196],[0.42084,0.0618],[0.42169,0.06633],[0.42142,0.07037],[0.41609,0.07726],[0.4158,0.08561],[0.41724,0.09276],[0.41338,0.09242],[0.41337,0.09005],[0.40799,0.08947],[0.40994,0.08641],[0.41006,0.07901],[0.40602,0.07414],[0.40352,0.06888],[0.39985,0.06373],[0.39596,0.06277],[0.394,0.06533],[0.39041,0.06844],[0.38713,0.0658],[0.38595,0.06233],[0.38212,0.06026],[0.38077,0.05692],[0.37446,0.05661],[0.37325,0.05965],[0.36675,0.05951],[0.36423,0.05809],[0.36253,0.05834],[0.35951,0.06321],[0.35727,0.06578],[0.35652,0.06817],[0.35052,0.06656],[0.35,0.0639],[0.34823,0.06073],[0.34627,0.05068],[0.3432,0.04815],[0.33941,0.04889],[0.33823,0.04984],[0.33758,0.05322],[0.33879,0.05575],[0.33886,0.0611],[0.33594,0.06726],[0.33195,0.07294],[0.33236,0.07747],[0.32907,0.08082],[0.32918,0.08417],[0.32837,0.08472],[0.32695,0.09102],[0.32381,0.09104],[0.32218,0.09219],[0.32355,0.09551],[0.32564,0.09779],[0.32443,0.10175],[0.32497,0.10359],[0.32798,0.10591],[0.32675,0.11005],[0.32935,0.11193],[0.33016,0.11473],[0.33169,0.11646],[0.33169,0.12012],[0.33326,0.12193],[0.34122,0.12342],[0.34207,0.15948],[0.34224,0.1641],[0.35143,0.16573],[0.3525,0.1838],[0.40606,0.19677],[0.40746,0.19906],[0.40787,0.19723],[0.4562,0.21168],[0.45454,0.20659],[0.45688,0.20318],[0.45546,0.20167],[0.4543,0.19482],[0.45224,0.18836],[0.4513,0.18031],[0.45193,0.16915],[0.45655,0.1667],[0.45905,0.16309],[0.46341,0.16142],[0.45786,0.15363],[0.45355,0.15119],[0.45159,0.14905],[0.45102,0.1465],[0.44829,0.14644],[0.44775,0.14192],[0.44817,0.13856],[0.44579,0.12829],[0.4451,0.1271],[0.44561,0.11835],[0.44423,0.11151],[0.44256,0.10743],[0.44134,0.10121],[0.43895,0.10046],[0.437,0.09858],[0.43376,0.09168],[0.43252,0.08996],[0.43091,0.08368],[0.43036,0.07894],[0.42897,0.07743],[0.42744,0.07879],[0.42477,0.0745],[0.42459,0.06986],[0.42289,0.06512],[0.42234,0.06196]]]}},{"type":"Feature","properties":{"name":"Sri Lanka","iso3":"LKA","geo_share":0.0004935,"carto_share":0.0001596,"target_share":0.0001538},"geometry":{"type":"MultiPolygon","coordinates":[[[[1.05302,0.09902],[1.05237,0.09884],[1.05197,0.10135],[1.05302,0.09902]]],[[[1.05339,0.08757],[1.05172,0.08974],[1.05284,0.08902],[1.05339,0.08757]]],[[[1.05292,0.10285],[1.05588,0.10252],[1.05977,0.09443],[1.06372,0.08014],[1.06393,0.07594],[1.06565,0.07184],[1.06737,0.06597],[1.06759,0.06137],[1.06664,0.05523],[1.06483,0.05255],[1.05954,0.04785],[1.05545,0.04774],[1.05415,0.04986],[1.0538,0.05988],[1.05384,0.06903],[1.05285,0.07495],[1.05377,0.07476],[1.05416,0.08333],[1.05373,0.08638],[1.05465,0.08934],[1.05428,0.09788],[1.05292,0.10285]]]]}},{"type":"Feature","properties":{"name":"Spain","iso3":"ESP","geo_share":0.003764,"carto_share":0.0154927,"target_share":0.015513},"geometry":{"type":"MultiPolygon","coordinates":[[[[0.07465,0.31295],[0.07286,0.31356],[0.07256,0.31587],[0.07465,0.31295]]],[[[0.08619,0.33868],[0.0905,0.33746],[0.08959,0.32759],[0.08789,0.32562],[0.0833,0.32918],[0.08058,0.33335],[0.0773,0.33516],[0.08112,0.34078],[0.08545,0.34359],[0.08619,0.33868]]],[[[0.10106,0.3384],[0.09491,0.34305],[0.09471,0.34529],[0.09964,0.34399],[0.10106,0.3384]]],[[[0.0717,0.31813],[0.0694,0.31972],[0.06955,0.32389],[0.07271,0.32224],[0.0717,0.31813]]],[[[-0.1158,0.567],[-0.09828,0.54835],[-0.09519,0.54105],[-0.06588,0.51416],[-0.0553,0.50179],[-0.04554,0.49544],[-0.03226,0.48145],[-0.00831,0.4648],[-0.01021,0.47127],[0.0168,0.44779],[0.02165,0.4415],[0.02676,0.43368],[0.03135,0.43271],[0.04468,0.41995],[0.04843,0.41981],[0.06319,0.40877],[0.06914,0.40951],[0.0752,0.40524],[0.08094,0.38938],[0.07788,0.38557],[0.06705,0.38059],[0.06426,0.37676],[0.04437,0.38092],[0.04079,0.37709],[0.04708,0.37069],[0.04194,0.3711],[0.03778,0.3553],[0.0372,0.34663],[0.04718,0.33023],[0.05794,0.31861],[0.05097,0.31204],[0.04872,0.30491],[0.05056,0.28988],[0.04022,0.29163],[0.03204,0.28514],[0.03095,0.2783],[0.02631,0.27443],[0.0157,0.27781],[0.01189,0.27648],[-0.00026,0.2807],[-0.0269,0.28995],[-0.03064,0.28654],[-0.04252,0.29103],[-0.04175,0.28497],[-0.04697,0.28625],[-0.064,0.29947],[-0.08218,0.31807],[-0.08678,0.32167],[-0.09775,0.33522],[-0.1146,0.35094],[-0.1283,0.3589],[-0.14144,0.37827],[-0.14486,0.40076],[-0.15882,0.41893],[-0.16294,0.43069],[-0.16172,0.44244],[-0.16871,0.44938],[-0.18082,0.46845],[-0.19125,0.48165],[-0.17648,0.47473],[-0.17817,0.48685],[-0.18529,0.4977],[-0.18153,0.50038],[-0.18737,0.51507],[-0.19686,0.53336],[-0.18489,0.54603],[-0.19653,0.55822],[-0.20306,0.57195],[-0.21859,0.58184],[-0.22384,0.57908],[-0.24681,0.59286],[-0.24915,0.60282],[-0.25951,0.6004],[-0.26311,0.60792],[-0.26099,0.61311],[-0.26629,0.62828],[-0.26878,0.62715],[-0.26935,0.63498],[-0.27484,0.64242],[-0.27498,0.64895],[-0.2714,0.6536],[-0.26607,0.65252],[-0.26127,0.65415],[-0.26205,0.65853],[-0.25196,0.66002],[-0.24126,0.65077],[-0.21366,0.63693],[-0.20896,0.63578],[-0.17665,0.61133],[-0.16026,0.60361],[-0.14591,0.58986],[-0.14418,0.59066],[-0.12839,0.57512],[-0.1158,0.567]]],[[[-0.17533,0.28302],[-0.17368,0.27867],[-0.17779,0.27834],[-0.18943,0.28925],[-0.18053,0.28614],[-0.17794,0.28705],[-0.1724,0.2838],[-0.17533,0.28302]]],[[[-0.12571,0.26425],[-0.12746,0.26762],[-0.12243,0.26629],[-0.11831,0.26244],[-0.12571,0.26425]]],[[[-0.12235,0.25274],[-0.127,0.2555],[-0.12281,0.25477],[-0.12572,0.26258],[-0.1194,0.25745],[-0.11576,0.25177],[-0.12235,0.25274]]],[[[-0.14875,0.26666],[-0.14414,0.26094],[-0.15029,0.26248],[-0.15581,0.26792],[-0.15544,0.26997],[-0.14875,0.26666]]],[[[-0.19213,0.28529],[-0.19699,0.28914],[-0.1927,0.28777],[-0.19213,0.28529]]],[[[-0.20584,0.28841],[-0.20572,0.28591],[-0.21102,0.29016],[-0.20584,0.28841]]],[[[-0.21362,0.30292],[-0.21894,0.30957],[-0.21422,0.30794],[-0.21362,0.30292]]]]}},{"type":"Feature","properties":{"name":"South Korea","iso3":"KOR","geo_share":0.0007184,"carto_share":0.0152233,"target_share":0.0152439},"geometry":{"type":"MultiPolygon","coordinates":[[[[1.59445,0.89814],[1.59584,0.90842],[1.60751,0.93818],[1.61173,0.94491],[1.63513,0.96134],[1.64501,0.97273],[1.67249,0.96014],[1.71913,0.92878],[1.75118,0.89779],[1.77788,0.85448],[1.79366,0.79187],[1.79849,0.79443],[1.80079,0.73594],[1.7974,0.69967],[1.79241,0.6855],[1.77912,0.67437],[1.77967,0.65396],[1.7625,0.66145],[1.74927,0.65447],[1.7547,0.63321],[1.73827,0.6437],[1.75024,0.62843],[1.74861,0.61895],[1.73857,0.62428],[1.73252,0.63913],[1.72946,0.61988],[1.71735,0.62643],[1.71649,0.61799],[1.702,0.63025],[1.67636,0.64933],[1.6903,0.64521],[1.64759,0.68808],[1.64061,0.71283],[1.63391,0.72446],[1.64077,0.73301],[1.6301,0.7519],[1.61766,0.76313],[1.6016,0.80307],[1.59325,0.80066],[1.59139,0.81412],[1.59875,0.82972],[1.61663,0.82778],[1.60185,0.8467],[1.59312,0.89126],[1.59445,0.89814]]],[[[1.78476,0.64924],[1.7809,0.65447],[1.78629,0.67108],[1.78476,0.64924]]],[[[1.76962,0.6373],[1.7581,0.64772],[1.76641,0.64929],[1.76962,0.6373]]],[[[1.69345,0.62819],[1.6831,0.64117],[1.69553,0.6329],[1.69345,0.62819]]],[[[1.5924,0.89227],[1.59062,0.87938],[1.59122,0.89715],[1.5924,0.89227]]],[[[1.72991,0.61381],[1.72068,0.61819],[1.72112,0.61989],[1.72991,0.61381]]],[[[1.76293,0.62722],[1.76034,0.62973],[1.76123,0.63323],[1.76293,0.62722]]],[[[1.60487,0.78247],[1.59813,0.79571],[1.60099,0.79303],[1.60487,0.78247]]],[[[1.66537,0.65648],[1.65037,0.67139],[1.66079,0.66413],[1.66537,0.65648]]],[[[1.78659,0.89256],[1.78315,0.89812],[1.78491,0.89629],[1.78659,0.89256]]],[[[1.74124,0.59197],[1.7391,0.59492],[1.74765,0.59454],[1.75315,0.59372],[1.75458,0.59151],[1.74124,0.59197]]]]}},{"type":"Feature","properties":{"name":"South Africa","iso3":"ZAF","geo_share":0.0090936,"carto_share":0.0034929,"target_share":0.0034972},"geometry":{"type":"MultiPolygon","coordinates":[[[[0.36447,-0.39374],[0.36644,-0.39286],[0.37135,-0.3951],[0.37421,-0.39446],[0.37635,-0.39597],[0.377,-0.40815],[0.37683,-0.41096],[0.37775,-0.41636],[0.37771,-0.42397],[0.37454,-0.44223],[0.37359,-0.44772],[0.37309,-0.44824],[0.37104,-0.44515],[0.36969,-0.44698],[0.3665,-0.45624],[0.36589,-0.46153],[0.36686,-0.46655],[0.36894,-0.46911],[0.37202,-0.46913],[0.37263,-0.46139],[0.37339,-0.46172],[0.37969,-0.46242],[0.37794,-0.47506],[0.37735,-0.48513],[0.37532,-0.49183],[0.37288,-0.49486],[0.37059,-0.49593],[0.3668,-0.50258],[0.36425,-0.51119],[0.35871,-0.52897],[0.35628,-0.53462],[0.35438,-0.53681],[0.34972,-0.54557],[0.34766,-0.5506],[0.34017,-0.56352],[0.33456,-0.57135],[0.32991,-0.57524],[0.32663,-0.57349],[0.32411,-0.57623],[0.32397,-0.57993],[0.31918,-0.57851],[0.31773,-0.58291],[0.30912,-0.57884],[0.3067,-0.58102],[0.30175,-0.58051],[0.29931,-0.58226],[0.29473,-0.59011],[0.29035,-0.59226],[0.28905,-0.59181],[0.28444,-0.59574],[0.27853,-0.60567],[0.27544,-0.60645],[0.27338,-0.59951],[0.27072,-0.60141],[0.27242,-0.59568],[0.26965,-0.59697],[0.26679,-0.60345],[0.26679,-0.60052],[0.27032,-0.59324],[0.27124,-0.58516],[0.26968,-0.57856],[0.27015,-0.57611],[0.27558,-0.57083],[0.27711,-0.56769],[0.27894,-0.56038],[0.27983,-0.55324],[0.27811,-0.54098],[0.27757,-0.52551],[0.27828,-0.5134],[0.27793,-0.50656],[0.27688,-0.50011],[0.28022,-0.49638],[0.2825,-0.49001],[0.28335,-0.48932],[0.28471,-0.49411],[0.28438,-0.49975],[0.28781,-0.5023],[0.29164,-0.50205],[0.29321,-0.50313],[0.29402,-0.50054],[0.29648,-0.49619],[0.29826,-0.49532],[0.30425,-0.43974],[0.30587,-0.44315],[0.30701,-0.45593],[0.30672,-0.45967],[0.30513,-0.46411],[0.30507,-0.47025],[0.31038,-0.46957],[0.31341,-0.46498],[0.31445,-0.46197],[0.31742,-0.4568],[0.31984,-0.44738],[0.32248,-0.44421],[0.3239,-0.44513],[0.32575,-0.44868],[0.33053,-0.45142],[0.33479,-0.44948],[0.33578,-0.44778],[0.33897,-0.43455],[0.34252,-0.43167],[0.34538,-0.42621],[0.34709,-0.41804],[0.34954,-0.41355],[0.35271,-0.40977],[0.3563,-0.40196],[0.36068,-0.39828],[0.3629,-0.39419],[0.36447,-0.39374]],[[0.35037,-0.51112],[0.35305,-0.50144],[0.35282,-0.4989],[0.35112,-0.49628],[0.34969,-0.49214],[0.34723,-0.49438],[0.34401,-0.49833],[0.3406,-0.50709],[0.33897,-0.50943],[0.33993,-0.51635],[0.33986,-0.51863],[0.34155,-0.52248],[0.34306,-0.52282],[0.34599,-0.51507],[0.34739,-0.51457],[0.35037,-0.51112]]],[[[0.44557,-0.86667],[0.4467,-0.8646],[0.44891,-0.86612],[0.44557,-0.86667]]]]}},{"type":"Feature","properties":{"name":"Somalia","iso3":"SOM","geo_share":0.0035275,"carto_share":0.0011004,"target_share":0.0010996},"geometry":{"type":"Polygon","coordinates":[[[0.45718,-0.06489],[0.45712,-0.06262],[0.4539,-0.05231],[0.46781,-0.00667],[0.472,-0.00153],[0.47862,0.00817],[0.48019,0.01024],[0.48678,0.0137],[0.49045,0.01828],[0.49472,0.02165],[0.49829,0.02366],[0.50578,0.02577],[0.51706,0.04026],[0.52242,0.04708],[0.53944,0.06737],[0.55418,0.08525],[0.56441,0.10679],[0.57355,0.11386],[0.57941,0.11784],[0.59152,0.13127],[0.59704,0.13127],[0.59045,0.12079],[0.58644,0.11061],[0.58909,0.10842],[0.58622,0.10788],[0.58103,0.10483],[0.57554,0.09335],[0.56797,0.08525],[0.56178,0.0769],[0.55781,0.07331],[0.55602,0.06957],[0.54946,0.0607],[0.54563,0.0533],[0.54499,0.05041],[0.53961,0.04165],[0.53428,0.03462],[0.53118,0.02878],[0.5182,0.0131],[0.50895,0.00246],[0.50651,0.00031],[0.49642,-0.00691],[0.48951,-0.01362],[0.47909,-0.02595],[0.46871,-0.04131],[0.46226,-0.05212],[0.45718,-0.06489]]]}},{"type":"Feature","properties":{"name":"Somaliland","iso3":"SOL","geo_share":0.0012546,"carto_share":0.0003896,"target_share":0.0003911},"geometry":{"type":"Polygon","coordinates":[[[0.56441,0.10679],[0.55418,0.08525],[0.53944,0.06737],[0.53132,0.06435],[0.51998,0.06514],[0.50622,0.06688],[0.50247,0.06965],[0.50121,0.06994],[0.4981,0.07451],[0.49482,0.07785],[0.49284,0.08245],[0.49454,0.08694],[0.49746,0.09427],[0.49909,0.09219],[0.50308,0.08427],[0.50909,0.08009],[0.5155,0.08078],[0.52695,0.08847],[0.53574,0.08925],[0.54688,0.09917],[0.55343,0.10068],[0.56181,0.10682],[0.56441,0.10679]]]}},{"type":"Feature","properties":{"name":"Solomon Is.","iso3":"SLB","geo_share":0.0001683,"carto_share":0.000101,"target_share":5.24e-05},"geometry":{"type":"MultiPolygon","coordinates":[[[[2.38385,-0.25949],[2.38217,-0.25855],[2.38295,-0.25753],[2.38385,-0.25949]]],[[[2.47453,-0.30558],[2.47256,-0.30596],[2.47391,-0.304],[2.47453,-0.30558]]],[[[2.46765,-0.28933],[2.46235,-0.29134],[2.46471,-0.28807],[2.46765,-0.28933]]],[[[2.37832,-0.3135],[2.37177,-0.31048],[2.37245,-0.30837],[2.37832,-0.3135]]],[[[2.39956,-0.27515],[2.39813,-0.27394],[2.39922,-0.26964],[2.39956,-0.27515]]],[[[2.37643,-0.26808],[2.37447,-0.26733],[2.37592,-0.26614],[2.37643,-0.26808]]],[[[2.38875,-0.26617],[2.38934,-0.26831],[2.387,-0.26722],[2.38875,-0.26617]]],[[[2.3593,-0.25855],[2.35785,-0.26011],[2.35529,-0.25778],[2.35554,-0.25528],[2.35102,-0.25623],[2.35485,-0.25135],[2.35696,-0.25161],[2.3593,-0.25855]]],[[[2.36205,-0.26274],[2.3632,-0.26103],[2.36347,-0.26289],[2.36205,-0.26274]]],[[[2.35998,-0.26243],[2.35847,-0.26098],[2.36245,-0.25924],[2.35998,-0.26243]]],[[[2.35063,-0.26211],[2.34964,-0.26005],[2.35254,-0.25763],[2.35063,-0.26211]]],[[[2.34507,-0.25118],[2.34369,-0.2479],[2.34488,-0.24594],[2.34775,-0.24795],[2.34507,-0.25118]]],[[[2.34265,-0.25528],[2.34254,-0.25342],[2.34354,-0.25163],[2.34265,-0.25528]]],[[[2.34936,-0.2535],[2.34897,-0.25096],[2.35101,-0.24969],[2.35141,-0.25286],[2.34936,-0.2535]]],[[[2.33582,-0.23856],[2.33334,-0.23846],[2.33458,-0.23656],[2.33582,-0.23856]]],[[[2.35458,-0.26322],[2.35224,-0.26241],[2.35407,-0.2618],[2.35458,-0.26322]]],[[[2.38278,-0.26999],[2.38446,-0.27184],[2.3883,-0.27135],[2.3903,-0.27316],[2.3913,-0.27659],[2.38943,-0.27763],[2.38653,-0.2764],[2.38197,-0.27671],[2.38042,-0.27349],[2.38278,-0.26999]]],[[[2.38594,-0.26026],[2.38355,-0.25745],[2.3752,-0.2523],[2.37122,-0.24819],[2.36988,-0.24516],[2.37347,-0.24597],[2.37767,-0.25041],[2.38154,-0.25238],[2.38592,-0.25688],[2.38594,-0.26026]]],[[[2.35766,-0.24281],[2.35239,-0.24228],[2.34522,-0.23277],[2.3457,-0.23099],[2.35325,-0.23674],[2.35346,-0.23915],[2.35766,-0.24281]]],[[[2.3964,-0.25593],[2.39792,-0.25993],[2.39635,-0.26263],[2.39811,-0.26442],[2.3974,-0.27272],[2.39656,-0.27013],[2.39411,-0.26736],[2.39451,-0.2564],[2.3964,-0.25593]]],[[[2.40149,-0.28573],[2.40492,-0.28605],[2.40769,-0.29246],[2.40425,-0.2923],[2.39743,-0.2875],[2.39745,-0.2821],[2.40149,-0.28573]]]]}},{"type":"Feature","properties":{"name":"Slovakia","iso3":"SVK","geo_share":0.0003602,"carto_share":0.0001347,"target_share":0.0001123},"geometry":{"type":"Polygon","coordinates":[[[0.59101,0.87111],[0.56862,0.84076],[0.56072,0.83094],[0.55824,0.82837],[0.55399,0.82198],[0.54989,0.81522],[0.54756,0.80926],[0.54444,0.80194],[0.54409,0.80174],[0.54299,0.79862],[0.54085,0.79242],[0.53941,0.78706],[0.53672,0.78151],[0.53716,0.78776],[0.53654,0.78792],[0.53922,0.80448],[0.5408,0.81027],[0.54371,0.81907],[0.54614,0.817],[0.54846,0.82196],[0.55031,0.82931],[0.55396,0.83832],[0.55518,0.83851],[0.55479,0.83276],[0.55904,0.84304],[0.55669,0.83311],[0.55385,0.82692],[0.55478,0.8276],[0.55764,0.83296],[0.56265,0.84003],[0.56443,0.84099],[0.56848,0.84746],[0.57701,0.85763],[0.58025,0.85917],[0.59101,0.87111]]]}},{"type":"Feature","properties":{"name":"Slovenia","iso3":"SVN","geo_share":0.0001503,"carto_share":8.54e-05,"target_share":4.68e-05},"geometry":{"type":"Polygon","coordinates":[[[0.51037,0.71139],[0.50856,0.70966],[0.50558,0.70501],[0.4947,0.69482],[0.4924,0.69148],[0.4886,0.68844],[0.48842,0.68764],[0.4839,0.68461],[0.48151,0.68327],[0.4796,0.68149],[0.47558,0.67773],[0.47352,0.67464],[0.4662,0.6679],[0.47082,0.67353],[0.474,0.67694],[0.46784,0.67436],[0.46682,0.67736],[0.47117,0.6813],[0.46422,0.68037],[0.4725,0.68629],[0.4826,0.68838],[0.49022,0.69583],[0.50592,0.70921],[0.51041,0.71781],[0.51261,0.72004],[0.51037,0.71139]]]}},{"type":"Feature","properties":{"name":"Singapore","iso3":"SGP","geo_share":1.6e-06,"carto_share":0.0045275,"target_share":0.0047094},"geometry":{"type":"Polygon","coordinates":[[[1.38304,-0.08254],[1.45179,0.0567],[1.59363,-0.08252],[1.38304,-0.08254]]]}},{"type":"Feature","properties":{"name":"Sierra Leone","iso3":"SLE","geo_share":0.000534,"carto_share":0.0001669,"target_share":0.0001665},"geometry":{"type":"MultiPolygon","coordinates":[[[[-0.03396,0.06657],[-0.03498,0.06409],[-0.0366,0.06354],[-0.0373,0.06129],[-0.04395,0.05731],[-0.04858,0.0535],[-0.05064,0.05508],[-0.06043,0.05611],[-0.05847,0.05936],[-0.06353,0.06029],[-0.06275,0.06331],[-0.06589,0.06354],[-0.06621,0.06631],[-0.06333,0.06601],[-0.05966,0.06787],[-0.06422,0.06743],[-0.06339,0.07021],[-0.06111,0.07046],[-0.06399,0.07234],[-0.05975,0.07297],[-0.05619,0.07548],[-0.05393,0.07972],[-0.05068,0.07937],[-0.04878,0.0802],[-0.04253,0.0794],[-0.03765,0.07343],[-0.03817,0.07182],[-0.037,0.07121],[-0.036,0.06818],[-0.03783,0.06561],[-0.03649,0.06538],[-0.03396,0.06657]]],[[[-0.06184,0.0567],[-0.06765,0.05637],[-0.06053,0.05866],[-0.06184,0.0567]]]]}},{"type":"Feature","properties":{"name":"Seychelles","iso3":"SYC","geo_share":1e-06,"carto_share":9e-07,"target_share":3e-07},"geometry":{"type":"Polygon","coordinates":[[[0.68359,-0.14976],[0.68091,-0.14637],[0.68198,-0.14558],[0.68359,-0.14976]]]}},{"type":"Feature","properties":{"name":"Serbia","iso3":"SRB","geo_share":0.0005799,"carto_share":0.0001889,"target_share":0.0001807},"geometry":{"type":"Polygon","coordinates":[[[0.52752,0.68756],[0.52521,0.68147],[0.52443,0.67598],[0.52429,0.67211],[0.52479,0.66819],[0.52302,0.66352],[0.5224,0.66317],[0.52124,0.65714],[0.52035,0.65521],[0.52031,0.65598],[0.5185,0.6548],[0.52046,0.66174],[0.52008,0.66423],[0.52014,0.67077],[0.51958,0.67435],[0.519,0.67169],[0.51803,0.66962],[0.51808,0.67073],[0.51516,0.67881],[0.51282,0.68454],[0.51399,0.68406],[0.51387,0.68588],[0.51224,0.69015],[0.51363,0.69023],[0.51166,0.69478],[0.51183,0.69757],[0.51348,0.70274],[0.5124,0.7024],[0.51428,0.70748],[0.51528,0.70922],[0.51525,0.71108],[0.51823,0.72013],[0.51948,0.72345],[0.52126,0.72763],[0.52493,0.73708],[0.52796,0.74307],[0.52675,0.7381],[0.52615,0.73196],[0.52269,0.72045],[0.52388,0.71143],[0.52149,0.70225],[0.52496,0.69428],[0.52871,0.70234],[0.5299,0.70027],[0.52747,0.69441],[0.52752,0.68756]]]}},{"type":"Feature","properties":{"name":"Senegal","iso3":"SEN","geo_share":0.0014689,"carto_share":0.000454,"target_share":0.0004579},"geometry":{"type":"Polygon","coordinates":[[[-0.05716,0.1213],[-0.05656,0.11847],[-0.05435,0.11637],[-0.05366,0.11368],[-0.05454,0.11178],[-0.05201,0.10911],[-0.04994,0.10942],[-0.04706,0.10574],[-0.04735,0.10233],[-0.0466,0.10118],[-0.05348,0.10176],[-0.05604,0.10146],[-0.0638,0.10348],[-0.06468,0.10477],[-0.07125,0.10561],[-0.08549,0.10645],[-0.09,0.10523],[-0.09864,0.10476],[-0.11158,0.10288],[-0.11159,0.1044],[-0.10399,0.1058],[-0.10673,0.10637],[-0.11085,0.10498],[-0.10907,0.10913],[-0.1062,0.10996],[-0.09259,0.10993],[-0.09218,0.11116],[-0.08614,0.11141],[-0.08478,0.11252],[-0.07807,0.11017],[-0.07628,0.10987],[-0.07257,0.1104],[-0.07384,0.11195],[-0.07704,0.11168],[-0.08436,0.11444],[-0.08753,0.11395],[-0.08845,0.11292],[-0.10319,0.11353],[-0.10993,0.1205],[-0.114,0.12269],[-0.12345,0.12418],[-0.11325,0.12501],[-0.10649,0.12752],[-0.10093,0.13159],[-0.1002,0.13386],[-0.09652,0.13763],[-0.09013,0.13659],[-0.08347,0.1374],[-0.08228,0.13807],[-0.07825,0.13771],[-0.07621,0.13693],[-0.0724,0.13292],[-0.06954,0.13284],[-0.06757,0.13129],[-0.06678,0.12889],[-0.06429,0.12721],[-0.06297,0.125],[-0.05716,0.1213]]]}},{"type":"Feature","properties":{"name":"Saudi Arabia","iso3":"SAU","geo_share":0.0143474,"carto_share":0.0103043,"target_share":0.0104045},"geometry":{"type":"MultiPolygon","coordinates":[[[[0.50048,0.26848],[0.49958,0.26938],[0.50277,0.27009],[0.50048,0.26848]]],[[[0.52095,0.16675],[0.52021,0.16465],[0.51461,0.16548],[0.51672,0.16937],[0.51714,0.16593],[0.52095,0.16675]]],[[[0.64546,0.24859],[0.61032,0.22792],[0.60856,0.22665],[0.59715,0.21649],[0.58598,0.20299],[0.58188,0.19748],[0.57694,0.19316],[0.57489,0.19195],[0.5733,0.19397],[0.56847,0.19098],[0.55871,0.18715],[0.55665,0.18756],[0.54708,0.18356],[0.54468,0.18188],[0.54013,0.18345],[0.53729,0.18045],[0.53553,0.17438],[0.53541,0.17132],[0.52968,0.16569],[0.5295,0.16997],[0.52593,0.17405],[0.52556,0.17849],[0.51876,0.18327],[0.51654,0.19136],[0.51455,0.19415],[0.51519,0.20072],[0.514,0.21055],[0.50661,0.21454],[0.50344,0.21343],[0.50034,0.21498],[0.49798,0.21975],[0.49726,0.22355],[0.5003,0.22772],[0.50078,0.23241],[0.50881,0.24301],[0.51182,0.24928],[0.51111,0.25209],[0.51274,0.25598],[0.51257,0.26235],[0.50811,0.26242],[0.50002,0.2587],[0.49904,0.26301],[0.504,0.26696],[0.50672,0.27132],[0.50684,0.2741],[0.50391,0.27316],[0.50669,0.27693],[0.50296,0.27514],[0.50339,0.27859],[0.4919,0.27787],[0.4813,0.27735],[0.46066,0.27182],[0.46711,0.27555],[0.48223,0.28255],[0.55539,0.34335],[0.57385,0.38232],[0.58595,0.42003],[0.59437,0.45209],[0.59999,0.46533],[0.60556,0.47371],[0.6336,0.52369],[0.64533,0.55994],[0.64678,0.5643],[0.65051,0.5661],[0.65437,0.55866],[0.65468,0.55176],[0.65413,0.5354],[0.66657,0.54616],[0.66826,0.54832],[0.67311,0.55097],[0.66916,0.53954],[0.67603,0.54671],[0.67222,0.53169],[0.66935,0.52305],[0.67131,0.52119],[0.66902,0.51159],[0.6709,0.50794],[0.66732,0.49714],[0.6673,0.4952],[0.66265,0.48402],[0.66157,0.48258],[0.65635,0.469],[0.65605,0.46716],[0.6513,0.45739],[0.64807,0.4494],[0.64498,0.4411],[0.65001,0.44938],[0.6512,0.45049],[0.64372,0.43288],[0.64605,0.43466],[0.64114,0.41482],[0.64822,0.31469],[0.71773,0.33241],[0.72191,0.33868],[0.71826,0.3263],[0.6878,0.28478],[0.64546,0.24859]]],[[[0.49701,0.26913],[0.49634,0.26906],[0.50007,0.27184],[0.49701,0.26913]]]]}},{"type":"Feature","properties":{"name":"São Tomé and Principe","iso3":"STP","geo_share":4.8e-06,"carto_share":4.4e-06,"target_share":1.5e-06},"geometry":{"type":"MultiPolygon","coordinates":[[[[0.21059,-0.02493],[0.20953,-0.02386],[0.21152,-0.02293],[0.21059,-0.02493]]],[[[0.19616,-0.04847],[0.19527,-0.04595],[0.19905,-0.04315],[0.20016,-0.04565],[0.19616,-0.04847]]]]}},{"type":"Feature","properties":{"name":"San Marino","iso3":"SMR","geo_share":3e-07,"carto_share":2.5e-06,"target_share":1e-07},"geometry":{"type":"Polygon","coordinates":[[[0.38689,0.57375],[0.38203,0.57069],[0.3917,0.58007],[0.38689,0.57375]]]}},{"type":"Feature","properties":{"name":"Samoa","iso3":"WSM","geo_share":1.79e-05,"carto_share":1.31e-05,"target_share":5.6e-06},"geometry":{"type":"MultiPolygon","coordinates":[[[[-2.55378,-0.31394],[-2.5507,-0.31758],[-2.55072,-0.3195],[-2.5547,-0.31918],[-2.55933,-0.31443],[-2.55378,-0.31394]]],[[[-2.53918,-0.32401],[-2.54579,-0.32291],[-2.54824,-0.32045],[-2.54232,-0.32104],[-2.53918,-0.32401]]]]}},{"type":"Feature","properties":{"name":"St. Vin. and Gren.","iso3":"VCT","geo_share":1.2e-06,"carto_share":1.1e-06,"target_share":4e-07},"geometry":{"type":"MultiPolygon","coordinates":[[[[-0.85815,0.03458],[-0.85805,0.03777],[-0.85603,0.03989],[-0.85815,0.03458]]],[[[-0.85962,0.03066],[-0.85948,0.03146],[-0.85868,0.03217],[-0.85962,0.03066]]],[[[-0.86269,0.0229],[-0.86249,0.02376],[-0.86227,0.0237],[-0.86269,0.0229]]]]}},{"type":"Feature","properties":{"name":"Saint Lucia","iso3":"LCA","geo_share":2.3e-06,"carto_share":2.2e-06,"target_share":7e-07},"geometry":{"type":"Polygon","coordinates":[[[-0.85168,0.04836],[-0.85204,0.05231],[-0.84895,0.05712],[-0.85168,0.04836]]]}},{"type":"Feature","properties":{"name":"St. Kitts and Nevis","iso3":"KNA","geo_share":1.1e-06,"carto_share":1e-06,"target_share":3e-07},"geometry":{"type":"MultiPolygon","coordinates":[[[[-0.85373,0.12601],[-0.85495,0.12595],[-0.85444,0.12736],[-0.85373,0.12601]]],[[[-0.85445,0.12815],[-0.85677,0.12966],[-0.85584,0.13103],[-0.85445,0.12815]]]]}},{"type":"Feature","properties":{"name":"Rwanda","iso3":"RWA","geo_share":0.0001885,"carto_share":5.86e-05,"target_share":5.88e-05},"geometry":{"type":"Polygon","coordinates":[[[0.37927,-0.08141],[0.38087,-0.08051],[0.38144,-0.08244],[0.38446,-0.07637],[0.38541,-0.07615],[0.38511,-0.07712],[0.38689,-0.08328],[0.38632,-0.09491],[0.38461,-0.09603],[0.38378,-0.0948],[0.38208,-0.09648],[0.38083,-0.09547],[0.3802,-0.10124],[0.37724,-0.10288],[0.37535,-0.09986],[0.37499,-0.10167],[0.3743,-0.09684],[0.37582,-0.09423],[0.37617,-0.08862],[0.37777,-0.08344],[0.37927,-0.08141]]]}},{"type":"Feature","properties":{"name":"Russia","iso3":"RUS","geo_share":0.1256669,"carto_share":0.0208225,"target_share":0.0208384},"geometry":{"type":"MultiPolygon","coordinates":[[[[2.02879,0.98863],[2.02962,0.98693],[2.02754,0.9894],[2.02879,0.98863]]],[[[2.029,0.9931],[2.02756,0.99434],[2.02724,0.99512],[2.029,0.9931]]],[[[2.03269,0.98479],[2.03197,0.98555],[2.03188,0.9865],[2.03269,0.98479]]],[[[1.53296,1.18385],[1.53634,1.18222],[1.52977,1.18352],[1.53296,1.18385]]],[[[1.64874,1.21886],[1.64636,1.21907],[1.64676,1.21989],[1.64874,1.21886]]],[[[1.11755,1.14961],[1.11376,1.14857],[1.11165,1.14843],[1.11528,1.1494],[1.11755,1.14961]]],[[[1.14776,1.16043],[1.14543,1.1604],[1.14712,1.16083],[1.14776,1.16043]]],[[[0.97314,1.13108],[0.97396,1.13239],[0.97587,1.13279],[0.97314,1.13108]]],[[[0.98317,1.12918],[0.98323,1.12984],[0.98567,1.13028],[0.98317,1.12918]]],[[[0.93702,1.11298],[0.93614,1.11279],[0.93547,1.11352],[0.93702,1.11298]]],[[[0.93393,1.10965],[0.93382,1.11073],[0.93499,1.11063],[0.93393,1.10965]]],[[[0.93873,1.13654],[0.93863,1.13721],[0.94058,1.13696],[0.93873,1.13654]]],[[[0.83464,1.08044],[0.83124,1.08109],[0.83098,1.08207],[0.83464,1.08044]]],[[[0.86722,1.086],[0.86512,1.08677],[0.8662,1.08709],[0.86722,1.086]]],[[[0.87913,1.08957],[0.87675,1.09017],[0.87964,1.09065],[0.87913,1.08957]]],[[[0.89139,1.09324],[0.89078,1.09242],[0.88666,1.09354],[0.8883,1.0942],[0.89139,1.09324]]],[[[0.69186,1.20862],[0.68842,1.21105],[0.69119,1.2097],[0.69353,1.20787],[0.69186,1.20862]]],[[[-1.94102,1.24102],[-1.93951,1.24037],[-1.94196,1.23755],[-1.93968,1.23779],[-1.94237,1.23538],[-1.93891,1.23759],[-1.93862,1.23918],[-1.93747,1.23766],[-1.93024,1.23716],[-1.9341,1.2343],[-1.93237,1.23443],[-1.93855,1.23065],[-1.94282,1.22747],[-1.94687,1.22519],[-1.94492,1.22564],[-1.94732,1.2239],[-1.9424,1.22629],[-1.94661,1.22372],[-1.9403,1.22688],[-1.94081,1.22758],[-1.93592,1.23001],[-1.9334,1.23169],[-1.93362,1.23254],[-1.92501,1.23597],[-1.92138,1.23682],[-1.92433,1.23506],[-1.91939,1.23662],[-1.91761,1.23767],[-1.91019,1.24037],[-1.91152,1.23807],[-1.91023,1.23752],[-1.91127,1.23445],[-1.90674,1.23565],[-1.91073,1.23318],[-1.91393,1.23235],[-1.92048,1.22943],[-1.92618,1.22607],[-1.93044,1.22626],[-1.93133,1.22423],[-1.94062,1.22141],[-1.94228,1.22213],[-1.94526,1.22133],[-1.94478,1.21978],[-1.94837,1.21772],[-1.95154,1.21494],[-1.95713,1.21176],[-1.96063,1.20981],[-1.96068,1.20902],[-1.9644,1.20568],[-1.96286,1.20561],[-1.96471,1.2032],[-1.96722,1.20162],[-1.96695,1.20282],[-1.97146,1.19762],[-1.97313,1.19716],[-1.96903,1.20184],[-1.97475,1.19612],[-1.97615,1.19604],[-1.97471,1.19892],[-1.97692,1.19901],[-1.98061,1.19655],[-1.98005,1.19884],[-1.973,1.20585],[-1.97212,1.20704],[-1.97791,1.20481],[-1.98486,1.20042],[-1.99408,1.19596],[-1.99492,1.19608],[-1.98989,1.20005],[-1.98748,1.20362],[-1.98592,1.20411],[-1.97522,1.21113],[-1.98382,1.20628],[-1.98208,1.20815],[-1.98585,1.20635],[-1.9885,1.20431],[-1.99692,1.19988],[-2.00144,1.19616],[-2.00153,1.19444],[-2.00424,1.19212],[-2.01502,1.18458],[-2.02047,1.18143],[-1.94364,1.24047],[-1.94102,1.24102]]],[[[1.66229,1.01298],[1.66102,1.0143],[1.66054,1.01634],[1.66888,1.02622],[1.67209,1.03803],[1.67029,1.04149],[1.66945,1.04784],[1.66004,1.05609],[1.65665,1.06079],[1.66215,1.06303],[1.66383,1.07063],[1.6671,1.06907],[1.6804,1.06704],[1.68125,1.06907],[1.67968,1.07598],[1.68113,1.07857],[1.6798,1.08429],[1.67973,1.09209],[1.67689,1.0972],[1.6712,1.11003],[1.66705,1.11426],[1.66862,1.11626],[1.66637,1.12106],[1.65497,1.12943],[1.65292,1.13176],[1.64571,1.13599],[1.63923,1.13851],[1.63417,1.1388],[1.63291,1.13682],[1.62736,1.13833],[1.62507,1.13631],[1.62703,1.13263],[1.61809,1.13208],[1.61144,1.13348],[1.60791,1.13235],[1.60033,1.13888],[1.59692,1.1444],[1.58967,1.14804],[1.58524,1.15156],[1.57919,1.15204],[1.5582,1.15912],[1.5526,1.15889],[1.54218,1.1624],[1.53249,1.16133],[1.52704,1.16224],[1.52127,1.16427],[1.51849,1.16842],[1.50993,1.17067],[1.50576,1.17339],[1.49215,1.17716],[1.48319,1.18079],[1.47035,1.18358],[1.45619,1.18629],[1.44418,1.1868],[1.44171,1.1876],[1.43041,1.18755],[1.42493,1.18802],[1.40612,1.18632],[1.4053,1.1857],[1.39338,1.18419],[1.38421,1.18327],[1.36329,1.17979],[1.35443,1.17773],[1.33217,1.17097],[1.32637,1.1694],[1.30247,1.16011],[1.2932,1.15623],[1.28825,1.15343],[1.27993,1.1474],[1.28002,1.14631],[1.29084,1.14997],[1.29738,1.14915],[1.29954,1.14774],[1.28975,1.14159],[1.29091,1.1367],[1.29376,1.13504],[1.29412,1.13234],[1.30292,1.13162],[1.3069,1.12933],[1.29206,1.12632],[1.28798,1.12214],[1.27533,1.12399],[1.26804,1.12553],[1.26411,1.12621],[1.26262,1.12489],[1.26043,1.12498],[1.25716,1.12645],[1.25504,1.12633],[1.25273,1.12431],[1.25167,1.12284],[1.25195,1.12159],[1.2512,1.12087],[1.24976,1.12085],[1.24831,1.12001],[1.2451,1.11938],[1.24354,1.11802],[1.24139,1.11826],[1.24051,1.11787],[1.23491,1.11843],[1.23152,1.11801],[1.22682,1.11904],[1.22457,1.12051],[1.21962,1.12025],[1.21422,1.12112],[1.21082,1.12069],[1.20368,1.12056],[1.19794,1.11926],[1.19673,1.11854],[1.19285,1.11799],[1.18395,1.118],[1.17926,1.11821],[1.1716,1.11992],[1.1655,1.11955],[1.16378,1.11931],[1.15235,1.11863],[1.14503,1.11778],[1.1297,1.11644],[1.13002,1.11577],[1.12768,1.11522],[1.12834,1.11481],[1.12702,1.11423],[1.12959,1.11361],[1.13554,1.11332],[1.13951,1.11341],[1.1425,1.11218],[1.139,1.11129],[1.13703,1.11047],[1.13315,1.11066],[1.12618,1.11006],[1.12016,1.1098],[1.118,1.10936],[1.11325,1.10881],[1.10995,1.10877],[1.10663,1.10833],[1.10099,1.10822],[1.09526,1.10832],[1.07772,1.10587],[1.07244,1.10529],[1.06859,1.10438],[1.06126,1.10317],[1.06092,1.10281],[1.05417,1.10127],[1.04926,1.09974],[1.04421,1.09842],[1.04043,1.09714],[1.03046,1.09418],[1.02599,1.09263],[1.0293,1.09321],[1.02232,1.09104],[1.01961,1.08987],[1.0,1.08294],[1.00078,1.08269],[0.99358,1.07956],[0.97995,1.07338],[0.95934,1.06426],[0.95926,1.06445],[0.95091,1.05916],[0.93856,1.05164],[0.93742,1.05085],[0.93443,1.04935],[0.93458,1.04975],[0.92708,1.04509],[0.92389,1.04394],[0.91845,1.04062],[0.91274,1.03642],[0.91009,1.0341],[0.90531,1.03063],[0.90141,1.02762],[0.90111,1.02792],[0.89866,1.02606],[0.89945,1.02726],[0.89768,1.02614],[0.89443,1.02331],[0.89391,1.02223],[0.89077,1.01928],[0.88833,1.01943],[0.88345,1.01924],[0.88044,1.01902],[0.87967,1.01882],[0.87411,1.01674],[0.87346,1.01703],[0.87464,1.01782],[0.87574,1.01963],[0.87276,1.01712],[0.86966,1.01425],[0.86668,1.01119],[0.86564,1.01049],[0.86384,1.00862],[0.86337,1.00771],[0.86109,1.00669],[0.85891,1.00462],[0.8585,1.00492],[0.85896,1.00604],[0.86022,1.00733],[0.85993,1.0077],[0.85885,1.00658],[0.85767,1.0059],[0.85674,1.00584],[0.85544,1.00515],[0.85453,1.0039],[0.85384,1.00476],[0.8527,1.00383],[0.84988,1.00205],[0.84883,1.0017],[0.84901,1.00339],[0.84759,1.00483],[0.8468,1.00516],[0.84458,1.00342],[0.84168,1.00287],[0.83956,1.00209],[0.8379,1.00059],[0.83666,0.9999],[0.83692,0.99952],[0.8349,0.99794],[0.82929,0.99508],[0.82803,0.99482],[0.8264,0.99404],[0.82551,0.99267],[0.82269,0.99206],[0.82104,0.9912],[0.81795,0.99021],[0.81761,0.98986],[0.81326,0.98862],[0.81049,0.98881],[0.80986,0.98839],[0.80994,0.98693],[0.81254,0.98674],[0.81142,0.98631],[0.81164,0.98566],[0.81368,0.98562],[0.81532,0.98531],[0.81545,0.98463],[0.81306,0.98456],[0.81165,0.98431],[0.81109,0.98326],[0.81249,0.98188],[0.81253,0.98138],[0.80944,0.97964],[0.81168,0.97837],[0.81556,0.97793],[0.81669,0.97709],[0.81646,0.97526],[0.81501,0.97422],[0.8125,0.97391],[0.81103,0.97421],[0.81082,0.97314],[0.80983,0.97263],[0.80932,0.97321],[0.80686,0.97345],[0.80387,0.97506],[0.80157,0.97519],[0.80034,0.97436],[0.79801,0.97518],[0.79578,0.97512],[0.79362,0.97364],[0.79238,0.97374],[0.78705,0.97562],[0.78623,0.97548],[0.78763,0.97436],[0.78689,0.97414],[0.78605,0.9749],[0.78308,0.97625],[0.78085,0.97687],[0.77847,0.97778],[0.77458,0.97786],[0.77296,0.97862],[0.77141,0.97861],[0.76987,0.97793],[0.76863,0.9779],[0.76743,0.97856],[0.76549,0.97894],[0.76373,0.97723],[0.76198,0.97659],[0.76053,0.97639],[0.76008,0.97545],[0.75801,0.97438],[0.75713,0.9744],[0.75891,0.97207],[0.75721,0.97118],[0.75615,0.97149],[0.75325,0.9733],[0.7523,0.97341],[0.75169,0.97283],[0.75184,0.97183],[0.75077,0.97084],[0.75045,0.96855],[0.75155,0.96743],[0.75039,0.96586],[0.75031,0.96384],[0.75173,0.96354],[0.75202,0.9619],[0.75278,0.96106],[0.75361,0.9617],[0.75642,0.96244],[0.75835,0.96123],[0.76025,0.95868],[0.75814,0.95795],[0.75802,0.95633],[0.76225,0.95457],[0.76133,0.95253],[0.75858,0.95092],[0.75928,0.94846],[0.75733,0.94865],[0.7553,0.94549],[0.75185,0.94196],[0.75041,0.92915],[0.74928,0.92659],[0.74967,0.92162],[0.75089,0.91884],[0.75296,0.90912],[0.75417,0.89686],[0.75468,0.88555],[0.75859,0.85882],[0.75958,0.84853],[0.7588,0.84178],[0.75791,0.83912],[0.75742,0.83346],[0.75659,0.84013],[0.75652,0.84472],[0.75543,0.85903],[0.75465,0.86441],[0.75319,0.87304],[0.75192,0.88045],[0.75138,0.88628],[0.75026,0.89089],[0.74841,0.89969],[0.74849,0.89761],[0.74742,0.90238],[0.74627,0.90289],[0.74548,0.90527],[0.74534,0.90729],[0.74284,0.91415],[0.74239,0.91593],[0.74047,0.91915],[0.73768,0.92017],[0.73372,0.92454],[0.73137,0.92411],[0.73037,0.92104],[0.7272,0.92673],[0.72359,0.93014],[0.71981,0.92947],[0.71741,0.9312],[0.71325,0.92895],[0.71153,0.93068],[0.70565,0.92917],[0.70899,0.93287],[0.7163,0.9374],[0.71655,0.94024],[0.71931,0.94516],[0.7226,0.94617],[0.71928,0.94892],[0.71796,0.94891],[0.7163,0.95134],[0.71977,0.95216],[0.72167,0.95172],[0.72091,0.95321],[0.72514,0.95539],[0.72425,0.9569],[0.71863,0.95604],[0.71794,0.96004],[0.72038,0.96103],[0.72116,0.96196],[0.72571,0.96114],[0.72583,0.96408],[0.72462,0.96615],[0.72355,0.96668],[0.72379,0.96803],[0.72464,0.96813],[0.7228,0.96954],[0.72418,0.97045],[0.72403,0.97152],[0.723,0.97313],[0.72189,0.97325],[0.71824,0.97568],[0.71702,0.97569],[0.71326,0.97754],[0.71243,0.97678],[0.71045,0.97811],[0.70873,0.9801],[0.70589,0.97937],[0.70534,0.97876],[0.70205,0.98008],[0.70115,0.9793],[0.69992,0.98056],[0.69996,0.98197],[0.69921,0.98423],[0.69804,0.98536],[0.6966,0.98508],[0.69456,0.98549],[0.69378,0.98888],[0.69479,0.9896],[0.69346,0.99117],[0.69236,0.99319],[0.69153,0.99395],[0.68932,0.99409],[0.68846,0.99345],[0.68695,0.99384],[0.68623,0.99215],[0.68509,0.99142],[0.68426,0.99179],[0.68344,0.9936],[0.68286,0.99794],[0.68152,0.99997],[0.68188,1.00151],[0.68476,1.00026],[0.68639,1.00178],[0.68517,1.00361],[0.68481,1.00476],[0.68372,1.00575],[0.68203,1.00651],[0.68163,1.00848],[0.67978,1.01017],[0.67736,1.0145],[0.67557,1.01634],[0.67545,1.01826],[0.67387,1.02063],[0.67319,1.02282],[0.6689,1.02704],[0.66748,1.02791],[0.66596,1.0279],[0.66434,1.03036],[0.66257,1.03188],[0.6614,1.03216],[0.65956,1.03414],[0.65819,1.03484],[0.65705,1.036],[0.65502,1.03916],[0.65168,1.04269],[0.65062,1.04333],[0.65046,1.04462],[0.64972,1.04566],[0.64564,1.0491],[0.64592,1.04978],[0.6473,1.049],[0.64347,1.0529],[0.64049,1.05674],[0.64185,1.05657],[0.64179,1.05749],[0.64342,1.05683],[0.64157,1.05858],[0.64,1.06097],[0.64304,1.05869],[0.64361,1.05918],[0.64711,1.05687],[0.64762,1.05752],[0.65402,1.05319],[0.65393,1.05369],[0.65031,1.05698],[0.64602,1.05958],[0.64113,1.06404],[0.63931,1.06691],[0.63727,1.0689],[0.63447,1.07034],[0.62993,1.07361],[0.63375,1.07321],[0.63942,1.07134],[0.64119,1.07164],[0.64312,1.0741],[0.64383,1.07666],[0.64201,1.08087],[0.63558,1.09057],[0.62478,1.1045],[0.61741,1.11377],[0.61914,1.11441],[0.61643,1.11877],[0.61121,1.12462],[0.60785,1.12905],[0.60648,1.13165],[0.60299,1.13493],[0.5992,1.1393],[0.60006,1.13959],[0.59674,1.14306],[0.59534,1.14638],[0.59709,1.14548],[0.59085,1.15313],[0.57174,1.17299],[0.57014,1.17493],[0.57514,1.17362],[0.57395,1.17528],[0.56046,1.18837],[0.54874,1.19817],[0.54147,1.20523],[0.54211,1.2064],[0.53458,1.21284],[0.54202,1.20789],[0.54481,1.20609],[0.54475,1.20716],[0.55205,1.20147],[0.5515,1.20322],[0.56084,1.19446],[0.55723,1.19905],[0.56525,1.1913],[0.56906,1.18871],[0.56683,1.1915],[0.57847,1.1797],[0.58057,1.17694],[0.57283,1.18425],[0.57722,1.17909],[0.58585,1.17105],[0.58865,1.1668],[0.58964,1.16683],[0.59384,1.16318],[0.59982,1.15744],[0.60271,1.15535],[0.60808,1.15016],[0.62649,1.13083],[0.63475,1.12143],[0.6382,1.11813],[0.64631,1.10897],[0.64683,1.10925],[0.65448,1.0998],[0.65983,1.09424],[0.66511,1.08585],[0.66747,1.08322],[0.66983,1.07789],[0.66808,1.07698],[0.66591,1.07824],[0.66093,1.08236],[0.655,1.08812],[0.64833,1.09558],[0.64453,1.10012],[0.62726,1.11835],[0.62061,1.12574],[0.61896,1.12693],[0.61803,1.12832],[0.61158,1.13495],[0.60875,1.13814],[0.60503,1.14252],[0.60503,1.14274],[0.59681,1.1514],[0.60266,1.14494],[0.6032,1.14407],[0.60859,1.13771],[0.61041,1.13578],[0.6119,1.13361],[0.61522,1.12986],[0.61445,1.13015],[0.61938,1.12484],[0.62171,1.12207],[0.62707,1.11507],[0.6297,1.10987],[0.62949,1.10929],[0.63766,1.09729],[0.64354,1.08736],[0.64622,1.08343],[0.65007,1.07843],[0.65132,1.07741],[0.6567,1.07086],[0.65993,1.06688],[0.66947,1.05827],[0.67243,1.05716],[0.6691,1.06151],[0.66678,1.06396],[0.66243,1.0676],[0.65322,1.07945],[0.65377,1.08018],[0.65259,1.08304],[0.65441,1.08143],[0.65819,1.07699],[0.66412,1.06961],[0.67392,1.06003],[0.67885,1.05535],[0.68013,1.05442],[0.68087,1.05488],[0.68325,1.05314],[0.68068,1.05625],[0.67364,1.06441],[0.67112,1.06835],[0.67394,1.06666],[0.6748,1.06716],[0.67952,1.06369],[0.68114,1.06518],[0.68468,1.06145],[0.68868,1.05855],[0.69241,1.05477],[0.69256,1.05372],[0.69425,1.05278],[0.69661,1.05043],[0.69518,1.05289],[0.69461,1.05681],[0.6916,1.06211],[0.69018,1.06408],[0.68672,1.06748],[0.68473,1.07171],[0.68258,1.07964],[0.67937,1.08592],[0.67098,1.09566],[0.67086,1.09661],[0.67649,1.09078],[0.68345,1.08579],[0.68966,1.08008],[0.69914,1.06709],[0.70014,1.06497],[0.69288,1.06907],[0.69134,1.06713],[0.69234,1.06503],[0.69759,1.05938],[0.70284,1.05274],[0.70663,1.05007],[0.71311,1.04807],[0.71162,1.05307],[0.71048,1.0551],[0.71553,1.05312],[0.71349,1.05597],[0.71614,1.05404],[0.71898,1.05397],[0.72181,1.05519],[0.72389,1.05447],[0.72615,1.05464],[0.72779,1.05282],[0.72852,1.05115],[0.72948,1.05217],[0.72725,1.05485],[0.72802,1.05598],[0.73127,1.05795],[0.73447,1.05605],[0.73198,1.05658],[0.73291,1.05493],[0.73307,1.05218],[0.73485,1.04916],[0.73268,1.04925],[0.73269,1.04854],[0.73604,1.04674],[0.73867,1.04598],[0.74049,1.04459],[0.73997,1.04625],[0.74147,1.04725],[0.7442,1.04668],[0.74992,1.04365],[0.75362,1.04557],[0.75777,1.04543],[0.76084,1.04217],[0.75993,1.0415],[0.76062,1.04015],[0.76391,1.03884],[0.7653,1.03895],[0.76403,1.04107],[0.76727,1.04037],[0.76846,1.04181],[0.76736,1.04339],[0.7665,1.0434],[0.76112,1.05011],[0.76463,1.05143],[0.76931,1.04849],[0.77387,1.04692],[0.77789,1.04567],[0.78281,1.04435],[0.78863,1.04287],[0.79345,1.04279],[0.79788,1.04255],[0.80101,1.04292],[0.80188,1.04235],[0.8048,1.04172],[0.80777,1.04127],[0.80913,1.04294],[0.80954,1.04524],[0.80732,1.0451],[0.80532,1.04664],[0.80439,1.04812],[0.79975,1.04883],[0.79921,1.04759],[0.7985,1.04827],[0.79829,1.05128],[0.79968,1.05234],[0.79889,1.0531],[0.79793,1.05726],[0.79676,1.05819],[0.79499,1.05793],[0.79361,1.05907],[0.79402,1.06069],[0.79262,1.06107],[0.79337,1.06299],[0.79652,1.06342],[0.79928,1.06482],[0.79952,1.06746],[0.79835,1.07477],[0.79861,1.07764],[0.80019,1.07588],[0.8045,1.07325],[0.80758,1.07268],[0.80944,1.07152],[0.81182,1.07158],[0.8138,1.07083],[0.81462,1.06729],[0.81477,1.06481],[0.8142,1.06146],[0.81287,1.06015],[0.8144,1.05849],[0.81755,1.05783],[0.81969,1.05619],[0.8207,1.05422],[0.81989,1.053],[0.82057,1.0526],[0.82359,1.0499],[0.82427,1.04805],[0.8274,1.04785],[0.83442,1.04916],[0.83253,1.04646],[0.83401,1.04526],[0.83293,1.044],[0.8303,1.04256],[0.82673,1.03846],[0.82347,1.03754],[0.82568,1.03699],[0.82248,1.03541],[0.81922,1.03523],[0.82026,1.03599],[0.81845,1.0355],[0.81626,1.0359],[0.81311,1.03525],[0.81423,1.03459],[0.8199,1.03419],[0.82467,1.03492],[0.83098,1.03571],[0.83385,1.03695],[0.83362,1.03797],[0.84135,1.04207],[0.84337,1.04392],[0.84357,1.04571],[0.84686,1.04853],[0.84564,1.04974],[0.84187,1.05067],[0.84179,1.05217],[0.84474,1.05322],[0.84953,1.05445],[0.85119,1.05472],[0.85655,1.05428],[0.85826,1.05268],[0.8583,1.05202],[0.86201,1.05278],[0.8641,1.05359],[0.86985,1.05634],[0.86094,1.05296],[0.85971,1.05349],[0.8599,1.05429],[0.86182,1.05529],[0.85745,1.05617],[0.8481,1.0553],[0.84495,1.0549],[0.84199,1.05383],[0.83857,1.05321],[0.8358,1.05227],[0.83383,1.05201],[0.8338,1.05297],[0.82998,1.05311],[0.83017,1.05546],[0.83218,1.05786],[0.83158,1.0581],[0.82383,1.05967],[0.81968,1.06044],[0.82193,1.06409],[0.82572,1.06549],[0.82942,1.06731],[0.82886,1.06983],[0.82511,1.07369],[0.82725,1.07416],[0.82889,1.07359],[0.83137,1.07132],[0.83362,1.06865],[0.83264,1.06493],[0.83503,1.06398],[0.83465,1.06259],[0.8354,1.06212],[0.84063,1.06185],[0.84867,1.06252],[0.8521,1.06231],[0.85504,1.06257],[0.85791,1.06353],[0.85507,1.0629],[0.85182,1.06345],[0.84758,1.06302],[0.84025,1.06382],[0.8372,1.06563],[0.83917,1.06626],[0.84162,1.06648],[0.84608,1.0656],[0.84731,1.06571],[0.84933,1.06661],[0.84767,1.06726],[0.84494,1.06686],[0.84438,1.06762],[0.84655,1.06878],[0.84911,1.06949],[0.85452,1.07009],[0.85829,1.06959],[0.8635,1.06987],[0.86449,1.0695],[0.86933,1.06984],[0.87338,1.07096],[0.8796,1.07328],[0.88157,1.0737],[0.88042,1.07233],[0.87694,1.07039],[0.87743,1.06963],[0.87884,1.06954],[0.87846,1.06868],[0.87926,1.06885],[0.88022,1.07041],[0.88181,1.07132],[0.88344,1.0716],[0.88398,1.07113],[0.88296,1.06957],[0.88547,1.07046],[0.88498,1.07072],[0.8871,1.07196],[0.88788,1.07289],[0.88653,1.07286],[0.88312,1.07238],[0.88404,1.07439],[0.88056,1.07415],[0.87644,1.07295],[0.87352,1.07268],[0.8719,1.07301],[0.86895,1.07268],[0.86569,1.07199],[0.86249,1.07211],[0.86065,1.07337],[0.86088,1.07521],[0.85834,1.07606],[0.85658,1.07846],[0.85684,1.08066],[0.86398,1.08192],[0.87489,1.08297],[0.8824,1.08435],[0.88701,1.08451],[0.88763,1.08506],[0.89253,1.08592],[0.89468,1.08592],[0.89002,1.08359],[0.89053,1.08292],[0.89503,1.0833],[0.89124,1.08316],[0.89072,1.08355],[0.8925,1.0844],[0.89561,1.08528],[0.897,1.08636],[0.89531,1.08628],[0.8912,1.08792],[0.88779,1.0885],[0.88839,1.08933],[0.89104,1.08913],[0.89257,1.08848],[0.89401,1.08878],[0.8908,1.08995],[0.88494,1.09149],[0.88667,1.09283],[0.88991,1.0913],[0.89293,1.09305],[0.89291,1.09365],[0.88989,1.09463],[0.89062,1.09564],[0.89351,1.09456],[0.90008,1.09711],[0.90141,1.09706],[0.90375,1.09842],[0.90971,1.0999],[0.91127,1.1008],[0.91882,1.1035],[0.92133,1.10487],[0.91807,1.10364],[0.91571,1.10315],[0.91571,1.10444],[0.91883,1.10495],[0.92279,1.10668],[0.92646,1.10753],[0.93025,1.10808],[0.92857,1.10641],[0.93292,1.10825],[0.93324,1.10764],[0.94417,1.11239],[0.94901,1.11328],[0.95016,1.11337],[0.95001,1.11257],[0.9508,1.11325],[0.95012,1.11375],[0.94417,1.11364],[0.95139,1.1155],[0.95344,1.11624],[0.95639,1.11669],[0.9566,1.1169],[0.95368,1.11642],[0.95398,1.11708],[0.95304,1.11739],[0.9529,1.11812],[0.95447,1.11934],[0.9577,1.12125],[0.95936,1.12223],[0.96092,1.12266],[0.96252,1.12367],[0.96637,1.12473],[0.96731,1.1248],[0.97167,1.12624],[0.97432,1.1266],[0.97064,1.12426],[0.96484,1.12147],[0.97272,1.12438],[0.97351,1.12418],[0.97735,1.12587],[0.98149,1.12735],[0.98523,1.1281],[0.98125,1.12478],[0.98,1.12405],[0.98289,1.12489],[0.98815,1.12689],[0.98979,1.12779],[0.99008,1.12869],[0.99903,1.13222],[1.00328,1.13375],[1.00645,1.13537],[1.01101,1.13716],[1.0161,1.1388],[1.01868,1.1393],[1.02272,1.14061],[1.02503,1.14035],[1.02692,1.14112],[1.02597,1.14136],[1.02803,1.14239],[1.03227,1.14237],[1.03516,1.14345],[1.03447,1.14163],[1.02513,1.13894],[1.02894,1.13926],[1.03037,1.1401],[1.03637,1.1416],[1.03638,1.14071],[1.03192,1.13759],[1.02697,1.13513],[1.02519,1.13405],[1.02165,1.13264],[1.01642,1.13033],[1.01344,1.1289],[1.01417,1.12866],[1.00967,1.12684],[1.0054,1.12456],[1.00275,1.12354],[0.99959,1.1225],[0.99753,1.12124],[0.99475,1.12034],[0.99366,1.11938],[0.99156,1.11845],[0.99453,1.11942],[0.9974,1.12083],[1.00568,1.12334],[1.00918,1.1247],[1.01428,1.12631],[1.01531,1.12691],[1.0191,1.12783],[1.02446,1.12997],[1.01674,1.12802],[1.01621,1.12855],[1.01834,1.1294],[1.02437,1.13068],[1.02415,1.13104],[1.02739,1.1318],[1.02541,1.13106],[1.02765,1.1311],[1.03497,1.13253],[1.04085,1.13419],[1.03923,1.13471],[1.04393,1.1354],[1.04811,1.13562],[1.04731,1.1346],[1.05188,1.13526],[1.05474,1.13482],[1.05353,1.13386],[1.0572,1.13423],[1.06095,1.13504],[1.05467,1.13405],[1.05536,1.13499],[1.05372,1.13526],[1.05588,1.13624],[1.05048,1.13558],[1.05534,1.13717],[1.06268,1.13913],[1.06687,1.14068],[1.07814,1.1433],[1.08629,1.14487],[1.09668,1.14728],[1.10202,1.14795],[1.09785,1.1469],[1.09956,1.14625],[1.10556,1.14704],[1.11401,1.14835],[1.12161,1.15005],[1.12558,1.15074],[1.13313,1.15249],[1.13496,1.15265],[1.14101,1.15402],[1.13873,1.15401],[1.14394,1.15487],[1.14566,1.15629],[1.14238,1.15631],[1.14013,1.1568],[1.14057,1.15766],[1.14344,1.15808],[1.14726,1.1597],[1.15093,1.16028],[1.15901,1.16104],[1.15946,1.16073],[1.16385,1.16237],[1.16484,1.16188],[1.16781,1.16215],[1.16995,1.1639],[1.17592,1.16511],[1.1869,1.1668],[1.18928,1.1668],[1.18667,1.16517],[1.19026,1.16623],[1.19378,1.16658],[1.1879,1.1639],[1.19447,1.16571],[1.19895,1.16627],[1.19997,1.1655],[1.19659,1.16447],[1.18392,1.16233],[1.18516,1.16218],[1.19122,1.16301],[1.19994,1.16402],[1.20116,1.16504],[1.20584,1.1655],[1.20031,1.16374],[1.2041,1.16441],[1.21676,1.16572],[1.22514,1.16724],[1.23871,1.16998],[1.2411,1.17124],[1.24092,1.17255],[1.23874,1.17432],[1.23997,1.17642],[1.24282,1.1764],[1.25332,1.1773],[1.26102,1.17876],[1.26649,1.18029],[1.26811,1.18139],[1.27495,1.18391],[1.28074,1.18524],[1.29248,1.1877],[1.30138,1.18949],[1.29945,1.18924],[1.30271,1.19049],[1.29834,1.18949],[1.29818,1.19017],[1.30207,1.19119],[1.30261,1.19161],[1.30929,1.19258],[1.31493,1.19408],[1.31064,1.19382],[1.30912,1.19425],[1.30535,1.19367],[1.30727,1.19433],[1.30743,1.1951],[1.30918,1.19577],[1.30467,1.1949],[1.30155,1.19388],[1.29926,1.19426],[1.30174,1.19582],[1.30888,1.19719],[1.31287,1.19842],[1.30702,1.19919],[1.31211,1.19982],[1.31938,1.20033],[1.33256,1.20307],[1.35243,1.20736],[1.36103,1.20892],[1.36196,1.20867],[1.34742,1.20525],[1.34312,1.20356],[1.34677,1.20411],[1.35122,1.20564],[1.36617,1.20936],[1.36914,1.20965],[1.36761,1.20844],[1.36472,1.20747],[1.36453,1.20826],[1.35839,1.20716],[1.36222,1.20689],[1.35591,1.20536],[1.35676,1.20491],[1.35958,1.20536],[1.36528,1.20681],[1.36874,1.20821],[1.37053,1.20975],[1.3726,1.21078],[1.38363,1.2128],[1.39565,1.21457],[1.4025,1.21526],[1.4036,1.21484],[1.39558,1.21303],[1.39608,1.21274],[1.40193,1.21379],[1.4102,1.21476],[1.4161,1.21589],[1.4178,1.21594],[1.41581,1.21486],[1.42227,1.21645],[1.43069,1.21761],[1.44126,1.21838],[1.43782,1.21765],[1.45013,1.21903],[1.46567,1.22147],[1.47686,1.22357],[1.4824,1.22432],[1.48443,1.22484],[1.49867,1.22712],[1.50468,1.22817],[1.52222,1.23061],[1.52884,1.23121],[1.53805,1.23134],[1.5428,1.23036],[1.54586,1.2305],[1.56427,1.23234],[1.57672,1.23229],[1.58686,1.23277],[1.58773,1.23307],[1.58034,1.233],[1.57738,1.23318],[1.5793,1.23397],[1.58278,1.23478],[1.59208,1.23613],[1.6041,1.23748],[1.61067,1.23773],[1.62647,1.23926],[1.64139,1.24037],[1.64561,1.24185],[1.65002,1.24211],[1.65463,1.24206],[1.66242,1.24166],[1.68089,1.24288],[1.69309,1.24296],[1.70515,1.2439],[1.706,1.24464],[1.70395,1.24485],[1.68696,1.24563],[1.67983,1.24517],[1.67923,1.24629],[1.6734,1.24706],[1.68449,1.24809],[1.70473,1.2487],[1.71641,1.24828],[1.7157,1.2489],[1.72297,1.24872],[1.73801,1.24904],[1.74198,1.24938],[1.74636,1.24928],[1.75766,1.24851],[1.76251,1.24842],[1.76928,1.24793],[1.77936,1.24758],[1.79739,1.24623],[1.88064,1.23129],[1.87864,1.23008],[1.87082,1.2291],[1.85825,1.22981],[1.84379,1.23125],[1.8388,1.23162],[1.83785,1.23148],[1.8424,1.23126],[1.84794,1.23067],[1.84782,1.23047],[1.83867,1.23109],[1.83293,1.23164],[1.83247,1.23142],[1.8277,1.23163],[1.83266,1.23129],[1.83396,1.23146],[1.84105,1.2306],[1.84755,1.23002],[1.85216,1.23023],[1.86079,1.22878],[1.8725,1.22764],[1.87273,1.22815],[1.89035,1.22632],[1.9015,1.22478],[1.89817,1.22468],[1.90692,1.22397],[1.91975,1.22202],[1.92845,1.221],[1.93342,1.21971],[1.94316,1.21801],[1.9506,1.21615],[1.95122,1.21467],[1.95589,1.21306],[1.9268,1.21814],[1.91176,1.22002],[1.90627,1.2212],[1.90051,1.22169],[1.91062,1.22],[1.90401,1.22048],[1.90277,1.21995],[1.89194,1.22021],[1.88734,1.2202],[1.88805,1.21966],[1.88248,1.22027],[1.8811,1.22001],[1.87687,1.2207],[1.87895,1.21918],[1.87289,1.22031],[1.87855,1.2176],[1.87446,1.21528],[1.87241,1.21514],[1.884,1.20922],[1.87501,1.212],[1.85999,1.2174],[1.85163,1.21946],[1.83944,1.22069],[1.833,1.22035],[1.83225,1.2198],[1.83458,1.21617],[1.83015,1.21746],[1.82305,1.22148],[1.81917,1.21919],[1.8181,1.21892],[1.82132,1.21685],[1.82012,1.2167],[1.81639,1.21805],[1.81335,1.21845],[1.81266,1.21782],[1.81016,1.2181],[1.81028,1.21644],[1.81299,1.21373],[1.81581,1.21161],[1.81828,1.20875],[1.81907,1.20571],[1.82123,1.20314],[1.82665,1.19897],[1.83063,1.1968],[1.83815,1.19394],[1.83686,1.19572],[1.84396,1.19361],[1.848,1.19167],[1.85018,1.1885],[1.86192,1.18258],[1.87064,1.18036],[1.8838,1.17496],[1.88418,1.17349],[1.88021,1.17434],[1.87279,1.17679],[1.87154,1.17898],[1.86703,1.17889],[1.87074,1.17735],[1.86893,1.17668],[1.87502,1.17276],[1.88181,1.16956],[1.90681,1.15998],[1.9067,1.15846],[1.89887,1.16038],[1.89364,1.16223],[1.88967,1.16304],[1.88957,1.16131],[1.89768,1.1565],[1.90658,1.15225],[1.91106,1.14975],[1.92199,1.14462],[1.91033,1.14916],[1.90643,1.14955],[1.90679,1.14851],[1.91238,1.14503],[1.92235,1.13922],[1.93341,1.13167],[1.93517,1.12861],[1.93911,1.12491],[1.94003,1.12252],[1.92561,1.1311],[1.90765,1.14259],[1.89036,1.15302],[1.88569,1.1553],[1.87515,1.16119],[1.85336,1.17286],[1.83072,1.18362],[1.82139,1.18804],[1.81066,1.19347],[1.80208,1.1976],[1.80279,1.20019],[1.79941,1.20212],[1.78908,1.20423],[1.79024,1.20469],[1.79841,1.20403],[1.79633,1.20543],[1.80305,1.20482],[1.80383,1.20703],[1.80224,1.20955],[1.79845,1.21224],[1.79726,1.2153],[1.79888,1.21563],[1.79691,1.21866],[1.7975,1.21942],[1.79441,1.22163],[1.79705,1.22355],[1.8,1.22326],[1.80099,1.22384],[1.79789,1.22488],[1.7961,1.22678],[1.79117,1.22805],[1.78757,1.2297],[1.77881,1.23207],[1.7734,1.23341],[1.77436,1.23388],[1.78392,1.23274],[1.78539,1.23279],[1.77443,1.23416],[1.76153,1.23534],[1.75092,1.23535],[1.75654,1.23429],[1.76875,1.23194],[1.77615,1.23093],[1.77665,1.2302],[1.76894,1.23156],[1.7624,1.23186],[1.76173,1.22858],[1.764,1.22722],[1.75772,1.227],[1.74953,1.22972],[1.74214,1.22955],[1.73984,1.23054],[1.73409,1.23144],[1.73144,1.23256],[1.72642,1.23356],[1.72089,1.23388],[1.71494,1.23307],[1.70434,1.2333],[1.70009,1.23308],[1.68655,1.23164],[1.67577,1.23094],[1.67082,1.22967],[1.67465,1.22922],[1.67245,1.22812],[1.67485,1.22726],[1.67416,1.2262],[1.67192,1.22547],[1.67646,1.22271],[1.68273,1.22072],[1.68955,1.22044],[1.70581,1.21874],[1.71108,1.21737],[1.70414,1.2172],[1.69726,1.21795],[1.69389,1.21716],[1.68428,1.21876],[1.67969,1.2191],[1.6801,1.21719],[1.67154,1.21851],[1.67023,1.21774],[1.66147,1.2178],[1.65455,1.2195],[1.65762,1.22009],[1.66364,1.21998],[1.66545,1.2203],[1.6578,1.22112],[1.64975,1.22229],[1.63827,1.22208],[1.61933,1.22206],[1.61384,1.22105],[1.61889,1.22061],[1.61195,1.22042],[1.61452,1.21967],[1.61898,1.21937],[1.61315,1.2189],[1.60634,1.21939],[1.6011,1.2189],[1.59812,1.21802],[1.57867,1.21755],[1.58025,1.21659],[1.5755,1.21612],[1.56522,1.21638],[1.54693,1.21452],[1.5343,1.21329],[1.52905,1.2124],[1.52211,1.21158],[1.51356,1.2099],[1.50875,1.20836],[1.50918,1.20748],[1.50678,1.20631],[1.50335,1.20544],[1.50277,1.20451],[1.50795,1.20301],[1.50345,1.20213],[1.50304,1.20034],[1.50049,1.19999],[1.49972,1.19862],[1.50145,1.19697],[1.50465,1.1958],[1.50693,1.19406],[1.50605,1.19183],[1.50453,1.19153],[1.50725,1.19001],[1.50535,1.18935],[1.50666,1.18844],[1.51328,1.1861],[1.52751,1.18221],[1.54133,1.17962],[1.55829,1.17325],[1.5622,1.17201],[1.56867,1.17074],[1.56477,1.17238],[1.55931,1.17393],[1.55957,1.17466],[1.56416,1.17388],[1.56398,1.17291],[1.57624,1.16977],[1.57764,1.16837],[1.57631,1.16815],[1.58499,1.16627],[1.58853,1.16629],[1.58584,1.16771],[1.59078,1.16631],[1.59316,1.16442],[1.59565,1.16395],[1.59381,1.16534],[1.57983,1.17149],[1.59236,1.16828],[1.59546,1.16843],[1.60586,1.16521],[1.61201,1.16264],[1.61972,1.1602],[1.62534,1.159],[1.63552,1.15613],[1.63557,1.15504],[1.63149,1.15558],[1.63928,1.15365],[1.64529,1.15087],[1.65145,1.14939],[1.6539,1.14776],[1.65357,1.14629],[1.65719,1.14357],[1.66686,1.1373],[1.67464,1.13263],[1.67744,1.13035],[1.68288,1.12688],[1.68799,1.12161],[1.69315,1.11676],[1.69363,1.11482],[1.69239,1.11022],[1.6942,1.10411],[1.69387,1.09984],[1.69614,1.09268],[1.6965,1.08275],[1.69451,1.07342],[1.69384,1.06552],[1.69424,1.06264],[1.69313,1.06094],[1.69426,1.05208],[1.69419,1.04705],[1.68938,1.03617],[1.68624,1.03373],[1.68297,1.03685],[1.68033,1.03544],[1.68072,1.04326],[1.67733,1.03672],[1.67872,1.04101],[1.67704,1.03913],[1.6689,1.02228],[1.66361,1.01805],[1.66459,1.01721],[1.66229,1.01298]]],[[[0.60665,1.25536],[0.61511,1.25032],[0.61798,1.24772],[0.61259,1.25096],[0.60857,1.25365],[0.60687,1.25383],[0.60191,1.25636],[0.59801,1.25789],[0.59583,1.2598],[0.5932,1.26109],[0.58635,1.26532],[0.58804,1.26462],[0.60184,1.2575],[0.60665,1.25536]]],[[[0.63336,1.2406],[0.64179,1.23442],[0.63671,1.23645],[0.62804,1.24119],[0.62663,1.24126],[0.62115,1.24437],[0.62297,1.24206],[0.6196,1.24421],[0.61859,1.24419],[0.61235,1.24783],[0.6146,1.24716],[0.61014,1.24979],[0.60667,1.25148],[0.60311,1.25418],[0.61035,1.25127],[0.61606,1.24843],[0.61819,1.24687],[0.62187,1.24482],[0.62146,1.24682],[0.62794,1.24375],[0.63336,1.2406]]],[[[0.75985,1.13399],[0.749,1.13539],[0.74576,1.13605],[0.73409,1.13669],[0.73134,1.13531],[0.72944,1.13512],[0.73112,1.13416],[0.72898,1.13341],[0.72779,1.13362],[0.7276,1.13242],[0.72552,1.13342],[0.72555,1.1318],[0.72301,1.13195],[0.72432,1.1301],[0.72388,1.12872],[0.72119,1.1281],[0.72197,1.12591],[0.7199,1.12647],[0.72147,1.12491],[0.72041,1.1235],[0.72023,1.12225],[0.71831,1.12211],[0.71522,1.12328],[0.71311,1.12484],[0.71089,1.12523],[0.70961,1.12744],[0.70618,1.1316],[0.70981,1.1303],[0.71059,1.13383],[0.71339,1.13275],[0.71064,1.13563],[0.71135,1.13657],[0.7132,1.13691],[0.71074,1.13874],[0.70907,1.14109],[0.70984,1.14118],[0.71288,1.13835],[0.71374,1.14088],[0.71619,1.13955],[0.71679,1.14262],[0.7198,1.14359],[0.72471,1.14375],[0.72542,1.14461],[0.72877,1.14386],[0.72925,1.14562],[0.73226,1.14513],[0.73633,1.14367],[0.73914,1.14294],[0.74198,1.14275],[0.74701,1.1418],[0.74933,1.14201],[0.75409,1.14178],[0.75466,1.14282],[0.75847,1.14343],[0.76246,1.14312],[0.76888,1.14035],[0.77211,1.13774],[0.77349,1.13499],[0.77037,1.13317],[0.75985,1.13399]]],[[[0.71461,1.12316],[0.71746,1.12198],[0.71864,1.12121],[0.71833,1.11991],[0.71878,1.1177],[0.71762,1.11796],[0.71793,1.11621],[0.71757,1.11513],[0.71922,1.11183],[0.7197,1.10877],[0.72656,1.0962],[0.73032,1.09003],[0.73401,1.0845],[0.73979,1.07714],[0.73797,1.07654],[0.73202,1.08324],[0.73451,1.07938],[0.73178,1.08266],[0.7302,1.0835],[0.72912,1.08554],[0.72403,1.09003],[0.7177,1.0978],[0.71842,1.0979],[0.7176,1.10017],[0.71946,1.09992],[0.71546,1.10509],[0.71431,1.10811],[0.71268,1.10803],[0.71035,1.1093],[0.70748,1.10958],[0.70582,1.11124],[0.70375,1.1147],[0.70289,1.11843],[0.70429,1.11853],[0.70652,1.11721],[0.70768,1.11832],[0.70749,1.12173],[0.70489,1.12384],[0.70581,1.12454],[0.70865,1.12318],[0.70647,1.12648],[0.70862,1.12624],[0.71028,1.12507],[0.71263,1.12458],[0.71461,1.12316]]],[[[0.91906,1.14627],[0.92468,1.1447],[0.92509,1.14402],[0.9222,1.14392],[0.92162,1.14319],[0.92411,1.14153],[0.92321,1.14105],[0.91111,1.14178],[0.90799,1.14141],[0.89837,1.14439],[0.89475,1.14583],[0.89373,1.14675],[0.89545,1.14732],[0.89913,1.14696],[0.90194,1.14828],[0.89826,1.14902],[0.90013,1.15013],[0.90799,1.14931],[0.91006,1.14937],[0.91029,1.14988],[0.91347,1.1493],[0.91728,1.14745],[0.91906,1.14627]]],[[[0.92786,1.13933],[0.92653,1.13813],[0.92692,1.13746],[0.92844,1.13845],[0.92951,1.13826],[0.93054,1.13956],[0.93411,1.13947],[0.93665,1.13887],[0.93888,1.13786],[0.93792,1.13675],[0.9385,1.13443],[0.93524,1.13416],[0.93833,1.13297],[0.94009,1.1326],[0.94123,1.1315],[0.93904,1.13068],[0.93373,1.13039],[0.92938,1.1305],[0.92538,1.13167],[0.92062,1.13205],[0.91907,1.13293],[0.91734,1.13271],[0.91561,1.13319],[0.91179,1.13611],[0.90563,1.13766],[0.90691,1.13865],[0.91058,1.1397],[0.91065,1.14052],[0.91328,1.14124],[0.91493,1.14055],[0.91573,1.14097],[0.92007,1.1404],[0.92539,1.14041],[0.92786,1.13933]]],[[[0.955,1.13245],[0.95401,1.12932],[0.95577,1.13085],[0.95903,1.1318],[0.96046,1.13098],[0.96186,1.13119],[0.96307,1.13057],[0.96551,1.13151],[0.96699,1.13007],[0.96495,1.12823],[0.96251,1.12712],[0.96037,1.12601],[0.95055,1.12501],[0.94578,1.12362],[0.94264,1.12371],[0.94125,1.12425],[0.94408,1.12649],[0.94423,1.12911],[0.94559,1.12987],[0.94701,1.12965],[0.94642,1.13118],[0.94717,1.13284],[0.94973,1.13384],[0.95218,1.13269],[0.95179,1.13409],[0.95422,1.1336],[0.95581,1.13276],[0.955,1.13245]]],[[[1.26996,1.21163],[1.27315,1.21215],[1.27838,1.21239],[1.27883,1.21292],[1.27685,1.21421],[1.2794,1.21579],[1.28192,1.21622],[1.29033,1.2169],[1.29796,1.21784],[1.30204,1.21893],[1.31881,1.22002],[1.31623,1.21783],[1.31858,1.21764],[1.31601,1.21586],[1.31322,1.21494],[1.30517,1.21419],[1.29886,1.21477],[1.29665,1.2158],[1.29791,1.2168],[1.29308,1.21631],[1.28942,1.21514],[1.29216,1.21439],[1.30006,1.21355],[1.30634,1.2133],[1.30207,1.21163],[1.29572,1.21187],[1.28123,1.2082],[1.27449,1.20731],[1.27456,1.20563],[1.27292,1.20504],[1.26316,1.2038],[1.25761,1.20383],[1.25227,1.20323],[1.24756,1.20353],[1.25068,1.20428],[1.24646,1.20584],[1.25048,1.20692],[1.24707,1.20709],[1.24746,1.20771],[1.25159,1.20951],[1.25709,1.21122],[1.26996,1.21163]]],[[[1.33555,1.22236],[1.34169,1.22435],[1.35097,1.22627],[1.3528,1.22568],[1.36778,1.22887],[1.37285,1.2293],[1.37497,1.2302],[1.37559,1.22888],[1.3677,1.22578],[1.36282,1.22459],[1.35383,1.22275],[1.3482,1.22234],[1.34306,1.22139],[1.3311,1.21999],[1.33009,1.22122],[1.33081,1.22281],[1.33555,1.22236]]],[[[1.75563,1.25553],[1.75034,1.25702],[1.74972,1.25839],[1.75239,1.26013],[1.75523,1.26096],[1.764,1.25729],[1.76221,1.25643],[1.75563,1.25553]]],[[[1.63193,1.16744],[1.63939,1.16461],[1.6445,1.16092],[1.65578,1.15647],[1.66181,1.15398],[1.66717,1.15136],[1.6697,1.14935],[1.67427,1.14712],[1.68622,1.14272],[1.69013,1.14176],[1.71597,1.13236],[1.72572,1.12974],[1.73909,1.12642],[1.7563,1.12403],[1.7384,1.12557],[1.73041,1.12569],[1.72345,1.12447],[1.73342,1.11589],[1.73872,1.11314],[1.74378,1.11175],[1.75509,1.11047],[1.76721,1.10914],[1.77464,1.10992],[1.78722,1.10872],[1.79236,1.10667],[1.77352,1.10841],[1.76184,1.10672],[1.75502,1.10611],[1.75372,1.10456],[1.75444,1.09854],[1.75112,1.09862],[1.74465,1.1014],[1.73958,1.10749],[1.7319,1.11115],[1.72868,1.11511],[1.72389,1.11741],[1.71385,1.12067],[1.711,1.12307],[1.70501,1.12679],[1.69434,1.13187],[1.68818,1.13442],[1.68143,1.1385],[1.67726,1.14051],[1.66892,1.14354],[1.6612,1.14582],[1.6521,1.14982],[1.64974,1.15145],[1.6435,1.15467],[1.63821,1.15705],[1.6396,1.15823],[1.64515,1.15771],[1.64008,1.16194],[1.62828,1.1662],[1.63193,1.16744]]],[[[-1.86483,1.29533],[-1.86178,1.29431],[-1.86425,1.29279],[-1.87046,1.28999],[-1.89253,1.28108],[-1.89607,1.2803],[-1.88332,1.28907],[-1.87213,1.29338],[-1.86483,1.29533]]],[[[0.64356,1.09245],[0.64574,1.08829],[0.64155,1.09434],[0.64356,1.09245]]],[[[0.68297,1.06511],[0.68112,1.06704],[0.68182,1.0669],[0.68297,1.06511]]],[[[0.71326,1.10617],[0.71552,1.10271],[0.7157,1.10011],[0.71344,1.10377],[0.71076,1.10598],[0.71151,1.10703],[0.71326,1.10617]]],[[[2.02853,1.12571],[2.00948,1.13421],[2.01961,1.1302],[2.02853,1.12571]]],[[[1.53816,1.23378],[1.53555,1.23328],[1.53301,1.23339],[1.53816,1.23378]]],[[[1.58443,1.23292],[1.57779,1.23245],[1.5698,1.23256],[1.57152,1.23338],[1.57623,1.23323],[1.57514,1.23288],[1.58443,1.23292]]],[[[1.38392,1.23901],[1.38108,1.23868],[1.38286,1.2395],[1.38392,1.23901]]],[[[1.34458,1.23396],[1.33752,1.23229],[1.33955,1.23347],[1.34573,1.23509],[1.34458,1.23396]]],[[[1.29727,1.18968],[1.29576,1.18891],[1.28835,1.18711],[1.2895,1.1878],[1.29484,1.18934],[1.29727,1.18968]]],[[[0.98161,1.13396],[0.97426,1.13116],[0.98137,1.1348],[0.98161,1.13396]]],[[[1.02217,1.14128],[1.02185,1.14057],[1.01754,1.13961],[1.02016,1.14086],[1.02217,1.14128]]],[[[0.93265,1.10986],[0.93138,1.10861],[0.92603,1.10797],[0.92618,1.10855],[0.93061,1.1097],[0.93265,1.10986]]],[[[0.9284,1.11468],[0.92394,1.11421],[0.92935,1.11672],[0.92972,1.11613],[0.9284,1.11468]]],[[[0.89489,1.11621],[0.89264,1.11711],[0.89496,1.11754],[0.89489,1.11621]]],[[[0.82394,1.07423],[0.82066,1.07516],[0.82023,1.07666],[0.82514,1.07642],[0.82389,1.0761],[0.82394,1.07423]]],[[[0.82591,1.08138],[0.82979,1.08211],[0.8288,1.0811],[0.82591,1.08138]]],[[[0.87231,1.08602],[0.86835,1.0864],[0.87016,1.08706],[0.87344,1.08652],[0.87231,1.08602]]],[[[0.80127,1.04722],[0.80001,1.04721],[0.80076,1.0481],[0.80127,1.04722]]],[[[0.79456,1.05512],[0.79359,1.05566],[0.79311,1.05704],[0.79456,1.05512]]],[[[0.81707,1.03454],[0.81502,1.03536],[0.81748,1.03543],[0.81802,1.03496],[0.81707,1.03454]]],[[[0.63152,1.23648],[0.62763,1.23935],[0.62985,1.2385],[0.63365,1.23594],[0.63152,1.23648]]],[[[0.64402,1.22823],[0.63619,1.23288],[0.63294,1.23514],[0.63906,1.23228],[0.64186,1.23034],[0.64402,1.22823]]],[[[0.63042,1.24304],[0.62883,1.24438],[0.63133,1.24324],[0.63348,1.24165],[0.63042,1.24304]]],[[[0.67299,1.21342],[0.66953,1.21535],[0.67105,1.21491],[0.67299,1.21342]]],[[[0.6634,1.22005],[0.65954,1.22269],[0.65933,1.22364],[0.66374,1.22061],[0.6634,1.22005]]],[[[0.70029,1.19391],[0.69719,1.19666],[0.70065,1.19519],[0.70358,1.19249],[0.70029,1.19391]]],[[[0.68991,1.20811],[0.69252,1.2056],[0.69283,1.2046],[0.68666,1.20846],[0.68256,1.21176],[0.68082,1.21344],[0.68363,1.21184],[0.68579,1.21108],[0.68991,1.20811]]],[[[0.75437,0.94093],[0.75398,0.94254],[0.75407,0.94394],[0.75437,0.94093]]],[[[0.71242,1.07229],[0.71168,1.06915],[0.70692,1.07128],[0.70492,1.07369],[0.70212,1.07884],[0.70067,1.08298],[0.7015,1.0846],[0.70473,1.08326],[0.71189,1.07459],[0.71242,1.07229]]],[[[0.72115,1.18964],[0.71886,1.19065],[0.71548,1.19297],[0.71842,1.19282],[0.72417,1.19081],[0.72471,1.19198],[0.72759,1.19112],[0.73165,1.18864],[0.7325,1.18736],[0.72792,1.18754],[0.72115,1.18964]]],[[[0.68932,1.20214],[0.68541,1.2053],[0.68252,1.20909],[0.69192,1.20299],[0.69763,1.19862],[0.69214,1.20184],[0.6918,1.20123],[0.68932,1.20214]]],[[[0.71386,1.19347],[0.71376,1.19213],[0.71152,1.19296],[0.70849,1.19314],[0.70339,1.19645],[0.69973,1.19805],[0.69704,1.20027],[0.69662,1.20188],[0.69743,1.20215],[0.70053,1.20062],[0.70317,1.19887],[0.7096,1.19624],[0.71279,1.19452],[0.71386,1.19347]]],[[[0.70473,1.19897],[0.69964,1.20209],[0.70251,1.20127],[0.70781,1.19867],[0.70872,1.19783],[0.70473,1.19897]]],[[[0.65892,1.22115],[0.65382,1.2241],[0.64824,1.22798],[0.65161,1.22635],[0.6525,1.22636],[0.65621,1.22418],[0.661,1.22046],[0.65892,1.22115]]],[[[0.68373,1.20719],[0.6846,1.20516],[0.67895,1.20857],[0.67556,1.21078],[0.67701,1.21058],[0.67638,1.21185],[0.68373,1.20719]]],[[[0.68768,1.21184],[0.68334,1.21409],[0.6849,1.21247],[0.68179,1.21359],[0.67727,1.21691],[0.67554,1.21757],[0.67313,1.2193],[0.67004,1.22092],[0.66763,1.22308],[0.67251,1.22013],[0.67763,1.21848],[0.68152,1.21632],[0.68768,1.21184]]],[[[0.66306,1.22462],[0.66912,1.22045],[0.67392,1.21765],[0.68506,1.20944],[0.67998,1.21174],[0.67272,1.21593],[0.66789,1.21951],[0.66463,1.22135],[0.65966,1.22475],[0.66149,1.22424],[0.66306,1.22462]]],[[[0.71828,1.19757],[0.71434,1.1993],[0.70932,1.20201],[0.71335,1.20048],[0.71901,1.19791],[0.71828,1.19757]]],[[[0.68256,1.21648],[0.68309,1.21694],[0.69037,1.21299],[0.69142,1.21183],[0.68256,1.21648]]],[[[0.89999,1.14011],[0.89321,1.14318],[0.89256,1.14393],[0.8944,1.14413],[0.89872,1.14327],[0.908,1.14063],[0.90729,1.14007],[0.90411,1.13962],[0.89999,1.14011]]],[[[0.88905,1.15323],[0.88122,1.15521],[0.8814,1.15595],[0.89012,1.15392],[0.88905,1.15323]]],[[[1.29785,1.20526],[1.29394,1.20402],[1.28975,1.2039],[1.28692,1.20464],[1.28889,1.20561],[1.29306,1.2064],[1.29672,1.20627],[1.29785,1.20526]]],[[[1.31364,1.20614],[1.32186,1.20607],[1.32648,1.20492],[1.32409,1.20426],[1.31007,1.20226],[1.30075,1.20177],[1.29587,1.20031],[1.2917,1.19997],[1.2978,1.2015],[1.3,1.20462],[1.30689,1.20596],[1.31364,1.20614]]],[[[1.23183,1.19917],[1.22971,1.20186],[1.23694,1.20224],[1.23717,1.20111],[1.23183,1.19917]]],[[[1.25427,1.19509],[1.24384,1.19426],[1.24597,1.19505],[1.25456,1.19589],[1.25427,1.19509]]],[[[1.5519,1.18072],[1.55441,1.17885],[1.55378,1.17775],[1.5446,1.18059],[1.54334,1.18027],[1.53673,1.18387],[1.5519,1.18072]]],[[[1.66412,1.24311],[1.65536,1.24254],[1.64571,1.24233],[1.64905,1.24361],[1.66367,1.2446],[1.66779,1.24368],[1.66412,1.24311]]],[[[1.83263,1.2019],[1.8291,1.20536],[1.82501,1.20812],[1.82913,1.21004],[1.83711,1.20562],[1.83276,1.20439],[1.83263,1.2019]]],[[[1.99329,1.13924],[1.998,1.1365],[1.98658,1.14136],[1.96949,1.14895],[1.96138,1.15195],[1.97064,1.14978],[1.97511,1.14726],[1.99329,1.13924]]],[[[1.9582,1.10005],[1.9527,1.10493],[1.96347,1.09759],[1.9582,1.10005]]],[[[1.9444,1.11785],[1.9387,1.12091],[1.93769,1.12249],[1.94317,1.11937],[1.9444,1.11785]]],[[[1.95048,1.11135],[1.94916,1.11028],[1.94471,1.11247],[1.93762,1.11709],[1.94186,1.11655],[1.93578,1.12155],[1.93627,1.1222],[1.94613,1.11544],[1.95048,1.11135]]],[[[1.97068,1.08825],[1.96622,1.09184],[1.96862,1.09072],[1.97068,1.08825]]],[[[1.92655,1.1261],[1.92206,1.12858],[1.92479,1.12766],[1.92655,1.1261]]],[[[1.98959,1.06881],[1.98744,1.07009],[1.98628,1.07151],[1.98959,1.06881]]],[[[1.99924,1.05525],[1.99769,1.05577],[1.99569,1.05974],[1.99924,1.05525]]],[[[2.00289,1.03968],[2.00016,1.04085],[1.99458,1.04683],[1.99332,1.05132],[1.99747,1.04892],[2.00122,1.04382],[2.00289,1.03968]]],[[[1.992,1.04254],[1.99483,1.03866],[1.98966,1.04207],[2.00078,1.03024],[2.00165,1.0279],[1.98576,1.04362],[1.98281,1.04857],[1.9904,1.04418],[1.98748,1.04778],[1.99075,1.04594],[1.99835,1.03937],[1.992,1.04254]]],[[[2.02856,0.99626],[2.02699,1.00004],[2.03041,0.9962],[2.02856,0.99626]]],[[[1.99068,1.03599],[1.98888,1.03402],[1.99786,1.01897],[1.99029,1.02757],[1.97127,1.04843],[1.99068,1.03599]]],[[[1.04096,1.13735],[1.04075,1.13663],[1.03754,1.13485],[1.03175,1.13345],[1.02491,1.13239],[1.02766,1.13323],[1.02804,1.13413],[1.03609,1.13628],[1.04096,1.13735]]],[[[0.81077,1.1541],[0.81237,1.15328],[0.8068,1.15432],[0.80347,1.15584],[0.80308,1.15672],[0.81077,1.1541]]],[[[0.81615,1.16383],[0.81629,1.16498],[0.81978,1.16445],[0.82369,1.16337],[0.82342,1.16294],[0.81615,1.16383]]],[[[0.80142,1.07658],[0.80059,1.07771],[0.7995,1.08184],[0.80066,1.08253],[0.80314,1.08159],[0.80675,1.0772],[0.80725,1.07576],[0.80142,1.07658]]],[[[0.84217,1.06827],[0.84043,1.06896],[0.84324,1.0712],[0.84743,1.07062],[0.84816,1.07009],[0.84561,1.06856],[0.84217,1.06827]]],[[[0.85334,1.07245],[0.85004,1.07245],[0.84827,1.07358],[0.85036,1.07551],[0.8532,1.07415],[0.85334,1.07245]]],[[[0.85893,1.10137],[0.85793,1.10022],[0.85451,1.10199],[0.85784,1.10344],[0.85893,1.10137]]],[[[0.76195,1.05123],[0.76085,1.05131],[0.75693,1.05359],[0.75579,1.05567],[0.75268,1.05736],[0.74787,1.06505],[0.74965,1.0668],[0.75467,1.06052],[0.76034,1.05485],[0.76195,1.05123]]],[[[0.58327,1.07974],[0.57824,1.07932],[0.5846,1.07609],[0.58982,1.07423],[0.58843,1.07729],[0.60267,1.06896],[0.60964,1.06501],[0.61549,1.06061],[0.61642,1.05746],[0.61928,1.05462],[0.60945,1.05951],[0.57544,1.07216],[0.56274,1.07705],[0.56657,1.08084],[0.56542,1.08368],[0.57657,1.0801],[0.58208,1.08035],[0.58327,1.07974]]],[[[0.69099,0.92988],[0.69309,0.92553],[0.69464,0.92575],[0.70077,0.93074],[0.70504,0.93212],[0.70273,0.92672],[0.69718,0.92286],[0.69364,0.92223],[0.68999,0.91567],[0.68742,0.91416],[0.68559,0.91151],[0.68384,0.90695],[0.68072,0.90088],[0.67851,0.90165],[0.68132,0.91114],[0.68169,0.91471],[0.67976,0.91439],[0.67876,0.91606],[0.6761,0.91427],[0.68147,0.92501],[0.68452,0.92977],[0.68459,0.93192],[0.68528,0.93399],[0.68951,0.93262],[0.6898,0.93014],[0.69099,0.92988]]]]}},{"type":"Feature","properties":{"name":"Romania","iso3":"ROU","geo_share":0.001755,"carto_share":0.0034227,"target_share":0.0034654},"geometry":{"type":"Polygon","coordinates":[[[0.63825,0.86345],[0.63811,0.85989],[0.64147,0.86336],[0.65257,0.8833],[0.65249,0.87941],[0.64287,0.85644],[0.63371,0.8423],[0.63793,0.85158],[0.61489,0.80855],[0.6011,0.78062],[0.59164,0.76761],[0.59183,0.77016],[0.58405,0.75831],[0.58158,0.75647],[0.56566,0.72884],[0.55499,0.71013],[0.54789,0.70003],[0.53642,0.6876],[0.53416,0.68448],[0.52851,0.68054],[0.52678,0.67878],[0.52862,0.68456],[0.52752,0.68756],[0.52747,0.69441],[0.5299,0.70027],[0.52871,0.70234],[0.52496,0.69428],[0.52149,0.70225],[0.52388,0.71143],[0.52269,0.72045],[0.52615,0.73196],[0.52675,0.7381],[0.52796,0.74307],[0.53077,0.74888],[0.53399,0.75781],[0.53514,0.76002],[0.53911,0.7719],[0.54152,0.78209],[0.55418,0.81772],[0.55547,0.82042],[0.56243,0.83092],[0.57206,0.84217],[0.58014,0.85208],[0.5924,0.86724],[0.6141,0.8904],[0.62362,0.90123],[0.62523,0.89974],[0.64037,0.91814],[0.65234,0.93052],[0.65578,0.93632],[0.6587,0.93964],[0.66089,0.94039],[0.66101,0.93387],[0.66125,0.92625],[0.66172,0.92461],[0.65979,0.91642],[0.65754,0.91002],[0.64816,0.88769],[0.63825,0.86345]]]}},{"type":"Feature","properties":{"name":"Qatar","iso3":"QAT","geo_share":8.01e-05,"carto_share":4.39e-05,"target_share":2.5e-05},"geometry":{"type":"Polygon","coordinates":[[[0.64807,0.4494],[0.65097,0.45483],[0.65971,0.47217],[0.67033,0.49368],[0.67664,0.50579],[0.67635,0.50195],[0.66974,0.48751],[0.66566,0.47783],[0.65391,0.45612],[0.65001,0.44938],[0.64498,0.4411],[0.64807,0.4494]]]}},{"type":"Feature","properties":{"name":"Portugal","iso3":"PRT","geo_share":0.0006669,"carto_share":0.0027706,"target_share":0.0027717},"geometry":{"type":"MultiPolygon","coordinates":[[[[-0.24618,0.38622],[-0.23537,0.37754],[-0.23672,0.37643],[-0.24399,0.38222],[-0.24618,0.38622]]],[[[-0.1283,0.3589],[-0.13536,0.36015],[-0.15949,0.38028],[-0.16776,0.38583],[-0.17439,0.39795],[-0.18238,0.41075],[-0.19084,0.42296],[-0.19488,0.43217],[-0.20358,0.44653],[-0.21138,0.45257],[-0.21744,0.46357],[-0.21474,0.46624],[-0.21917,0.47673],[-0.217,0.46593],[-0.22377,0.47087],[-0.23539,0.49958],[-0.23497,0.50618],[-0.23839,0.52708],[-0.2405,0.53052],[-0.24715,0.56213],[-0.2604,0.59697],[-0.25951,0.6004],[-0.24915,0.60282],[-0.24681,0.59286],[-0.22384,0.57908],[-0.21859,0.58184],[-0.20306,0.57195],[-0.19653,0.55822],[-0.18489,0.54603],[-0.19686,0.53336],[-0.18737,0.51507],[-0.18153,0.50038],[-0.18529,0.4977],[-0.17817,0.48685],[-0.17648,0.47473],[-0.19125,0.48165],[-0.18082,0.46845],[-0.16871,0.44938],[-0.16172,0.44244],[-0.16294,0.43069],[-0.15882,0.41893],[-0.14486,0.40076],[-0.14144,0.37827],[-0.1283,0.3589]]],[[[-0.37973,0.54321],[-0.38185,0.54547],[-0.38073,0.54552],[-0.37973,0.54321]]],[[[-0.45668,0.63527],[-0.45793,0.63905],[-0.45667,0.63814],[-0.45668,0.63527]]],[[[-0.40992,0.59697],[-0.41374,0.60217],[-0.40997,0.5996],[-0.40992,0.59697]]],[[[-0.41736,0.5984],[-0.42225,0.60362],[-0.41947,0.60179],[-0.41736,0.5984]]],[[[-0.42977,0.60562],[-0.42824,0.60597],[-0.42674,0.603],[-0.42977,0.60562]]],[[[-0.41958,0.59606],[-0.42423,0.5981],[-0.4256,0.60253],[-0.41958,0.59606]]],[[[-0.39109,0.56908],[-0.38616,0.56654],[-0.38634,0.56429],[-0.39158,0.56754],[-0.39109,0.56908]]]]}},{"type":"Feature","properties":{"name":"Poland","iso3":"POL","geo_share":0.002329,"carto_share":0.008519,"target_share":0.0085269},"geometry":{"type":"Polygon","coordinates":[[[0.64898,0.97431],[0.64904,0.96845],[0.65229,0.95891],[0.64714,0.945],[0.64245,0.94025],[0.62024,0.91279],[0.6034,0.8902],[0.5977,0.88003],[0.59791,0.87916],[0.59101,0.87111],[0.58025,0.85917],[0.57701,0.85763],[0.56848,0.84746],[0.56443,0.84099],[0.56265,0.84003],[0.55764,0.83296],[0.55478,0.8276],[0.55385,0.82692],[0.55669,0.83311],[0.55904,0.84304],[0.55479,0.83276],[0.55518,0.83851],[0.55685,0.86461],[0.55278,0.87805],[0.5507,0.87504],[0.54839,0.88778],[0.55094,0.89586],[0.54667,0.89434],[0.53997,0.90502],[0.5407,0.89422],[0.53569,0.88698],[0.52962,0.90367],[0.53382,0.91239],[0.5274,0.91318],[0.51695,0.92056],[0.51589,0.92846],[0.51038,0.92999],[0.50545,0.9193],[0.51177,0.94585],[0.50956,0.95896],[0.50498,0.96229],[0.50086,0.98215],[0.50416,0.99803],[0.49621,1.01608],[0.49657,1.02635],[0.47625,1.05148],[0.48092,1.06416],[0.47932,1.0746],[0.46624,1.10151],[0.4774,1.09326],[0.47293,1.10289],[0.46215,1.10903],[0.46054,1.11281],[0.47296,1.11003],[0.4983,1.10303],[0.50068,1.10734],[0.51176,1.10507],[0.52226,1.1015],[0.53174,1.09732],[0.54446,1.08355],[0.55167,1.07884],[0.56274,1.07705],[0.57544,1.07216],[0.60945,1.05951],[0.61928,1.05462],[0.62343,1.05235],[0.63235,1.04484],[0.63502,1.04042],[0.64041,1.03151],[0.6496,1.01452],[0.65119,1.00514],[0.64657,1.00274],[0.64306,0.99407],[0.65027,0.98894],[0.64854,0.97938],[0.64898,0.97431]]]}},{"type":"Feature","properties":{"name":"Philippines","iso3":"PHL","geo_share":0.0021245,"carto_share":0.004049,"target_share":0.0040531},"geometry":{"type":"MultiPolygon","coordinates":[[[[1.85968,0.23701],[1.88509,0.2382],[1.89273,0.2425],[1.8971,0.24187],[1.89599,0.23046],[1.89928,0.22461],[1.90691,0.21941],[1.89967,0.19962],[1.89098,0.19605],[1.88557,0.19259],[1.88674,0.18813],[1.88057,0.18101],[1.88944,0.1725],[1.88799,0.16731],[1.89177,0.16075],[1.90112,0.1586],[1.90103,0.16333],[1.90754,0.16838],[1.91518,0.16842],[1.91951,0.16278],[1.91924,0.15881],[1.92292,0.15853],[1.92475,0.16598],[1.93602,0.16192],[1.92968,0.15743],[1.93542,0.15016],[1.93467,0.14665],[1.942,0.14649],[1.94007,0.13633],[1.93642,0.13823],[1.938,0.14321],[1.93124,0.14186],[1.9245,0.14333],[1.92138,0.15128],[1.91498,0.15406],[1.90939,0.15965],[1.90665,0.15866],[1.91113,0.14547],[1.90784,0.14512],[1.9054,0.1497],[1.89803,0.15496],[1.8912,0.15696],[1.87635,0.14864],[1.86471,0.15196],[1.85923,0.15003],[1.85702,0.15671],[1.86557,0.16326],[1.86413,0.16711],[1.85383,0.16855],[1.85514,0.16166],[1.85081,0.16075],[1.84396,0.16608],[1.83907,0.1669],[1.83153,0.17695],[1.82804,0.18441],[1.82391,0.18736],[1.82394,0.19293],[1.83443,0.1887],[1.84083,0.19244],[1.83613,0.19763],[1.83741,0.20518],[1.83673,0.2133],[1.83452,0.21619],[1.84262,0.23108],[1.85968,0.23701]]],[[[1.84005,0.05388],[1.83818,0.06135],[1.84176,0.07078],[1.84489,0.07199],[1.85199,0.09018],[1.85522,0.09382],[1.85214,0.09957],[1.85258,0.10861],[1.8566,0.10084],[1.86319,0.09195],[1.8627,0.0891],[1.8582,0.08686],[1.85817,0.08301],[1.85164,0.0817],[1.85303,0.07833],[1.85196,0.06789],[1.848,0.06579],[1.84778,0.06114],[1.84005,0.05388]]],[[[1.9113,0.11209],[1.92291,0.11278],[1.92065,0.10354],[1.91622,0.10015],[1.91564,0.09634],[1.90433,0.09067],[1.90096,0.08692],[1.89936,0.09591],[1.90051,0.1009],[1.90072,0.11229],[1.89632,0.11461],[1.8977,0.11681],[1.9113,0.11209]]],[[[1.92275,0.05736],[1.91999,0.06257],[1.91381,0.06566],[1.91048,0.07029],[1.91095,0.07638],[1.91842,0.07979],[1.91696,0.08922],[1.92016,0.09832],[1.92599,0.10144],[1.93142,0.10046],[1.93284,0.09744],[1.92536,0.07522],[1.9255,0.06938],[1.92917,0.06267],[1.92664,0.05849],[1.92275,0.05736]]],[[[1.95349,0.11034],[1.95693,0.11262],[1.96184,0.10881],[1.9626,0.09972],[1.9664,0.09584],[1.96796,0.08938],[1.9658,0.0875],[1.96269,0.0909],[1.96349,0.08387],[1.95859,0.08607],[1.95795,0.09922],[1.95488,0.10288],[1.95055,0.10182],[1.94645,0.11478],[1.95349,0.11034]]],[[[1.96545,0.13471],[1.96995,0.13205],[1.96901,0.12643],[1.97085,0.117],[1.97542,0.10896],[1.9663,0.10768],[1.95857,0.11629],[1.95738,0.12115],[1.94657,0.13047],[1.9448,0.13727],[1.95021,0.1373],[1.96164,0.14],[1.96545,0.13471]]],[[[1.86856,0.14512],[1.87693,0.14459],[1.88618,0.13971],[1.88775,0.12992],[1.88524,0.12302],[1.88204,0.1212],[1.87343,0.12639],[1.86706,0.13497],[1.85877,0.14016],[1.85453,0.1447],[1.86856,0.14512]]],[[[1.98396,0.07107],[1.98777,0.07008],[1.99181,0.05945],[1.98908,0.05379],[1.99392,0.04977],[1.99638,0.04188],[1.99636,0.03078],[1.99863,0.02604],[1.99831,0.01269],[1.99538,0.00512],[1.99071,-0.00011],[1.98921,-0.01448],[1.98838,-0.00376],[1.98375,0.01368],[1.97436,-0.00334],[1.9784,-0.01219],[1.97896,-0.02413],[1.97429,-0.03177],[1.97112,-0.03276],[1.97116,-0.02389],[1.9663,-0.02806],[1.95785,-0.0253],[1.94825,-0.01927],[1.94481,-0.01471],[1.94151,0.00118],[1.94571,0.01309],[1.94116,0.02116],[1.93551,0.0257],[1.93238,0.02522],[1.93089,0.01255],[1.92532,0.02165],[1.92129,0.01642],[1.91988,0.02251],[1.91479,0.02123],[1.91193,0.00247],[1.90875,0.00199],[1.90716,0.00831],[1.90842,0.01261],[1.90848,0.02571],[1.91146,0.03188],[1.92277,0.03785],[1.92316,0.04247],[1.93116,0.05091],[1.93588,0.04968],[1.93905,0.04504],[1.93951,0.03806],[1.93711,0.03364],[1.94503,0.03897],[1.951,0.05119],[1.95682,0.05063],[1.95957,0.06101],[1.96565,0.05917],[1.96702,0.06314],[1.97351,0.06343],[1.97406,0.0664],[1.97122,0.0775],[1.9734,0.07967],[1.98084,0.07519],[1.98396,0.07107]]],[[[1.92938,0.06581],[1.93001,0.07804],[1.93633,0.09066],[1.94128,0.10885],[1.94326,0.09386],[1.94164,0.08753],[1.93541,0.07987],[1.93263,0.06981],[1.92938,0.06581]]],[[[1.88355,0.24547],[1.88396,0.24772],[1.88685,0.24795],[1.88355,0.24547]]],[[[1.8728,0.24895],[1.87317,0.2481],[1.86861,0.24742],[1.8728,0.24895]]],[[[1.88628,0.26388],[1.88603,0.26476],[1.88846,0.26586],[1.88628,0.26388]]],[[[1.88586,0.26821],[1.88342,0.26682],[1.88532,0.26862],[1.88586,0.26821]]],[[[1.90419,-0.01866],[1.89765,-0.02007],[1.89849,-0.01609],[1.90419,-0.01866]]],[[[1.84329,0.04309],[1.84139,0.04426],[1.84114,0.0477],[1.84329,0.04309]]],[[[1.866,0.08952],[1.86568,0.09331],[1.86897,0.09139],[1.866,0.08952]]],[[[1.86349,0.11813],[1.85722,0.11885],[1.85217,0.12441],[1.86349,0.11813]]],[[[1.85924,0.11309],[1.85459,0.11834],[1.85854,0.11722],[1.85924,0.11309]]],[[[1.91133,0.08683],[1.9137,0.09419],[1.91413,0.08876],[1.91133,0.08683]]],[[[1.9545,0.07649],[1.94993,0.0732],[1.9416,0.0718],[1.93919,0.07569],[1.94633,0.08381],[1.95448,0.08241],[1.9545,0.07649]]],[[[1.88756,-0.03427],[1.88529,-0.03302],[1.88941,-0.02984],[1.88756,-0.03427]]],[[[1.91101,-0.01093],[1.90789,-0.00619],[1.91117,-0.0037],[1.9151,-0.0066],[1.91441,-0.00997],[1.91101,-0.01093]]],[[[1.98373,0.08066],[1.98364,0.08685],[1.98597,0.08159],[1.98373,0.08066]]],[[[1.97635,0.08265],[1.97277,0.08702],[1.97578,0.09397],[1.97635,0.08265]]],[[[1.85033,0.14759],[1.84546,0.14927],[1.84788,0.14992],[1.85033,0.14759]]],[[[1.89916,0.14814],[1.89715,0.14255],[1.89305,0.14455],[1.89353,0.14954],[1.89916,0.14814]]],[[[1.89859,0.1209],[1.89654,0.12502],[1.89795,0.13046],[1.90091,0.13195],[1.89859,0.1209]]],[[[1.9104,0.12623],[1.90669,0.12891],[1.91029,0.13015],[1.9104,0.12623]]],[[[1.92573,0.13656],[1.91691,0.14236],[1.91888,0.1438],[1.92573,0.13656]]],[[[1.9336,0.1317],[1.93035,0.13596],[1.93289,0.13595],[1.9336,0.1317]]],[[[1.93702,0.12737],[1.9403,0.11889],[1.92936,0.12692],[1.92708,0.12656],[1.92215,0.12066],[1.9238,0.13016],[1.92303,0.13375],[1.9278,0.13286],[1.93702,0.12737]]],[[[1.94542,0.15814],[1.93978,0.15943],[1.94257,0.16867],[1.94663,0.16472],[1.94542,0.15814]]],[[[1.90038,0.16106],[1.89553,0.16238],[1.89566,0.16394],[1.90038,0.16106]]],[[[1.8981,0.17913],[1.89535,0.17491],[1.89335,0.17865],[1.8981,0.17913]]],[[[1.9481,0.09455],[1.94883,0.09697],[1.94993,0.09539],[1.9481,0.09455]]],[[[1.96872,0.08257],[1.96612,0.08489],[1.96756,0.08621],[1.96872,0.08257]]],[[[1.92342,0.01121],[1.92123,0.01007],[1.9212,0.0133],[1.92342,0.01121]]],[[[1.9825,0.00041],[1.98064,0.00525],[1.98284,0.00723],[1.9825,0.00041]]],[[[1.9497,0.11396],[1.94671,0.11765],[1.9524,0.11561],[1.9497,0.11396]]],[[[1.95774,0.06323],[1.95555,0.0639],[1.95706,0.06643],[1.95774,0.06323]]],[[[1.86436,0.24302],[1.86234,0.24339],[1.86427,0.24434],[1.86436,0.24302]]],[[[1.85839,0.11077],[1.85942,0.10837],[1.85651,0.10946],[1.85839,0.11077]]],[[[1.93569,0.10863],[1.93717,0.10591],[1.93559,0.1058],[1.93569,0.10863]]],[[[1.90439,0.13],[1.9034,0.12936],[1.90388,0.13109],[1.90439,0.13]]],[[[1.98156,0.07755],[1.98222,0.08053],[1.98284,0.07899],[1.98156,0.07755]]],[[[1.95712,0.11701],[1.95561,0.11657],[1.95428,0.11947],[1.95712,0.11701]]],[[[1.84322,0.04905],[1.84171,0.05213],[1.84325,0.05094],[1.84322,0.04905]]],[[[1.93683,0.06096],[1.93261,0.06149],[1.93588,0.06375],[1.93683,0.06096]]]]}},{"type":"Feature","properties":{"name":"Peru","iso3":"PER","geo_share":0.0096523,"carto_share":0.0026108,"target_share":0.0026122},"geometry":{"type":"Polygon","coordinates":[[[-0.93066,-0.22386],[-0.93292,-0.22418],[-0.93472,-0.22252],[-0.93813,-0.22226],[-0.93922,-0.22374],[-0.94616,-0.22404],[-0.95166,-0.22821],[-0.95302,-0.22849],[-0.95237,-0.23328],[-0.95303,-0.23746],[-0.95151,-0.24006],[-0.95165,-0.24212],[-0.95331,-0.24287],[-0.95456,-0.24477],[-0.95295,-0.24899],[-0.95454,-0.24931],[-0.95422,-0.25108],[-0.95134,-0.25395],[-0.95122,-0.25546],[-0.94808,-0.26017],[-0.94153,-0.26799],[-0.94106,-0.26933],[-0.94182,-0.27198],[-0.9389,-0.27266],[-0.93532,-0.27445],[-0.9322,-0.27995],[-0.92534,-0.281],[-0.92225,-0.2767],[-0.91779,-0.29276],[-0.9158,-0.29363],[-0.913,-0.29288],[-0.91006,-0.29361],[-0.8983,-0.31158],[-0.89936,-0.31515],[-0.89717,-0.32179],[-0.89719,-0.32365],[-0.8936,-0.32977],[-0.89477,-0.33343],[-0.89424,-0.33724],[-0.89136,-0.34092],[-0.89158,-0.34451],[-0.88731,-0.3516],[-0.88439,-0.35395],[-0.88324,-0.35832],[-0.88406,-0.36264],[-0.88492,-0.36347],[-0.88225,-0.3683],[-0.88387,-0.37008],[-0.88235,-0.37349],[-0.88173,-0.37841],[-0.88561,-0.37983],[-0.89227,-0.37143],[-0.89699,-0.36672],[-0.90001,-0.35991],[-0.9068,-0.35479],[-0.9113,-0.3499],[-0.91492,-0.3484],[-0.92172,-0.34379],[-0.92633,-0.34195],[-0.92969,-0.33881],[-0.9401,-0.33379],[-0.94452,-0.32787],[-0.94935,-0.32551],[-0.95441,-0.31673],[-0.9526,-0.31567],[-0.95146,-0.31198],[-0.96036,-0.29776],[-0.96464,-0.29443],[-0.96552,-0.28963],[-0.97128,-0.28549],[-0.97273,-0.28016],[-0.97933,-0.27168],[-0.98361,-0.26315],[-0.98573,-0.26055],[-0.98885,-0.25405],[-0.99277,-0.24918],[-0.9986,-0.24483],[-1.005,-0.23596],[-1.01056,-0.23137],[-1.02217,-0.22827],[-1.02821,-0.22658],[-1.02664,-0.22417],[-1.02255,-0.22348],[-1.02345,-0.22106],[-1.02775,-0.21845],[-1.02661,-0.21724],[-1.03196,-0.21407],[-1.03184,-0.21095],[-1.02449,-0.20585],[-1.01796,-0.20282],[-1.01478,-0.2082],[-1.01866,-0.20969],[-1.01627,-0.21106],[-1.01765,-0.21246],[-1.01619,-0.21311],[-1.01366,-0.21196],[-1.00988,-0.21365],[-1.00837,-0.21358],[-1.00489,-0.21767],[-1.00247,-0.21845],[-1.00124,-0.21599],[-0.99995,-0.21528],[-1.00027,-0.21324],[-0.99907,-0.20854],[-0.99922,-0.205],[-0.99813,-0.20472],[-0.99668,-0.20151],[-0.9892,-0.1991],[-0.98602,-0.19582],[-0.98378,-0.1907],[-0.98414,-0.18486],[-0.98287,-0.18534],[-0.98384,-0.18113],[-0.98755,-0.1764],[-0.9848,-0.17603],[-0.98369,-0.17542],[-0.98071,-0.1774],[-0.97699,-0.18207],[-0.97489,-0.18659],[-0.96939,-0.19015],[-0.96695,-0.19523],[-0.96393,-0.19709],[-0.96238,-0.20186],[-0.95966,-0.20358],[-0.95745,-0.20337],[-0.95519,-0.20443],[-0.95166,-0.2038],[-0.94982,-0.20213],[-0.9463,-0.20427],[-0.942,-0.20321],[-0.93414,-0.20793],[-0.93387,-0.20888],[-0.93843,-0.21856],[-0.93482,-0.21928],[-0.93066,-0.22386]]]}},{"type":"Feature","properties":{"name":"Paraguay","iso3":"PRY","geo_share":0.0029922,"carto_share":0.0009324,"target_share":0.0009327},"geometry":{"type":"Polygon","coordinates":[[[-0.80139,-0.42404],[-0.80026,-0.42812],[-0.79906,-0.43541],[-0.7999,-0.45125],[-0.79386,-0.45241],[-0.79203,-0.45154],[-0.7906,-0.44931],[-0.78946,-0.45171],[-0.78748,-0.45171],[-0.78624,-0.45645],[-0.78651,-0.45843],[-0.78604,-0.46676],[-0.78628,-0.46914],[-0.78558,-0.47473],[-0.78332,-0.47387],[-0.78116,-0.471],[-0.77915,-0.47374],[-0.7815,-0.49107],[-0.78263,-0.49643],[-0.78362,-0.50694],[-0.78473,-0.512],[-0.7867,-0.51639],[-0.78837,-0.518],[-0.79027,-0.52394],[-0.79269,-0.52349],[-0.79431,-0.52702],[-0.79518,-0.52616],[-0.79793,-0.52693],[-0.80348,-0.52551],[-0.80568,-0.52646],[-0.80588,-0.52489],[-0.80365,-0.51669],[-0.80372,-0.51322],[-0.80307,-0.50972],[-0.80202,-0.50766],[-0.80119,-0.50316],[-0.80008,-0.50063],[-0.80133,-0.49546],[-0.80302,-0.49367],[-0.80427,-0.49372],[-0.8096,-0.48776],[-0.8123,-0.48306],[-0.81731,-0.4803],[-0.82315,-0.46883],[-0.82478,-0.46213],[-0.8272,-0.4564],[-0.82588,-0.43797],[-0.82637,-0.43007],[-0.82484,-0.42245],[-0.82441,-0.4164],[-0.81388,-0.41202],[-0.80801,-0.41201],[-0.80176,-0.4193],[-0.80139,-0.42404]]]}},{"type":"Feature","properties":{"name":"Papua New Guinea","iso3":"PNG","geo_share":0.0034358,"carto_share":0.0010773,"target_share":0.001071},"geometry":{"type":"MultiPolygon","coordinates":[[[[2.29831,-0.20394],[2.29735,-0.19905],[2.29898,-0.19098],[2.29646,-0.1834],[2.29409,-0.18295],[2.29047,-0.17818],[2.2827,-0.1714],[2.28321,-0.16872],[2.28996,-0.17441],[2.2967,-0.18169],[2.30369,-0.19167],[2.304,-0.19547],[2.29831,-0.20394]]],[[[2.28975,-0.19842],[2.2923,-0.19606],[2.29493,-0.19733],[2.29237,-0.20384],[2.28886,-0.20811],[2.28515,-0.20997],[2.28424,-0.21514],[2.27872,-0.21958],[2.27381,-0.22082],[2.267,-0.22731],[2.25319,-0.23538],[2.24147,-0.23878],[2.23906,-0.23698],[2.23402,-0.23901],[2.23027,-0.23756],[2.22363,-0.23761],[2.22484,-0.23455],[2.23745,-0.23051],[2.24095,-0.23066],[2.25032,-0.22771],[2.25278,-0.22613],[2.25708,-0.21954],[2.25497,-0.22526],[2.25691,-0.22596],[2.26705,-0.22145],[2.27232,-0.21581],[2.27625,-0.2124],[2.28159,-0.20949],[2.28452,-0.19973],[2.28582,-0.19774],[2.28975,-0.19842]]],[[[2.13442,-0.3001],[2.15189,-0.26207],[2.15187,-0.26024],[2.15478,-0.2549],[2.15583,-0.20806],[2.15751,-0.20861],[2.16426,-0.21844],[2.16839,-0.22223],[2.17251,-0.22292],[2.1747,-0.22777],[2.17868,-0.2267],[2.18103,-0.23286],[2.18369,-0.23231],[2.1857,-0.23718],[2.1827,-0.24427],[2.18883,-0.24552],[2.19553,-0.24718],[2.20091,-0.24621],[2.20544,-0.24894],[2.20373,-0.25327],[2.20113,-0.25436],[2.19302,-0.25507],[2.19102,-0.25721],[2.19322,-0.26249],[2.19857,-0.26982],[2.20247,-0.27337],[2.20349,-0.27965],[2.20549,-0.28179],[2.20671,-0.28671],[2.21219,-0.28675],[2.21394,-0.28754],[2.21277,-0.29199],[2.21549,-0.29446],[2.22161,-0.29544],[2.21842,-0.29732],[2.21944,-0.30003],[2.22951,-0.30378],[2.2262,-0.30449],[2.22858,-0.30801],[2.2238,-0.31004],[2.22024,-0.30849],[2.21756,-0.30463],[2.20966,-0.3024],[2.20777,-0.30105],[2.20484,-0.30121],[2.19959,-0.29972],[2.19765,-0.29332],[2.19502,-0.28895],[2.19493,-0.28407],[2.19267,-0.28336],[2.18761,-0.27061],[2.18598,-0.2679],[2.18317,-0.26564],[2.17642,-0.26278],[2.17565,-0.26074],[2.17262,-0.26011],[2.16931,-0.26292],[2.16673,-0.26245],[2.16623,-0.26072],[2.1656,-0.26618],[2.16178,-0.26797],[2.16096,-0.27131],[2.1562,-0.27473],[2.1539,-0.27535],[2.15527,-0.27735],[2.15551,-0.2828],[2.15443,-0.28605],[2.14666,-0.29622],[2.14485,-0.29366],[2.13973,-0.29781],[2.1384,-0.29769],[2.13485,-0.30165],[2.13442,-0.3001]]],[[[2.21511,-0.24081],[2.21232,-0.2392],[2.21532,-0.23663],[2.21822,-0.23773],[2.21511,-0.24081]]],[[[2.19009,-0.23446],[2.18826,-0.23518],[2.19175,-0.23124],[2.19009,-0.23446]]],[[[2.30339,-0.17681],[2.3027,-0.17465],[2.30431,-0.17322],[2.30339,-0.17681]]],[[[2.29769,-0.17303],[2.29695,-0.17409],[2.29656,-0.17138],[2.29769,-0.17303]]],[[[2.27338,-0.15079],[2.27094,-0.14876],[2.27358,-0.14731],[2.27338,-0.15079]]],[[[2.23791,-0.29991],[2.24118,-0.2987],[2.23884,-0.30267],[2.2348,-0.30121],[2.23369,-0.2954],[2.23791,-0.29991]]],[[[2.22757,-0.29312],[2.22493,-0.29116],[2.22889,-0.28925],[2.22757,-0.29312]]],[[[2.24699,-0.27537],[2.24598,-0.27477],[2.24869,-0.27253],[2.24699,-0.27537]]],[[[2.28225,-0.31969],[2.27835,-0.3212],[2.27969,-0.31908],[2.28225,-0.31969]]],[[[2.15903,-0.27631],[2.15755,-0.27503],[2.15952,-0.27471],[2.15903,-0.27631]]],[[[2.20081,-0.23876],[2.20457,-0.23598],[2.20402,-0.23873],[2.20081,-0.23876]]],[[[2.23355,-0.16789],[2.23764,-0.16802],[2.23402,-0.1721],[2.2281,-0.17319],[2.2249,-0.17537],[2.22799,-0.16977],[2.23355,-0.16789]]],[[[2.2779,-0.17132],[2.27434,-0.17193],[2.27234,-0.16886],[2.2763,-0.16642],[2.27854,-0.16763],[2.2779,-0.17132]]],[[[2.23574,-0.29079],[2.23594,-0.29457],[2.22864,-0.29455],[2.2302,-0.29055],[2.23574,-0.29079]]],[[[2.27365,-0.27823],[2.27468,-0.28226],[2.27083,-0.28204],[2.26972,-0.27883],[2.27365,-0.27823]]],[[[2.27236,-0.32493],[2.26648,-0.32511],[2.26519,-0.32094],[2.27236,-0.32493]]],[[[2.15809,-0.27995],[2.15626,-0.27727],[2.15756,-0.27734],[2.15809,-0.27995]]],[[[2.242,-0.17293],[2.2414,-0.17251],[2.24239,-0.1711],[2.242,-0.17293]]],[[[2.29611,-0.17117],[2.29689,-0.16862],[2.29722,-0.17051],[2.29611,-0.17117]]],[[[2.23212,-0.30892],[2.23168,-0.31022],[2.23034,-0.3095],[2.23212,-0.30892]]],[[[2.31253,-0.19021],[2.31179,-0.18989],[2.31318,-0.18869],[2.31253,-0.19021]]],[[[2.33836,-0.23196],[2.33455,-0.23476],[2.32944,-0.23244],[2.32859,-0.22589],[2.32355,-0.22091],[2.32422,-0.21225],[2.32899,-0.21501],[2.33264,-0.22331],[2.33695,-0.22697],[2.33836,-0.23196]]],[[[2.32274,-0.21226],[2.32238,-0.20648],[2.32487,-0.20824],[2.32274,-0.21226]]]]}},{"type":"Feature","properties":{"name":"Panama","iso3":"PAN","geo_share":0.0005511,"carto_share":0.0001963,"target_share":0.0001718},"geometry":{"type":"MultiPolygon","coordinates":[[[[-1.0338,-0.04604],[-1.03443,-0.04702],[-1.02749,-0.05355],[-1.02806,-0.05537],[-1.03035,-0.05577],[-1.03326,-0.05316],[-1.03319,-0.05757],[-1.03882,-0.05239],[-1.04557,-0.04561],[-1.0427,-0.04451],[-1.06486,-0.03279],[-1.07132,-0.03124],[-1.07505,-0.03152],[-1.07542,-0.03308],[-1.08056,-0.03345],[-1.08354,-0.03309],[-1.08392,-0.03425],[-1.07686,-0.03902],[-1.07465,-0.04123],[-1.07837,-0.04064],[-1.0796,-0.04165],[-1.08457,-0.04063],[-1.08906,-0.03513],[-1.09114,-0.03361],[-1.09077,-0.03536],[-1.09485,-0.03353],[-1.10037,-0.02875],[-1.10758,-0.02589],[-1.10965,-0.0243],[-1.11656,-0.02166],[-1.11876,-0.02155],[-1.11792,-0.02358],[-1.12152,-0.01999],[-1.12012,-0.01928],[-1.12298,-0.01597],[-1.12228,-0.01483],[-1.12573,-0.01249],[-1.12901,-0.00832],[-1.12834,-0.0076],[-1.12503,-0.00922],[-1.12097,-0.01203],[-1.11577,-0.01715],[-1.11229,-0.01918],[-1.10754,-0.02096],[-1.09901,-0.02553],[-1.09158,-0.02732],[-1.08794,-0.02713],[-1.08228,-0.02762],[-1.0754,-0.02588],[-1.066,-0.02837],[-1.06414,-0.0295],[-1.05657,-0.03178],[-1.04813,-0.03603],[-1.0338,-0.04604]]],[[[-1.0565,-0.0405],[-1.05881,-0.03825],[-1.0567,-0.03886],[-1.0565,-0.0405]]],[[[-1.09522,-0.03717],[-1.0985,-0.0352],[-1.0962,-0.03499],[-1.09522,-0.03717]]],[[[-1.11818,-0.01396],[-1.12009,-0.01248],[-1.11917,-0.01276],[-1.11818,-0.01396]]],[[[-1.05989,-0.03924],[-1.06062,-0.03936],[-1.06084,-0.03865],[-1.05989,-0.03924]]]]}},{"type":"Feature","properties":{"name":"Palau","iso3":"PLW","geo_share":1.6e-06,"carto_share":1.6e-06,"target_share":5e-07},"geometry":{"type":"MultiPolygon","coordinates":[[[[2.04946,-0.07949],[2.04897,-0.07956],[2.04972,-0.07877],[2.04946,-0.07949]]],[[[2.09914,0.02745],[2.0982,0.03065],[2.09998,0.03508],[2.09914,0.02745]]]]}},{"type":"Feature","properties":{"name":"Pakistan","iso3":"PAK","geo_share":0.0065142,"carto_share":0.0033634,"target_share":0.0033669},"geometry":{"type":"Polygon","coordinates":[[[0.86079,0.71108],[0.86539,0.70254],[0.86532,0.7005],[0.86169,0.69604],[0.85588,0.69514],[0.85262,0.69178],[0.84704,0.69508],[0.83842,0.69804],[0.83576,0.69625],[0.83453,0.68894],[0.83581,0.68562],[0.83558,0.68125],[0.83804,0.68011],[0.83606,0.67514],[0.83751,0.6674],[0.83656,0.66088],[0.83976,0.65432],[0.8407,0.64911],[0.84385,0.64835],[0.84441,0.64337],[0.84847,0.64166],[0.85383,0.63715],[0.85332,0.6344],[0.8472,0.6318],[0.84542,0.62779],[0.8475,0.62264],[0.84796,0.61725],[0.85044,0.61356],[0.84724,0.61196],[0.84426,0.60426],[0.84603,0.59938],[0.84523,0.59718],[0.84098,0.59596],[0.84148,0.5881],[0.84095,0.57752],[0.83619,0.57409],[0.8365,0.56658],[0.83557,0.56136],[0.83621,0.55563],[0.82575,0.55474],[0.82409,0.56107],[0.82211,0.56396],[0.82056,0.55957],[0.81952,0.54934],[0.81793,0.54104],[0.81847,0.52991],[0.82112,0.52344],[0.82398,0.52057],[0.82536,0.51684],[0.82727,0.50078],[0.82979,0.49472],[0.83406,0.49198],[0.8352,0.4856],[0.84416,0.46574],[0.846,0.4582],[0.84281,0.45555],[0.83945,0.46178],[0.83191,0.45965],[0.8299,0.46348],[0.82315,0.46682],[0.82395,0.45792],[0.82012,0.45592],[0.81996,0.45252],[0.81794,0.45799],[0.81675,0.45523],[0.81401,0.46712],[0.81228,0.48467],[0.80901,0.48941],[0.8081,0.50024],[0.80542,0.51128],[0.80449,0.50916],[0.80122,0.50854],[0.79947,0.51019],[0.79576,0.51048],[0.79514,0.50689],[0.79221,0.51338],[0.789,0.51602],[0.78859,0.51146],[0.78409,0.51625],[0.78264,0.51241],[0.78018,0.51442],[0.7798,0.5177],[0.78056,0.53864],[0.78056,0.55066],[0.78175,0.55123],[0.78218,0.55478],[0.78524,0.553],[0.78498,0.56236],[0.78404,0.56567],[0.78213,0.56784],[0.78201,0.57228],[0.78093,0.58694],[0.77904,0.59276],[0.77706,0.59698],[0.77589,0.60285],[0.77462,0.6148],[0.77304,0.62441],[0.7795,0.61304],[0.7845,0.61286],[0.78693,0.60957],[0.78893,0.6121],[0.79163,0.61046],[0.79673,0.61306],[0.79737,0.61549],[0.79698,0.61877],[0.79727,0.62892],[0.79792,0.63473],[0.80055,0.64167],[0.80216,0.63927],[0.80429,0.64089],[0.8036,0.64445],[0.80562,0.64696],[0.80629,0.64914],[0.80825,0.64797],[0.80959,0.64344],[0.81144,0.64846],[0.81114,0.65918],[0.81188,0.66403],[0.81241,0.67099],[0.81429,0.67183],[0.816,0.6765],[0.81453,0.68917],[0.81516,0.69226],[0.81681,0.6891],[0.81968,0.68951],[0.81996,0.69651],[0.81943,0.70046],[0.82231,0.71302],[0.82213,0.71825],[0.82127,0.72921],[0.82039,0.7354],[0.82191,0.74493],[0.82239,0.7443],[0.82364,0.75035],[0.82505,0.75184],[0.82927,0.74745],[0.83064,0.7441],[0.83343,0.74766],[0.84093,0.7426],[0.84219,0.73674],[0.84695,0.7346],[0.84923,0.72677],[0.84948,0.71923],[0.85329,0.71375],[0.85776,0.71524],[0.86079,0.71108]]]}},{"type":"Feature","properties":{"name":"Oman","iso3":"OMN","geo_share":0.0023315,"carto_share":0.0007859,"target_share":0.0007268},"geometry":{"type":"MultiPolygon","coordinates":[[[[0.7273,0.32921],[0.73231,0.33894],[0.73161,0.33601],[0.728,0.32914],[0.7273,0.32921]]],[[[0.64417,0.236],[0.64491,0.24049],[0.6443,0.24022],[0.64546,0.24859],[0.6878,0.28478],[0.71826,0.3263],[0.72191,0.33868],[0.72919,0.35676],[0.74196,0.40474],[0.7417,0.42176],[0.74821,0.43025],[0.74584,0.44765],[0.74337,0.49781],[0.74522,0.50573],[0.74865,0.48458],[0.75306,0.50106],[0.75351,0.46122],[0.75349,0.43771],[0.75237,0.42376],[0.75378,0.41846],[0.7534,0.41459],[0.75099,0.4009],[0.74928,0.38855],[0.75057,0.39006],[0.74848,0.38194],[0.74145,0.3617],[0.7356,0.34867],[0.72641,0.32881],[0.72423,0.32624],[0.72478,0.32809],[0.71893,0.31846],[0.71128,0.30551],[0.70854,0.29772],[0.70119,0.29138],[0.69646,0.28634],[0.69324,0.28261],[0.68926,0.27591],[0.68451,0.27099],[0.67442,0.26392],[0.67056,0.25952],[0.67004,0.25754],[0.66637,0.25229],[0.66308,0.25004],[0.66124,0.2498],[0.65634,0.24683],[0.65067,0.24124],[0.64417,0.236]]],[[[0.75116,0.58132],[0.75565,0.58811],[0.75495,0.56928],[0.75363,0.56112],[0.75112,0.56468],[0.75231,0.58054],[0.75116,0.58132]]],[[[0.75265,0.52757],[0.75124,0.52616],[0.75185,0.53444],[0.75265,0.52757]]]]}},{"type":"Feature","properties":{"name":"Norway","iso3":"NOR","geo_share":0.0028395,"carto_share":0.0042381,"target_share":0.0042413},"geometry":{"type":"MultiPolygon","coordinates":[[[[0.38782,1.30165],[0.37769,1.30617],[0.38375,1.30244],[0.38528,1.30053],[0.38072,1.30088],[0.38727,1.2973],[0.38317,1.2982],[0.34636,1.3158],[0.34201,1.31728],[0.34608,1.31303],[0.3431,1.31232],[0.32805,1.31946],[0.31796,1.32167],[0.31635,1.32019],[0.3078,1.32183],[0.31839,1.31565],[0.3189,1.31464],[0.30177,1.31674],[0.30564,1.31381],[0.29865,1.31554],[0.28367,1.32043],[0.28953,1.31617],[0.29251,1.31083],[0.28733,1.30995],[0.27925,1.30999],[0.293,1.30413],[0.29892,1.29957],[0.29616,1.29939],[0.27628,1.30716],[0.25951,1.31154],[0.24979,1.3117],[0.25221,1.31023],[0.24855,1.30969],[0.25894,1.30446],[0.25669,1.30449],[0.26136,1.30061],[0.27148,1.29501],[0.27467,1.28964],[0.29121,1.28193],[0.3026,1.27556],[0.30082,1.2739],[0.28923,1.27858],[0.30612,1.26675],[0.30768,1.2633],[0.30041,1.26512],[0.2934,1.26798],[0.28876,1.26815],[0.29726,1.26184],[0.29796,1.25879],[0.28681,1.26513],[0.28472,1.26659],[0.26103,1.27648],[0.24509,1.28351],[0.23886,1.28446],[0.24258,1.2821],[0.23421,1.28216],[0.22001,1.28411],[0.21105,1.2859],[0.21085,1.28487],[0.18397,1.28324],[0.16741,1.28072],[0.15402,1.2778],[0.134,1.27256],[0.12393,1.27075],[0.12252,1.27175],[0.1153,1.27064],[0.1178,1.27243],[0.11249,1.27194],[0.10018,1.27394],[0.09702,1.27604],[0.09877,1.27945],[0.10807,1.27812],[0.10408,1.28016],[0.10556,1.28288],[0.11524,1.28636],[0.09433,1.28112],[0.09036,1.28182],[0.09316,1.28668],[0.09617,1.28748],[0.10197,1.28701],[0.11129,1.28921],[0.10326,1.28856],[0.10113,1.28928],[0.10917,1.29256],[0.10977,1.29371],[0.11806,1.29588],[0.11828,1.29312],[0.12481,1.29707],[0.11001,1.29497],[0.09657,1.28877],[0.08972,1.28699],[0.0911,1.29178],[0.09492,1.29255],[0.09052,1.29426],[0.09141,1.29717],[0.08771,1.29869],[0.0867,1.30221],[0.10588,1.30334],[0.11536,1.30313],[0.12353,1.30385],[0.13076,1.30213],[0.12972,1.30339],[0.14177,1.30435],[0.1366,1.30558],[0.13515,1.30436],[0.12061,1.30451],[0.09252,1.30302],[0.08677,1.30444],[0.08634,1.30631],[0.09258,1.30695],[0.08486,1.30903],[0.08484,1.31066],[0.09478,1.31114],[0.10598,1.31031],[0.1213,1.31126],[0.10834,1.31099],[0.08905,1.31153],[0.08873,1.3134],[0.09274,1.31345],[0.09603,1.31502],[0.10338,1.31618],[0.10698,1.31566],[0.11953,1.31689],[0.10803,1.31621],[0.11232,1.31809],[0.12048,1.31837],[0.1414,1.31772],[0.13769,1.31853],[0.14903,1.3191],[0.13471,1.31892],[0.12116,1.3189],[0.1257,1.32107],[0.13749,1.32215],[0.14927,1.32179],[0.16245,1.31914],[0.15033,1.32234],[0.15252,1.32324],[0.15955,1.32313],[0.1547,1.32505],[0.16442,1.32544],[0.17597,1.32407],[0.18461,1.32374],[0.19295,1.32104],[0.20161,1.32051],[0.21243,1.31881],[0.21011,1.32048],[0.22518,1.31919],[0.21924,1.32104],[0.22128,1.32178],[0.21244,1.32238],[0.21424,1.32093],[0.20082,1.32142],[0.19075,1.32228],[0.18175,1.32532],[0.20063,1.32773],[0.20808,1.32784],[0.2209,1.3269],[0.21544,1.32792],[0.21845,1.32893],[0.23268,1.32769],[0.24203,1.32504],[0.25,1.32479],[0.24122,1.32592],[0.23126,1.32867],[0.23243,1.3304],[0.24223,1.33096],[0.24723,1.32984],[0.24037,1.33234],[0.2609,1.32788],[0.26693,1.32718],[0.2471,1.33174],[0.24452,1.33366],[0.24626,1.33467],[0.25447,1.33383],[0.26225,1.33187],[0.25437,1.33459],[0.26317,1.33385],[0.29332,1.32564],[0.26955,1.33338],[0.27894,1.33263],[0.29188,1.32765],[0.29647,1.32661],[0.28834,1.3295],[0.28518,1.33207],[0.27406,1.33471],[0.27346,1.33577],[0.27781,1.33555],[0.28605,1.33287],[0.29009,1.33208],[0.28289,1.33485],[0.29689,1.33162],[0.30601,1.32598],[0.30693,1.3272],[0.30016,1.33091],[0.30396,1.3304],[0.31491,1.32632],[0.32962,1.32136],[0.30764,1.32968],[0.3077,1.3308],[0.3176,1.32782],[0.3223,1.32689],[0.32614,1.32769],[0.33407,1.32514],[0.33202,1.32709],[0.33515,1.32696],[0.34391,1.32256],[0.34939,1.32049],[0.34238,1.32394],[0.34869,1.32236],[0.35103,1.32275],[0.36118,1.31891],[0.36337,1.31544],[0.36698,1.31721],[0.37335,1.31442],[0.37488,1.31134],[0.37226,1.31113],[0.379,1.30954],[0.37744,1.31294],[0.38812,1.30796],[0.39189,1.30708],[0.40386,1.29989],[0.39833,1.30441],[0.38799,1.31039],[0.39606,1.30661],[0.41132,1.30021],[0.41693,1.29689],[0.42144,1.29309],[0.42688,1.28937],[0.4258,1.29184],[0.42901,1.29126],[0.43476,1.28879],[0.43874,1.28824],[0.43434,1.29155],[0.44088,1.28928],[0.4518,1.28197],[0.45387,1.28128],[0.46043,1.27698],[0.45604,1.27725],[0.45578,1.27479],[0.45825,1.27248],[0.46315,1.27054],[0.46254,1.27174],[0.47228,1.27025],[0.47697,1.26684],[0.47668,1.2656],[0.48097,1.26085],[0.48635,1.25817],[0.48616,1.26011],[0.49109,1.25747],[0.48403,1.26305],[0.48793,1.26154],[0.50236,1.25089],[0.50368,1.24797],[0.50931,1.24088],[0.51037,1.24169],[0.50906,1.24453],[0.51093,1.24395],[0.5151,1.24085],[0.52901,1.22855],[0.53185,1.22668],[0.53657,1.22164],[0.54211,1.21684],[0.54824,1.21073],[0.55047,1.20796],[0.5399,1.21589],[0.5216,1.23083],[0.52278,1.22958],[0.5371,1.2175],[0.54081,1.2132],[0.54392,1.21028],[0.54874,1.20628],[0.54756,1.20785],[0.55723,1.19905],[0.56084,1.19446],[0.5515,1.20322],[0.55205,1.20147],[0.54475,1.20716],[0.54481,1.20609],[0.54202,1.20789],[0.53789,1.21196],[0.5412,1.21102],[0.53498,1.21728],[0.52064,1.22931],[0.50825,1.23995],[0.5036,1.24302],[0.49743,1.24613],[0.48732,1.25283],[0.48231,1.25392],[0.48404,1.24936],[0.48749,1.24525],[0.48251,1.24737],[0.47908,1.24732],[0.45571,1.26334],[0.44788,1.26666],[0.42864,1.27817],[0.42438,1.28165],[0.40489,1.29521],[0.39775,1.29876],[0.39455,1.29965],[0.3967,1.29746],[0.38782,1.30165]]],[[[0.08575,1.30269],[0.08294,1.30265],[0.08487,1.30388],[0.08575,1.30269]]],[[[0.0889,1.29294],[0.08623,1.29388],[0.08689,1.29586],[0.0889,1.29294]]],[[[0.54289,1.21137],[0.54166,1.21323],[0.54588,1.20927],[0.54289,1.21137]]],[[[0.22384,1.33218],[0.22106,1.33322],[0.22559,1.33242],[0.22384,1.33218]]],[[[0.15183,1.3263],[0.16097,1.32658],[0.16297,1.32595],[0.15183,1.3263]]],[[[0.14864,1.32377],[0.14194,1.3245],[0.1477,1.3248],[0.14864,1.32377]]],[[[0.41574,1.29956],[0.40363,1.30497],[0.39538,1.30981],[0.41246,1.30202],[0.4187,1.2998],[0.41574,1.29956]]],[[[0.45349,1.28314],[0.46013,1.279],[0.4648,1.27543],[0.45575,1.28056],[0.45018,1.28427],[0.45349,1.28314]]],[[[0.42782,1.29237],[0.42126,1.2945],[0.41522,1.29876],[0.42417,1.29542],[0.42782,1.29237]]],[[[0.43037,1.29148],[0.42665,1.29398],[0.4267,1.29504],[0.43329,1.29083],[0.43037,1.29148]]],[[[0.25552,1.34284],[0.24997,1.34309],[0.23939,1.34441],[0.23839,1.34513],[0.2444,1.34501],[0.25552,1.34284]]],[[[0.23201,1.34464],[0.23385,1.34548],[0.23693,1.34461],[0.23201,1.34464]]],[[[0.27951,1.34039],[0.27689,1.34003],[0.26231,1.34363],[0.2589,1.34483],[0.26199,1.3448],[0.26719,1.34347],[0.27206,1.34363],[0.27951,1.34039]]],[[[0.3648,1.31977],[0.3594,1.32164],[0.35413,1.32494],[0.3648,1.31977]]],[[[0.37857,1.31366],[0.37086,1.31742],[0.37816,1.3146],[0.37857,1.31366]]],[[[0.34918,1.3256],[0.35673,1.32201],[0.3491,1.32393],[0.3443,1.32421],[0.3342,1.32772],[0.33367,1.32948],[0.34014,1.32719],[0.33942,1.32818],[0.34677,1.32766],[0.34918,1.3256]]],[[[0.23553,1.33203],[0.23572,1.33266],[0.24017,1.33179],[0.23553,1.33203]]],[[[0.2305,1.33388],[0.23259,1.33445],[0.23585,1.33309],[0.2305,1.33388]]],[[[0.21219,1.32899],[0.20429,1.33017],[0.21031,1.3302],[0.21219,1.32899]]],[[[0.32376,1.33168],[0.33134,1.32782],[0.33047,1.32679],[0.32067,1.33032],[0.31517,1.33106],[0.30727,1.33403],[0.31014,1.33353],[0.30902,1.33535],[0.31645,1.333],[0.31319,1.33488],[0.32376,1.33168]]],[[[0.29131,1.33621],[0.2986,1.33548],[0.30473,1.33185],[0.29337,1.33386],[0.28365,1.33626],[0.27267,1.3392],[0.26708,1.3399],[0.25934,1.34165],[0.26493,1.34165],[0.27531,1.33936],[0.28096,1.33895],[0.28245,1.34016],[0.27966,1.34194],[0.28665,1.34151],[0.29158,1.33977],[0.28663,1.33996],[0.29131,1.33621]]],[[[-0.16252,1.34987],[-0.15033,1.35404],[-0.14402,1.35565],[-0.14468,1.35471],[-0.16252,1.34987]]],[[[0.31555,1.35982],[0.30959,1.36225],[0.31596,1.36049],[0.31555,1.35982]]],[[[0.40482,1.3485],[0.40075,1.35053],[0.40186,1.35051],[0.40814,1.34736],[0.40482,1.3485]]],[[[0.46638,1.32698],[0.45435,1.33281],[0.47534,1.32305],[0.47755,1.32173],[0.46638,1.32698]]],[[[0.33764,1.37308],[0.34372,1.36936],[0.35417,1.36592],[0.36173,1.36275],[0.35767,1.36343],[0.36688,1.35955],[0.37488,1.35671],[0.38533,1.35203],[0.37484,1.35555],[0.37164,1.35596],[0.36552,1.3576],[0.36126,1.35916],[0.35741,1.35997],[0.35133,1.36229],[0.35084,1.36303],[0.35465,1.36226],[0.3473,1.36474],[0.32868,1.3704],[0.32513,1.37212],[0.33001,1.37085],[0.33538,1.37063],[0.32784,1.37343],[0.31537,1.37874],[0.31176,1.38069],[0.32829,1.37616],[0.33764,1.37308]]],[[[0.31277,1.38829],[0.32098,1.38597],[0.32363,1.38483],[0.33314,1.38144],[0.3347,1.38156],[0.33374,1.38276],[0.34163,1.38051],[0.34641,1.37871],[0.34473,1.37826],[0.353,1.37552],[0.36094,1.37337],[0.36484,1.37167],[0.3782,1.3664],[0.38356,1.36406],[0.39738,1.35845],[0.40172,1.35622],[0.40326,1.35492],[0.38916,1.35938],[0.3854,1.35989],[0.37888,1.36212],[0.37315,1.36442],[0.36259,1.36752],[0.34694,1.37317],[0.34323,1.37488],[0.34532,1.37457],[0.33095,1.3791],[0.31478,1.38402],[0.30323,1.38767],[0.29595,1.39008],[0.30799,1.387],[0.31185,1.38645],[0.30178,1.38935],[0.29119,1.39193],[0.28084,1.39471],[0.27286,1.39731],[0.28166,1.39565],[0.27371,1.39765],[0.26676,1.39956],[0.27985,1.39674],[0.28864,1.39422],[0.29134,1.39372],[0.28575,1.39556],[0.28753,1.39535],[0.29425,1.39323],[0.29122,1.39498],[0.30252,1.39177],[0.31277,1.38829]]],[[[0.24987,1.402],[0.2525,1.40171],[0.26244,1.39943],[0.26911,1.39723],[0.2656,1.39725],[0.26592,1.39653],[0.27451,1.39553],[0.2824,1.39311],[0.28237,1.39211],[0.28914,1.3899],[0.29923,1.38719],[0.30184,1.38606],[0.30545,1.38548],[0.3151,1.38234],[0.31141,1.38303],[0.32643,1.37743],[0.32224,1.37839],[0.30215,1.38392],[0.29278,1.38502],[0.29303,1.38384],[0.28463,1.38575],[0.28515,1.38397],[0.28382,1.38353],[0.27774,1.38489],[0.27455,1.38516],[0.26847,1.38484],[0.27049,1.384],[0.26662,1.38413],[0.26885,1.38291],[0.26302,1.3838],[0.242,1.38956],[0.23425,1.39189],[0.22349,1.39419],[0.21493,1.39665],[0.21561,1.39712],[0.22568,1.39543],[0.2287,1.39573],[0.24904,1.39254],[0.26271,1.3898],[0.25916,1.39112],[0.24637,1.39336],[0.23855,1.39493],[0.22341,1.39694],[0.21525,1.39816],[0.21028,1.39923],[0.208,1.40034],[0.23895,1.39655],[0.23803,1.39705],[0.24573,1.39588],[0.25589,1.39387],[0.24991,1.39579],[0.25464,1.3956],[0.25059,1.39636],[0.24188,1.39725],[0.23368,1.39859],[0.23087,1.39967],[0.23118,1.40039],[0.22502,1.40073],[0.21835,1.40187],[0.21837,1.40105],[0.22182,1.4002],[0.21403,1.40065],[0.19887,1.40244],[0.19075,1.40404],[0.1838,1.40573],[0.17601,1.40702],[0.1771,1.40742],[0.16924,1.40864],[0.17198,1.40853],[0.18335,1.40712],[0.1769,1.40879],[0.17957,1.40903],[0.17185,1.40979],[0.17256,1.40941],[0.16648,1.40962],[0.15868,1.41182],[0.15752,1.41275],[0.1601,1.4128],[0.17264,1.41189],[0.18177,1.41065],[0.18144,1.41109],[0.18884,1.41022],[0.20317,1.40895],[0.20486,1.40816],[0.19345,1.40937],[0.18622,1.40963],[0.19641,1.40864],[0.19931,1.40785],[0.20862,1.40611],[0.20923,1.40707],[0.21703,1.40688],[0.22427,1.40533],[0.23479,1.4018],[0.2456,1.39878],[0.24447,1.39957],[0.23711,1.40263],[0.23568,1.40356],[0.23939,1.40375],[0.23891,1.40432],[0.24546,1.40324],[0.24987,1.402]]],[[[0.16851,1.40696],[0.17743,1.40566],[0.18245,1.40426],[0.18009,1.40447],[0.17043,1.40634],[0.16651,1.4068],[0.15847,1.40872],[0.15713,1.40945],[0.16331,1.40871],[0.16851,1.40696]]],[[[0.27886,1.39741],[0.27576,1.39792],[0.27,1.39942],[0.27173,1.3993],[0.27886,1.39741]]],[[[0.44064,1.33383],[0.43625,1.33564],[0.42586,1.34056],[0.41846,1.34368],[0.42439,1.34157],[0.44064,1.33383]]]]}},{"type":"Feature","properties":{"name":"North Korea","iso3":"PRK","geo_share":0.0009072,"carto_share":0.0003137,"target_share":0.0002828},"geometry":{"type":"MultiPolygon","coordinates":[[[[1.64501,0.97273],[1.63513,0.96134],[1.61173,0.94491],[1.60751,0.93818],[1.59584,0.90842],[1.59445,0.89814],[1.5912,0.90026],[1.58707,0.88598],[1.58768,0.89997],[1.58167,0.88014],[1.58323,0.88865],[1.58334,0.89234],[1.58637,0.90016],[1.58483,0.89937],[1.58716,0.90468],[1.5924,0.91701],[1.59556,0.92373],[1.59704,0.92778],[1.60348,0.93974],[1.60476,0.94221],[1.59974,0.93697],[1.59769,0.93367],[1.59486,0.93429],[1.59529,0.93573],[1.60186,0.94407],[1.60768,0.94972],[1.61062,0.95356],[1.61307,0.95563],[1.6174,0.96263],[1.61767,0.96664],[1.62022,0.97051],[1.62339,0.96899],[1.63239,0.97746],[1.63492,0.98126],[1.63272,0.98313],[1.64306,0.99331],[1.64633,0.99806],[1.6479,1.00168],[1.65229,1.00609],[1.65436,1.01595],[1.65865,1.01726],[1.65851,1.01492],[1.66102,1.0143],[1.66229,1.01298],[1.65957,1.01074],[1.65456,1.00412],[1.6505,0.99844],[1.65082,0.99389],[1.64591,0.98926],[1.64319,0.9857],[1.6373,0.97922],[1.63216,0.97285],[1.62779,0.96807],[1.62364,0.96323],[1.6235,0.96252],[1.62163,0.9603],[1.62759,0.96552],[1.64501,0.97273]]],[[[1.60021,0.93646],[1.59972,0.9359],[1.60079,0.93758],[1.60021,0.93646]]]]}},{"type":"Feature","properties":{"name":"Nigeria","iso3":"NGA","geo_share":0.0067918,"carto_share":0.0021161,"target_share":0.0021171},"geometry":{"type":"MultiPolygon","coordinates":[[[[0.20206,0.02691],[0.19997,0.0268],[0.2007,0.02868],[0.20206,0.02691]]],[[[0.24119,0.1],[0.24687,0.09447],[0.24935,0.08833],[0.25275,0.08746],[0.25414,0.08573],[0.25456,0.08019],[0.24863,0.0774],[0.24626,0.07283],[0.24611,0.06898],[0.24502,0.06788],[0.24538,0.06338],[0.24329,0.06262],[0.24367,0.0577],[0.2423,0.05552],[0.24065,0.05554],[0.24002,0.05281],[0.24037,0.04646],[0.23918,0.04381],[0.24071,0.04203],[0.23894,0.04036],[0.23949,0.03845],[0.23679,0.03679],[0.23444,0.03975],[0.22852,0.04441],[0.22801,0.04304],[0.22512,0.04375],[0.22401,0.04489],[0.22123,0.04361],[0.22101,0.04179],[0.21692,0.03873],[0.21663,0.03708],[0.21816,0.03211],[0.21768,0.0282],[0.21249,0.03108],[0.21527,0.02647],[0.20856,0.02741],[0.20137,0.0289],[0.19979,0.0286],[0.19822,0.02702],[0.18599,0.02573],[0.17932,0.03103],[0.17624,0.03762],[0.17586,0.04096],[0.16556,0.04893],[0.15654,0.05334],[0.15068,0.05464],[0.13853,0.05576],[0.14295,0.05699],[0.13704,0.05699],[0.13568,0.05586],[0.12385,0.05633],[0.12445,0.05942],[0.12321,0.06144],[0.12345,0.06397],[0.12213,0.06671],[0.12218,0.07361],[0.12596,0.07366],[0.12667,0.07589],[0.12874,0.07785],[0.13167,0.07851],[0.13131,0.08086],[0.13412,0.08293],[0.13176,0.08617],[0.1283,0.08845],[0.1292,0.09045],[0.12857,0.09623],[0.13195,0.09782],[0.13323,0.09975],[0.13335,0.10261],[0.1364,0.10384],[0.14113,0.10443],[0.14622,0.10416],[0.14905,0.10488],[0.16031,0.10237],[0.16628,0.09843],[0.16953,0.09746],[0.17755,0.09953],[0.18124,0.09898],[0.18966,0.09561],[0.19503,0.09463],[0.19975,0.09429],[0.20261,0.09667],[0.2052,0.09761],[0.21357,0.09804],[0.21853,0.09769],[0.22504,0.09611],[0.22659,0.0952],[0.23023,0.09509],[0.23184,0.09699],[0.2383,0.09975],[0.24119,0.1]]]]}},{"type":"Feature","properties":{"name":"Niger","iso3":"NER","geo_share":0.0088221,"carto_share":0.0027488,"target_share":0.00275},"geometry":{"type":"Polygon","coordinates":[[[0.24119,0.1],[0.2383,0.09975],[0.23184,0.09699],[0.23023,0.09509],[0.22659,0.0952],[0.22504,0.09611],[0.21853,0.09769],[0.21357,0.09804],[0.2052,0.09761],[0.20261,0.09667],[0.19975,0.09429],[0.19503,0.09463],[0.18966,0.09561],[0.18124,0.09898],[0.17755,0.09953],[0.16953,0.09746],[0.16628,0.09843],[0.16031,0.10237],[0.14905,0.10488],[0.14622,0.10416],[0.14113,0.10443],[0.1364,0.10384],[0.13335,0.10261],[0.13323,0.09975],[0.13195,0.09782],[0.12857,0.09623],[0.1292,0.09045],[0.11914,0.09549],[0.11287,0.0947],[0.11355,0.09244],[0.10932,0.09521],[0.1108,0.0965],[0.10859,0.09835],[0.10514,0.09775],[0.10229,0.098],[0.09465,0.10118],[0.09434,0.10356],[0.09699,0.10341],[0.09403,0.10495],[0.08943,0.10623],[0.08578,0.10962],[0.08601,0.11041],[0.08309,0.11243],[0.08329,0.11551],[0.08338,0.1159],[0.09222,0.11568],[0.09601,0.11761],[0.11658,0.11715],[0.11718,0.11775],[0.12266,0.11698],[0.12269,0.11791],[0.12662,0.11973],[0.12872,0.12409],[0.12923,0.12877],[0.1264,0.1446],[0.14436,0.14621],[0.14537,0.14652],[0.16362,0.15644],[0.21497,0.17695],[0.23273,0.17574],[0.24144,0.17239],[0.24992,0.17595],[0.25216,0.16813],[0.25232,0.16506],[0.25711,0.16104],[0.25692,0.15927],[0.26097,0.15618],[0.25873,0.15276],[0.25739,0.1278],[0.24668,0.11757],[0.24162,0.1108],[0.23858,0.1058],[0.24119,0.1]]]}},{"type":"Feature","properties":{"name":"Nicaragua","iso3":"NIC","geo_share":0.000962,"carto_share":0.0002988,"target_share":0.0002999},"geometry":{"type":"Polygon","coordinates":[[[-1.15169,0.0647],[-1.15512,0.06266],[-1.15471,0.05821],[-1.15855,0.0551],[-1.16052,0.04849],[-1.15684,0.03675],[-1.15874,0.04054],[-1.16032,0.03901],[-1.15811,0.03552],[-1.15722,0.03182],[-1.15813,0.03005],[-1.15495,0.02591],[-1.15533,0.022],[-1.15049,0.0155],[-1.15103,0.01396],[-1.15452,0.0161],[-1.15743,0.01954],[-1.16033,0.02178],[-1.16105,0.02105],[-1.1677,0.02656],[-1.16808,0.0253],[-1.17142,0.02984],[-1.17874,0.03745],[-1.18367,0.04408],[-1.19887,0.05674],[-1.19764,0.05766],[-1.19449,0.05613],[-1.19104,0.05507],[-1.19061,0.05676],[-1.18875,0.05671],[-1.19118,0.06063],[-1.18692,0.05918],[-1.18478,0.06032],[-1.18184,0.0581],[-1.17686,0.06037],[-1.1767,0.06162],[-1.17356,0.06324],[-1.17058,0.06159],[-1.16309,0.06252],[-1.15587,0.06463],[-1.15169,0.0647]]]}},{"type":"Feature","properties":{"name":"New Zealand","iso3":"NZL","geo_share":0.0019874,"carto_share":0.0006613,"target_share":0.0006195},"geometry":{"type":"MultiPolygon","coordinates":[[[[2.25119,-0.81255],[2.25233,-0.81238],[2.26393,-0.80762],[2.27223,-0.80629],[2.26451,-0.80989],[2.26948,-0.80843],[2.26006,-0.81222],[2.25737,-0.81517],[2.24716,-0.81946],[2.24465,-0.82088],[2.23807,-0.82402],[2.22798,-0.82971],[2.22237,-0.83215],[2.21721,-0.83513],[2.21386,-0.83799],[2.21587,-0.83814],[2.21276,-0.84044],[2.21034,-0.84028],[2.20303,-0.84228],[2.19366,-0.84582],[2.19085,-0.84652],[2.18182,-0.85122],[2.1737,-0.85592],[2.16842,-0.85873],[2.15978,-0.86357],[2.15816,-0.8653],[2.15424,-0.8662],[2.14216,-0.87299],[2.13677,-0.87472],[2.13478,-0.87448],[2.13078,-0.87581],[2.13245,-0.87312],[2.12899,-0.87381],[2.13,-0.87212],[2.12571,-0.87317],[2.11851,-0.87351],[2.12514,-0.87047],[2.12029,-0.87167],[2.12379,-0.86993],[2.11955,-0.87085],[2.12236,-0.86923],[2.12969,-0.86816],[2.12764,-0.86809],[2.132,-0.86672],[2.12901,-0.86681],[2.13383,-0.86496],[2.13502,-0.86577],[2.13713,-0.86484],[2.137,-0.8635],[2.15111,-0.85797],[2.16062,-0.85303],[2.16594,-0.8514],[2.1781,-0.84596],[2.18296,-0.8442],[2.1851,-0.84294],[2.19822,-0.83718],[2.20319,-0.83543],[2.21011,-0.83234],[2.21699,-0.82839],[2.22841,-0.82111],[2.23397,-0.81888],[2.23857,-0.81631],[2.24605,-0.81056],[2.24984,-0.80831],[2.2577,-0.80387],[2.25502,-0.80746],[2.25633,-0.80791],[2.25119,-0.81255]]],[[[2.2694,-0.8053],[2.26929,-0.80461],[2.27362,-0.80285],[2.2694,-0.8053]]],[[[2.12622,-0.86838],[2.12432,-0.86813],[2.1274,-0.86738],[2.12622,-0.86838]]],[[[2.13591,-0.86393],[2.13502,-0.86491],[2.13439,-0.86441],[2.13591,-0.86393]]],[[[2.1213,-0.88387],[2.10902,-0.88873],[2.11902,-0.88207],[2.12269,-0.87874],[2.12471,-0.87822],[2.1213,-0.88387]]],[[[2.34481,-0.74382],[2.34402,-0.74223],[2.34637,-0.73985],[2.34481,-0.74382]]],[[[2.33806,-0.72532],[2.33984,-0.72443],[2.34367,-0.72721],[2.34243,-0.72965],[2.34461,-0.72855],[2.34316,-0.73343],[2.34157,-0.73644],[2.34027,-0.73642],[2.33896,-0.74417],[2.33674,-0.74891],[2.33441,-0.75252],[2.3369,-0.75417],[2.33577,-0.75707],[2.33677,-0.75684],[2.34242,-0.74611],[2.34126,-0.75297],[2.33667,-0.7609],[2.33945,-0.7631],[2.34348,-0.76352],[2.35829,-0.7586],[2.36218,-0.75854],[2.36415,-0.75991],[2.35724,-0.76298],[2.34718,-0.7682],[2.3419,-0.76929],[2.336,-0.77411],[2.33616,-0.77282],[2.33308,-0.77272],[2.32942,-0.77436],[2.32555,-0.77672],[2.32263,-0.77966],[2.32311,-0.78021],[2.31469,-0.78659],[2.30471,-0.79421],[2.29226,-0.80369],[2.27535,-0.81165],[2.27716,-0.80931],[2.27278,-0.81025],[2.27563,-0.80818],[2.27153,-0.80904],[2.29325,-0.7974],[2.29983,-0.79226],[2.3026,-0.78867],[2.30014,-0.78816],[2.30017,-0.78672],[2.29725,-0.78602],[2.298,-0.78415],[2.30149,-0.78219],[2.30934,-0.77956],[2.3134,-0.77723],[2.32157,-0.77033],[2.32809,-0.7649],[2.33153,-0.75641],[2.33161,-0.75791],[2.33389,-0.75591],[2.33403,-0.754],[2.33199,-0.75422],[2.33344,-0.74754],[2.33408,-0.74912],[2.33672,-0.74344],[2.33573,-0.74369],[2.33507,-0.74034],[2.33452,-0.74497],[2.33409,-0.74275],[2.33492,-0.72875],[2.33698,-0.7259],[2.33715,-0.71659],[2.34086,-0.71601],[2.33901,-0.71803],[2.33806,-0.72532]]],[[[2.04115,-0.97562],[2.03934,-0.97678],[2.03938,-0.97559],[2.04115,-0.97562]]],[[[2.03427,-0.94896],[2.03177,-0.94759],[2.03754,-0.94394],[2.03917,-0.94427],[2.03427,-0.94896]]],[[[-2.2691,-0.86801],[-2.26972,-0.87],[-2.26619,-0.87289],[-2.26865,-0.87379],[-2.271,-0.87053],[-2.27641,-0.86928],[-2.27447,-0.86762],[-2.2691,-0.86801]]],[[[-2.26008,-0.87743],[-2.26175,-0.87592],[-2.25983,-0.87644],[-2.26008,-0.87743]]],[[[-2.5803,-0.21628],[-2.58066,-0.21557],[-2.58045,-0.21573],[-2.5803,-0.21628]]],[[[-2.55754,-0.2325],[-2.55787,-0.232],[-2.55769,-0.23212],[-2.55754,-0.2325]]]]}},{"type":"Feature","properties":{"name":"Niue","iso3":"NIU","geo_share":7e-07,"carto_share":7e-07,"target_share":2e-07},"geometry":{"type":"Polygon","coordinates":[[[-2.47828,-0.42312],[-2.48051,-0.42286],[-2.47964,-0.42086],[-2.47828,-0.42312]]]}},{"type":"Feature","properties":{"name":"Cook Is.","iso3":"COK","geo_share":2e-07,"carto_share":2e-07,"target_share":1e-07},"geometry":{"type":"Polygon","coordinates":[[[-2.30969,-0.4688],[-2.31126,-0.46856],[-2.31058,-0.46764],[-2.30969,-0.4688]]]}},{"type":"Feature","properties":{"name":"Netherlands","iso3":"NLD","geo_share":0.0002728,"carto_share":0.0108282,"target_share":0.0108318},"geometry":{"type":"MultiPolygon","coordinates":[[[[0.13258,0.85349],[0.11406,0.85712],[0.12963,0.8897],[0.10906,0.90487],[0.08577,0.91165],[0.08214,0.92798],[0.06963,0.92085],[0.0519,0.93126],[0.03794,0.91985],[0.01967,0.92557],[0.00904,0.94605],[0.03545,0.95437],[0.02703,0.98741],[0.03361,1.01553],[0.04976,1.05975],[0.05863,1.12644],[0.08551,1.1523],[0.09218,1.16831],[0.1158,1.17387],[0.15483,1.15985],[0.18342,1.13284],[0.19401,1.10224],[0.19466,1.06266],[0.17994,1.06629],[0.18311,1.04687],[0.19913,1.03473],[0.19781,1.01445],[0.18671,1.00201],[0.18589,0.98088],[0.16535,0.97016],[0.15421,0.97734],[0.14156,0.96433],[0.1562,0.93327],[0.14813,0.89548],[0.13164,0.87598],[0.13258,0.85349]]],[[[0.03794,0.91985],[0.02276,0.89557],[0.00393,0.92154],[0.03794,0.91985]]],[[[0.12681,1.17783],[0.12066,1.17769],[0.119,1.17954],[0.12681,1.17783]]],[[[0.1084,1.18046],[0.09975,1.18146],[0.09623,1.18416],[0.1084,1.18046]]],[[[0.07613,1.17506],[0.06984,1.16961],[0.07354,1.17556],[0.07613,1.17506]]],[[[0.08382,1.18036],[0.07912,1.18151],[0.09351,1.18256],[0.08382,1.18036]]],[[[0.0673,1.15419],[0.06161,1.15175],[0.06823,1.1651],[0.0673,1.15419]]],[[[0.02639,0.97597],[0.02567,0.9586],[0.01853,0.97545],[0.02639,0.97597]]],[[[0.14443,1.17455],[0.1403,1.17801],[0.14587,1.17627],[0.14443,1.17455]]],[[[-0.94305,-0.01179],[-0.94357,-0.00495],[-0.94223,-0.00654],[-0.94305,-0.01179]]],[[[-0.85733,0.13252],[-0.85777,0.13207],[-0.85801,0.13304],[-0.85733,0.13252]]],[[[-0.86105,0.13443],[-0.86077,0.13489],[-0.86065,0.13457],[-0.86105,0.13443]]]]}},{"type":"Feature","properties":{"name":"Aruba","iso3":"ABW","geo_share":7e-07,"carto_share":6e-07,"target_share":2e-07},"geometry":{"type":"Polygon","coordinates":[[[-0.95752,-0.00358],[-0.959,-0.00041],[-0.95868,0.00136],[-0.95752,-0.00358]]]}},{"type":"Feature","properties":{"name":"Curaçao","iso3":"CUW","geo_share":1.5e-06,"carto_share":1.2e-06,"target_share":5e-07},"geometry":{"type":"Polygon","coordinates":[[[-0.94833,-0.01233],[-0.95109,-0.0063],[-0.94835,-0.00943],[-0.94833,-0.01233]]]}},{"type":"Feature","properties":{"name":"Nepal","iso3":"NPL","geo_share":0.0010964,"carto_share":0.0003614,"target_share":0.0003418},"geometry":{"type":"Polygon","coordinates":[[[1.08698,0.50118],[1.08808,0.50006],[1.08622,0.4952],[1.09156,0.49288],[1.09043,0.4893],[1.07909,0.48839],[1.075,0.49087],[1.07214,0.48967],[1.06799,0.49155],[1.0607,0.49298],[1.05722,0.49499],[1.05445,0.4947],[1.04362,0.49995],[1.03964,0.50307],[1.02991,0.50809],[1.02761,0.50806],[1.02168,0.51105],[1.02072,0.51051],[1.01275,0.51495],[1.01068,0.51722],[1.00817,0.51815],[1.0009,0.52321],[0.99981,0.52309],[0.99152,0.52891],[0.98899,0.53135],[0.98013,0.53663],[0.97926,0.53627],[0.97354,0.53934],[0.9714,0.54545],[0.96972,0.55107],[0.97111,0.55404],[0.97239,0.55326],[0.97578,0.55035],[0.97476,0.55538],[0.97672,0.55557],[0.98115,0.55283],[0.98358,0.5474],[0.99289,0.53836],[0.99646,0.53653],[1.00471,0.52911],[1.00813,0.52932],[1.0108,0.52796],[1.01532,0.52302],[1.02533,0.51686],[1.03208,0.51503],[1.03457,0.51135],[1.04387,0.50844],[1.05209,0.50304],[1.05233,0.50434],[1.05906,0.50159],[1.05988,0.50303],[1.07061,0.49947],[1.07899,0.49961],[1.08698,0.50118]]]}},{"type":"Feature","properties":{"name":"Nauru","iso3":"NRU","geo_share":1e-07,"carto_share":1e-07,"target_share":0.0},"geometry":{"type":"Polygon","coordinates":[[[2.5282,-0.08169],[2.5275,-0.08237],[2.5276,-0.0814],[2.5282,-0.08169]]]}},{"type":"Feature","properties":{"name":"Namibia","iso3":"NAM","geo_share":0.0061421,"carto_share":0.0019138,"target_share":0.0019146},"geometry":{"type":"Polygon","coordinates":[[[0.33301,-0.33283],[0.33856,-0.32983],[0.34247,-0.3302],[0.34412,-0.33358],[0.34194,-0.33426],[0.33934,-0.33793],[0.3384,-0.33697],[0.33311,-0.34448],[0.33199,-0.33848],[0.33084,-0.33838],[0.3242,-0.3419],[0.31806,-0.34434],[0.31368,-0.39747],[0.31359,-0.39803],[0.30815,-0.39852],[0.30425,-0.43974],[0.29826,-0.49532],[0.29648,-0.49619],[0.29402,-0.50054],[0.29321,-0.50313],[0.29164,-0.50205],[0.28781,-0.5023],[0.28438,-0.49975],[0.28471,-0.49411],[0.28335,-0.48932],[0.2825,-0.49001],[0.28022,-0.49638],[0.27688,-0.50011],[0.27248,-0.49153],[0.27097,-0.48366],[0.27137,-0.47488],[0.27254,-0.47183],[0.27145,-0.4683],[0.27226,-0.45986],[0.27445,-0.44927],[0.27314,-0.43691],[0.27556,-0.42138],[0.27569,-0.416],[0.2777,-0.41098],[0.27709,-0.40225],[0.27473,-0.39586],[0.27417,-0.39137],[0.27162,-0.3835],[0.2705,-0.37281],[0.26954,-0.37068],[0.26567,-0.35569],[0.26203,-0.35105],[0.25914,-0.34458],[0.26046,-0.33524],[0.26417,-0.33382],[0.26964,-0.33368],[0.27434,-0.32999],[0.27629,-0.33022],[0.27919,-0.33478],[0.30486,-0.33264],[0.30625,-0.33682],[0.30809,-0.33826],[0.31537,-0.33846],[0.31719,-0.34015],[0.31937,-0.33898],[0.32105,-0.33943],[0.33301,-0.33283]]]}},{"type":"Feature","properties":{"name":"Mozambique","iso3":"MOZ","geo_share":0.00589,"carto_share":0.0018393,"target_share":0.001836},"geometry":{"type":"Polygon","coordinates":[[[0.37635,-0.39597],[0.37722,-0.39454],[0.3829,-0.38084],[0.38382,-0.37118],[0.38498,-0.3679],[0.38753,-0.35686],[0.38738,-0.34921],[0.38842,-0.34453],[0.38794,-0.34318],[0.39105,-0.33292],[0.3915,-0.32895],[0.39326,-0.31729],[0.39327,-0.31247],[0.39394,-0.31011],[0.38996,-0.3074],[0.38813,-0.30744],[0.38682,-0.30481],[0.38425,-0.30266],[0.3793,-0.30294],[0.37936,-0.2982],[0.37877,-0.28948],[0.38157,-0.28696],[0.38822,-0.28211],[0.39811,-0.2748],[0.40055,-0.28211],[0.40551,-0.27961],[0.40652,-0.28199],[0.40592,-0.2908],[0.40313,-0.29835],[0.40366,-0.302],[0.40712,-0.30956],[0.40671,-0.31228],[0.40785,-0.31167],[0.40844,-0.30824],[0.40817,-0.30545],[0.41023,-0.30048],[0.4132,-0.2988],[0.41583,-0.28502],[0.4157,-0.28236],[0.4121,-0.27266],[0.40963,-0.2676],[0.40777,-0.26551],[0.40713,-0.25619],[0.4061,-0.24999],[0.40747,-0.24154],[0.40928,-0.24162],[0.41327,-0.24227],[0.41402,-0.24057],[0.41588,-0.24208],[0.41668,-0.24405],[0.41863,-0.24499],[0.42049,-0.24339],[0.42353,-0.24582],[0.42588,-0.24327],[0.42615,-0.24076],[0.42757,-0.24084],[0.42959,-0.24309],[0.43108,-0.24091],[0.43417,-0.24012],[0.43906,-0.23681],[0.4444,-0.23224],[0.44632,-0.23525],[0.44353,-0.24431],[0.44556,-0.25363],[0.44548,-0.26006],[0.44687,-0.2622],[0.44551,-0.26642],[0.44717,-0.26679],[0.4476,-0.27292],[0.44969,-0.28188],[0.45143,-0.28287],[0.45124,-0.28647],[0.45376,-0.28637],[0.45508,-0.29034],[0.45275,-0.29306],[0.45348,-0.29705],[0.44937,-0.30106],[0.44903,-0.30392],[0.44671,-0.30385],[0.44827,-0.30626],[0.44196,-0.30854],[0.44082,-0.31071],[0.43046,-0.31159],[0.42134,-0.31759],[0.41836,-0.3212],[0.41797,-0.32327],[0.41253,-0.33376],[0.41052,-0.33439],[0.40593,-0.33986],[0.40306,-0.34608],[0.39902,-0.35262],[0.39749,-0.35304],[0.39609,-0.36471],[0.39808,-0.37255],[0.39893,-0.38305],[0.40008,-0.38723],[0.4009,-0.39862],[0.40218,-0.39429],[0.40205,-0.40147],[0.40312,-0.40563],[0.4019,-0.41579],[0.40392,-0.41673],[0.40364,-0.42125],[0.40135,-0.42569],[0.39608,-0.42823],[0.38481,-0.43381],[0.3798,-0.44104],[0.37771,-0.44769],[0.37941,-0.45228],[0.38047,-0.44901],[0.37969,-0.46242],[0.37339,-0.46172],[0.37355,-0.45288],[0.37413,-0.44855],[0.37359,-0.44772],[0.37454,-0.44223],[0.37771,-0.42397],[0.37775,-0.41636],[0.37683,-0.41096],[0.377,-0.40815],[0.37635,-0.39597]],[[0.40738,-0.24683],[0.40711,-0.24746],[0.40765,-0.24816],[0.40738,-0.24683]],[[0.40844,-0.24853],[0.40797,-0.24741],[0.40793,-0.24865],[0.40844,-0.24853]]]}},{"type":"Feature","properties":{"name":"Morocco","iso3":"MAR","geo_share":0.0043438,"carto_share":0.0013561,"target_share":0.001354},"geometry":{"type":"Polygon","coordinates":[[[0.02835,0.25337],[0.03605,0.25038],[0.03484,0.24964],[0.03662,0.24738],[0.03616,0.2436],[0.03855,0.24122],[0.04503,0.23839],[0.04249,0.23802],[0.04205,0.23677],[0.02541,0.23958],[0.01885,0.24036],[0.01799,0.23952],[0.01254,0.23995],[0.00749,0.24077],[0.00845,0.23823],[0.01143,0.23695],[0.0107,0.23647],[0.00717,0.23704],[0.00348,0.23668],[-0.00368,0.23697],[-0.00526,0.23563],[-0.00772,0.23493],[-0.01108,0.23516],[-0.01861,0.23649],[-0.0193,0.23511],[-0.02403,0.23649],[-0.02721,0.23557],[-0.02895,0.23561],[-0.03681,0.23233],[-0.03584,0.2245],[-0.03717,0.2247],[-0.03629,0.22058],[-0.04249,0.22126],[-0.04555,0.22],[-0.05085,0.22062],[-0.05401,0.22189],[-0.05788,0.22236],[-0.06271,0.22192],[-0.06196,0.22015],[-0.0648,0.21813],[-0.06539,0.21682],[-0.06849,0.21666],[-0.07026,0.2103],[-0.0711,0.20832],[-0.07681,0.20585],[-0.07884,0.2029],[-0.08307,0.20196],[-0.08509,0.19927],[-0.08579,0.19424],[-0.08566,0.19065],[-0.08905,0.18767],[-0.08891,0.18552],[-0.09032,0.18461],[-0.09992,0.1868],[-0.11434,0.18923],[-0.12006,0.18988],[-0.12039,0.19365],[-0.11683,0.19583],[-0.11351,0.19559],[-0.11177,0.1973],[-0.11172,0.20138],[-0.10769,0.20579],[-0.11029,0.20728],[-0.10555,0.20795],[-0.10078,0.21011],[-0.09873,0.21019],[-0.09741,0.2125],[-0.09958,0.2175],[-0.09842,0.22157],[-0.09916,0.22466],[-0.08787,0.22499],[-0.08892,0.23338],[-0.08731,0.23518],[-0.07264,0.23266],[-0.06592,0.23354],[-0.06268,0.23586],[-0.05629,0.23767],[-0.05174,0.24333],[-0.05101,0.24579],[-0.05317,0.24942],[-0.05946,0.25393],[-0.06584,0.26221],[-0.06643,0.26455],[-0.06414,0.266],[-0.06938,0.2722],[-0.0649,0.2739],[-0.06153,0.27323],[-0.05049,0.2689],[-0.0421,0.26677],[-0.04151,0.27152],[-0.05014,0.285],[-0.03512,0.27771],[-0.03401,0.27509],[-0.02523,0.26813],[-0.0186,0.26406],[-0.0091,0.26032],[0.00117,0.25874],[0.00962,0.25681],[0.01375,0.2575],[0.01656,0.25496],[0.02835,0.25337]]]}},{"type":"Feature","properties":{"name":"W. Sahara","iso3":"ESH","geo_share":0.0006768,"carto_share":0.0002081,"target_share":0.000211},"geometry":{"type":"Polygon","coordinates":[[[-0.03584,0.2245],[-0.03538,0.22168],[-0.03355,0.21137],[-0.06829,0.21639],[-0.06471,0.19649],[-0.07068,0.19592],[-0.0745,0.19435],[-0.07553,0.1925],[-0.07429,0.19016],[-0.07116,0.17986],[-0.11885,0.18895],[-0.11965,0.1848],[-0.12094,0.18545],[-0.12006,0.18988],[-0.11434,0.18923],[-0.09992,0.1868],[-0.09032,0.18461],[-0.08891,0.18552],[-0.08905,0.18767],[-0.08566,0.19065],[-0.08579,0.19424],[-0.08509,0.19927],[-0.08307,0.20196],[-0.07884,0.2029],[-0.07681,0.20585],[-0.0711,0.20832],[-0.07026,0.2103],[-0.06849,0.21666],[-0.06539,0.21682],[-0.0648,0.21813],[-0.06196,0.22015],[-0.06271,0.22192],[-0.05788,0.22236],[-0.05401,0.22189],[-0.05085,0.22062],[-0.04555,0.22],[-0.04249,0.22126],[-0.03629,0.22058],[-0.03717,0.2247],[-0.03584,0.2245]]]}},{"type":"Feature","properties":{"name":"Montenegro","iso3":"MNE","geo_share":0.0001005,"carto_share":3.26e-05,"target_share":3.13e-05},"geometry":{"type":"Polygon","coordinates":[[[0.51282,0.68454],[0.51516,0.67881],[0.51808,0.67073],[0.51803,0.66962],[0.51708,0.66948],[0.51686,0.66601],[0.51605,0.66597],[0.51589,0.66942],[0.51407,0.66186],[0.51343,0.65414],[0.51274,0.66502],[0.51077,0.66976],[0.51012,0.67226],[0.51077,0.67403],[0.50973,0.67878],[0.51079,0.67926],[0.51059,0.68199],[0.51138,0.68307],[0.51251,0.68187],[0.51153,0.68477],[0.51282,0.68454]]]}},{"type":"Feature","properties":{"name":"Mongolia","iso3":"MNG","geo_share":0.0116254,"carto_share":0.0036227,"target_share":0.0036238},"geometry":{"type":"Polygon","coordinates":[[[1.26804,1.12553],[1.27335,1.11141],[1.27357,1.10988],[1.27896,1.10458],[1.27758,1.10351],[1.28166,1.10061],[1.29205,1.09641],[1.29451,1.0976],[1.30395,1.09686],[1.31093,1.0959],[1.31847,1.09462],[1.32129,1.09792],[1.32834,1.09878],[1.33646,1.09881],[1.34618,1.09692],[1.35878,1.09575],[1.3828,1.09186],[1.39508,1.08798],[1.39626,1.08407],[1.38106,1.08522],[1.36976,1.08722],[1.36831,1.08653],[1.35686,1.08745],[1.34541,1.08645],[1.3377,1.08751],[1.34122,1.08527],[1.32944,1.08654],[1.32509,1.08618],[1.32658,1.08286],[1.32973,1.08138],[1.32641,1.0781],[1.30579,1.08188],[1.30762,1.0797],[1.30665,1.07662],[1.30318,1.07469],[1.28444,1.08119],[1.28055,1.08316],[1.27528,1.08361],[1.27465,1.08126],[1.27683,1.07549],[1.28974,1.06492],[1.29656,1.05824],[1.29454,1.05543],[1.28875,1.05631],[1.29256,1.04428],[1.28605,1.0434],[1.27806,1.04936],[1.27252,1.05401],[1.2622,1.05618],[1.25813,1.0503],[1.25561,1.04278],[1.25539,1.03691],[1.25115,1.04137],[1.24954,1.05021],[1.24504,1.04559],[1.23915,1.05382],[1.22904,1.05851],[1.22552,1.06493],[1.20753,1.06786],[1.20285,1.06387],[1.18227,1.06368],[1.17393,1.05639],[1.17418,1.06221],[1.17096,1.06624],[1.16687,1.0782],[1.16468,1.07829],[1.16383,1.08233],[1.16017,1.0811],[1.15544,1.08119],[1.1474,1.08358],[1.14386,1.08307],[1.1391,1.08524],[1.12743,1.08345],[1.1225,1.08104],[1.11022,1.07594],[1.10137,1.07329],[1.09779,1.07084],[1.09464,1.0744],[1.09631,1.07825],[1.10246,1.08501],[1.10036,1.08676],[1.10177,1.08994],[1.09602,1.09257],[1.09247,1.09217],[1.08502,1.09314],[1.07641,1.09484],[1.06695,1.0944],[1.06155,1.09262],[1.05428,1.09228],[1.04179,1.08859],[1.02721,1.08582],[1.02387,1.08605],[1.00631,1.08123],[1.00557,1.08213],[0.99495,1.07883],[0.99358,1.07956],[1.00078,1.08269],[1.0,1.08294],[1.01961,1.08987],[1.02232,1.09104],[1.0293,1.09321],[1.02599,1.09263],[1.03046,1.09418],[1.04043,1.09714],[1.04421,1.09842],[1.04926,1.09974],[1.05417,1.10127],[1.06092,1.10281],[1.06126,1.10317],[1.06859,1.10438],[1.07244,1.10529],[1.07772,1.10587],[1.09526,1.10832],[1.10099,1.10822],[1.10663,1.10833],[1.10995,1.10877],[1.11325,1.10881],[1.118,1.10936],[1.12016,1.1098],[1.12618,1.11006],[1.13315,1.11066],[1.13703,1.11047],[1.139,1.11129],[1.1425,1.11218],[1.13951,1.11341],[1.13554,1.11332],[1.12959,1.11361],[1.12702,1.11423],[1.12834,1.11481],[1.12768,1.11522],[1.13002,1.11577],[1.1297,1.11644],[1.14503,1.11778],[1.15235,1.11863],[1.16378,1.11931],[1.1655,1.11955],[1.1716,1.11992],[1.17926,1.11821],[1.18395,1.118],[1.19285,1.11799],[1.19673,1.11854],[1.19794,1.11926],[1.20368,1.12056],[1.21082,1.12069],[1.21422,1.12112],[1.21962,1.12025],[1.22457,1.12051],[1.22682,1.11904],[1.23152,1.11801],[1.23491,1.11843],[1.24051,1.11787],[1.24139,1.11826],[1.24354,1.11802],[1.2451,1.11938],[1.24831,1.12001],[1.24976,1.12085],[1.2512,1.12087],[1.25195,1.12159],[1.25167,1.12284],[1.25273,1.12431],[1.25504,1.12633],[1.25716,1.12645],[1.26043,1.12498],[1.26262,1.12489],[1.26411,1.12621],[1.26804,1.12553]]]}},{"type":"Feature","properties":{"name":"Moldova","iso3":"MDA","geo_share":0.0002435,"carto_share":9.71e-05,"target_share":7.59e-05},"geometry":{"type":"Polygon","coordinates":[[[0.63825,0.86345],[0.64816,0.88769],[0.65754,0.91002],[0.65979,0.91642],[0.66172,0.92461],[0.66125,0.92625],[0.66101,0.93387],[0.66089,0.94039],[0.6587,0.93964],[0.66071,0.94285],[0.66288,0.94449],[0.66468,0.94689],[0.66786,0.94432],[0.669,0.94501],[0.66926,0.94305],[0.66975,0.94371],[0.66953,0.94091],[0.66859,0.93733],[0.66913,0.93536],[0.66819,0.93147],[0.66863,0.93034],[0.66742,0.9254],[0.66765,0.92398],[0.666,0.92078],[0.66439,0.92117],[0.66245,0.91675],[0.65854,0.9048],[0.64756,0.88108],[0.64384,0.87253],[0.63825,0.86345]]]}},{"type":"Feature","properties":{"name":"Monaco","iso3":"MCO","geo_share":1e-07,"carto_share":3e-07,"target_share":0.0},"geometry":{"type":"Polygon","coordinates":[[[0.14676,0.42906],[0.14525,0.42836],[0.14609,0.42986],[0.14676,0.42906]]]}},{"type":"Feature","properties":{"name":"Mexico","iso3":"MEX","geo_share":0.0146107,"carto_share":0.0152695,"target_share":0.0152781},"geometry":{"type":"MultiPolygon","coordinates":[[[[-1.74916,0.46518],[-1.69889,0.45094],[-1.70179,0.44442],[-1.62999,0.39375],[-1.56899,0.38251],[-1.56656,0.3984],[-1.53623,0.39976],[-1.53561,0.39102],[-1.53122,0.38152],[-1.52612,0.36909],[-1.52151,0.3648],[-1.51976,0.35045],[-1.51829,0.33845],[-1.50987,0.32933],[-1.48937,0.31543],[-1.47834,0.31903],[-1.47301,0.32899],[-1.46246,0.33531],[-1.44282,0.33168],[-1.43496,0.31224],[-1.43329,0.29842],[-1.43408,0.29458],[-1.42401,0.28054],[-1.41792,0.27581],[-1.41861,0.26672],[-1.41319,0.26072],[-1.40982,0.2547],[-1.38313,0.24301],[-1.36723,0.23931],[-1.3551,0.23564],[-1.34771,0.23626],[-1.35464,0.23213],[-1.36757,0.22741],[-1.3752,0.22196],[-1.38151,0.21051],[-1.3821,0.20614],[-1.38535,0.20282],[-1.38288,0.18917],[-1.38039,0.18596],[-1.37369,0.17428],[-1.36083,0.16182],[-1.35786,0.15425],[-1.35169,0.14917],[-1.34839,0.14453],[-1.33488,0.1412],[-1.32676,0.13714],[-1.32129,0.13158],[-1.31366,0.13034],[-1.3004,0.13073],[-1.28662,0.12825],[-1.28335,0.12947],[-1.26915,0.12755],[-1.26503,0.12295],[-1.25993,0.12131],[-1.25597,0.12269],[-1.25966,0.12776],[-1.2519,0.13015],[-1.24846,0.13273],[-1.24763,0.13891],[-1.24428,0.14138],[-1.24266,0.15165],[-1.23906,0.15843],[-1.22872,0.16167],[-1.21153,0.16292],[-1.20347,0.16509],[-1.19724,0.16572],[-1.18217,0.16316],[-1.18364,0.16505],[-1.17893,0.1658],[-1.1744,0.16288],[-1.17502,0.15877],[-1.17825,0.15467],[-1.18684,0.14868],[-1.19341,0.14216],[-1.19392,0.13888],[-1.19968,0.13449],[-1.19552,0.13376],[-1.20078,0.12974],[-1.19849,0.12881],[-1.20795,0.11452],[-1.21043,0.11156],[-1.21199,0.11528],[-1.20971,0.12061],[-1.2129,0.11832],[-1.21566,0.11405],[-1.21871,0.11331],[-1.22389,0.10601],[-1.22706,0.10592],[-1.22761,0.10396],[-1.24723,0.10858],[-1.24485,0.10166],[-1.25176,0.10366],[-1.24357,0.09755],[-1.24013,0.09529],[-1.23909,0.0933],[-1.23692,0.09193],[-1.23704,0.0893],[-1.2543,0.09199],[-1.26274,0.0872],[-1.26078,0.08502],[-1.26647,0.08114],[-1.27833,0.08764],[-1.30579,0.10209],[-1.31657,0.10681],[-1.31774,0.10629],[-1.30782,0.10203],[-1.32315,0.10693],[-1.32855,0.11059],[-1.33129,0.10932],[-1.326,0.10777],[-1.33384,0.10847],[-1.34136,0.10717],[-1.35798,0.10626],[-1.3644,0.10677],[-1.37843,0.11264],[-1.39024,0.11549],[-1.39798,0.12015],[-1.40571,0.12293],[-1.4105,0.127],[-1.42914,0.13308],[-1.43571,0.13716],[-1.45192,0.14426],[-1.46652,0.15367],[-1.47123,0.15855],[-1.48779,0.16398],[-1.50196,0.17077],[-1.51077,0.18007],[-1.52006,0.18596],[-1.53005,0.19136],[-1.54004,0.20346],[-1.54338,0.2103],[-1.5356,0.21133],[-1.53991,0.21525],[-1.53492,0.21902],[-1.53423,0.22423],[-1.53836,0.22713],[-1.54231,0.23356],[-1.54209,0.23841],[-1.54469,0.24346],[-1.55591,0.25477],[-1.55886,0.25925],[-1.56825,0.27015],[-1.58066,0.28038],[-1.5763,0.27748],[-1.57594,0.27924],[-1.58403,0.28343],[-1.58852,0.29001],[-1.58528,0.2899],[-1.59818,0.29941],[-1.59874,0.30123],[-1.60326,0.30173],[-1.6004,0.30455],[-1.60622,0.30428],[-1.60959,0.30723],[-1.61004,0.31184],[-1.60558,0.31438],[-1.60671,0.318],[-1.61033,0.32165],[-1.61537,0.32316],[-1.61839,0.32947],[-1.62444,0.33261],[-1.62795,0.33603],[-1.63003,0.34139],[-1.62812,0.34367],[-1.63895,0.34879],[-1.64492,0.3567],[-1.64869,0.35926],[-1.65697,0.36987],[-1.65779,0.37356],[-1.66651,0.38672],[-1.66774,0.39145],[-1.67249,0.40018],[-1.67086,0.405],[-1.68146,0.41202],[-1.68149,0.41396],[-1.68714,0.41898],[-1.69101,0.41854],[-1.70484,0.43084],[-1.70261,0.42569],[-1.70503,0.41974],[-1.70307,0.41617],[-1.70122,0.40909],[-1.70176,0.40558],[-1.69695,0.39759],[-1.69343,0.39464],[-1.68593,0.38615],[-1.68162,0.37813],[-1.6764,0.37423],[-1.67461,0.36948],[-1.67063,0.3667],[-1.66862,0.35739],[-1.66151,0.3504],[-1.65926,0.34469],[-1.65597,0.34193],[-1.65372,0.33524],[-1.65236,0.33774],[-1.64843,0.33386],[-1.64463,0.32397],[-1.64417,0.31885],[-1.63975,0.31353],[-1.63747,0.30709],[-1.63376,0.3006],[-1.6349,0.29795],[-1.63365,0.29379],[-1.6285,0.28858],[-1.62653,0.29169],[-1.6223,0.28786],[-1.61686,0.28068],[-1.61632,0.27839],[-1.61178,0.27435],[-1.61258,0.27056],[-1.62109,0.26792],[-1.62396,0.27055],[-1.62552,0.27615],[-1.62865,0.28108],[-1.63337,0.28449],[-1.64047,0.29229],[-1.64717,0.29778],[-1.65841,0.30915],[-1.6593,0.31255],[-1.65783,0.31884],[-1.65971,0.32588],[-1.66317,0.33159],[-1.66809,0.33488],[-1.6744,0.34113],[-1.67662,0.34742],[-1.67873,0.34585],[-1.68446,0.34686],[-1.6886,0.3521],[-1.69896,0.35977],[-1.70057,0.36364],[-1.70839,0.37138],[-1.70912,0.37331],[-1.70105,0.36924],[-1.69634,0.36874],[-1.69172,0.37507],[-1.69339,0.37839],[-1.70834,0.39635],[-1.71138,0.39839],[-1.72025,0.40739],[-1.72257,0.41156],[-1.7227,0.41664],[-1.72589,0.41981],[-1.72705,0.42595],[-1.73128,0.43051],[-1.73198,0.43411],[-1.73832,0.44267],[-1.73768,0.44637],[-1.7424,0.45141],[-1.74916,0.46518]]],[[[-1.18295,0.14556],[-1.18131,0.14949],[-1.17817,0.14956],[-1.18295,0.14556]]],[[[-1.55922,0.2311],[-1.56117,0.23411],[-1.55924,0.2333],[-1.55922,0.2311]]],[[[-1.63968,0.20667],[-1.64232,0.20794],[-1.64099,0.20896],[-1.63968,0.20667]]],[[[-1.63123,0.30136],[-1.63331,0.30317],[-1.63217,0.3039],[-1.63123,0.30136]]],[[[-1.67541,0.37719],[-1.68272,0.38546],[-1.68269,0.38771],[-1.679,0.38287],[-1.67588,0.38108],[-1.67541,0.37719]]],[[[-1.71167,0.37737],[-1.71457,0.3796],[-1.71191,0.38197],[-1.71167,0.37737]]],[[[-1.65775,0.36997],[-1.65944,0.36733],[-1.66371,0.37003],[-1.66253,0.37401],[-1.65898,0.37363],[-1.65775,0.36997]]],[[[-1.76274,0.41313],[-1.76467,0.41756],[-1.76336,0.41818],[-1.76274,0.41313]]],[[[-1.17337,0.15941],[-1.17367,0.15949],[-1.17364,0.16075],[-1.17337,0.15941]]],[[[-1.2636,0.12555],[-1.26606,0.12619],[-1.26213,0.12668],[-1.2636,0.12555]]],[[[-1.61966,0.28748],[-1.61979,0.28969],[-1.61815,0.28677],[-1.61966,0.28748]]],[[[-1.70243,0.42721],[-1.70201,0.42782],[-1.7006,0.42607],[-1.70243,0.42721]]],[[[-1.64295,0.31914],[-1.64204,0.32187],[-1.64037,0.32185],[-1.64295,0.31914]]],[[[-1.65231,0.29963],[-1.65749,0.30413],[-1.65477,0.30336],[-1.65231,0.29963]]],[[[-1.66237,0.30961],[-1.65928,0.31531],[-1.66059,0.31053],[-1.66237,0.30961]]]]}},{"type":"Feature","properties":{"name":"Mauritius","iso3":"MUS","geo_share":1.19e-05,"carto_share":8.6e-06,"target_share":3.7e-06},"geometry":{"type":"Polygon","coordinates":[[[0.72703,-0.43009],[0.72331,-0.4297],[0.723,-0.42558],[0.72652,-0.42284],[0.72866,-0.42643],[0.72703,-0.43009]]]}},{"type":"Feature","properties":{"name":"Mauritania","iso3":"MRT","geo_share":0.0077469,"carto_share":0.0024164,"target_share":0.0024148},"geometry":{"type":"MultiPolygon","coordinates":[[[[-0.10473,0.17103],[-0.10569,0.17222],[-0.10362,0.17345],[-0.10473,0.17103]]],[[[-0.05716,0.1213],[-0.06297,0.125],[-0.06429,0.12721],[-0.06678,0.12889],[-0.06757,0.13129],[-0.06954,0.13284],[-0.0724,0.13292],[-0.07621,0.13693],[-0.07825,0.13771],[-0.08228,0.13807],[-0.08347,0.1374],[-0.09013,0.13659],[-0.09652,0.13763],[-0.1002,0.13386],[-0.10093,0.13159],[-0.10138,0.13583],[-0.09872,0.14203],[-0.09487,0.14806],[-0.09457,0.1516],[-0.09641,0.15843],[-0.09943,0.16388],[-0.10566,0.16863],[-0.10238,0.17243],[-0.10232,0.17676],[-0.10698,0.18151],[-0.1104,0.1819],[-0.11629,0.18659],[-0.11965,0.1848],[-0.11885,0.18895],[-0.07116,0.17986],[-0.07429,0.19016],[-0.07553,0.1925],[-0.0745,0.19435],[-0.07068,0.19592],[-0.06471,0.19649],[-0.06829,0.21639],[-0.03355,0.21137],[-0.03538,0.22168],[0.00153,0.20097],[0.01014,0.19646],[-0.00964,0.19956],[0.0132,0.13198],[0.01648,0.12954],[0.01547,0.12342],[-0.02465,0.12572],[-0.03274,0.12513],[-0.04076,0.1259],[-0.0433,0.12373],[-0.04873,0.12788],[-0.05185,0.12631],[-0.05296,0.12274],[-0.05535,0.12073],[-0.05716,0.1213]]]]}},{"type":"Feature","properties":{"name":"Malta","iso3":"MLT","geo_share":1e-06,"carto_share":1.2e-06,"target_share":3e-07},"geometry":{"type":"MultiPolygon","coordinates":[[[[0.26595,0.28111],[0.26202,0.27938],[0.26032,0.28018],[0.26595,0.28111]]],[[[0.25757,0.27952],[0.25553,0.27926],[0.2581,0.28032],[0.25757,0.27952]]]]}},{"type":"Feature","properties":{"name":"Mali","iso3":"MLI","geo_share":0.0093694,"carto_share":0.00292,"target_share":0.0029206},"geometry":{"type":"Polygon","coordinates":[[[-0.0466,0.10118],[-0.04735,0.10233],[-0.04706,0.10574],[-0.04994,0.10942],[-0.05201,0.10911],[-0.05454,0.11178],[-0.05366,0.11368],[-0.05435,0.11637],[-0.05656,0.11847],[-0.05716,0.1213],[-0.05535,0.12073],[-0.05296,0.12274],[-0.05185,0.12631],[-0.04873,0.12788],[-0.0433,0.12373],[-0.04076,0.1259],[-0.03274,0.12513],[-0.02465,0.12572],[0.01547,0.12342],[0.01648,0.12954],[0.0132,0.13198],[-0.00964,0.19956],[0.01014,0.19646],[0.01397,0.19449],[0.08676,0.16055],[0.08737,0.15847],[0.09308,0.15626],[0.09421,0.15492],[0.10082,0.15364],[0.10331,0.1522],[0.10899,0.15115],[0.11327,0.14976],[0.11437,0.14699],[0.11288,0.14517],[0.11664,0.14384],[0.1264,0.1446],[0.12923,0.12877],[0.12872,0.12409],[0.12662,0.11973],[0.12269,0.11791],[0.12266,0.11698],[0.11718,0.11775],[0.11658,0.11715],[0.09601,0.11761],[0.09222,0.11568],[0.08338,0.1159],[0.08329,0.11551],[0.07765,0.11688],[0.07135,0.11709],[0.06809,0.11552],[0.0598,0.11338],[0.05739,0.11328],[0.05597,0.11112],[0.05179,0.11214],[0.04712,0.10988],[0.04682,0.10779],[0.04351,0.1079],[0.04255,0.10491],[0.03936,0.10437],[0.03599,0.10591],[0.03366,0.10607],[0.03056,0.10413],[0.03191,0.10153],[0.029,0.10067],[0.02974,0.09803],[0.02551,0.09573],[0.02196,0.0953],[0.01989,0.09423],[0.02061,0.09179],[0.01981,0.0893],[0.01763,0.08802],[0.01799,0.08589],[0.01716,0.0832],[0.0135,0.0829],[0.0113,0.08135],[0.00902,0.082],[0.0089,0.08553],[0.00723,0.08432],[0.00453,0.08498],[0.00403,0.08251],[0.00121,0.08243],[0.00096,0.08108],[-0.0033,0.0817],[-0.00472,0.08318],[-0.0065,0.08305],[-0.01011,0.0808],[-0.01024,0.08214],[-0.01262,0.08308],[-0.01369,0.08776],[-0.01719,0.08817],[-0.01447,0.09112],[-0.01899,0.09363],[-0.019,0.09577],[-0.02158,0.0999],[-0.02542,0.10057],[-0.02492,0.09877],[-0.02977,0.09712],[-0.03469,0.09879],[-0.03668,0.09823],[-0.03872,0.09628],[-0.04162,0.09911],[-0.04536,0.09774],[-0.04759,0.09952],[-0.0466,0.10118]]]}},{"type":"Feature","properties":{"name":"Maldives","iso3":"MDV","geo_share":2e-07,"carto_share":2e-07,"target_share":1e-07},"geometry":{"type":"MultiPolygon","coordinates":[[[[0.95383,-0.01573],[0.95353,-0.01457],[0.95417,-0.01489],[0.95383,-0.01573]]],[[[0.95404,0.00267],[0.95343,0.00281],[0.95418,0.0042],[0.95404,0.00267]]]]}},{"type":"Feature","properties":{"name":"Malaysia","iso3":"MYS","geo_share":0.0024418,"carto_share":0.0040047,"target_share":0.0038596},"geometry":{"type":"MultiPolygon","coordinates":[[[[1.41454,0.08484],[1.41918,0.08573],[1.42225,0.08461],[1.4318,0.08595],[1.43661,0.0865],[1.44231,0.08712],[1.44228,0.08543],[1.43461,0.08136],[1.43675,0.08172],[1.43191,0.07974],[1.4511,0.08565],[1.55576,0.02359],[1.61529,-0.04587],[1.61559,-0.07644],[1.49801,0.05046],[1.56081,0.00561],[1.40212,0.04676],[1.36282,-0.04207],[1.3773,0.04063],[1.30483,0.03053],[1.31359,0.03807],[1.31201,0.03888],[1.32762,0.0454],[1.32915,0.04723],[1.33885,0.05075],[1.34856,0.05457],[1.35391,0.05924],[1.35777,0.06046],[1.36109,0.06301],[1.36669,0.06569],[1.36995,0.0681],[1.37388,0.07151],[1.37701,0.07422],[1.37582,0.07824],[1.3778,0.08078],[1.38012,0.07968],[1.38761,0.08021],[1.38788,0.0785],[1.39177,0.07952],[1.38982,0.07667],[1.38614,0.07452],[1.38757,0.07413],[1.40076,0.07915],[1.40768,0.08026],[1.41454,0.08484]]],[[[1.86894,-0.04782],[1.86543,-0.0416],[1.86293,-0.03845],[1.86269,-0.03948],[1.86125,-0.03668],[1.8608,-0.0389],[1.86047,-0.04498],[1.86052,-0.06098],[1.86099,-0.07325],[1.86015,-0.07249],[1.86009,-0.07761],[1.86153,-0.08802],[1.86083,-0.09568],[1.8616,-0.10369],[1.86161,-0.11782],[1.85905,-0.11922],[1.85827,-0.12596],[1.85589,-0.11838],[1.85588,-0.11449],[1.85481,-0.11447],[1.85386,-0.11861],[1.85279,-0.13008],[1.85141,-0.13643],[1.84878,-0.13582],[1.84645,-0.14373],[1.84678,-0.13686],[1.84789,-0.10562],[1.84605,-0.08892],[1.84556,-0.08186],[1.84697,-0.09195],[1.84867,-0.10103],[1.8498,-0.10216],[1.85123,-0.11852],[1.85181,-0.10864],[1.85212,-0.10423],[1.85131,-0.08388],[1.8499,-0.07082],[1.8507,-0.0741],[1.85094,-0.07381],[1.84937,-0.0642],[1.84907,-0.05741],[1.85292,-0.05552],[1.85387,-0.05269],[1.8539,-0.03774],[1.85338,-0.02855],[1.85041,-0.02148],[1.8584,-0.03713],[1.85815,-0.03092],[1.85529,-0.02393],[1.85555,-0.02182],[1.8591,-0.03231],[1.85978,-0.03354],[1.85637,-0.02261],[1.85764,-0.02355],[1.85677,-0.01897],[1.85288,-0.01154],[1.85212,-0.00756],[1.85477,-0.0114],[1.85309,-0.00362],[1.85078,0.00318],[1.85,0.01148],[1.8482,0.02217],[1.85346,0.01127],[1.85306,0.01839],[1.85703,0.00856],[1.86112,0.00036],[1.86299,-0.01408],[1.86514,-0.01281],[1.86607,-0.0177],[1.8684,-0.02046],[1.86986,-0.02372],[1.87333,-0.02681],[1.87602,-0.02734],[1.87664,-0.0323],[1.87284,-0.0336],[1.86929,-0.03236],[1.86954,-0.03468],[1.8752,-0.04255],[1.87576,-0.04573],[1.87205,-0.04706],[1.86931,-0.0439],[1.86894,-0.04782]]],[[[1.50104,0.10137],[1.48852,0.0998],[1.49451,0.10093],[1.50104,0.10137]]],[[[1.36677,0.06938],[1.36924,0.07051],[1.37174,0.07032],[1.36677,0.06938]]],[[[1.37174,0.07767],[1.36737,0.07739],[1.36629,0.07918],[1.37174,0.07767]]],[[[1.84948,0.02724],[1.85133,0.02793],[1.85251,0.0235],[1.84948,0.02724]]],[[[1.33605,0.04982],[1.33299,0.04887],[1.34028,0.0514],[1.33605,0.04982]]],[[[1.85019,-0.07106],[1.84751,-0.05935],[1.84834,-0.06107],[1.85019,-0.07106]]],[[[1.87141,-0.04852],[1.86955,-0.04816],[1.86921,-0.04586],[1.87141,-0.04852]]]]}},{"type":"Feature","properties":{"name":"Malawi","iso3":"MWI","geo_share":0.0008938,"carto_share":0.0002734,"target_share":0.0002786},"geometry":{"type":"MultiPolygon","coordinates":[[[[0.40844,-0.24853],[0.40793,-0.24865],[0.40797,-0.24741],[0.40844,-0.24853]]],[[[0.40738,-0.24683],[0.40765,-0.24816],[0.40711,-0.24746],[0.40738,-0.24683]]],[[[0.39811,-0.2748],[0.3967,-0.27501],[0.39483,-0.26929],[0.39701,-0.26374],[0.3975,-0.25536],[0.39999,-0.25347],[0.39892,-0.24816],[0.39913,-0.24499],[0.39845,-0.23988],[0.39914,-0.23438],[0.39821,-0.23029],[0.4004,-0.22589],[0.39935,-0.22026],[0.39794,-0.21704],[0.39806,-0.21429],[0.39704,-0.21048],[0.39587,-0.21035],[0.39534,-0.20691],[0.39832,-0.2103],[0.40136,-0.2116],[0.40152,-0.20881],[0.40356,-0.21282],[0.40499,-0.2177],[0.40665,-0.22972],[0.4065,-0.23342],[0.40928,-0.24162],[0.40747,-0.24154],[0.4061,-0.24999],[0.40713,-0.25619],[0.40777,-0.26551],[0.40963,-0.2676],[0.4121,-0.27266],[0.4157,-0.28236],[0.41583,-0.28502],[0.4132,-0.2988],[0.41023,-0.30048],[0.40817,-0.30545],[0.40844,-0.30824],[0.40785,-0.31167],[0.40671,-0.31228],[0.40712,-0.30956],[0.40366,-0.302],[0.40313,-0.29835],[0.40592,-0.2908],[0.40652,-0.28199],[0.40551,-0.27961],[0.40055,-0.28211],[0.39811,-0.2748]]]]}},{"type":"Feature","properties":{"name":"Madagascar","iso3":"MDG","geo_share":0.0044269,"carto_share":0.0013791,"target_share":0.0013799},"geometry":{"type":"MultiPolygon","coordinates":[[[[0.59281,-0.29917],[0.5924,-0.31362],[0.59116,-0.32295],[0.59308,-0.32831],[0.59334,-0.33141],[0.58838,-0.33877],[0.58606,-0.33665],[0.58532,-0.33228],[0.58256,-0.33386],[0.58185,-0.34031],[0.58281,-0.3426],[0.58111,-0.34975],[0.57807,-0.35244],[0.57649,-0.35639],[0.57659,-0.36352],[0.57514,-0.36894],[0.57209,-0.37882],[0.56844,-0.39667],[0.5669,-0.40891],[0.56422,-0.42483],[0.56399,-0.43607],[0.56381,-0.44473],[0.56312,-0.44906],[0.56359,-0.45735],[0.56318,-0.46023],[0.56093,-0.46201],[0.55643,-0.4615],[0.55203,-0.46712],[0.54876,-0.46648],[0.5465,-0.46214],[0.54251,-0.46069],[0.54019,-0.4571],[0.5397,-0.45024],[0.53843,-0.44781],[0.53917,-0.43958],[0.54019,-0.43685],[0.53903,-0.43097],[0.53718,-0.4283],[0.53564,-0.42168],[0.53562,-0.41745],[0.53793,-0.40899],[0.54098,-0.40724],[0.54185,-0.40297],[0.54462,-0.39611],[0.54597,-0.3892],[0.54611,-0.38177],[0.54378,-0.37634],[0.54334,-0.37175],[0.54038,-0.36534],[0.53695,-0.35418],[0.54013,-0.34786],[0.53784,-0.34111],[0.54371,-0.34311],[0.54592,-0.34143],[0.5508,-0.34319],[0.5514,-0.34092],[0.55631,-0.34104],[0.55847,-0.34317],[0.55757,-0.34071],[0.5589,-0.33792],[0.56304,-0.33395],[0.56405,-0.33719],[0.56505,-0.33267],[0.56892,-0.32569],[0.56927,-0.33017],[0.57259,-0.32317],[0.57244,-0.3205],[0.57461,-0.31415],[0.57351,-0.3103],[0.57478,-0.3082],[0.57689,-0.31056],[0.57836,-0.30777],[0.58182,-0.30321],[0.58304,-0.29744],[0.58162,-0.28861],[0.58288,-0.28855],[0.58638,-0.28139],[0.58763,-0.28232],[0.59281,-0.29917]]],[[[0.57773,-0.3053],[0.57632,-0.30478],[0.57723,-0.30164],[0.57773,-0.3053]]],[[[0.58164,-0.35334],[0.58218,-0.35136],[0.58477,-0.3484],[0.58164,-0.35334]]]]}},{"type":"Feature","properties":{"name":"North Macedonia","iso3":"MKD","geo_share":0.0001913,"carto_share":3.91e-05,"target_share":5.96e-05},"geometry":{"type":"Polygon","coordinates":[[[0.5185,0.6548],[0.52031,0.65598],[0.52035,0.65521],[0.52045,0.65103],[0.51962,0.64672],[0.51727,0.63847],[0.51394,0.62924],[0.5122,0.62635],[0.50936,0.61796],[0.50828,0.61676],[0.50842,0.61851],[0.51132,0.63169],[0.51329,0.63987],[0.51555,0.64956],[0.51561,0.64872],[0.51663,0.65325],[0.51739,0.65447],[0.51749,0.65258],[0.5185,0.6548]]]}},{"type":"Feature","properties":{"name":"Luxembourg","iso3":"LUX","geo_share":1.98e-05,"carto_share":3.5e-05,"target_share":6.2e-06},"geometry":{"type":"Polygon","coordinates":[[[0.11997,0.79075],[0.11728,0.78332],[0.1218,0.78279],[0.1153,0.77373],[0.10824,0.76867],[0.10543,0.76849],[0.11048,0.77404],[0.11127,0.7788],[0.11725,0.79124],[0.11997,0.79075]]]}},{"type":"Feature","properties":{"name":"Lithuania","iso3":"LTU","geo_share":0.00048,"carto_share":0.0001506,"target_share":0.0001496},"geometry":{"type":"MultiPolygon","coordinates":[[[[0.58208,1.08035],[0.58452,1.08051],[0.58327,1.07974],[0.58208,1.08035]]],[[[0.61928,1.05462],[0.61642,1.05746],[0.61549,1.06061],[0.60964,1.06501],[0.60267,1.06896],[0.58843,1.07729],[0.58717,1.07904],[0.58116,1.08398],[0.57864,1.08658],[0.58728,1.08286],[0.59316,1.0797],[0.60427,1.07263],[0.61804,1.06371],[0.62264,1.06064],[0.62735,1.05762],[0.63076,1.05566],[0.63356,1.05315],[0.63858,1.04919],[0.64666,1.04152],[0.64948,1.03891],[0.65069,1.03638],[0.65334,1.0339],[0.65316,1.03322],[0.651,1.03508],[0.65118,1.03417],[0.64958,1.03522],[0.65277,1.02874],[0.65534,1.02512],[0.65442,1.02594],[0.65227,1.0291],[0.65071,1.02953],[0.64907,1.0312],[0.64999,1.029],[0.64646,1.0314],[0.6443,1.03381],[0.63502,1.04042],[0.63235,1.04484],[0.62343,1.05235],[0.61928,1.05462]]]]}},{"type":"Feature","properties":{"name":"Liechtenstein","iso3":"LIE","geo_share":3e-07,"carto_share":7.2e-06,"target_share":1e-07},"geometry":{"type":"Polygon","coordinates":[[[0.28225,0.69206],[0.28652,0.68053],[0.28413,0.67605],[0.28225,0.69206]]]}},{"type":"Feature","properties":{"name":"Libya","iso3":"LBY","geo_share":0.0121044,"carto_share":0.0037703,"target_share":0.0037731},"geometry":{"type":"Polygon","coordinates":[[[0.17678,0.21996],[0.18073,0.2207],[0.1834,0.22284],[0.18297,0.2243],[0.18008,0.22701],[0.18146,0.2282],[0.18337,0.2282],[0.18634,0.22977],[0.19419,0.23109],[0.19253,0.23252],[0.19141,0.23651],[0.19669,0.23586],[0.2048,0.2342],[0.2125,0.23433],[0.2212,0.23656],[0.2358,0.23735],[0.23941,0.23661],[0.25029,0.23847],[0.25218,0.23672],[0.25237,0.23195],[0.25538,0.2305],[0.26234,0.23052],[0.2736,0.23277],[0.28266,0.23397],[0.29565,0.23496],[0.30219,0.23373],[0.30619,0.23405],[0.31204,0.23613],[0.32006,0.24092],[0.32674,0.24681],[0.33067,0.25144],[0.33138,0.25754],[0.33263,0.26159],[0.33759,0.26915],[0.34522,0.27743],[0.35047,0.28253],[0.35345,0.28393],[0.35623,0.28795],[0.36022,0.28949],[0.36452,0.28615],[0.36203,0.27934],[0.36268,0.27776],[0.36658,0.27886],[0.36832,0.27728],[0.37326,0.28031],[0.37518,0.27923],[0.37465,0.27541],[0.37034,0.26903],[0.36926,0.26285],[0.36573,0.25682],[0.36478,0.24715],[0.3525,0.1838],[0.35143,0.16573],[0.34224,0.1641],[0.34207,0.15948],[0.26142,0.18049],[0.24992,0.17595],[0.24144,0.17239],[0.23273,0.17574],[0.21497,0.17695],[0.20944,0.18199],[0.1991,0.18331],[0.19618,0.18271],[0.1939,0.18339],[0.1908,0.18641],[0.19022,0.18827],[0.18282,0.19299],[0.18306,0.19477],[0.18728,0.19628],[0.18735,0.19821],[0.18497,0.20133],[0.18633,0.20427],[0.18384,0.20926],[0.18339,0.21184],[0.1801,0.21572],[0.17466,0.21935],[0.17678,0.21996]]]}},{"type":"Feature","properties":{"name":"Liberia","iso3":"LBR","geo_share":0.0007092,"carto_share":0.0002215,"target_share":0.0002211},"geometry":{"type":"Polygon","coordinates":[[[-0.04858,0.0535],[-0.04395,0.05731],[-0.0373,0.06129],[-0.0366,0.06354],[-0.03498,0.06409],[-0.03396,0.06657],[-0.03195,0.06606],[-0.02919,0.06679],[-0.02687,0.06527],[-0.02567,0.05978],[-0.02657,0.05813],[-0.02345,0.05655],[-0.02138,0.05687],[-0.01946,0.0599],[-0.01733,0.05922],[-0.01598,0.05551],[-0.01661,0.05336],[-0.01939,0.05094],[-0.01609,0.04934],[-0.01335,0.04905],[-0.01303,0.04697],[-0.01021,0.04612],[-0.01148,0.0414],[-0.01354,0.03855],[-0.01657,0.02702],[-0.02238,0.02992],[-0.02881,0.03514],[-0.03646,0.04616],[-0.04204,0.04789],[-0.04192,0.04975],[-0.04688,0.05137],[-0.04858,0.0535]]]}},{"type":"Feature","properties":{"name":"Lesotho","iso3":"LSO","geo_share":0.0002232,"carto_share":7.08e-05,"target_share":6.96e-05},"geometry":{"type":"Polygon","coordinates":[[[0.35037,-0.51112],[0.34739,-0.51457],[0.34599,-0.51507],[0.34306,-0.52282],[0.34155,-0.52248],[0.33986,-0.51863],[0.33993,-0.51635],[0.33897,-0.50943],[0.3406,-0.50709],[0.34401,-0.49833],[0.34723,-0.49438],[0.34969,-0.49214],[0.35112,-0.49628],[0.35282,-0.4989],[0.35305,-0.50144],[0.35037,-0.51112]]]}},{"type":"Feature","properties":{"name":"Lebanon","iso3":"LBN","geo_share":7.41e-05,"carto_share":8.61e-05,"target_share":2.31e-05},"geometry":{"type":"Polygon","coordinates":[[[0.63716,0.58086],[0.64264,0.58651],[0.6451,0.58758],[0.64196,0.58322],[0.64271,0.58297],[0.63893,0.57911],[0.63437,0.57075],[0.6338,0.5701],[0.62263,0.55879],[0.61527,0.54584],[0.5898,0.52523],[0.63071,0.57316],[0.63189,0.57484],[0.63716,0.58086]]]}},{"type":"Feature","properties":{"name":"Latvia","iso3":"LVA","geo_share":0.0004776,"carto_share":0.0001283,"target_share":0.0001489},"geometry":{"type":"Polygon","coordinates":[[[0.64948,1.03891],[0.64666,1.04152],[0.63858,1.04919],[0.63356,1.05315],[0.63076,1.05566],[0.62735,1.05762],[0.62264,1.06064],[0.61804,1.06371],[0.60427,1.07263],[0.59316,1.0797],[0.58728,1.08286],[0.57864,1.08658],[0.57107,1.0946],[0.57435,1.09371],[0.57246,1.09649],[0.57437,1.09666],[0.5871,1.08936],[0.5902,1.08666],[0.60017,1.07884],[0.60455,1.07492],[0.61101,1.07031],[0.61482,1.06802],[0.61849,1.0663],[0.61905,1.06651],[0.61315,1.07264],[0.62197,1.06734],[0.63287,1.05899],[0.63689,1.05542],[0.63919,1.05359],[0.6417,1.05207],[0.64564,1.0491],[0.64972,1.04566],[0.65046,1.04462],[0.65062,1.04333],[0.65168,1.04269],[0.65502,1.03916],[0.65705,1.036],[0.65585,1.03644],[0.65531,1.03536],[0.65172,1.03801],[0.64948,1.03891]]]}},{"type":"Feature","properties":{"name":"Laos","iso3":"LAO","geo_share":0.0017021,"carto_share":0.0005611,"target_share":0.0005306},"geometry":{"type":"Polygon","coordinates":[[[1.33709,0.32313],[1.34521,0.31185],[1.34796,0.30746],[1.34858,0.30968],[1.35095,0.30713],[1.35256,0.30117],[1.35938,0.29499],[1.36836,0.28996],[1.37307,0.29196],[1.38326,0.28762],[1.38014,0.28561],[1.38521,0.28457],[1.39509,0.27956],[1.38974,0.2772],[1.37927,0.28098],[1.38154,0.27927],[1.38043,0.27899],[1.4088,0.26291],[1.4223,0.25579],[1.42393,0.25331],[1.43528,0.24579],[1.44488,0.23704],[1.45969,0.22392],[1.46541,0.21825],[1.46842,0.21343],[1.47125,0.21023],[1.47243,0.21073],[1.47442,0.20838],[1.48127,0.20536],[1.47845,0.20268],[1.48745,0.19859],[1.48415,0.19605],[1.48542,0.19393],[1.47981,0.19193],[1.47704,0.19128],[1.475,0.19295],[1.47416,0.19203],[1.47201,0.19091],[1.47261,0.18909],[1.47117,0.18795],[1.46911,0.18889],[1.46772,0.18816],[1.46657,0.18958],[1.46915,0.19173],[1.46949,0.19563],[1.46791,0.20061],[1.46692,0.20475],[1.46374,0.20787],[1.46243,0.21031],[1.45623,0.21558],[1.44621,0.22608],[1.43744,0.23709],[1.43341,0.24061],[1.42339,0.24765],[1.39928,0.26418],[1.3866,0.27159],[1.38306,0.27313],[1.38489,0.26979],[1.38108,0.2705],[1.36998,0.27782],[1.36765,0.27689],[1.36742,0.27541],[1.36182,0.27011],[1.35855,0.27191],[1.3602,0.27799],[1.35803,0.2821],[1.35768,0.28654],[1.35079,0.29306],[1.3461,0.29567],[1.34154,0.29671],[1.33437,0.30055],[1.33347,0.30287],[1.32488,0.30651],[1.32101,0.30684],[1.3188,0.30863],[1.32263,0.30933],[1.32353,0.31141],[1.32906,0.31215],[1.33355,0.30838],[1.3407,0.3054],[1.33613,0.31305],[1.32952,0.32172],[1.33004,0.32635],[1.33709,0.32313]]]}},{"type":"Feature","properties":{"name":"Kyrgyzstan","iso3":"KGZ","geo_share":0.0014845,"carto_share":0.0004662,"target_share":0.0004627},"geometry":{"type":"Polygon","coordinates":[[[0.83251,0.86141],[0.83364,0.8639],[0.83362,0.86018],[0.83686,0.8725],[0.83725,0.87234],[0.83874,0.87896],[0.83886,0.87798],[0.84271,0.89117],[0.84163,0.89063],[0.84203,0.89704],[0.84136,0.89657],[0.84268,0.90556],[0.83973,0.89322],[0.83897,0.89575],[0.83982,0.90128],[0.83915,0.89973],[0.8394,0.90378],[0.84267,0.91537],[0.84392,0.91918],[0.8435,0.92016],[0.8436,0.92168],[0.84506,0.92874],[0.84653,0.9317],[0.84861,0.93167],[0.85014,0.93009],[0.85027,0.93294],[0.85121,0.93926],[0.8525,0.94279],[0.85327,0.94407],[0.85522,0.94232],[0.85664,0.94254],[0.85715,0.94431],[0.8589,0.94521],[0.86027,0.94631],[0.86069,0.94573],[0.86275,0.94506],[0.86426,0.94473],[0.86687,0.94289],[0.87083,0.93838],[0.87596,0.93648],[0.88285,0.93149],[0.88499,0.92819],[0.87919,0.92887],[0.8792,0.92706],[0.874,0.92663],[0.86758,0.92047],[0.86717,0.91208],[0.86292,0.91193],[0.8592,0.91554],[0.85835,0.91427],[0.85646,0.8956],[0.85298,0.89093],[0.85199,0.89141],[0.85253,0.90367],[0.85068,0.89875],[0.849,0.89767],[0.84806,0.89159],[0.84421,0.87868],[0.84092,0.87034],[0.83767,0.85641],[0.83617,0.84611],[0.83332,0.83659],[0.83131,0.83228],[0.83,0.83245],[0.82922,0.83048],[0.82827,0.82555],[0.82884,0.83106],[0.82805,0.82832],[0.82942,0.83976],[0.82706,0.83274],[0.8276,0.83765],[0.82581,0.83748],[0.82503,0.83581],[0.82602,0.84339],[0.82729,0.8504],[0.82721,0.84846],[0.8285,0.8549],[0.83009,0.85881],[0.83012,0.85389],[0.83251,0.86141]],[[0.83034,0.84936],[0.83181,0.85517],[0.83183,0.8577],[0.83034,0.84936]],[[0.832,0.85131],[0.83271,0.85466],[0.83209,0.85252],[0.832,0.85131]],[[0.82878,0.84519],[0.82939,0.84725],[0.82917,0.84826],[0.82878,0.84519]]]}},{"type":"Feature","properties":{"name":"Kuwait","iso3":"KWT","geo_share":0.000128,"carto_share":5.24e-05,"target_share":3.99e-05},"geometry":{"type":"MultiPolygon","coordinates":[[[[0.68746,0.57247],[0.68914,0.57632],[0.69303,0.58197],[0.69219,0.57896],[0.68746,0.57247]]],[[[0.67603,0.54671],[0.66916,0.53954],[0.67311,0.55097],[0.66826,0.54832],[0.67591,0.56088],[0.68206,0.57114],[0.68536,0.57545],[0.68877,0.57895],[0.69067,0.57971],[0.68648,0.57102],[0.68543,0.57057],[0.68041,0.56352],[0.68245,0.5646],[0.67882,0.55609],[0.67603,0.54671]]]]}},{"type":"Feature","properties":{"name":"Kosovo","iso3":"KOS","geo_share":8.3e-05,"carto_share":1.66e-05,"target_share":2.59e-05},"geometry":{"type":"Polygon","coordinates":[[[0.51803,0.66962],[0.519,0.67169],[0.51958,0.67435],[0.52014,0.67077],[0.52008,0.66423],[0.52046,0.66174],[0.5185,0.6548],[0.51749,0.65258],[0.51739,0.65447],[0.51663,0.65325],[0.51561,0.64872],[0.51555,0.64956],[0.51676,0.65758],[0.5168,0.6612],[0.51686,0.66601],[0.51708,0.66948],[0.51803,0.66962]]]}},{"type":"Feature","properties":{"name":"Kiribati","iso3":"KIR","geo_share":2.7e-06,"carto_share":2.7e-06,"target_share":8e-07},"geometry":{"type":"MultiPolygon","coordinates":[[[[2.62266,0.0038],[2.62142,0.0031],[2.62255,0.00421],[2.62266,0.0038]]],[[[2.61965,0.00111],[2.62053,0.00239],[2.6214,0.00254],[2.61965,0.00111]]],[[[2.62216,-0.02329],[2.62095,-0.02128],[2.62146,-0.0215],[2.62216,-0.02329]]],[[[2.6221,-0.02549],[2.62214,-0.02358],[2.62236,-0.02495],[2.6221,-0.02549]]],[[[2.62188,-0.04084],[2.62024,-0.04383],[2.61995,-0.0437],[2.62188,-0.04084]]],[[[2.63958,-0.0755],[2.63908,-0.07239],[2.63942,-0.07225],[2.63958,-0.0755]]],[[[2.64222,-0.0845],[2.64192,-0.08205],[2.64254,-0.08307],[2.64222,-0.0845]]],[[[2.62131,-0.03338],[2.62332,-0.0323],[2.62358,-0.03275],[2.62131,-0.03338]]],[[[2.56573,-0.08456],[2.56534,-0.08444],[2.56562,-0.08402],[2.56573,-0.08456]]],[[[-2.58953,-0.13514],[-2.58977,-0.13479],[-2.58956,-0.13454],[-2.58953,-0.13514]]],[[[-2.57565,-0.1081],[-2.57577,-0.10798],[-2.57556,-0.10765],[-2.57565,-0.1081]]],[[[-2.57482,-0.1345],[-2.57527,-0.13443],[-2.57516,-0.13407],[-2.57482,-0.1345]]],[[[-2.62369,-0.13709],[-2.62384,-0.13704],[-2.62421,-0.13649],[-2.62369,-0.13709]]],[[[-2.32786,-0.13838],[-2.32872,-0.13753],[-2.32789,-0.13728],[-2.32786,-0.13838]]],[[[-2.25181,-0.2852],[-2.25214,-0.28538],[-2.25236,-0.28425],[-2.25181,-0.2852]]],[[[-2.33804,-0.1674],[-2.33833,-0.16691],[-2.33746,-0.167],[-2.33804,-0.1674]]],[[[-2.37338,-0.01833],[-2.37079,-0.0208],[-2.37453,-0.01962],[-2.37338,-0.01833]]],[[[-2.40408,0.02479],[-2.40288,0.02302],[-2.40313,0.02219],[-2.40408,0.02479]]],[[[-2.58505,-0.10058],[-2.58463,-0.1011],[-2.58454,-0.10182],[-2.58505,-0.10058]]]]}},{"type":"Feature","properties":{"name":"Kenya","iso3":"KEN","geo_share":0.0044301,"carto_share":0.00138,"target_share":0.0013809},"geometry":{"type":"MultiPolygon","coordinates":[[[[0.45045,-0.07394],[0.45197,-0.0714],[0.45227,-0.07259],[0.45045,-0.07394]]],[[[0.4068,-0.07166],[0.40936,-0.05446],[0.41169,-0.04806],[0.41477,-0.04152],[0.41729,-0.03847],[0.41941,-0.03267],[0.42064,-0.02184],[0.42005,-0.01776],[0.41844,-0.01376],[0.41883,-0.00722],[0.41729,-0.00597],[0.4164,-0.00114],[0.42784,0.0156],[0.43138,0.01433],[0.43078,0.00788],[0.43273,0.00395],[0.43913,0.00453],[0.4471,-0.00278],[0.4512,-0.00249],[0.45804,-0.00258],[0.46183,0.00259],[0.47037,0.00909],[0.47325,0.00631],[0.47862,0.00817],[0.472,-0.00153],[0.46781,-0.00667],[0.4539,-0.05231],[0.45712,-0.06262],[0.45718,-0.06489],[0.45546,-0.06815],[0.44995,-0.07134],[0.45005,-0.07447],[0.44665,-0.08111],[0.44417,-0.08161],[0.44224,-0.08426],[0.44041,-0.09483],[0.43754,-0.10117],[0.43694,-0.10525],[0.43308,-0.11928],[0.43031,-0.12388],[0.42326,-0.10714],[0.42281,-0.10384],[0.4241,-0.09668],[0.40766,-0.07201],[0.4068,-0.07166]]]]}},{"type":"Feature","properties":{"name":"Kazakhstan","iso3":"KAZ","geo_share":0.0201935,"carto_share":0.0024636,"target_share":0.002461},"geometry":{"type":"MultiPolygon","coordinates":[[[[0.7748,0.92625],[0.77402,0.9258],[0.77332,0.92788],[0.7748,0.92625]]],[[[0.7755,0.928],[0.7752,0.92906],[0.77594,0.93007],[0.7755,0.928]]],[[[0.79219,0.93572],[0.79166,0.93673],[0.79203,0.93764],[0.79219,0.93572]]],[[[0.8435,0.92016],[0.84228,0.91564],[0.84192,0.91569],[0.84033,0.90972],[0.83879,0.90565],[0.83606,0.89734],[0.83496,0.89265],[0.83193,0.88192],[0.8304,0.87449],[0.82974,0.87409],[0.83033,0.87909],[0.83203,0.88628],[0.83277,0.89084],[0.82936,0.88547],[0.82926,0.88604],[0.83343,0.90563],[0.83191,0.90391],[0.83527,0.92254],[0.83429,0.92024],[0.8341,0.92643],[0.83273,0.9313],[0.83123,0.92849],[0.82732,0.92778],[0.82296,0.92322],[0.82162,0.93248],[0.82137,0.93531],[0.81276,0.94568],[0.8119,0.94584],[0.80193,0.93659],[0.79515,0.8622],[0.79413,0.86124],[0.79407,0.86792],[0.79441,0.88313],[0.79421,0.88855],[0.79325,0.89709],[0.78991,0.89289],[0.78765,0.8869],[0.78448,0.87542],[0.78565,0.8857],[0.78783,0.89624],[0.78883,0.90407],[0.78713,0.90432],[0.78578,0.9025],[0.78467,0.90633],[0.78239,0.90407],[0.78341,0.90982],[0.7825,0.9113],[0.78066,0.91754],[0.77648,0.91772],[0.77619,0.9218],[0.78084,0.92344],[0.78329,0.9223],[0.78575,0.92331],[0.78215,0.92615],[0.7818,0.92835],[0.78413,0.93442],[0.78639,0.93502],[0.79145,0.93551],[0.7947,0.93567],[0.79301,0.93853],[0.79524,0.94882],[0.79425,0.95406],[0.79441,0.95547],[0.79155,0.95918],[0.78817,0.96033],[0.78561,0.95919],[0.78101,0.96164],[0.77654,0.96274],[0.77206,0.96083],[0.7707,0.9608],[0.76779,0.95823],[0.76287,0.95679],[0.76225,0.95457],[0.75802,0.95633],[0.75814,0.95795],[0.76025,0.95868],[0.75835,0.96123],[0.75642,0.96244],[0.75361,0.9617],[0.75278,0.96106],[0.75202,0.9619],[0.75173,0.96354],[0.75031,0.96384],[0.75039,0.96586],[0.75155,0.96743],[0.75045,0.96855],[0.75077,0.97084],[0.75184,0.97183],[0.75169,0.97283],[0.7523,0.97341],[0.75325,0.9733],[0.75615,0.97149],[0.75721,0.97118],[0.75891,0.97207],[0.75713,0.9744],[0.75801,0.97438],[0.76008,0.97545],[0.76053,0.97639],[0.76198,0.97659],[0.76373,0.97723],[0.76549,0.97894],[0.76743,0.97856],[0.76863,0.9779],[0.76987,0.97793],[0.77141,0.97861],[0.77296,0.97862],[0.77458,0.97786],[0.77847,0.97778],[0.78085,0.97687],[0.78308,0.97625],[0.78605,0.9749],[0.78689,0.97414],[0.78763,0.97436],[0.78623,0.97548],[0.78705,0.97562],[0.79238,0.97374],[0.79362,0.97364],[0.79578,0.97512],[0.79801,0.97518],[0.80034,0.97436],[0.80157,0.97519],[0.80387,0.97506],[0.80686,0.97345],[0.80932,0.97321],[0.80983,0.97263],[0.81082,0.97314],[0.81103,0.97421],[0.8125,0.97391],[0.81501,0.97422],[0.81646,0.97526],[0.81669,0.97709],[0.81556,0.97793],[0.81168,0.97837],[0.80944,0.97964],[0.81253,0.98138],[0.81249,0.98188],[0.81109,0.98326],[0.81165,0.98431],[0.81306,0.98456],[0.81545,0.98463],[0.81532,0.98531],[0.81368,0.98562],[0.81164,0.98566],[0.81142,0.98631],[0.81254,0.98674],[0.80994,0.98693],[0.80986,0.98839],[0.81049,0.98881],[0.81326,0.98862],[0.81761,0.98986],[0.81795,0.99021],[0.82104,0.9912],[0.82269,0.99206],[0.82551,0.99267],[0.8264,0.99404],[0.82803,0.99482],[0.82929,0.99508],[0.8349,0.99794],[0.83692,0.99952],[0.83666,0.9999],[0.8379,1.00059],[0.83956,1.00209],[0.84168,1.00287],[0.84458,1.00342],[0.8468,1.00516],[0.84759,1.00483],[0.84901,1.00339],[0.84883,1.0017],[0.84988,1.00205],[0.8527,1.00383],[0.85384,1.00476],[0.85453,1.0039],[0.85544,1.00515],[0.85674,1.00584],[0.85767,1.0059],[0.85885,1.00658],[0.85993,1.0077],[0.86022,1.00733],[0.85896,1.00604],[0.8585,1.00492],[0.85891,1.00462],[0.86109,1.00669],[0.86337,1.00771],[0.86384,1.00862],[0.86564,1.01049],[0.86668,1.01119],[0.86966,1.01425],[0.87276,1.01712],[0.87574,1.01963],[0.87464,1.01782],[0.87346,1.01703],[0.87411,1.01674],[0.87967,1.01882],[0.88044,1.01902],[0.88345,1.01924],[0.88833,1.01943],[0.89077,1.01928],[0.89391,1.02223],[0.89443,1.02331],[0.89768,1.02614],[0.89945,1.02726],[0.89866,1.02606],[0.90111,1.02792],[0.90141,1.02762],[0.90531,1.03063],[0.91009,1.0341],[0.91274,1.03642],[0.91845,1.04062],[0.92389,1.04394],[0.92708,1.04509],[0.93458,1.04975],[0.93443,1.04935],[0.93742,1.05085],[0.93856,1.05164],[0.95091,1.05916],[0.95926,1.06445],[0.95934,1.06426],[0.97995,1.07338],[0.96743,1.06737],[0.96425,1.06547],[0.9652,1.0646],[0.96163,1.06189],[0.94217,1.0508],[0.94057,1.04736],[0.952,1.04616],[0.95044,1.04324],[0.94489,1.04103],[0.93763,1.03586],[0.93356,1.03619],[0.92156,1.03096],[0.90828,1.02457],[0.90525,1.02147],[0.89829,1.00852],[0.89763,0.99854],[0.90317,0.99914],[0.90383,0.99318],[0.89871,0.99337],[0.89394,0.9906],[0.88807,0.99163],[0.87755,0.98223],[0.87047,0.97502],[0.86895,0.97197],[0.86938,0.97099],[0.87289,0.97245],[0.87162,0.96599],[0.87224,0.95983],[0.87456,0.95729],[0.88336,0.94738],[0.87741,0.94477],[0.88131,0.94257],[0.87735,0.94147],[0.87722,0.93973],[0.88285,0.93149],[0.87596,0.93648],[0.87083,0.93838],[0.86687,0.94289],[0.86426,0.94473],[0.86275,0.94506],[0.86069,0.94573],[0.86027,0.94631],[0.8589,0.94521],[0.85715,0.94431],[0.85664,0.94254],[0.85522,0.94232],[0.85327,0.94407],[0.8525,0.94279],[0.85121,0.93926],[0.85027,0.93294],[0.85014,0.93009],[0.84861,0.93167],[0.84653,0.9317],[0.84506,0.92874],[0.8436,0.92168],[0.8435,0.92016]]]]}},{"type":"Feature","properties":{"name":"Jordan","iso3":"JOR","geo_share":0.0006575,"carto_share":0.0003129,"target_share":0.000205},"geometry":{"type":"Polygon","coordinates":[[[0.63297,0.53884],[0.63948,0.55071],[0.6419,0.55694],[0.6541,0.58471],[0.64889,0.57138],[0.64772,0.56789],[0.64861,0.56947],[0.64678,0.5643],[0.64533,0.55994],[0.6336,0.52369],[0.60556,0.47371],[0.59999,0.46533],[0.59437,0.45209],[0.58595,0.42003],[0.57385,0.38232],[0.55539,0.34335],[0.48223,0.28255],[0.48788,0.28532],[0.53329,0.32144],[0.55027,0.34502],[0.58812,0.44261],[0.59698,0.46336],[0.60129,0.46994],[0.61649,0.49544],[0.62502,0.51898],[0.63297,0.53884]]]}},{"type":"Feature","properties":{"name":"Japan","iso3":"JPN","geo_share":0.0027462,"carto_share":0.0350851,"target_share":0.035103},"geometry":{"type":"MultiPolygon","coordinates":[[[[1.82365,0.82887],[1.82257,0.83486],[1.82398,0.83218],[1.82365,0.82887]]],[[[1.88457,0.86057],[1.87226,0.86826],[1.86888,0.87611],[1.87751,0.86847],[1.88345,0.86651],[1.88457,0.86057]]],[[[1.9644,0.59955],[1.95037,0.6133],[1.94834,0.62964],[1.9644,0.59955]]],[[[1.94485,0.4772],[1.94154,0.48096],[1.95209,0.47812],[1.94485,0.4772]]],[[[1.96341,0.47802],[1.95733,0.48325],[1.96076,0.48552],[1.96341,0.47802]]],[[[1.83913,0.54886],[1.82956,0.56089],[1.83541,0.56093],[1.84304,0.55263],[1.83913,0.54886]]],[[[1.78954,0.63307],[1.79153,0.64166],[1.79271,0.6426],[1.78954,0.63307]]],[[[1.79324,0.64425],[1.79552,0.6594],[1.79664,0.65947],[1.79324,0.64425]]],[[[1.78736,0.5795],[1.79447,0.57363],[1.79059,0.57446],[1.78736,0.5795]]],[[[1.84892,0.55491],[1.84107,0.55728],[1.84977,0.55855],[1.84892,0.55491]]],[[[1.73958,1.08266],[1.73801,1.08588],[1.73923,1.08608],[1.73958,1.08266]]],[[[1.7432,1.08053],[1.74123,1.08192],[1.74297,1.08312],[1.7432,1.08053]]],[[[1.77202,0.98507],[1.77412,0.98507],[1.77937,0.97867],[1.77202,0.98507]]],[[[1.92182,0.63552],[1.91322,0.64529],[1.92082,0.64188],[1.92182,0.63552]]],[[[2.11555,0.59928],[2.11397,0.59989],[2.11533,0.60338],[2.11555,0.59928]]],[[[1.79339,0.57911],[1.78978,0.58426],[1.78882,0.59137],[1.79339,0.57911]]],[[[1.79486,0.59579],[1.79306,0.59334],[1.79267,0.60096],[1.79486,0.59579]]],[[[1.79624,0.62542],[1.79415,0.62325],[1.79495,0.62962],[1.79624,0.62542]]],[[[1.87559,0.63667],[1.87198,0.63902],[1.87071,0.644],[1.87559,0.63667]]],[[[1.87961,0.62694],[1.87978,0.62366],[1.8699,0.63318],[1.87961,0.62694]]],[[[1.84542,0.53392],[1.8432,0.53629],[1.84582,0.53589],[1.84542,0.53392]]],[[[2.15935,0.45603],[2.15821,0.458],[2.15965,0.45682],[2.15935,0.45603]]],[[[1.91213,1.05863],[1.94043,1.04553],[1.95676,1.03986],[1.95172,1.05431],[1.9598,1.04835],[1.98453,1.02254],[2.02181,0.98643],[2.02982,0.98567],[2.03142,0.9774],[2.01619,0.97343],[2.00056,0.97945],[1.99009,0.97749],[1.98884,0.96118],[2.00043,0.95144],[1.93942,0.96195],[1.87599,0.97819],[1.85119,0.98014],[1.83925,0.97375],[1.80757,0.98738],[1.79487,0.99018],[1.8005,0.97986],[1.82486,0.96818],[1.83849,0.96599],[1.87989,0.95597],[1.87459,0.95467],[1.85054,0.95643],[1.84865,0.94927],[1.83974,0.947],[1.826,0.95151],[1.81456,0.96271],[1.77515,0.98941],[1.76473,1.00247],[1.76897,1.00656],[1.7667,1.01716],[1.75502,1.02805],[1.77092,1.02294],[1.79829,1.01915],[1.79349,1.0279],[1.77846,1.03933],[1.77425,1.05369],[1.76125,1.07567],[1.74992,1.08391],[1.74995,1.08922],[1.75524,1.09303],[1.77825,1.09167],[1.80226,1.08825],[1.85357,1.07685],[1.89316,1.06313],[1.91213,1.05863]]],[[[1.85619,0.61899],[1.85995,0.62193],[1.87217,0.6099],[1.8753,0.59633],[1.89211,0.58903],[1.92195,0.5573],[1.9238,0.54731],[1.94482,0.51743],[1.95665,0.50074],[1.93997,0.50372],[1.94845,0.49739],[1.93296,0.49312],[1.92885,0.50033],[1.8975,0.52075],[1.90207,0.51148],[1.91982,0.49967],[1.88903,0.51082],[1.88046,0.52137],[1.86381,0.53085],[1.85124,0.5433],[1.85736,0.54934],[1.85555,0.56259],[1.82775,0.58858],[1.81694,0.58948],[1.82658,0.57503],[1.83809,0.56742],[1.82414,0.57155],[1.81961,0.56429],[1.81715,0.57044],[1.80312,0.58732],[1.81937,0.57566],[1.81093,0.58488],[1.79668,0.59664],[1.79646,0.60371],[1.81175,0.62433],[1.81137,0.63789],[1.81585,0.64542],[1.82554,0.64156],[1.83725,0.6276],[1.85619,0.61899]]],[[[1.95385,0.60716],[1.98594,0.56451],[1.98329,0.5544],[1.99385,0.53494],[1.97529,0.55069],[1.95679,0.56353],[1.95082,0.55994],[1.96952,0.53278],[1.96,0.53525],[1.95474,0.54168],[1.94371,0.54806],[1.9178,0.57659],[1.90413,0.59082],[1.89554,0.59124],[1.89778,0.6068],[1.88796,0.62672],[1.89076,0.63025],[1.90435,0.61541],[1.91791,0.61357],[1.90994,0.63004],[1.9183,0.63331],[1.95385,0.60716]]],[[[1.90828,0.94893],[1.91892,0.94949],[1.93031,0.94568],[1.96256,0.93729],[2.00585,0.92855],[2.0396,0.91107],[2.06015,0.89245],[2.07148,0.87777],[2.0664,0.87414],[2.08374,0.84812],[2.06774,0.84878],[2.07732,0.83163],[2.10333,0.80593],[2.11822,0.77683],[2.11763,0.7671],[2.12341,0.74311],[2.13429,0.71073],[2.1437,0.68743],[2.1372,0.66643],[2.13688,0.64874],[2.12607,0.61802],[2.1236,0.61881],[2.12331,0.64121],[2.1278,0.66347],[2.11778,0.67089],[2.11692,0.64807],[2.11958,0.62786],[2.11338,0.63759],[2.10658,0.63462],[2.1058,0.6196],[2.1073,0.60216],[2.10209,0.58852],[2.09826,0.60908],[2.08789,0.61787],[2.08618,0.58316],[2.06425,0.58899],[2.04968,0.58857],[2.04862,0.60206],[2.02868,0.61294],[2.01005,0.64129],[2.00677,0.63665],[2.01949,0.60785],[2.04959,0.5795],[2.05301,0.57234],[2.03856,0.56793],[2.04154,0.5394],[2.03565,0.53637],[2.02551,0.53893],[1.99969,0.56227],[1.97168,0.60086],[1.97069,0.61552],[1.95781,0.63237],[1.94395,0.63747],[1.92149,0.65866],[1.90397,0.66322],[1.90446,0.65018],[1.88953,0.65131],[1.88559,0.64425],[1.87086,0.64832],[1.8567,0.66408],[1.85685,0.65465],[1.87285,0.62665],[1.84722,0.64822],[1.83254,0.64591],[1.82095,0.64902],[1.81382,0.671],[1.81438,0.68292],[1.82107,0.68595],[1.82434,0.71611],[1.82802,0.79153],[1.83181,0.7945],[1.83556,0.78458],[1.85191,0.78003],[1.85433,0.78513],[1.87111,0.77994],[1.89385,0.74547],[1.91207,0.73032],[1.91101,0.75102],[1.88782,0.78181],[1.86925,0.83446],[1.85196,0.85759],[1.84979,0.86298],[1.85818,0.86299],[1.86162,0.8598],[1.85854,0.85419],[1.87704,0.83486],[1.89745,0.82199],[1.89351,0.8322],[1.92284,0.82988],[1.92197,0.84227],[1.91358,0.85287],[1.93176,0.85811],[1.91328,0.87367],[1.91293,0.88209],[1.89948,0.90031],[1.88701,0.90931],[1.86613,0.91378],[1.8625,0.92602],[1.85028,0.93191],[1.86228,0.93709],[1.85825,0.94435],[1.8734,0.94513],[1.88714,0.94134],[1.91977,0.94262],[1.9195,0.94583],[1.90828,0.94756],[1.88618,0.94524],[1.88143,0.9506],[1.90828,0.94893]]],[[[1.9353,0.38989],[1.93296,0.39348],[1.93375,0.39364],[1.9353,0.38989]]],[[[1.93336,0.38867],[1.93136,0.39003],[1.93032,0.39444],[1.93336,0.38867]]],[[[1.9426,0.39689],[1.94083,0.39741],[1.93902,0.40159],[1.9426,0.39689]]],[[[1.95478,0.4297],[1.95256,0.42714],[1.95308,0.42085],[1.94918,0.42779],[1.95132,0.43053],[1.95126,0.43426],[1.95478,0.4297]]],[[[1.9501,0.44644],[1.9482,0.44924],[1.95181,0.44656],[1.9501,0.44644]]],[[[1.95355,0.45075],[1.94714,0.4536],[1.95531,0.45374],[1.95355,0.45075]]],[[[1.95352,0.45018],[1.95109,0.45094],[1.94872,0.45255],[1.95352,0.45018]]],[[[2.11902,0.56952],[2.11844,0.57047],[2.11983,0.57107],[2.11902,0.56952]]]]}},{"type":"Feature","properties":{"name":"Jamaica","iso3":"JAM","geo_share":8.11e-05,"carto_share":3.44e-05,"target_share":2.53e-05},"geometry":{"type":"Polygon","coordinates":[[[-1.02798,0.12882],[-1.02339,0.12677],[-1.02281,0.12375],[-1.02635,0.12279],[-1.02915,0.12374],[-1.03145,0.1226],[-1.03349,0.12011],[-1.03456,0.12135],[-1.03864,0.12113],[-1.04054,0.12454],[-1.04325,0.12452],[-1.04122,0.12759],[-1.03695,0.12888],[-1.02798,0.12882]]]}},{"type":"Feature","properties":{"name":"Italy","iso3":"ITA","geo_share":0.0022369,"carto_share":0.020849,"target_share":0.0208631},"geometry":{"type":"MultiPolygon","coordinates":[[[[0.11384,0.5536],[0.11984,0.54944],[0.14188,0.55514],[0.15646,0.55129],[0.17821,0.5723],[0.17599,0.58081],[0.1954,0.60156],[0.19925,0.58329],[0.22383,0.55729],[0.23273,0.57564],[0.25214,0.6001],[0.25572,0.61726],[0.26659,0.62093],[0.26948,0.60739],[0.29502,0.62121],[0.30446,0.61766],[0.30835,0.64486],[0.32544,0.6474],[0.32956,0.67151],[0.35564,0.67399],[0.36658,0.68693],[0.39156,0.69351],[0.41027,0.70224],[0.4089,0.6951],[0.41832,0.68658],[0.4725,0.68629],[0.46422,0.68037],[0.47117,0.6813],[0.46682,0.67736],[0.46784,0.67436],[0.474,0.67694],[0.47082,0.67353],[0.46918,0.67442],[0.45239,0.66228],[0.44305,0.65293],[0.41559,0.63287],[0.40348,0.62617],[0.39899,0.61704],[0.41313,0.61778],[0.39315,0.5987],[0.39111,0.58488],[0.40439,0.59084],[0.44087,0.61443],[0.44071,0.60647],[0.43032,0.58417],[0.43062,0.5799],[0.44182,0.58139],[0.44989,0.58824],[0.47836,0.62477],[0.47817,0.61896],[0.46518,0.59804],[0.46055,0.58575],[0.48295,0.59907],[0.48574,0.59311],[0.49025,0.59104],[0.48853,0.57709],[0.48292,0.55945],[0.47128,0.53472],[0.46991,0.53609],[0.47718,0.55733],[0.46819,0.54755],[0.46583,0.55164],[0.45422,0.53718],[0.41039,0.47603],[0.40601,0.4658],[0.42246,0.47251],[0.41219,0.45234],[0.3919,0.4311],[0.3793,0.41607],[0.37223,0.40188],[0.35941,0.38828],[0.34622,0.3702],[0.33523,0.36368],[0.33503,0.37177],[0.34285,0.3801],[0.35329,0.39889],[0.36385,0.40679],[0.36523,0.42405],[0.36329,0.43782],[0.34324,0.42228],[0.3311,0.41622],[0.33872,0.42592],[0.3398,0.43447],[0.31443,0.41136],[0.32615,0.42403],[0.31254,0.41533],[0.3143,0.42789],[0.29311,0.41253],[0.28474,0.4056],[0.27405,0.40521],[0.26667,0.41516],[0.26037,0.41639],[0.25909,0.4228],[0.24843,0.42206],[0.23341,0.43319],[0.22603,0.43124],[0.22939,0.43826],[0.22801,0.44976],[0.23433,0.46471],[0.23004,0.46819],[0.21874,0.46447],[0.20708,0.46714],[0.19081,0.4652],[0.1828,0.45926],[0.16483,0.43684],[0.14814,0.42972],[0.15312,0.44311],[0.14363,0.44553],[0.13021,0.4554],[0.12369,0.46914],[0.12774,0.47935],[0.1153,0.49365],[0.10915,0.50656],[0.12418,0.50946],[0.12582,0.51842],[0.10724,0.54042],[0.11384,0.5536]],[[0.28135,0.4233],[0.28127,0.42348],[0.28098,0.42305],[0.28135,0.4233]],[[0.38689,0.57375],[0.3917,0.58007],[0.38203,0.57069],[0.38689,0.57375]]],[[[0.2108,0.41989],[0.211,0.42175],[0.21883,0.42429],[0.2108,0.41989]]],[[[0.29807,0.40154],[0.29937,0.40387],[0.30245,0.40556],[0.29807,0.40154]]],[[[0.20076,0.27691],[0.19878,0.27696],[0.19903,0.27801],[0.20076,0.27691]]],[[[0.31652,0.34867],[0.30706,0.33203],[0.30653,0.31882],[0.29396,0.30473],[0.27214,0.2958],[0.26181,0.29901],[0.25248,0.29539],[0.22464,0.30083],[0.21865,0.2988],[0.2163,0.30536],[0.22347,0.31594],[0.23139,0.32415],[0.23285,0.32044],[0.24449,0.33157],[0.25076,0.33453],[0.25899,0.33233],[0.29148,0.34837],[0.3058,0.35894],[0.31591,0.36221],[0.33548,0.37512],[0.31652,0.34867]]],[[[0.2097,0.36486],[0.20354,0.35548],[0.20437,0.34941],[0.19273,0.3218],[0.18614,0.31328],[0.17499,0.31245],[0.16821,0.30223],[0.1626,0.30195],[0.15664,0.30978],[0.15562,0.31951],[0.15994,0.33324],[0.15523,0.3363],[0.1572,0.35115],[0.14833,0.36324],[0.14999,0.37167],[0.16133,0.37155],[0.17098,0.37566],[0.18706,0.3854],[0.20325,0.38018],[0.2097,0.36486]]],[[[0.15839,0.30543],[0.15712,0.30281],[0.15559,0.30705],[0.15839,0.30543]]],[[[0.15114,0.37394],[0.15193,0.37666],[0.15429,0.37717],[0.15114,0.37394]]]]}},{"type":"Feature","properties":{"name":"Israel","iso3":"ISR","geo_share":0.0001682,"carto_share":0.0048008,"target_share":0.0050094},"geometry":{"type":"Polygon","coordinates":[[[0.6338,0.5701],[0.63313,0.56884],[0.63445,0.55805],[0.63297,0.53884],[0.62502,0.51898],[0.61649,0.49544],[0.60068,0.47512],[0.59685,0.46928],[0.59072,0.46147],[0.58762,0.45475],[0.59502,0.46148],[0.57505,0.43662],[0.55714,0.41929],[0.57919,0.43362],[0.59698,0.46336],[0.58812,0.44261],[0.55027,0.34502],[0.53329,0.32144],[0.48788,0.28532],[0.48022,0.28251],[0.46904,0.29062],[0.4542,0.34961],[0.49329,0.40181],[0.49023,0.40243],[0.53955,0.44266],[0.5898,0.52523],[0.61527,0.54584],[0.62263,0.55879],[0.6338,0.5701]]]}},{"type":"Feature","properties":{"name":"Palestine","iso3":"PSE","geo_share":4.69e-05,"carto_share":0.0001424,"target_share":1.46e-05},"geometry":{"type":"MultiPolygon","coordinates":[[[[0.49023,0.40243],[0.49329,0.40181],[0.4542,0.34961],[0.45566,0.35748],[0.49023,0.40243]]],[[[0.59698,0.46336],[0.57919,0.43362],[0.55714,0.41929],[0.57505,0.43662],[0.59502,0.46148],[0.58762,0.45475],[0.59072,0.46147],[0.59685,0.46928],[0.60068,0.47512],[0.61649,0.49544],[0.60129,0.46994],[0.59698,0.46336]]]]}},{"type":"Feature","properties":{"name":"Ireland","iso3":"IRL","geo_share":0.0005121,"carto_share":0.0058104,"target_share":0.0058133},"geometry":{"type":"MultiPolygon","coordinates":[[[[-0.35654,1.03126],[-0.35817,1.03838],[-0.35587,1.03836],[-0.35654,1.03126]]],[[[-0.25519,1.02345],[-0.25939,1.01528],[-0.2583,0.98227],[-0.26207,0.92889],[-0.26814,0.89508],[-0.27233,0.87493],[-0.27116,0.86924],[-0.28906,0.85191],[-0.29093,0.84377],[-0.31094,0.82962],[-0.32112,0.83363],[-0.33365,0.84563],[-0.33192,0.85291],[-0.3419,0.86059],[-0.33612,0.86733],[-0.34444,0.87152],[-0.35123,0.88569],[-0.34849,0.89743],[-0.35535,0.9059],[-0.35446,0.91301],[-0.34656,0.90267],[-0.35114,0.91809],[-0.34679,0.92505],[-0.32835,0.92045],[-0.33492,0.93087],[-0.33821,0.92382],[-0.34741,0.93264],[-0.35317,0.9318],[-0.34776,0.94236],[-0.34554,0.96605],[-0.33725,0.97029],[-0.34983,0.97957],[-0.35579,0.99493],[-0.35981,0.99705],[-0.35995,1.0069],[-0.3545,1.01101],[-0.35674,1.0202],[-0.35125,1.03198],[-0.35618,1.02997],[-0.35376,1.04649],[-0.35449,1.05527],[-0.34429,1.06325],[-0.3293,1.05614],[-0.33109,1.06495],[-0.32094,1.07469],[-0.31781,1.08443],[-0.32625,1.08327],[-0.33215,1.08806],[-0.32213,1.10228],[-0.31661,1.11846],[-0.30086,1.12652],[-0.29766,1.1227],[-0.28971,1.13114],[-0.28216,1.1223],[-0.28903,1.11457],[-0.29375,1.11077],[-0.29971,1.09148],[-0.31053,1.08517],[-0.30626,1.08027],[-0.31788,1.06623],[-0.30918,1.04656],[-0.29213,1.03274],[-0.28221,1.05553],[-0.26794,1.02207],[-0.25519,1.02345]]]]}},{"type":"Feature","properties":{"name":"Iraq","iso3":"IRQ","geo_share":0.0032591,"carto_share":0.0010044,"target_share":0.0010159},"geometry":{"type":"Polygon","coordinates":[[[0.69782,0.64765],[0.70645,0.66216],[0.71012,0.66548],[0.71327,0.66564],[0.71673,0.66941],[0.71986,0.67549],[0.72034,0.6739],[0.71843,0.66752],[0.72362,0.67832],[0.72446,0.67906],[0.72017,0.66479],[0.72016,0.66305],[0.71809,0.65677],[0.71891,0.6558],[0.72107,0.65786],[0.71793,0.65124],[0.71603,0.64528],[0.71071,0.63733],[0.7088,0.63368],[0.7061,0.63012],[0.70489,0.6269],[0.70249,0.6235],[0.7026,0.62046],[0.70378,0.62144],[0.70319,0.61779],[0.7009,0.61367],[0.7029,0.61505],[0.70585,0.61368],[0.70771,0.61488],[0.70709,0.61223],[0.70752,0.60996],[0.70308,0.60315],[0.69954,0.59694],[0.70322,0.60047],[0.69775,0.59121],[0.69949,0.59139],[0.6978,0.58633],[0.69345,0.58305],[0.69067,0.57971],[0.68877,0.57895],[0.68536,0.57545],[0.68206,0.57114],[0.67591,0.56088],[0.66826,0.54832],[0.66657,0.54616],[0.65413,0.5354],[0.65468,0.55176],[0.65437,0.55866],[0.65051,0.5661],[0.64678,0.5643],[0.64861,0.56947],[0.64772,0.56789],[0.64889,0.57138],[0.6541,0.58471],[0.66674,0.60096],[0.66882,0.60313],[0.6717,0.60752],[0.67419,0.61264],[0.67699,0.61682],[0.67822,0.62037],[0.68049,0.6244],[0.68246,0.62707],[0.6864,0.63076],[0.69782,0.64765]]]}},{"type":"Feature","properties":{"name":"Iran","iso3":"IRN","geo_share":0.0120926,"carto_share":0.0029224,"target_share":0.0029241},"geometry":{"type":"MultiPolygon","coordinates":[[[[0.75237,0.59821],[0.74481,0.59207],[0.7443,0.59278],[0.75357,0.60122],[0.75237,0.59821]]],[[[0.77163,0.73591],[0.77298,0.73781],[0.7764,0.7463],[0.77816,0.75324],[0.77996,0.7593],[0.78248,0.76633],[0.78394,0.76692],[0.78544,0.77228],[0.78721,0.77308],[0.78642,0.76752],[0.78761,0.76459],[0.78786,0.76209],[0.78924,0.76435],[0.78991,0.76185],[0.78916,0.75497],[0.78978,0.75172],[0.78925,0.74541],[0.79182,0.7479],[0.78829,0.72686],[0.78601,0.71607],[0.78378,0.70701],[0.78254,0.70398],[0.78243,0.70039],[0.78151,0.69979],[0.78024,0.69557],[0.77884,0.68716],[0.7799,0.68506],[0.77755,0.6782],[0.77632,0.66288],[0.77488,0.65043],[0.77792,0.64793],[0.77811,0.6428],[0.77768,0.6389],[0.77304,0.62441],[0.77462,0.6148],[0.77589,0.60285],[0.77706,0.59698],[0.77904,0.59276],[0.78093,0.58694],[0.78201,0.57228],[0.78213,0.56784],[0.78404,0.56567],[0.78498,0.56236],[0.78524,0.553],[0.78218,0.55478],[0.78175,0.55123],[0.78056,0.55066],[0.78056,0.53864],[0.7798,0.5177],[0.77874,0.51367],[0.77678,0.52392],[0.77666,0.53136],[0.77598,0.52589],[0.77371,0.5314],[0.77337,0.53557],[0.77192,0.53265],[0.77145,0.54055],[0.76997,0.54289],[0.76867,0.55015],[0.76537,0.55916],[0.76176,0.58416],[0.75978,0.59701],[0.75829,0.60094],[0.75472,0.60369],[0.7485,0.5998],[0.74561,0.59547],[0.74444,0.59492],[0.73865,0.58735],[0.73526,0.58361],[0.73284,0.58418],[0.72652,0.57828],[0.72671,0.58117],[0.72226,0.58079],[0.72385,0.58555],[0.72071,0.58445],[0.71546,0.57933],[0.71414,0.58083],[0.71954,0.59216],[0.71865,0.59283],[0.72097,0.59716],[0.7192,0.5964],[0.72158,0.60183],[0.72011,0.60651],[0.72084,0.61034],[0.71338,0.60168],[0.70965,0.60131],[0.71317,0.60611],[0.70773,0.59971],[0.7056,0.59549],[0.6978,0.58633],[0.69949,0.59139],[0.69775,0.59121],[0.70322,0.60047],[0.69954,0.59694],[0.70308,0.60315],[0.70752,0.60996],[0.70709,0.61223],[0.70771,0.61488],[0.70585,0.61368],[0.7029,0.61505],[0.7009,0.61367],[0.70319,0.61779],[0.70378,0.62144],[0.7026,0.62046],[0.70249,0.6235],[0.70489,0.6269],[0.7061,0.63012],[0.7088,0.63368],[0.71071,0.63733],[0.71603,0.64528],[0.71793,0.65124],[0.72107,0.65786],[0.71891,0.6558],[0.71809,0.65677],[0.72016,0.66305],[0.72017,0.66479],[0.72446,0.67906],[0.72639,0.68472],[0.72651,0.68788],[0.73,0.70113],[0.72937,0.7053],[0.73625,0.72967],[0.73573,0.72983],[0.74056,0.75317],[0.74396,0.78106],[0.74638,0.78343],[0.7498,0.80231],[0.74961,0.79448],[0.74735,0.77264],[0.74594,0.76063],[0.74561,0.75414],[0.7462,0.7546],[0.74838,0.76347],[0.75294,0.78214],[0.75352,0.78333],[0.75217,0.77204],[0.7512,0.76862],[0.74895,0.75574],[0.74738,0.74961],[0.74525,0.7328],[0.74634,0.7342],[0.74215,0.71295],[0.74097,0.70529],[0.7415,0.70075],[0.74455,0.70124],[0.74444,0.69215],[0.74677,0.68953],[0.75064,0.6921],[0.75384,0.69622],[0.7645,0.71573],[0.76801,0.72081],[0.76929,0.72506],[0.77163,0.73591]]]]}},{"type":"Feature","properties":{"name":"Indonesia","iso3":"IDN","geo_share":0.0138028,"carto_share":0.011811,"target_share":0.0118375},"geometry":{"type":"MultiPolygon","coordinates":[[[[1.24083,-0.08107],[1.24321,-0.10049],[1.24244,-0.10116],[1.23999,-0.08772],[1.23837,-0.08112],[1.23665,-0.05657],[1.23858,-0.05041],[1.24083,-0.08107]]],[[[1.31657,-0.23387],[1.30841,-0.22527],[1.28985,-0.20095],[1.28489,-0.19206],[1.28654,-0.19299],[1.29989,-0.21186],[1.32021,-0.23652],[1.31657,-0.23387]]],[[[1.82284,-0.36801],[1.81992,-0.37016],[1.81239,-0.36973],[1.81626,-0.3679],[1.81816,-0.36285],[1.82536,-0.35779],[1.82928,-0.36002],[1.82284,-0.36801]]],[[[1.81133,-0.36057],[1.81246,-0.3634],[1.8048,-0.36775],[1.80192,-0.3709],[1.79781,-0.36614],[1.79432,-0.366],[1.79385,-0.36252],[1.80228,-0.36176],[1.80574,-0.3595],[1.81133,-0.36057]]],[[[1.68558,-0.3262],[1.67898,-0.33007],[1.67911,-0.33155],[1.69565,-0.32706],[1.67976,-0.33402],[1.67839,-0.33557],[1.65505,-0.33959],[1.65911,-0.33689],[1.65864,-0.33543],[1.64855,-0.33716],[1.62588,-0.3411],[1.64441,-0.33687],[1.64807,-0.33545],[1.66469,-0.3309],[1.68707,-0.32421],[1.68558,-0.3262]]],[[[1.93049,-0.25451],[1.92999,-0.26069],[1.9286,-0.25911],[1.9267,-0.26937],[1.92894,-0.2712],[1.92623,-0.27431],[1.92352,-0.28119],[1.92131,-0.27837],[1.92426,-0.27016],[1.92672,-0.25635],[1.92814,-0.25232],[1.93049,-0.25451]]],[[[1.92152,-0.27463],[1.91861,-0.2734],[1.92058,-0.26732],[1.92112,-0.2603],[1.92507,-0.25654],[1.92491,-0.26371],[1.92152,-0.27463]]],[[[1.76933,0.01734],[1.76245,0.02247],[1.74377,0.03824],[1.7434,0.03994],[1.75841,0.02822],[1.76933,0.01734]]],[[[1.72987,-0.31837],[1.72243,-0.32227],[1.72165,-0.32138],[1.71081,-0.32664],[1.71962,-0.31973],[1.72762,-0.31416],[1.73984,-0.30822],[1.74061,-0.3101],[1.72987,-0.31837]]],[[[2.09635,-0.16226],[2.10264,-0.16364],[2.10817,-0.17189],[2.10484,-0.17458],[2.10148,-0.17241],[2.10064,-0.1659],[2.09929,-0.16725],[2.09635,-0.16226]]],[[[2.09657,-0.18231],[2.10606,-0.18414],[2.11464,-0.18787],[2.10656,-0.18919],[2.09675,-0.18387],[2.09657,-0.18231]]],[[[2.04175,-0.14961],[2.04769,-0.153],[2.0476,-0.15764],[2.04446,-0.15737],[2.03931,-0.1513],[2.04309,-0.15845],[2.04029,-0.15585],[2.03429,-0.1538],[2.03503,-0.15149],[2.04175,-0.14961]]],[[[2.01028,-0.10567],[2.00963,-0.09988],[2.01131,-0.09588],[2.01501,-0.09266],[2.01593,-0.09535],[2.01357,-0.104],[2.01028,-0.10567]]],[[[2.00293,-0.18655],[1.99634,-0.18728],[1.99428,-0.1856],[1.99823,-0.17863],[2.00428,-0.18416],[2.00293,-0.18655]]],[[[1.97372,-0.2036],[1.97292,-0.19633],[1.97479,-0.19481],[1.97499,-0.20246],[1.97372,-0.2036]]],[[[1.97974,-0.19042],[1.9745,-0.19279],[1.96755,-0.19365],[1.96898,-0.19062],[1.97974,-0.19042]]],[[[1.96631,-0.19097],[1.96194,-0.19409],[1.95975,-0.19316],[1.95406,-0.19592],[1.95417,-0.18901],[1.95798,-0.18767],[1.96631,-0.19097]]],[[[2.0153,-0.32376],[2.01359,-0.32075],[2.01851,-0.31069],[2.02586,-0.30095],[2.02414,-0.30874],[2.02196,-0.31345],[2.0153,-0.32376]]],[[[1.96094,-0.32973],[1.95601,-0.33601],[1.95304,-0.33524],[1.94984,-0.33815],[1.95288,-0.32997],[1.95498,-0.33066],[1.95991,-0.32603],[1.96094,-0.32973]]],[[[1.9431,-0.34316],[1.94243,-0.34589],[1.93565,-0.34794],[1.93608,-0.3428],[1.9431,-0.34316]]],[[[2.04371,-0.17695],[2.04129,-0.17529],[2.04009,-0.16944],[2.0432,-0.16806],[2.04553,-0.1696],[2.04371,-0.17695]]],[[[1.28729,0.06096],[1.29179,0.06282],[1.30378,0.06453],[1.30559,0.06061],[1.30337,0.05718],[1.30352,0.05461],[1.2979,0.04954],[1.30079,0.04847],[1.29888,0.04604],[1.30125,0.04483],[1.29969,0.04039],[1.26883,0.00782],[1.25989,-0.01098],[1.27223,0.01153],[1.27618,0.01577],[1.26531,-0.0011],[1.25436,-0.0294],[1.25336,-0.03482],[1.25016,-0.07407],[1.25653,-0.11071],[1.27514,-0.15286],[1.31537,-0.20563],[1.3947,-0.27674],[1.36098,-0.25903],[1.39059,-0.27904],[1.43348,-0.29561],[1.47464,-0.3119],[1.54127,-0.33572],[1.50609,-0.32918],[1.51099,-0.33068],[1.53906,-0.33648],[1.57666,-0.34048],[1.58948,-0.34077],[1.59515,-0.3429],[1.60917,-0.34302],[1.59662,-0.34443],[1.59859,-0.34513],[1.61555,-0.34355],[1.63409,-0.34122],[1.64152,-0.34046],[1.65184,-0.34186],[1.64061,-0.34547],[1.63412,-0.34818],[1.63596,-0.34858],[1.62849,-0.35129],[1.62345,-0.35687],[1.61766,-0.36144],[1.61137,-0.36221],[1.6042,-0.36027],[1.59512,-0.36128],[1.58143,-0.35905],[1.58189,-0.36169],[1.57919,-0.36161],[1.56239,-0.35675],[1.55433,-0.35388],[1.51842,-0.345],[1.50113,-0.33961],[1.47857,-0.33093],[1.44802,-0.31892],[1.42661,-0.30824],[1.41479,-0.30231],[1.3899,-0.28754],[1.383,-0.2825],[1.34217,-0.25074],[1.3146,-0.22275],[1.28395,-0.18075],[1.26667,-0.14942],[1.2563,-0.12789],[1.24479,-0.05099],[1.24803,-0.02707],[1.25018,-0.01207],[1.2502,-0.00819],[1.25935,0.01173],[1.26009,0.015],[1.26802,0.03078],[1.26835,0.03311],[1.26553,0.03349],[1.26544,0.04843],[1.26626,0.05688],[1.26899,0.06202],[1.27214,0.06373],[1.27812,0.06321],[1.28051,0.06035],[1.28729,0.06096]]],[[[1.90872,-0.35412],[1.90331,-0.35491],[1.89637,-0.3585],[1.89355,-0.3572],[1.88775,-0.36018],[1.88192,-0.35851],[1.87621,-0.35892],[1.87278,-0.36098],[1.87233,-0.35806],[1.87534,-0.35279],[1.88046,-0.34902],[1.88578,-0.34724],[1.89518,-0.3525],[1.90294,-0.34927],[1.90625,-0.35233],[1.90875,-0.35168],[1.912,-0.34753],[1.91798,-0.34203],[1.91778,-0.34578],[1.91473,-0.35058],[1.90872,-0.35412]]],[[[1.87361,-0.37579],[1.87635,-0.37597],[1.87904,-0.38276],[1.87643,-0.38629],[1.87256,-0.38832],[1.86901,-0.38676],[1.86721,-0.38249],[1.86363,-0.37923],[1.8567,-0.37871],[1.85582,-0.37535],[1.85975,-0.37247],[1.86825,-0.37143],[1.87069,-0.36963],[1.87361,-0.37579]]],[[[1.85265,-0.35507],[1.85776,-0.35271],[1.85838,-0.35508],[1.86283,-0.35286],[1.86286,-0.35899],[1.85232,-0.36389],[1.85192,-0.3608],[1.84817,-0.36424],[1.82964,-0.37139],[1.82597,-0.37043],[1.82985,-0.36227],[1.83601,-0.35841],[1.84161,-0.35834],[1.84331,-0.36282],[1.85033,-0.35961],[1.84581,-0.3561],[1.8462,-0.35261],[1.85164,-0.35097],[1.85265,-0.35507]]],[[[1.9642,-0.1301],[1.95773,-0.14105],[1.94929,-0.14485],[1.94342,-0.1447],[1.94135,-0.1415],[1.93207,-0.14186],[1.92712,-0.14292],[1.92257,-0.14179],[1.91795,-0.14311],[1.91452,-0.14158],[1.91057,-0.14316],[1.9081,-0.15005],[1.90691,-0.1593],[1.90782,-0.17089],[1.90943,-0.17691],[1.91169,-0.18002],[1.91253,-0.18748],[1.91592,-0.18769],[1.92214,-0.17435],[1.92677,-0.17541],[1.93057,-0.17094],[1.93742,-0.17001],[1.93696,-0.16788],[1.94113,-0.16538],[1.94345,-0.16693],[1.94264,-0.17491],[1.939,-0.17241],[1.93598,-0.17483],[1.93153,-0.1836],[1.92688,-0.18963],[1.92332,-0.19242],[1.92134,-0.1965],[1.9182,-0.19649],[1.91742,-0.19906],[1.92131,-0.20678],[1.92272,-0.21575],[1.92456,-0.21898],[1.925,-0.22538],[1.92249,-0.23483],[1.92813,-0.24499],[1.92781,-0.25028],[1.91907,-0.25542],[1.91791,-0.26128],[1.91607,-0.26283],[1.91284,-0.26133],[1.91235,-0.25735],[1.91515,-0.24598],[1.91254,-0.24251],[1.90958,-0.23516],[1.91183,-0.22642],[1.91245,-0.21562],[1.90948,-0.21616],[1.90617,-0.22125],[1.90487,-0.22543],[1.90526,-0.23159],[1.90457,-0.23944],[1.90241,-0.24834],[1.9008,-0.26065],[1.89684,-0.27345],[1.89646,-0.28375],[1.89116,-0.28476],[1.88787,-0.28834],[1.88536,-0.28293],[1.89316,-0.2584],[1.89509,-0.24912],[1.89542,-0.23672],[1.89059,-0.23935],[1.8902,-0.23118],[1.89139,-0.22241],[1.89569,-0.21536],[1.89734,-0.20724],[1.89923,-0.20209],[1.89983,-0.18993],[1.90193,-0.17765],[1.90392,-0.17189],[1.90525,-0.17634],[1.90381,-0.15663],[1.90531,-0.15332],[1.90464,-0.14837],[1.9071,-0.13754],[1.90978,-0.13118],[1.91232,-0.13491],[1.91609,-0.12476],[1.91802,-0.12403],[1.92238,-0.12672],[1.92424,-0.12992],[1.92733,-0.12952],[1.93391,-0.13101],[1.93926,-0.13429],[1.94398,-0.1326],[1.95091,-0.13407],[1.95644,-0.13003],[1.96353,-0.12028],[1.96639,-0.11513],[1.96938,-0.11922],[1.9642,-0.1301]]],[[[1.66775,-0.36395],[1.68399,-0.36232],[1.68775,-0.36371],[1.68884,-0.36652],[1.70384,-0.36519],[1.70956,-0.36377],[1.7164,-0.36357],[1.72961,-0.36165],[1.73432,-0.35924],[1.74089,-0.35414],[1.74591,-0.35246],[1.74702,-0.35498],[1.75452,-0.35279],[1.76214,-0.35378],[1.77015,-0.352],[1.76918,-0.35604],[1.77108,-0.3566],[1.76888,-0.36008],[1.77565,-0.36074],[1.78463,-0.35869],[1.79083,-0.35636],[1.79504,-0.35737],[1.79506,-0.35915],[1.79029,-0.36703],[1.7911,-0.3721],[1.77779,-0.37001],[1.77134,-0.36854],[1.76012,-0.37189],[1.75047,-0.37241],[1.73924,-0.37412],[1.72238,-0.37524],[1.71218,-0.37408],[1.69596,-0.37429],[1.68313,-0.37523],[1.67511,-0.37715],[1.66283,-0.37727],[1.64866,-0.3757],[1.6271,-0.37506],[1.63073,-0.37235],[1.616,-0.37049],[1.59651,-0.36997],[1.60071,-0.36858],[1.60348,-0.36963],[1.60972,-0.36721],[1.61351,-0.3672],[1.61726,-0.36467],[1.62417,-0.36325],[1.64533,-0.36451],[1.65326,-0.36259],[1.66076,-0.36265],[1.66775,-0.36395]]],[[[1.86894,-0.04782],[1.86861,-0.05034],[1.87292,-0.06228],[1.86813,-0.06222],[1.87084,-0.0703],[1.87123,-0.07472],[1.87376,-0.07845],[1.87792,-0.09185],[1.88044,-0.09757],[1.87881,-0.10438],[1.88259,-0.11246],[1.88934,-0.12188],[1.89406,-0.13006],[1.88981,-0.13372],[1.88631,-0.13206],[1.88315,-0.12646],[1.88401,-0.13301],[1.88276,-0.13556],[1.88177,-0.1487],[1.88147,-0.16373],[1.88215,-0.17536],[1.87902,-0.17988],[1.87641,-0.18723],[1.87464,-0.1877],[1.8733,-0.193],[1.86759,-0.20544],[1.86892,-0.20483],[1.86784,-0.21534],[1.86622,-0.22282],[1.86431,-0.22374],[1.85982,-0.23852],[1.85639,-0.24448],[1.8539,-0.25067],[1.83586,-0.27189],[1.83557,-0.27078],[1.84101,-0.25254],[1.83928,-0.25554],[1.83722,-0.25297],[1.83227,-0.25928],[1.83073,-0.2596],[1.83288,-0.2542],[1.8292,-0.25746],[1.82921,-0.25214],[1.82535,-0.25906],[1.81766,-0.268],[1.81443,-0.26901],[1.8042,-0.2799],[1.81185,-0.26665],[1.80711,-0.26834],[1.79739,-0.27753],[1.79444,-0.27714],[1.78723,-0.28355],[1.80514,-0.25646],[1.80499,-0.25548],[1.81538,-0.23989],[1.81979,-0.22931],[1.81886,-0.22519],[1.82198,-0.22008],[1.82305,-0.21481],[1.83234,-0.19111],[1.83499,-0.17644],[1.84029,-0.15041],[1.84645,-0.11051],[1.84525,-0.0866],[1.84556,-0.08186],[1.84605,-0.08892],[1.84789,-0.10562],[1.84678,-0.13686],[1.84645,-0.14373],[1.84878,-0.13582],[1.85141,-0.13643],[1.85279,-0.13008],[1.85386,-0.11861],[1.85481,-0.11447],[1.85588,-0.11449],[1.85589,-0.11838],[1.85827,-0.12596],[1.85905,-0.11922],[1.86161,-0.11782],[1.8616,-0.10369],[1.86083,-0.09568],[1.86153,-0.08802],[1.86009,-0.07761],[1.86015,-0.07249],[1.86099,-0.07325],[1.86052,-0.06098],[1.86047,-0.04498],[1.8608,-0.0389],[1.86125,-0.03668],[1.86269,-0.03948],[1.86293,-0.03845],[1.86543,-0.0416],[1.86894,-0.04782]]],[[[2.00381,-0.1317],[2.00507,-0.12724],[2.00754,-0.12473],[2.00766,-0.1214],[2.0112,-0.1169],[2.01457,-0.11546],[2.01419,-0.12546],[2.00897,-0.13054],[2.00838,-0.13355],[2.01316,-0.13819],[2.01621,-0.14445],[2.01045,-0.14074],[2.00471,-0.1392],[2.00336,-0.143],[2.00396,-0.15485],[2.00698,-0.16528],[2.00904,-0.16869],[2.00432,-0.16482],[2.00033,-0.15485],[2.00113,-0.14331],[1.99943,-0.13906],[2.00048,-0.13152],[1.99851,-0.12321],[2.00168,-0.11047],[2.0072,-0.10226],[2.00489,-0.11052],[2.0063,-0.1133],[2.00591,-0.12118],[2.0012,-0.12803],[2.00381,-0.1317]]],[[[2.02494,-0.2112],[2.03031,-0.21089],[2.03243,-0.21338],[2.03284,-0.2183],[2.03483,-0.22156],[2.03295,-0.22746],[2.02368,-0.22074],[2.02189,-0.21806],[2.01757,-0.2185],[2.01656,-0.22098],[2.00782,-0.21892],[2.00582,-0.22172],[2.00298,-0.22171],[2.00021,-0.21694],[1.99594,-0.22433],[1.99655,-0.2186],[2.00207,-0.21102],[2.01334,-0.20958],[2.01377,-0.21145],[2.01978,-0.20808],[2.02494,-0.2112]]],[[[1.98542,-0.21865],[1.98723,-0.223],[1.98632,-0.22807],[1.97857,-0.23298],[1.97337,-0.22896],[1.97201,-0.22524],[1.97243,-0.21996],[1.97962,-0.21713],[1.98542,-0.21865]]],[[[1.93845,-0.35548],[1.93946,-0.35783],[1.93744,-0.35938],[1.93632,-0.36465],[1.93435,-0.36798],[1.92584,-0.37967],[1.92284,-0.38095],[1.91822,-0.38528],[1.9158,-0.3849],[1.91809,-0.37954],[1.91724,-0.37739],[1.92102,-0.36988],[1.92666,-0.36397],[1.92893,-0.36505],[1.93213,-0.36047],[1.93845,-0.35548]]],[[[2.07744,-0.25929],[2.07439,-0.26936],[2.07145,-0.27394],[2.069,-0.27389],[2.0673,-0.26785],[2.06935,-0.2672],[2.07184,-0.26062],[2.07743,-0.25379],[2.07744,-0.25929]]],[[[2.06953,-0.27597],[2.06432,-0.28499],[2.06148,-0.28773],[2.06068,-0.28494],[2.06644,-0.27123],[2.06953,-0.27597]]],[[[2.10608,-0.30338],[2.09714,-0.30748],[2.09881,-0.30391],[2.11025,-0.28847],[2.11657,-0.28282],[2.12389,-0.27945],[2.12408,-0.28401],[2.11727,-0.29241],[2.10608,-0.30338]]],[[[2.13442,-0.3001],[2.13298,-0.28591],[2.12461,-0.29112],[2.12293,-0.29033],[2.1171,-0.29581],[2.11734,-0.29376],[2.12646,-0.28145],[2.12483,-0.27699],[2.12924,-0.27467],[2.12592,-0.27373],[2.12556,-0.27126],[2.12949,-0.26925],[2.12721,-0.26129],[2.1273,-0.25461],[2.1287,-0.2527],[2.12533,-0.25026],[2.12591,-0.24668],[2.12255,-0.2434],[2.11463,-0.23813],[2.10874,-0.23666],[2.10119,-0.23228],[2.09112,-0.2317],[2.08612,-0.22764],[2.08612,-0.22364],[2.08045,-0.22368],[2.07702,-0.22163],[2.07444,-0.21766],[2.07489,-0.20951],[2.07401,-0.21411],[2.06655,-0.22717],[2.06256,-0.22839],[2.06153,-0.22106],[2.06375,-0.218],[2.06306,-0.2135],[2.05869,-0.20799],[2.05487,-0.20713],[2.05408,-0.20479],[2.05785,-0.20249],[2.06388,-0.20432],[2.06774,-0.19858],[2.0695,-0.19767],[2.07407,-0.19986],[2.07729,-0.19709],[2.07601,-0.19515],[2.07734,-0.1915],[2.07271,-0.19366],[2.06705,-0.19444],[2.05955,-0.19389],[2.05642,-0.18904],[2.05586,-0.18083],[2.04799,-0.17782],[2.04397,-0.17854],[2.0478,-0.17041],[2.04786,-0.16749],[2.05451,-0.16486],[2.05808,-0.16],[2.06375,-0.15809],[2.06875,-0.16127],[2.07294,-0.16554],[2.07856,-0.16558],[2.08119,-0.17753],[2.07923,-0.18428],[2.07999,-0.19345],[2.08384,-0.20557],[2.08406,-0.20108],[2.08579,-0.20036],[2.08683,-0.20751],[2.08862,-0.20722],[2.08954,-0.21281],[2.09103,-0.21418],[2.09685,-0.21464],[2.10192,-0.20935],[2.10406,-0.20506],[2.10706,-0.20255],[2.10881,-0.19691],[2.11429,-0.19585],[2.11789,-0.19277],[2.11726,-0.18892],[2.1248,-0.18138],[2.13348,-0.18845],[2.14476,-0.2009],[2.1484,-0.20138],[2.15276,-0.20407],[2.15388,-0.20765],[2.15583,-0.20806],[2.15478,-0.2549],[2.15187,-0.26024],[2.15189,-0.26207],[2.13442,-0.3001]]],[[[2.11413,-0.29959],[2.11107,-0.2994],[2.11612,-0.29479],[2.11413,-0.29959]]],[[[1.26603,-0.00111],[1.25536,-0.02625],[1.26096,-0.01024],[1.26992,0.0063],[1.27706,0.01537],[1.26603,-0.00111]]],[[[1.25668,-0.11037],[1.25017,-0.06335],[1.25191,-0.0798],[1.25668,-0.11037]]],[[[1.25199,-0.06579],[1.25162,-0.04628],[1.25439,-0.03191],[1.25455,-0.04016],[1.25199,-0.06579]]],[[[1.33057,-0.21652],[1.26578,-0.13341],[1.2562,-0.09914],[1.31783,-0.19015],[1.33057,-0.21652]]],[[[1.33424,-0.20235],[1.26656,-0.12071],[1.26809,-0.10374],[1.31125,-0.15694],[1.33424,-0.20235]]],[[[1.4264,-0.28902],[1.39687,-0.27461],[1.37835,-0.2499],[1.4264,-0.28902]]],[[[1.44024,-0.28121],[1.40035,-0.22668],[1.4458,-0.27094],[1.44024,-0.28121]]],[[[1.60552,-0.16663],[1.58375,-0.21657],[1.55364,-0.18092],[1.60552,-0.16663]]],[[[1.71507,-0.15157],[1.70264,-0.24864],[1.66386,-0.16018],[1.71507,-0.15157]]],[[[1.65139,-0.33088],[1.60742,-0.33893],[1.62296,-0.33639],[1.65139,-0.33088]]],[[[1.60735,-0.33913],[1.61567,-0.33839],[1.59347,-0.34016],[1.58582,-0.33997],[1.60735,-0.33913]]],[[[1.53855,-0.33585],[1.51179,-0.33072],[1.51887,-0.33216],[1.53855,-0.33585]]],[[[1.81549,-0.23632],[1.81,-0.24229],[1.81629,-0.23226],[1.81871,-0.23083],[1.81549,-0.23632]]],[[[1.78411,-0.35214],[1.77639,-0.35413],[1.77207,-0.3534],[1.77649,-0.3498],[1.79638,-0.3431],[1.79706,-0.34479],[1.78411,-0.35214]]],[[[2.09023,-0.17249],[2.08832,-0.17095],[2.08951,-0.16884],[2.09023,-0.17249]]],[[[1.99262,-0.1613],[1.99301,-0.15599],[1.99512,-0.15601],[1.99262,-0.1613]]],[[[1.99994,-0.15981],[1.99878,-0.16295],[2.00206,-0.16715],[1.99668,-0.16732],[1.99498,-0.16073],[1.9955,-0.15713],[1.99814,-0.15637],[1.99994,-0.15981]]],[[[2.05768,-0.25485],[2.05618,-0.26077],[2.05318,-0.26473],[2.05768,-0.25485]]],[[[2.04809,-0.26949],[2.05022,-0.26255],[2.05056,-0.26635],[2.04809,-0.26949]]],[[[1.99948,-0.22813],[1.9956,-0.22985],[1.99683,-0.22618],[2.00137,-0.22389],[1.99948,-0.22813]]],[[[1.99274,-0.06265],[1.99263,-0.0517],[1.99455,-0.05692],[1.99274,-0.06265]]],[[[1.97603,-0.07658],[1.97398,-0.07612],[1.97444,-0.07165],[1.97603,-0.07658]]],[[[2.01113,-0.32653],[2.01277,-0.32714],[2.0086,-0.33072],[2.01113,-0.32653]]],[[[1.99495,-0.32853],[1.99534,-0.32294],[1.99784,-0.32285],[1.99495,-0.32853]]],[[[1.96977,-0.33497],[1.97299,-0.3357],[1.97103,-0.33787],[1.96977,-0.33497]]],[[[2.03432,-0.18439],[2.03447,-0.19007],[2.03184,-0.19186],[2.02696,-0.19099],[2.02523,-0.18864],[2.03432,-0.18439]]],[[[1.49929,-0.34821],[1.4923,-0.34549],[1.50178,-0.34781],[1.49929,-0.34821]]],[[[1.40557,-0.30279],[1.38795,-0.29195],[1.3843,-0.28859],[1.39777,-0.29688],[1.40557,-0.30279]]],[[[1.37675,-0.28477],[1.36808,-0.27738],[1.37983,-0.28545],[1.37675,-0.28477]]],[[[1.35823,-0.27015],[1.34688,-0.26169],[1.34333,-0.25749],[1.35823,-0.27015]]],[[[1.2702,-0.16746],[1.26839,-0.16538],[1.26273,-0.15162],[1.26469,-0.15483],[1.2702,-0.16746]]],[[[1.24035,-0.01539],[1.2383,-0.00755],[1.24183,0.00163],[1.24202,-0.00941],[1.24035,-0.01539]]],[[[1.91475,-0.27734],[1.91354,-0.27262],[1.91588,-0.26808],[1.91648,-0.27136],[1.91475,-0.27734]]],[[[1.94008,-0.18347],[1.94282,-0.17994],[1.94401,-0.18201],[1.93965,-0.18757],[1.93919,-0.18172],[1.93536,-0.18823],[1.93483,-0.18496],[1.9366,-0.17939],[1.93962,-0.17854],[1.94008,-0.18347]]],[[[1.92661,-0.16306],[1.92665,-0.1654],[1.92493,-0.16539],[1.92661,-0.16306]]],[[[1.89315,-0.30558],[1.89538,-0.29077],[1.89616,-0.29284],[1.89315,-0.30558]]],[[[1.8174,-0.33826],[1.81768,-0.33582],[1.82184,-0.33597],[1.8174,-0.33826]]],[[[1.85609,-0.25578],[1.85274,-0.26121],[1.85395,-0.25289],[1.85706,-0.24406],[1.85922,-0.24141],[1.85609,-0.25578]]],[[[1.90225,-0.39947],[1.91145,-0.38912],[1.91109,-0.39312],[1.9077,-0.39696],[1.90225,-0.39947]]],[[[1.93415,-0.34571],[1.93097,-0.34999],[1.93036,-0.34623],[1.93387,-0.34315],[1.93415,-0.34571]]],[[[1.92437,-0.3504],[1.92017,-0.3498],[1.9241,-0.34553],[1.92828,-0.3428],[1.92437,-0.3504]]],[[[1.92151,-0.34716],[1.91781,-0.34717],[1.91974,-0.34415],[1.92151,-0.34716]]],[[[2.07036,-0.27818],[2.07059,-0.27644],[2.07167,-0.27679],[2.07036,-0.27818]]],[[[1.39483,-0.19333],[1.3574,-0.15905],[1.36567,-0.14438],[1.39483,-0.19333]]],[[[1.52434,-0.27395],[1.49747,-0.25777],[1.49604,-0.24286],[1.52434,-0.27395]]],[[[1.61031,-0.26685],[1.59891,-0.23015],[1.62347,-0.24723],[1.61031,-0.26685]]],[[[1.64256,-0.33219],[1.63357,-0.33403],[1.63337,-0.33326],[1.64256,-0.33219]]],[[[1.72329,0.04393],[1.70803,0.05336],[1.71227,0.05107],[1.72329,0.04393]]],[[[1.6955,0.05856],[1.67607,0.06826],[1.69802,0.05764],[1.6955,0.05856]]],[[[1.81657,-0.03163],[1.81572,-0.03128],[1.81261,-0.02673],[1.81657,-0.03163]]],[[[1.7872,-0.26663],[1.78911,-0.264],[1.79278,-0.26112],[1.7872,-0.26663]]],[[[1.71091,-0.32422],[1.71249,-0.32292],[1.71519,-0.32191],[1.71091,-0.32422]]],[[[1.68724,-0.33279],[1.68423,-0.33302],[1.69079,-0.33109],[1.68724,-0.33279]]],[[[1.80063,-0.34672],[1.79967,-0.34577],[1.8013,-0.34498],[1.80063,-0.34672]]],[[[1.78563,-0.33013],[1.78393,-0.33081],[1.7862,-0.32797],[1.78563,-0.33013]]],[[[1.59726,-0.3683],[1.59335,-0.36797],[1.59796,-0.36738],[1.59726,-0.3683]]],[[[1.24285,-0.02474],[1.24348,-0.01816],[1.24457,-0.0179],[1.24285,-0.02474]]],[[[1.27255,0.06642],[1.27139,0.06801],[1.27356,0.06823],[1.27255,0.06642]]],[[[1.94393,-0.18999],[1.94252,-0.1896],[1.9437,-0.18574],[1.94393,-0.18999]]],[[[1.93088,-0.24745],[1.93012,-0.242],[1.93231,-0.24216],[1.93088,-0.24745]]],[[[1.9468,-0.19622],[1.94599,-0.19624],[1.94597,-0.19368],[1.9468,-0.19622]]],[[[1.938,-0.19299],[1.93685,-0.19494],[1.93749,-0.19238],[1.938,-0.19299]]],[[[1.86612,-0.35974],[1.86882,-0.35355],[1.86914,-0.35652],[1.86612,-0.35974]]],[[[1.86405,-0.35078],[1.86466,-0.34911],[1.86582,-0.34964],[1.86405,-0.35078]]],[[[1.80766,-0.37012],[1.80657,-0.36895],[1.8088,-0.36858],[1.80766,-0.37012]]],[[[1.87141,-0.04852],[1.87121,-0.05331],[1.86955,-0.04816],[1.87141,-0.04852]]],[[[1.87343,-0.0738],[1.87194,-0.06882],[1.87313,-0.06969],[1.87343,-0.0738]]],[[[1.93691,-0.28875],[1.9363,-0.28673],[1.93701,-0.28577],[1.93691,-0.28875]]],[[[1.93394,-0.27079],[1.93363,-0.2732],[1.93287,-0.27228],[1.93394,-0.27079]]],[[[1.89193,-0.32146],[1.8923,-0.31907],[1.89398,-0.31984],[1.89193,-0.32146]]],[[[1.84184,-0.35729],[1.84211,-0.35408],[1.8449,-0.35285],[1.84184,-0.35729]]],[[[1.85833,-0.25],[1.8582,-0.24793],[1.86008,-0.24429],[1.85833,-0.25]]],[[[1.99747,-0.13286],[1.99639,-0.13247],[1.99688,-0.1314],[1.99747,-0.13286]]],[[[2.08221,-0.1925],[2.08223,-0.19052],[2.08306,-0.19085],[2.08221,-0.1925]]],[[[2.07045,-0.23125],[2.06715,-0.22918],[2.06728,-0.22802],[2.07045,-0.23125]]],[[[2.04233,-0.16752],[2.03639,-0.16872],[2.0376,-0.16687],[2.04233,-0.16752]]],[[[2.03956,-0.16066],[2.03739,-0.15973],[2.03939,-0.15834],[2.03956,-0.16066]]],[[[2.02429,-0.15325],[2.02165,-0.14816],[2.0248,-0.15215],[2.02429,-0.15325]]],[[[1.99746,-0.15051],[1.99685,-0.14936],[1.99744,-0.1466],[1.99746,-0.15051]]],[[[1.99731,-0.13613],[1.99755,-0.13384],[1.99829,-0.13403],[1.99731,-0.13613]]],[[[1.99444,-0.16735],[1.99277,-0.16654],[1.99428,-0.16345],[1.99444,-0.16735]]],[[[2.00645,-0.22391],[2.00492,-0.22494],[2.00498,-0.22305],[2.00645,-0.22391]]],[[[2.00418,-0.22495],[2.00169,-0.22635],[2.003,-0.22368],[2.00418,-0.22495]]],[[[1.9912,-0.0671],[1.99024,-0.0627],[1.99153,-0.06523],[1.9912,-0.0671]]],[[[1.99271,-0.06863],[1.99196,-0.06747],[1.99306,-0.0674],[1.99271,-0.06863]]],[[[1.97228,-0.09433],[1.9718,-0.09177],[1.97298,-0.09138],[1.97228,-0.09433]]],[[[2.02906,-0.30337],[2.02722,-0.30074],[2.02952,-0.29993],[2.02906,-0.30337]]],[[[1.98676,-0.31077],[1.98603,-0.30917],[1.9877,-0.30729],[1.98676,-0.31077]]],[[[1.96779,-0.32557],[1.96899,-0.32206],[1.97009,-0.32218],[1.96779,-0.32557]]],[[[1.91303,-0.38513],[1.91169,-0.38607],[1.91334,-0.38343],[1.91303,-0.38513]]],[[[1.89027,-0.39365],[1.88871,-0.39276],[1.89325,-0.39017],[1.89027,-0.39365]]],[[[2.07341,-0.27491],[2.07337,-0.27407],[2.07509,-0.27228],[2.07341,-0.27491]]],[[[2.06879,-0.28283],[2.0688,-0.28175],[2.07044,-0.28043],[2.06879,-0.28283]]],[[[1.99906,-0.2127],[1.9981,-0.21444],[1.99677,-0.21424],[1.99906,-0.2127]]],[[[1.99265,-0.22175],[1.99106,-0.22052],[1.99208,-0.21972],[1.99265,-0.22175]]],[[[1.91594,-0.35136],[1.91617,-0.34924],[1.91854,-0.34804],[1.91594,-0.35136]]]]}},{"type":"Feature","properties":{"name":"India","iso3":"IND","geo_share":0.0234961,"carto_share":0.033795,"target_share":0.0338348},"geometry":{"type":"MultiPolygon","coordinates":[[[[0.82012,0.45592],[0.82395,0.45792],[0.82315,0.46682],[0.8299,0.46348],[0.83191,0.45965],[0.83945,0.46178],[0.84281,0.45555],[0.846,0.4582],[0.84416,0.46574],[0.8352,0.4856],[0.83406,0.49198],[0.82979,0.49472],[0.82727,0.50078],[0.82536,0.51684],[0.82398,0.52057],[0.82112,0.52344],[0.81847,0.52991],[0.81793,0.54104],[0.81952,0.54934],[0.82056,0.55957],[0.82211,0.56396],[0.82409,0.56107],[0.82575,0.55474],[0.83621,0.55563],[0.83557,0.56136],[0.8365,0.56658],[0.83619,0.57409],[0.84095,0.57752],[0.84148,0.5881],[0.84098,0.59596],[0.84523,0.59718],[0.84603,0.59938],[0.84426,0.60426],[0.84724,0.61196],[0.85044,0.61356],[0.84796,0.61725],[0.8475,0.62264],[0.84542,0.62779],[0.8472,0.6318],[0.85332,0.6344],[0.85383,0.63715],[0.84847,0.64166],[0.84441,0.64337],[0.84385,0.64835],[0.8407,0.64911],[0.83976,0.65432],[0.83656,0.66088],[0.83751,0.6674],[0.83606,0.67514],[0.83804,0.68011],[0.83558,0.68125],[0.83581,0.68562],[0.83453,0.68894],[0.83576,0.69625],[0.83842,0.69804],[0.84704,0.69508],[0.85262,0.69178],[0.85588,0.69514],[0.86169,0.69604],[0.86532,0.7005],[0.86539,0.70254],[0.87407,0.71094],[0.87815,0.71095],[0.87785,0.70645],[0.88563,0.69271],[0.8934,0.6895],[0.90027,0.68204],[0.89715,0.678],[0.90122,0.6624],[0.90812,0.65506],[0.91155,0.64731],[0.915,0.63456],[0.91065,0.63096],[0.90506,0.63811],[0.90041,0.63651],[0.9044,0.62787],[0.91068,0.61975],[0.91195,0.61354],[0.9151,0.60954],[0.91824,0.60014],[0.92277,0.6019],[0.93027,0.5921],[0.93618,0.58639],[0.9401,0.58581],[0.94991,0.57735],[0.95253,0.57149],[0.96358,0.5629],[0.97239,0.55326],[0.97111,0.55404],[0.96972,0.55107],[0.9714,0.54545],[0.97354,0.53934],[0.97926,0.53627],[0.98013,0.53663],[0.98899,0.53135],[0.99152,0.52891],[0.99981,0.52309],[1.0009,0.52321],[1.00817,0.51815],[1.01068,0.51722],[1.01275,0.51495],[1.02072,0.51051],[1.02168,0.51105],[1.02761,0.50806],[1.02991,0.50809],[1.03964,0.50307],[1.04362,0.49995],[1.05445,0.4947],[1.05722,0.49499],[1.0607,0.49298],[1.06799,0.49155],[1.07214,0.48967],[1.075,0.49087],[1.07909,0.48839],[1.09043,0.4893],[1.09156,0.49288],[1.08622,0.4952],[1.08808,0.50006],[1.08698,0.50118],[1.08686,0.50188],[1.09903,0.50559],[1.10611,0.50344],[1.10487,0.50061],[1.1096,0.49993],[1.10599,0.49845],[1.10981,0.49757],[1.11692,0.49783],[1.12051,0.49857],[1.12841,0.49795],[1.13374,0.49783],[1.13601,0.49831],[1.1434,0.49587],[1.15972,0.49084],[1.16685,0.48954],[1.16204,0.49298],[1.16124,0.49512],[1.15737,0.49742],[1.15275,0.49818],[1.1492,0.4996],[1.14827,0.50115],[1.1547,0.50041],[1.1644,0.5015],[1.16779,0.50312],[1.16726,0.50667],[1.17438,0.51233],[1.17482,0.51697],[1.18579,0.52208],[1.1895,0.53199],[1.19348,0.53714],[1.19683,0.5322],[1.20758,0.52685],[1.20776,0.532],[1.21358,0.54031],[1.21961,0.53115],[1.21746,0.5266],[1.21952,0.52029],[1.22216,0.52496],[1.2267,0.51369],[1.22649,0.50175],[1.23021,0.50199],[1.23684,0.49652],[1.2406,0.48996],[1.24261,0.47998],[1.24162,0.47176],[1.24301,0.46568],[1.2454,0.45816],[1.24541,0.45681],[1.24234,0.46365],[1.23913,0.46304],[1.23953,0.45936],[1.23709,0.45341],[1.23775,0.4509],[1.24231,0.44008],[1.24335,0.4342],[1.24335,0.42671],[1.24414,0.42219],[1.24668,0.41547],[1.25016,0.39352],[1.25327,0.37935],[1.24864,0.3873],[1.24447,0.39133],[1.24976,0.37867],[1.25511,0.36203],[1.25422,0.36029],[1.25613,0.35169],[1.2592,0.34222],[1.2588,0.33495],[1.25489,0.33724],[1.25364,0.33396],[1.24786,0.35246],[1.24286,0.36072],[1.23149,0.38765],[1.22455,0.389],[1.22674,0.38267],[1.22446,0.37487],[1.2267,0.3681],[1.22364,0.36312],[1.21683,0.37172],[1.21423,0.36796],[1.20456,0.38965],[1.20514,0.40575],[1.21725,0.40705],[1.21906,0.41259],[1.21421,0.43094],[1.21816,0.43045],[1.20312,0.44369],[1.15968,0.45702],[1.14111,0.46371],[1.13575,0.48563],[1.12892,0.492],[1.1288,0.48748],[1.12225,0.48778],[1.1147,0.49332],[1.11365,0.49054],[1.10586,0.48948],[1.10114,0.49192],[1.09345,0.4837],[1.09307,0.47861],[1.10186,0.46948],[1.1099,0.46753],[1.11453,0.45697],[1.10377,0.45574],[1.10262,0.444],[1.09946,0.4454],[1.09942,0.43455],[1.1026,0.42861],[1.11457,0.4213],[1.11768,0.41734],[1.11977,0.39595],[1.12704,0.38634],[1.12906,0.37973],[1.13509,0.37624],[1.13523,0.37132],[1.15649,0.33816],[1.16365,0.3269],[1.15736,0.33022],[1.15713,0.32731],[1.14985,0.33788],[1.14533,0.34209],[1.15204,0.33014],[1.14555,0.33163],[1.14033,0.33487],[1.13546,0.3462],[1.13601,0.33912],[1.13372,0.33667],[1.12545,0.33685],[1.12471,0.33187],[1.13351,0.31916],[1.13327,0.31215],[1.12999,0.31014],[1.12817,0.30567],[1.11738,0.30298],[1.11346,0.30774],[1.1105,0.30272],[1.11554,0.30197],[1.11258,0.30013],[1.10753,0.29334],[1.10507,0.28516],[1.10122,0.27771],[1.09457,0.27382],[1.08907,0.26487],[1.08004,0.25863],[1.07618,0.25195],[1.07825,0.24877],[1.07739,0.24434],[1.06967,0.23992],[1.06113,0.24049],[1.05838,0.22911],[1.05176,0.2322],[1.04614,0.22892],[1.04441,0.22139],[1.04462,0.21648],[1.04856,0.20671],[1.04874,0.19951],[1.05393,0.18482],[1.05084,0.1895],[1.04941,0.18723],[1.05478,0.18225],[1.05404,0.16788],[1.04886,0.15267],[1.04768,0.14376],[1.04966,0.13554],[1.05045,0.11473],[1.04387,0.1145],[1.03995,0.10136],[1.04134,0.09352],[1.03164,0.09137],[1.02767,0.08778],[1.02603,0.07921],[1.01537,0.07401],[1.01088,0.07514],[1.00362,0.07988],[0.99387,0.08949],[0.98745,0.10045],[0.98409,0.10996],[0.98606,0.10974],[0.97534,0.12757],[0.96992,0.13943],[0.96529,0.14658],[0.95831,0.15429],[0.95209,0.16527],[0.94721,0.17642],[0.94337,0.18916],[0.93906,0.19728],[0.93558,0.20689],[0.92623,0.21981],[0.92475,0.227],[0.91472,0.24229],[0.91094,0.25173],[0.90369,0.27831],[0.89943,0.28943],[0.8954,0.30313],[0.89623,0.31103],[0.89385,0.31009],[0.8914,0.3231],[0.88842,0.33059],[0.88929,0.348],[0.88676,0.36156],[0.8849,0.36311],[0.883,0.37036],[0.88808,0.37644],[0.88131,0.37655],[0.88259,0.38377],[0.88008,0.38399],[0.87985,0.38894],[0.88322,0.3907],[0.8742,0.39243],[0.87625,0.39002],[0.8739,0.38033],[0.87748,0.37576],[0.87786,0.37231],[0.87577,0.36273],[0.86393,0.35299],[0.85986,0.35344],[0.85066,0.36357],[0.84416,0.37557],[0.83298,0.3975],[0.83203,0.40327],[0.83561,0.39942],[0.83822,0.40243],[0.84518,0.4058],[0.84679,0.41719],[0.84439,0.41783],[0.83821,0.41292],[0.83307,0.41718],[0.82582,0.43088],[0.82267,0.44533],[0.82475,0.45396],[0.82117,0.44679],[0.82012,0.45592]]],[[[1.25402,0.08034],[1.25397,0.08836],[1.25712,0.08925],[1.25705,0.08494],[1.25402,0.08034]]],[[[1.25576,0.09177],[1.25361,0.08972],[1.25322,0.0907],[1.25576,0.09177]]],[[[1.25008,0.10617],[1.24851,0.10707],[1.24936,0.10849],[1.25008,0.10617]]],[[[1.2533,0.10072],[1.25138,0.10197],[1.25274,0.10312],[1.2533,0.10072]]],[[[1.25568,0.1042],[1.25453,0.10347],[1.25566,0.10713],[1.25568,0.1042]]],[[[1.24602,0.12188],[1.24571,0.12314],[1.24706,0.12393],[1.24602,0.12188]]],[[[1.24454,0.14612],[1.24282,0.15001],[1.24568,0.15282],[1.24654,0.14949],[1.24454,0.14612]]],[[[1.24934,0.16173],[1.24765,0.1617],[1.24852,0.164],[1.24934,0.16173]]],[[[1.24959,0.16415],[1.24689,0.17064],[1.24985,0.17729],[1.25072,0.18801],[1.25264,0.19902],[1.256,0.20284],[1.25629,0.19732],[1.2532,0.19124],[1.25503,0.18378],[1.24959,0.16415]]],[[[1.25544,0.17433],[1.25617,0.1718],[1.25434,0.1736],[1.25544,0.17433]]],[[[1.24979,0.18831],[1.24969,0.1909],[1.25056,0.19116],[1.24979,0.18831]]],[[[0.92421,0.14045],[0.92417,0.14138],[0.92436,0.14083],[0.92421,0.14045]]],[[[0.93863,0.08203],[0.93886,0.08316],[0.93895,0.08269],[0.93863,0.08203]]]]}},{"type":"Feature","properties":{"name":"Iceland","iso3":"ISL","geo_share":0.0007494,"carto_share":0.0002409,"target_share":0.0002336},"geometry":{"type":"Polygon","coordinates":[[[-0.30272,1.26735],[-0.29483,1.27235],[-0.3001,1.26812],[-0.29607,1.26995],[-0.29658,1.26895],[-0.29916,1.2672],[-0.29413,1.26967],[-0.29389,1.26913],[-0.28543,1.27254],[-0.28912,1.2698],[-0.28728,1.26947],[-0.29215,1.26664],[-0.29299,1.26562],[-0.29755,1.26305],[-0.30042,1.26201],[-0.30393,1.2589],[-0.30999,1.25559],[-0.31507,1.25327],[-0.32133,1.24973],[-0.32805,1.24573],[-0.33828,1.24045],[-0.34154,1.23774],[-0.34613,1.23495],[-0.35011,1.23328],[-0.35321,1.23241],[-0.356,1.23114],[-0.35772,1.23156],[-0.3612,1.23105],[-0.36311,1.22951],[-0.3739,1.22305],[-0.37326,1.22524],[-0.37124,1.22606],[-0.36667,1.22913],[-0.36159,1.23364],[-0.36426,1.2319],[-0.36312,1.2337],[-0.36569,1.23467],[-0.37364,1.23235],[-0.37985,1.22983],[-0.3807,1.23077],[-0.36641,1.23614],[-0.36048,1.23792],[-0.35927,1.23902],[-0.36121,1.23815],[-0.3639,1.23812],[-0.35881,1.24054],[-0.36597,1.2403],[-0.37607,1.23727],[-0.3815,1.23735],[-0.37981,1.23869],[-0.37624,1.23932],[-0.37664,1.24069],[-0.37192,1.24046],[-0.36871,1.24139],[-0.37335,1.24188],[-0.37038,1.2424],[-0.37219,1.24336],[-0.36962,1.24504],[-0.36577,1.24445],[-0.36566,1.24357],[-0.36117,1.24462],[-0.36453,1.2456],[-0.36121,1.24614],[-0.36232,1.2468],[-0.36566,1.24692],[-0.36363,1.2477],[-0.36023,1.24771],[-0.35409,1.24527],[-0.35384,1.24429],[-0.35541,1.24276],[-0.35596,1.2412],[-0.35473,1.24057],[-0.35243,1.24268],[-0.35073,1.2437],[-0.34907,1.24366],[-0.34775,1.24493],[-0.34644,1.24723],[-0.34374,1.24814],[-0.34158,1.2474],[-0.3406,1.24774],[-0.33845,1.25009],[-0.33303,1.25268],[-0.3294,1.2527],[-0.32926,1.25429],[-0.32612,1.25559],[-0.32414,1.25575],[-0.31938,1.2589],[-0.31619,1.26016],[-0.31238,1.26279],[-0.31226,1.26375],[-0.30625,1.26707],[-0.30514,1.26644],[-0.30272,1.26735]]]}},{"type":"Feature","properties":{"name":"Hungary","iso3":"HUN","geo_share":0.0006914,"carto_share":0.0002281,"target_share":0.0002155},"geometry":{"type":"Polygon","coordinates":[[[0.56862,0.84076],[0.57177,0.84407],[0.58054,0.85365],[0.58014,0.85208],[0.57206,0.84217],[0.56243,0.83092],[0.55547,0.82042],[0.55418,0.81772],[0.54152,0.78209],[0.53911,0.7719],[0.53514,0.76002],[0.53399,0.75781],[0.53077,0.74888],[0.52796,0.74307],[0.52493,0.73708],[0.52126,0.72763],[0.51948,0.72345],[0.51828,0.72084],[0.51576,0.71505],[0.51339,0.71135],[0.51206,0.71039],[0.51161,0.71223],[0.51037,0.71139],[0.51261,0.72004],[0.51041,0.71781],[0.51638,0.72918],[0.52208,0.74984],[0.52468,0.75495],[0.52827,0.77093],[0.53245,0.77376],[0.53654,0.78792],[0.53716,0.78776],[0.53672,0.78151],[0.53941,0.78706],[0.54085,0.79242],[0.54299,0.79862],[0.54409,0.80174],[0.54444,0.80194],[0.54756,0.80926],[0.54989,0.81522],[0.55399,0.82198],[0.55824,0.82837],[0.56072,0.83094],[0.56862,0.84076]]]}},{"type":"Feature","properties":{"name":"Honduras","iso3":"HND","geo_share":0.000848,"carto_share":0.0002618,"target_share":0.0002643},"geometry":{"type":"MultiPolygon","coordinates":[[[[-1.15169,0.0647],[-1.15587,0.06463],[-1.16309,0.06252],[-1.17058,0.06159],[-1.17356,0.06324],[-1.1767,0.06162],[-1.17686,0.06037],[-1.18184,0.0581],[-1.18478,0.06032],[-1.18692,0.05918],[-1.19118,0.06063],[-1.18875,0.05671],[-1.19061,0.05676],[-1.19104,0.05507],[-1.19449,0.05613],[-1.1984,0.06053],[-1.20303,0.06253],[-1.20356,0.06537],[-1.2099,0.06861],[-1.21375,0.06922],[-1.22286,0.07543],[-1.22562,0.0766],[-1.22398,0.07713],[-1.22514,0.07898],[-1.22331,0.07986],[-1.21732,0.08146],[-1.20978,0.08049],[-1.20739,0.0785],[-1.20455,0.07808],[-1.19873,0.07578],[-1.19091,0.0743],[-1.18303,0.07587],[-1.17912,0.07409],[-1.17212,0.07506],[-1.16744,0.07253],[-1.16329,0.07311],[-1.15883,0.06884],[-1.16123,0.06953],[-1.15994,0.06639],[-1.15732,0.06822],[-1.15389,0.06711],[-1.15169,0.0647]]],[[[-1.19464,0.08173],[-1.19433,0.0826],[-1.18963,0.08304],[-1.19464,0.08173]]],[[[-1.18484,0.08217],[-1.1836,0.08392],[-1.18294,0.08384],[-1.18484,0.08217]]]]}},{"type":"Feature","properties":{"name":"Haiti","iso3":"HTI","geo_share":0.0001974,"carto_share":6.65e-05,"target_share":6.15e-05},"geometry":{"type":"MultiPolygon","coordinates":[[[[-0.95927,0.14807],[-0.95964,0.14377],[-0.96104,0.14282],[-0.96126,0.14132],[-0.96373,0.14007],[-0.96276,0.13823],[-0.96414,0.13525],[-0.96582,0.13676],[-0.97462,0.13404],[-0.98035,0.13392],[-0.98539,0.13235],[-0.98812,0.12993],[-0.98978,0.13203],[-0.99391,0.13339],[-0.9923,0.13722],[-0.98984,0.13775],[-0.98162,0.13662],[-0.97202,0.13728],[-0.9663,0.14028],[-0.96957,0.1429],[-0.96776,0.14585],[-0.97143,0.14746],[-0.97579,0.14826],[-0.97584,0.14986],[-0.97211,0.15061],[-0.96668,0.15012],[-0.96292,0.14823],[-0.95927,0.14807]]],[[[-0.97051,0.1405],[-0.97096,0.13985],[-0.97583,0.141],[-0.97408,0.14178],[-0.97051,0.1405]]],[[[-0.96665,0.15111],[-0.97017,0.15225],[-0.9682,0.15246],[-0.96665,0.15111]]]]}},{"type":"Feature","properties":{"name":"Guyana","iso3":"GUY","geo_share":0.001579,"carto_share":0.000483,"target_share":0.0004922},"geometry":{"type":"Polygon","coordinates":[[[-0.88119,-0.12162],[-0.88779,-0.11098],[-0.88668,-0.10715],[-0.8879,-0.10183],[-0.88767,-0.10046],[-0.88465,-0.10008],[-0.88252,-0.09799],[-0.8822,-0.09548],[-0.88457,-0.0941],[-0.88543,-0.09012],[-0.88393,-0.08588],[-0.8797,-0.08157],[-0.87697,-0.07622],[-0.87778,-0.07144],[-0.8713,-0.07868],[-0.8672,-0.08757],[-0.86633,-0.09159],[-0.86702,-0.09732],[-0.86808,-0.10093],[-0.86812,-0.1067],[-0.86656,-0.10072],[-0.86224,-0.10131],[-0.85651,-0.11289],[-0.85758,-0.1214],[-0.85835,-0.12412],[-0.85796,-0.1255],[-0.85855,-0.12779],[-0.8603,-0.12806],[-0.86137,-0.12977],[-0.8609,-0.13147],[-0.86163,-0.13672],[-0.86,-0.14249],[-0.85854,-0.14682],[-0.85781,-0.14681],[-0.85673,-0.15392],[-0.8528,-0.16805],[-0.85159,-0.17046],[-0.85284,-0.17015],[-0.85439,-0.16709],[-0.85542,-0.16791],[-0.85574,-0.17046],[-0.85747,-0.17025],[-0.85746,-0.17195],[-0.85905,-0.17021],[-0.85941,-0.17404],[-0.86117,-0.17429],[-0.86376,-0.17124],[-0.86785,-0.16344],[-0.86842,-0.15847],[-0.86946,-0.15714],[-0.87068,-0.15273],[-0.87101,-0.14902],[-0.87054,-0.14472],[-0.87113,-0.14193],[-0.86954,-0.13824],[-0.87146,-0.13475],[-0.87154,-0.13304],[-0.87507,-0.13077],[-0.87472,-0.12849],[-0.87536,-0.1243],[-0.8769,-0.12208],[-0.88119,-0.12162]]]}},{"type":"Feature","properties":{"name":"Guinea-Bissau","iso3":"GNB","geo_share":0.0002351,"carto_share":7.63e-05,"target_share":7.33e-05},"geometry":{"type":"MultiPolygon","coordinates":[[[[-0.11158,0.10288],[-0.09864,0.10476],[-0.09,0.10523],[-0.08549,0.10645],[-0.07125,0.10561],[-0.07073,0.10295],[-0.073,0.10219],[-0.07069,0.10074],[-0.0703,0.09869],[-0.07567,0.09878],[-0.08017,0.098],[-0.08653,0.09274],[-0.08582,0.09476],[-0.091,0.09493],[-0.09026,0.0976],[-0.08482,0.09874],[-0.08954,0.09867],[-0.089,0.10129],[-0.09577,0.09934],[-0.09737,0.10086],[-0.10383,0.10033],[-0.10373,0.10181],[-0.11158,0.10288]]],[[[-0.10993,0.09],[-0.11031,0.09068],[-0.10531,0.09242],[-0.10993,0.09]]],[[[-0.1028,0.09136],[-0.10414,0.09117],[-0.10232,0.09289],[-0.1028,0.09136]]],[[[-0.09877,0.09351],[-0.09664,0.09492],[-0.09557,0.09493],[-0.09877,0.09351]]],[[[-0.09337,0.09758],[-0.09057,0.09872],[-0.09087,0.09815],[-0.09337,0.09758]]],[[[-0.09929,0.09616],[-0.10187,0.09587],[-0.09967,0.09737],[-0.09929,0.09616]]],[[[-0.09833,0.10009],[-0.10016,0.0988],[-0.10184,0.09965],[-0.09833,0.10009]]]]}},{"type":"Feature","properties":{"name":"Guinea","iso3":"GIN","geo_share":0.0018244,"carto_share":0.0005664,"target_share":0.0005687},"geometry":{"type":"Polygon","coordinates":[[[-0.03396,0.06657],[-0.03649,0.06538],[-0.03783,0.06561],[-0.036,0.06818],[-0.037,0.07121],[-0.03817,0.07182],[-0.03765,0.07343],[-0.04253,0.0794],[-0.04878,0.0802],[-0.05068,0.07937],[-0.05393,0.07972],[-0.05619,0.07548],[-0.05975,0.07297],[-0.06399,0.07234],[-0.06323,0.07365],[-0.06811,0.07879],[-0.068,0.08202],[-0.07219,0.08262],[-0.07322,0.08463],[-0.07933,0.08581],[-0.08237,0.09296],[-0.08653,0.09274],[-0.08017,0.098],[-0.07567,0.09878],[-0.0703,0.09869],[-0.07069,0.10074],[-0.073,0.10219],[-0.07073,0.10295],[-0.07125,0.10561],[-0.06468,0.10477],[-0.0638,0.10348],[-0.05604,0.10146],[-0.05348,0.10176],[-0.0466,0.10118],[-0.04759,0.09952],[-0.04536,0.09774],[-0.04162,0.09911],[-0.03872,0.09628],[-0.03668,0.09823],[-0.03469,0.09879],[-0.02977,0.09712],[-0.02492,0.09877],[-0.02542,0.10057],[-0.02158,0.0999],[-0.019,0.09577],[-0.01899,0.09363],[-0.01447,0.09112],[-0.01719,0.08817],[-0.01369,0.08776],[-0.01262,0.08308],[-0.01024,0.08214],[-0.01011,0.0808],[-0.01173,0.07958],[-0.01201,0.07519],[-0.00947,0.07463],[-0.00987,0.07273],[-0.00846,0.0719],[-0.01025,0.07098],[-0.01056,0.0694],[-0.00884,0.06896],[-0.00807,0.06653],[-0.0119,0.06698],[-0.01391,0.06655],[-0.01433,0.06489],[-0.01194,0.06415],[-0.01481,0.05933],[-0.01733,0.05922],[-0.01946,0.0599],[-0.02138,0.05687],[-0.02345,0.05655],[-0.02657,0.05813],[-0.02567,0.05978],[-0.02687,0.06527],[-0.02919,0.06679],[-0.03195,0.06606],[-0.03396,0.06657]]]}},{"type":"Feature","properties":{"name":"Guatemala","iso3":"GTM","geo_share":0.0008097,"carto_share":0.0002487,"target_share":0.0002524},"geometry":{"type":"Polygon","coordinates":[[[-1.26647,0.08114],[-1.26078,0.08502],[-1.26274,0.0872],[-1.2543,0.09199],[-1.23704,0.0893],[-1.23692,0.09193],[-1.23909,0.0933],[-1.24013,0.09529],[-1.24357,0.09755],[-1.25176,0.10366],[-1.24485,0.10166],[-1.24723,0.10858],[-1.22761,0.10396],[-1.22773,0.08638],[-1.22494,0.08554],[-1.22175,0.08341],[-1.22234,0.08519],[-1.21732,0.08146],[-1.22331,0.07986],[-1.22514,0.07898],[-1.22398,0.07713],[-1.22562,0.0766],[-1.2275,0.0771],[-1.2273,0.07604],[-1.2337,0.07426],[-1.23373,0.07336],[-1.24041,0.07555],[-1.24895,0.07556],[-1.25949,0.07831],[-1.26647,0.08114]]]}},{"type":"Feature","properties":{"name":"Grenada","iso3":"GRD","geo_share":1.1e-06,"carto_share":1.1e-06,"target_share":4e-07},"geometry":{"type":"Polygon","coordinates":[[[-0.87273,0.00262],[-0.86921,0.00925],[-0.87062,0.00459],[-0.87273,0.00262]]]}},{"type":"Feature","properties":{"name":"Greece","iso3":"GRC","geo_share":0.0009378,"carto_share":0.0003516,"target_share":0.0002923},"geometry":{"type":"MultiPolygon","coordinates":[[[[0.47676,0.47329],[0.47719,0.47513],[0.4788,0.47706],[0.47676,0.47329]]],[[[0.45499,0.48946],[0.45286,0.48699],[0.4579,0.49627],[0.46372,0.50538],[0.45499,0.48946]]],[[[0.44819,0.47655],[0.44475,0.47151],[0.45014,0.48153],[0.44819,0.47655]]],[[[0.46629,0.51023],[0.47261,0.522],[0.46903,0.51467],[0.46629,0.51023]]],[[[0.46203,0.50159],[0.46118,0.50039],[0.46448,0.50649],[0.46203,0.50159]]],[[[0.4863,0.55691],[0.49019,0.56582],[0.48273,0.54686],[0.4863,0.55691]]],[[[0.48343,0.53507],[0.48259,0.53118],[0.48356,0.53213],[0.4767,0.51671],[0.47703,0.51574],[0.47393,0.50926],[0.47482,0.51297],[0.47813,0.52108],[0.47696,0.51996],[0.48159,0.53189],[0.4816,0.5334],[0.48596,0.5416],[0.48343,0.53507]]],[[[0.48988,0.54852],[0.48886,0.54671],[0.49069,0.55156],[0.48988,0.54852]]],[[[0.49087,0.55061],[0.49265,0.5549],[0.49247,0.55412],[0.49087,0.55061]]],[[[0.49003,0.54308],[0.49005,0.54464],[0.49176,0.5487],[0.49003,0.54308]]],[[[0.51916,0.63007],[0.51826,0.62922],[0.52093,0.63663],[0.51916,0.63007]]],[[[0.46825,0.50322],[0.4681,0.50325],[0.46936,0.50566],[0.46825,0.50322]]],[[[0.42632,0.42556],[0.43174,0.43639],[0.42931,0.4303],[0.42632,0.42556]]],[[[0.44971,0.42846],[0.45212,0.43434],[0.45215,0.43214],[0.44971,0.42846]]],[[[0.47307,0.48077],[0.47519,0.48626],[0.47529,0.48391],[0.47307,0.48077]]],[[[0.46922,0.47234],[0.4727,0.47765],[0.47645,0.48107],[0.46922,0.47234]]],[[[0.46221,0.47457],[0.46284,0.47785],[0.46625,0.4836],[0.46221,0.47457]]],[[[0.4602,0.47407],[0.46044,0.47548],[0.46352,0.48022],[0.4602,0.47407]]],[[[0.45068,0.45112],[0.44912,0.44901],[0.45169,0.4541],[0.45068,0.45112]]],[[[0.45501,0.46135],[0.4562,0.46491],[0.45648,0.46393],[0.45501,0.46135]]],[[[0.48741,0.51537],[0.48803,0.51298],[0.48439,0.50863],[0.48327,0.50985],[0.48741,0.51537]]],[[[0.47512,0.49892],[0.47759,0.50361],[0.48038,0.5064],[0.47512,0.49892]]],[[[0.46031,0.46844],[0.46499,0.47537],[0.46488,0.47436],[0.46031,0.46844]]],[[[0.46252,0.46436],[0.46004,0.46087],[0.46101,0.46365],[0.46252,0.46436]]],[[[0.46537,0.49277],[0.46816,0.49854],[0.46807,0.49778],[0.46537,0.49277]]],[[[0.46152,0.48419],[0.46365,0.48858],[0.464,0.48844],[0.46152,0.48419]]],[[[0.44966,0.45864],[0.44771,0.4565],[0.44977,0.46043],[0.44966,0.45864]]],[[[0.4662,0.48935],[0.46628,0.48989],[0.46824,0.49414],[0.4662,0.48935]]],[[[0.47183,0.50129],[0.47387,0.50767],[0.47522,0.50887],[0.47183,0.50129]]],[[[0.47031,0.49642],[0.47176,0.50086],[0.47224,0.49994],[0.47031,0.49642]]],[[[0.4556,0.4691],[0.45755,0.47335],[0.45662,0.47065],[0.4556,0.4691]]],[[[0.48658,0.52428],[0.49366,0.54189],[0.49548,0.54282],[0.49103,0.53182],[0.48658,0.52428]]],[[[0.50889,0.57193],[0.50482,0.56704],[0.5054,0.57275],[0.51238,0.58737],[0.50889,0.57193]]],[[[0.52178,0.62931],[0.5211,0.62979],[0.5222,0.63227],[0.52178,0.62931]]],[[[0.51157,0.59885],[0.51064,0.59846],[0.51252,0.60516],[0.5151,0.60962],[0.51157,0.59885]]],[[[0.4688,0.49171],[0.47082,0.49567],[0.47087,0.4946],[0.4688,0.49171]]],[[[0.45861,0.47696],[0.45818,0.47689],[0.45992,0.47972],[0.45861,0.47696]]],[[[0.46601,0.45356],[0.4693,0.46022],[0.47465,0.46776],[0.48056,0.47414],[0.4726,0.46099],[0.46601,0.45356]]],[[[0.42202,0.40365],[0.42074,0.40048],[0.42501,0.40535],[0.42944,0.40708],[0.43254,0.41069],[0.42923,0.40399],[0.43465,0.41025],[0.43249,0.40531],[0.4179,0.38991],[0.41964,0.39443],[0.4152,0.39343],[0.41274,0.39106],[0.41539,0.39709],[0.42129,0.40728],[0.41992,0.40377],[0.42202,0.40365]]],[[[0.536,0.67385],[0.53764,0.67491],[0.5363,0.6711],[0.5326,0.66343],[0.53044,0.65537],[0.52679,0.64521],[0.52667,0.64747],[0.52425,0.64628],[0.52193,0.63971],[0.52124,0.64002],[0.51704,0.62853],[0.51575,0.62651],[0.51219,0.61431],[0.51,0.60784],[0.50888,0.60193],[0.50669,0.59453],[0.50901,0.60469],[0.50857,0.60479],[0.50444,0.5913],[0.50746,0.60177],[0.50812,0.60676],[0.51028,0.61406],[0.50833,0.60897],[0.50207,0.58842],[0.49571,0.56842],[0.49081,0.55343],[0.48858,0.54989],[0.4847,0.54008],[0.48115,0.53339],[0.479,0.52644],[0.4759,0.51802],[0.47601,0.51688],[0.46741,0.49865],[0.46644,0.49713],[0.47038,0.50713],[0.4659,0.50049],[0.46178,0.49198],[0.45962,0.48635],[0.45574,0.48054],[0.4577,0.48467],[0.45798,0.48674],[0.44786,0.46657],[0.43575,0.44382],[0.44091,0.45486],[0.43959,0.4534],[0.43062,0.43834],[0.43586,0.44795],[0.44202,0.46054],[0.43987,0.45743],[0.43204,0.44398],[0.43861,0.45711],[0.44578,0.46885],[0.4503,0.4774],[0.45371,0.48531],[0.4645,0.50333],[0.46566,0.50456],[0.4694,0.51113],[0.46816,0.50652],[0.46689,0.50281],[0.47116,0.51035],[0.47085,0.51046],[0.47299,0.51644],[0.47107,0.51311],[0.47139,0.51451],[0.46749,0.50875],[0.46668,0.50854],[0.47609,0.52884],[0.47704,0.52962],[0.48052,0.53689],[0.47801,0.5329],[0.48218,0.54401],[0.48884,0.56153],[0.48893,0.56079],[0.49305,0.5709],[0.49607,0.57978],[0.49951,0.5885],[0.50409,0.60263],[0.50666,0.61055],[0.50828,0.61676],[0.50936,0.61796],[0.5122,0.62635],[0.51394,0.62924],[0.51727,0.63847],[0.52053,0.64475],[0.52287,0.64996],[0.52502,0.65421],[0.52653,0.65384],[0.53269,0.66613],[0.53359,0.66999],[0.536,0.67385]]]]}},{"type":"Feature","properties":{"name":"Ghana","iso3":"GHA","geo_share":0.0017864,"carto_share":0.0005569,"target_share":0.0005568},"geometry":{"type":"Polygon","coordinates":[[[0.08275,0.08754],[0.08376,0.08687],[0.08305,0.08423],[0.08876,0.08197],[0.08812,0.078],[0.08694,0.07655],[0.09085,0.07591],[0.09025,0.07271],[0.08867,0.07211],[0.09275,0.06935],[0.09122,0.06835],[0.09115,0.0658],[0.08948,0.06466],[0.09111,0.06352],[0.08876,0.0603],[0.09106,0.05764],[0.09465,0.05658],[0.09784,0.05433],[0.09453,0.05118],[0.08408,0.05101],[0.07582,0.04824],[0.07026,0.04476],[0.06,0.0415],[0.05562,0.03784],[0.05076,0.04069],[0.04204,0.0428],[0.04245,0.04337],[0.04333,0.04346],[0.04585,0.04388],[0.04652,0.04889],[0.04456,0.04919],[0.04207,0.05446],[0.04202,0.05761],[0.04546,0.06048],[0.04603,0.06221],[0.04854,0.06557],[0.05225,0.06758],[0.05154,0.07159],[0.04994,0.0737],[0.05073,0.07628],[0.04995,0.07751],[0.04977,0.08305],[0.04826,0.08423],[0.04926,0.08717],[0.07494,0.08668],[0.0756,0.08625],[0.07986,0.08791],[0.08275,0.08754]]]}},{"type":"Feature","properties":{"name":"Germany","iso3":"DEU","geo_share":0.0026438,"carto_share":0.0410901,"target_share":0.0411212},"geometry":{"type":"MultiPolygon","coordinates":[[[[0.2811,0.70967],[0.25764,0.71882],[0.23647,0.71671],[0.21686,0.72153],[0.2019,0.70881],[0.14843,0.70209],[0.1442,0.70572],[0.17223,0.7536],[0.19573,0.77423],[0.16598,0.76973],[0.15855,0.77144],[0.1227,0.7663],[0.11689,0.77437],[0.1153,0.77373],[0.1218,0.78279],[0.11728,0.78332],[0.11997,0.79075],[0.13936,0.81958],[0.14197,0.84355],[0.13258,0.85349],[0.13164,0.87598],[0.14813,0.89548],[0.1562,0.93327],[0.14156,0.96433],[0.15421,0.97734],[0.16535,0.97016],[0.18589,0.98088],[0.18671,1.00201],[0.19781,1.01445],[0.19913,1.03473],[0.18311,1.04687],[0.17994,1.06629],[0.19466,1.06266],[0.19401,1.10224],[0.18342,1.13284],[0.17124,1.14669],[0.16773,1.16731],[0.20343,1.14694],[0.22429,1.12286],[0.22253,1.13297],[0.23284,1.12295],[0.22664,1.14363],[0.26303,1.13184],[0.24408,1.14007],[0.22982,1.15762],[0.20863,1.16992],[0.22632,1.16578],[0.19172,1.1934],[0.24641,1.17405],[0.27322,1.17242],[0.29023,1.1644],[0.28369,1.157],[0.29773,1.15639],[0.32577,1.1475],[0.33662,1.14912],[0.3361,1.13192],[0.35626,1.12802],[0.37096,1.13619],[0.38322,1.13674],[0.39853,1.14707],[0.41461,1.14261],[0.43249,1.12882],[0.44159,1.12679],[0.45129,1.11154],[0.46624,1.10151],[0.47932,1.0746],[0.48092,1.06416],[0.47625,1.05148],[0.49657,1.02635],[0.49621,1.01608],[0.50416,0.99803],[0.50086,0.98215],[0.50498,0.96229],[0.50956,0.95896],[0.51177,0.94585],[0.50545,0.9193],[0.49314,0.92736],[0.49442,0.91897],[0.469,0.90427],[0.46743,0.89969],[0.43006,0.88639],[0.42324,0.87772],[0.41375,0.88271],[0.43501,0.86338],[0.42969,0.85508],[0.43943,0.84195],[0.4504,0.8372],[0.466,0.82026],[0.47565,0.81297],[0.46986,0.79664],[0.4647,0.79844],[0.46078,0.78573],[0.43928,0.76518],[0.44315,0.75014],[0.44446,0.72725],[0.43286,0.73517],[0.41395,0.73412],[0.41275,0.72887],[0.39143,0.72345],[0.37112,0.71186],[0.35578,0.7079],[0.35062,0.71399],[0.32871,0.71295],[0.32347,0.69914],[0.29343,0.71325],[0.2811,0.70967]]],[[[0.43905,1.13202],[0.4211,1.13835],[0.41833,1.14568],[0.42454,1.14786],[0.43437,1.14064],[0.43905,1.13202]]],[[[0.46215,1.10903],[0.45282,1.11226],[0.44537,1.12463],[0.46054,1.11281],[0.46215,1.10903]]],[[[0.34709,1.1492],[0.3359,1.1526],[0.33821,1.15499],[0.34709,1.1492]]],[[[0.16725,1.20468],[0.16959,1.20767],[0.17198,1.2007],[0.16725,1.20468]]],[[[0.19075,1.18688],[0.18008,1.19369],[0.19011,1.18906],[0.19075,1.18688]]]]}},{"type":"Feature","properties":{"name":"Georgia","iso3":"GEO","geo_share":0.0005135,"carto_share":0.0001676,"target_share":0.0001601},"geometry":{"type":"Polygon","coordinates":[[[0.74777,0.86552],[0.74389,0.88484],[0.74222,0.88081],[0.73643,0.88096],[0.73821,0.88805],[0.73886,0.89581],[0.7377,0.91052],[0.73607,0.91311],[0.73465,0.91693],[0.73304,0.9172],[0.73037,0.92104],[0.73137,0.92411],[0.73372,0.92454],[0.73768,0.92017],[0.74047,0.91915],[0.74239,0.91593],[0.74284,0.91415],[0.74534,0.90729],[0.74548,0.90527],[0.74627,0.90289],[0.74742,0.90238],[0.74849,0.89761],[0.74841,0.89969],[0.75026,0.89089],[0.75138,0.88628],[0.75192,0.88045],[0.75319,0.87304],[0.75465,0.86441],[0.75459,0.85998],[0.75578,0.844],[0.75551,0.83905],[0.75508,0.84564],[0.75446,0.85015],[0.7542,0.8546],[0.75309,0.86236],[0.75277,0.86012],[0.75253,0.85902],[0.75081,0.86454],[0.74777,0.86552]]]}},{"type":"Feature","properties":{"name":"Gambia","iso3":"GMB","geo_share":7.43e-05,"carto_share":2.45e-05,"target_share":2.31e-05},"geometry":{"type":"Polygon","coordinates":[[[-0.10907,0.10913],[-0.10951,0.11147],[-0.10565,0.11262],[-0.10382,0.11121],[-0.0974,0.11098],[-0.09682,0.11174],[-0.08771,0.11211],[-0.09638,0.11221],[-0.10153,0.1116],[-0.10319,0.11353],[-0.08845,0.11292],[-0.08753,0.11395],[-0.08436,0.11444],[-0.07704,0.11168],[-0.07384,0.11195],[-0.07257,0.1104],[-0.07628,0.10987],[-0.07807,0.11017],[-0.08478,0.11252],[-0.08614,0.11141],[-0.09218,0.11116],[-0.09259,0.10993],[-0.1062,0.10996],[-0.10907,0.10913]]]}},{"type":"Feature","properties":{"name":"Gabon","iso3":"GAB","geo_share":0.0019454,"carto_share":0.0006044,"target_share":0.0006064},"geometry":{"type":"Polygon","coordinates":[[[0.26877,-0.02373],[0.26884,-0.03033],[0.27025,-0.03578],[0.27354,-0.03401],[0.27579,-0.03501],[0.27848,-0.04274],[0.27811,-0.04516],[0.27677,-0.04608],[0.27611,-0.05054],[0.27663,-0.05589],[0.27807,-0.05704],[0.28125,-0.06225],[0.2814,-0.067],[0.28245,-0.07313],[0.28286,-0.07968],[0.28208,-0.084],[0.28209,-0.08744],[0.28078,-0.08706],[0.27914,-0.08215],[0.27793,-0.08531],[0.27468,-0.08332],[0.27268,-0.07779],[0.27118,-0.07611],[0.27035,-0.07722],[0.27115,-0.08258],[0.26878,-0.08303],[0.26555,-0.08131],[0.26601,-0.08765],[0.26791,-0.09013],[0.26772,-0.09203],[0.26993,-0.09536],[0.27012,-0.10099],[0.26707,-0.09756],[0.26527,-0.09926],[0.26371,-0.10392],[0.26181,-0.09953],[0.25862,-0.09516],[0.25584,-0.08915],[0.24982,-0.08264],[0.24501,-0.07502],[0.24217,-0.06787],[0.24572,-0.07152],[0.24827,-0.07096],[0.24261,-0.06771],[0.2368,-0.05857],[0.2389,-0.06025],[0.24351,-0.05845],[0.24546,-0.05542],[0.24514,-0.04563],[0.25089,-0.04959],[0.25262,-0.0474],[0.24818,-0.04561],[0.24531,-0.04165],[0.24734,-0.04014],[0.2488,-0.04142],[0.2481,-0.03522],[0.25202,-0.03602],[0.25982,-0.03715],[0.25793,-0.022],[0.25778,-0.02011],[0.26314,-0.02107],[0.26817,-0.02241],[0.26877,-0.02373]]]}},{"type":"Feature","properties":{"name":"France","iso3":"FRA","geo_share":0.0047218,"carto_share":0.0275368,"target_share":0.0275714},"geometry":{"type":"MultiPolygon","coordinates":[[[[0.19463,0.40404],[0.19138,0.39592],[0.18522,0.38843],[0.17074,0.39067],[0.17354,0.39326],[0.16518,0.39622],[0.16804,0.39957],[0.16527,0.40331],[0.16992,0.40768],[0.18208,0.41362],[0.18606,0.41386],[0.18899,0.42095],[0.19165,0.42096],[0.19463,0.40404]]],[[[0.14843,0.70209],[0.13584,0.68985],[0.11639,0.68733],[0.11151,0.67525],[0.0912,0.64773],[0.08427,0.64212],[0.0816,0.62666],[0.07331,0.61508],[0.07173,0.60069],[0.07584,0.57893],[0.08374,0.59846],[0.09731,0.59538],[0.09947,0.57373],[0.11384,0.5536],[0.10724,0.54042],[0.12582,0.51842],[0.12418,0.50946],[0.10915,0.50656],[0.1153,0.49365],[0.12774,0.47935],[0.12369,0.46914],[0.13021,0.4554],[0.14363,0.44553],[0.15312,0.44311],[0.14814,0.42972],[0.14676,0.42906],[0.14609,0.42986],[0.14525,0.42836],[0.13033,0.41657],[0.12609,0.41015],[0.11865,0.40769],[0.11265,0.40927],[0.10384,0.41585],[0.09439,0.42783],[0.08669,0.42855],[0.07518,0.43933],[0.07099,0.44526],[0.06163,0.43637],[0.06252,0.42695],[0.07004,0.41271],[0.0752,0.40524],[0.06914,0.40951],[0.06319,0.40877],[0.04843,0.41981],[0.04468,0.41995],[0.03135,0.43271],[0.02165,0.4415],[0.0168,0.44779],[-0.01021,0.47127],[-0.00831,0.4648],[-0.03226,0.48145],[-0.04554,0.49544],[-0.0553,0.50179],[-0.06588,0.51416],[-0.09519,0.54105],[-0.09828,0.54835],[-0.1158,0.567],[-0.11038,0.56649],[-0.11772,0.5827],[-0.12491,0.5987],[-0.13067,0.61384],[-0.1299,0.62108],[-0.11661,0.61062],[-0.12273,0.61836],[-0.13397,0.62597],[-0.12942,0.62554],[-0.13488,0.64071],[-0.15529,0.65086],[-0.16346,0.65994],[-0.16262,0.66583],[-0.16777,0.67029],[-0.16125,0.67344],[-0.17647,0.6762],[-0.17454,0.6804],[-0.18379,0.68341],[-0.19381,0.69045],[-0.21104,0.69866],[-0.21918,0.7014],[-0.22757,0.70898],[-0.22147,0.70914],[-0.23024,0.71574],[-0.23093,0.71878],[-0.21624,0.71759],[-0.20754,0.71644],[-0.19419,0.71801],[-0.18829,0.71728],[-0.18058,0.7115],[-0.17346,0.71436],[-0.14123,0.71516],[-0.147,0.71915],[-0.1462,0.72867],[-0.15238,0.73582],[-0.15128,0.73785],[-0.13303,0.74162],[-0.13103,0.73561],[-0.10018,0.73906],[-0.08206,0.7471],[-0.09018,0.74722],[-0.08741,0.75391],[-0.074,0.76372],[-0.0566,0.77522],[-0.0464,0.79139],[-0.04035,0.82576],[-0.03089,0.85544],[-0.0185,0.87685],[-0.01936,0.84313],[-0.0166,0.83248],[-0.00886,0.84031],[-0.00539,0.81342],[0.00686,0.80559],[0.00816,0.79455],[0.0296,0.78827],[0.02888,0.76844],[0.04594,0.7697],[0.06498,0.7837],[0.06094,0.76241],[0.08254,0.76257],[0.09061,0.75905],[0.10543,0.76849],[0.10824,0.76867],[0.1153,0.77373],[0.11689,0.77437],[0.1227,0.7663],[0.15855,0.77144],[0.16598,0.76973],[0.19573,0.77423],[0.17223,0.7536],[0.1442,0.70572],[0.14843,0.70209]]],[[[-0.13505,0.63116],[-0.13597,0.62957],[-0.1423,0.63666],[-0.13505,0.63116]]],[[[0.52607,-0.28226],[0.52528,-0.27812],[0.528,-0.28052],[0.52607,-0.28226]]],[[[0.697,-0.44033],[0.68786,-0.43749],[0.68487,-0.43265],[0.68637,-0.42983],[0.69378,-0.43119],[0.69781,-0.43648],[0.697,-0.44033]]],[[[-0.84512,0.06834],[-0.84877,0.06652],[-0.8471,0.07076],[-0.84884,0.07597],[-0.84482,0.07508],[-0.84512,0.06834]]],[[[-0.84502,0.10971],[-0.84297,0.11591],[-0.84021,0.1113],[-0.84502,0.10971]]],[[[-0.849,0.1053],[-0.84738,0.11185],[-0.84521,0.11057],[-0.84647,0.10557],[-0.849,0.1053]]],[[[-0.84384,0.10299],[-0.84245,0.10564],[-0.84224,0.10391],[-0.84384,0.10299]]],[[[-0.84208,-0.17458],[-0.84006,-0.17355],[-0.84005,-0.16592],[-0.84254,-0.158],[-0.83901,-0.14914],[-0.84575,-0.13875],[-0.84507,-0.1282],[-0.83901,-0.11245],[-0.82578,-0.09766],[-0.80791,-0.08104],[-0.79665,-0.08167],[-0.77797,-0.08095],[-0.75617,-0.10193],[-0.75459,-0.11248],[-0.75059,-0.10708],[-0.75126,-0.12668],[-0.76143,-0.14164],[-0.78952,-0.18937],[-0.79729,-0.19461],[-0.80458,-0.19385],[-0.80823,-0.18972],[-0.81305,-0.19112],[-0.82192,-0.18586],[-0.82878,-0.18822],[-0.84208,-0.17458]]]]}},{"type":"Feature","properties":{"name":"St. Pierre and Miquelon","iso3":"SPM","geo_share":1.1e-06,"carto_share":7e-07,"target_share":3e-07},"geometry":{"type":"MultiPolygon","coordinates":[[[[-0.70972,0.92751],[-0.71026,0.92816],[-0.70984,0.92888],[-0.70972,0.92751]]],[[[-0.71111,0.92934],[-0.71233,0.93576],[-0.71071,0.93055],[-0.71111,0.92934]]]]}},{"type":"Feature","properties":{"name":"Wallis and Futuna Is.","iso3":"WLF","geo_share":5e-07,"carto_share":5e-07,"target_share":2e-07},"geometry":{"type":"MultiPolygon","coordinates":[[[[-2.61201,-0.30848],[-2.61271,-0.30786],[-2.61246,-0.30632],[-2.61201,-0.30848]]],[[[-2.63626,-0.32672],[-2.63643,-0.32537],[-2.63459,-0.32658],[-2.63626,-0.32672]]]]}},{"type":"Feature","properties":{"name":"St-Martin","iso3":"MAF","geo_share":2e-07,"carto_share":2e-07,"target_share":1e-07},"geometry":{"type":"Polygon","coordinates":[[[-0.85528,0.14348],[-0.85684,0.14321],[-0.85573,0.14426],[-0.85528,0.14348]]]}},{"type":"Feature","properties":{"name":"St-Barthélemy","iso3":"BLM","geo_share":1e-07,"carto_share":1e-07,"target_share":0.0},"geometry":{"type":"Polygon","coordinates":[[[-0.85408,0.14007],[-0.85425,0.14077],[-0.85324,0.14085],[-0.85408,0.14007]]]}},{"type":"Feature","properties":{"name":"Fr. Polynesia","iso3":"PYF","geo_share":1.13e-05,"carto_share":9.5e-06,"target_share":3.5e-06},"geometry":{"type":"MultiPolygon","coordinates":[[[[-2.21685,-0.3866],[-2.21767,-0.38512],[-2.21648,-0.38597],[-2.21685,-0.3866]]],[[[-2.18705,-0.40363],[-2.18849,-0.40196],[-2.18677,-0.40236],[-2.18705,-0.40363]]],[[[-2.21567,-0.38978],[-2.21616,-0.38782],[-2.21411,-0.38987],[-2.21567,-0.38978]]],[[[-2.17947,-0.40656],[-2.18254,-0.40644],[-2.18422,-0.40322],[-2.18121,-0.40326],[-2.17947,-0.40656]]],[[[-2.0617,-0.26058],[-2.05902,-0.26248],[-2.06281,-0.26291],[-2.0617,-0.26058]]],[[[-2.06126,-0.26485],[-2.06203,-0.26623],[-2.06239,-0.26469],[-2.06126,-0.26485]]],[[[-2.05285,-0.2764],[-2.05338,-0.27439],[-2.05219,-0.27515],[-2.05285,-0.2764]]],[[[-2.08288,-0.24554],[-2.08359,-0.2427],[-2.08097,-0.24323],[-2.08288,-0.24554]]],[[[-2.07892,-0.25511],[-2.07998,-0.25352],[-2.07833,-0.25336],[-2.07892,-0.25511]]],[[[-2.04688,-0.41397],[-2.04688,-0.41184],[-2.04643,-0.41189],[-2.04688,-0.41397]]],[[[-2.07374,-0.24641],[-2.07352,-0.24476],[-2.07218,-0.24589],[-2.07374,-0.24641]]],[[[-2.04091,-0.42365],[-2.04047,-0.42433],[-2.04239,-0.4233],[-2.04091,-0.42365]]],[[[-2.04443,-0.42],[-2.04484,-0.42017],[-2.04753,-0.41749],[-2.04443,-0.42]]],[[[-1.97162,-0.42889],[-1.97465,-0.42743],[-1.97198,-0.4284],[-1.97162,-0.42889]]],[[[-1.98307,-0.42515],[-1.98521,-0.42332],[-1.98456,-0.42349],[-1.98307,-0.42515]]],[[[-1.99027,-0.47057],[-1.99118,-0.46909],[-1.9904,-0.46987],[-1.99027,-0.47057]]],[[[-2.0841,-0.38002],[-2.08422,-0.37854],[-2.08387,-0.37837],[-2.0841,-0.38002]]],[[[-2.09521,-0.38918],[-2.09404,-0.39013],[-2.0954,-0.38945],[-2.09521,-0.38918]]],[[[-2.09715,-0.38939],[-2.09774,-0.38947],[-2.0996,-0.3883],[-2.09715,-0.38939]]],[[[-2.12496,-0.37398],[-2.12533,-0.374],[-2.12724,-0.37206],[-2.12496,-0.37398]]],[[[-2.12877,-0.38304],[-2.13184,-0.37958],[-2.13242,-0.37796],[-2.12877,-0.38304]]]]}},{"type":"Feature","properties":{"name":"New Caledonia","iso3":"NCL","geo_share":0.0001374,"carto_share":5.98e-05,"target_share":4.28e-05},"geometry":{"type":"MultiPolygon","coordinates":[[[[2.3716,-0.47378],[2.37477,-0.47862],[2.37632,-0.47954],[2.37817,-0.48477],[2.38278,-0.4887],[2.38745,-0.49418],[2.3865,-0.49734],[2.38397,-0.49793],[2.37912,-0.49371],[2.379,-0.49206],[2.37328,-0.48735],[2.37158,-0.48486],[2.36916,-0.48009],[2.36782,-0.47612],[2.36819,-0.47163],[2.3716,-0.47378]]],[[[2.39162,-0.50281],[2.39063,-0.50202],[2.39238,-0.5015],[2.39162,-0.50281]]],[[[2.30764,-0.45928],[2.30904,-0.45647],[2.30922,-0.45753],[2.30764,-0.45928]]],[[[2.41187,-0.48436],[2.40992,-0.48703],[2.40631,-0.48671],[2.40723,-0.4839],[2.41187,-0.48436]]],[[[2.39465,-0.47607],[2.39851,-0.47126],[2.39705,-0.47417],[2.39465,-0.47607]]],[[[2.40305,-0.48112],[2.39982,-0.47833],[2.40524,-0.47403],[2.40468,-0.47948],[2.40305,-0.48112]]]]}},{"type":"Feature","properties":{"name":"Fr. S. Antarctic Lands","iso3":"ATF","geo_share":5.14e-05,"carto_share":2.33e-05,"target_share":1.6e-05},"geometry":{"type":"MultiPolygon","coordinates":[[[[0.82543,-0.93227],[0.82771,-0.93113],[0.82805,-0.93256],[0.82588,-0.93303],[0.82769,-0.93398],[0.83457,-0.93237],[0.83646,-0.93409],[0.83338,-0.93632],[0.82939,-0.93498],[0.82777,-0.9362],[0.83204,-0.93785],[0.82953,-0.93892],[0.82711,-0.93736],[0.82582,-0.93775],[0.8225,-0.93619],[0.82036,-0.93817],[0.81881,-0.93754],[0.82053,-0.93528],[0.82117,-0.93156],[0.82243,-0.92955],[0.82499,-0.92777],[0.82487,-0.9299],[0.8234,-0.9319],[0.82543,-0.93227]]],[[[0.82482,-0.93186],[0.82505,-0.93012],[0.82665,-0.93086],[0.82482,-0.93186]]],[[[0.61869,-0.87209],[0.61701,-0.87174],[0.6179,-0.87012],[0.61869,-0.87209]]]]}},{"type":"Feature","properties":{"name":"Åland","iso3":"ALA","geo_share":5.7e-06,"carto_share":5.3e-06,"target_share":1.8e-06},"geometry":{"type":"MultiPolygon","coordinates":[[[[0.50503,1.16077],[0.5033,1.16052],[0.49818,1.16365],[0.49513,1.16657],[0.49665,1.16699],[0.50503,1.16077]]],[[[0.49593,1.16554],[0.49387,1.16662],[0.49277,1.16805],[0.49593,1.16554]]],[[[0.51456,1.15294],[0.51086,1.15535],[0.51317,1.15423],[0.51456,1.15294]]]]}},{"type":"Feature","properties":{"name":"Finland","iso3":"FIN","geo_share":0.0024595,"carto_share":0.0025761,"target_share":0.0025814},"geometry":{"type":"MultiPolygon","coordinates":[[[[0.50397,1.20815],[0.4955,1.21624],[0.49228,1.21855],[0.48737,1.22417],[0.48782,1.22697],[0.47576,1.23757],[0.47429,1.24058],[0.46882,1.24408],[0.46306,1.25123],[0.46449,1.25104],[0.44108,1.26843],[0.42318,1.27948],[0.38782,1.30165],[0.3967,1.29746],[0.39455,1.29965],[0.39775,1.29876],[0.40489,1.29521],[0.42438,1.28165],[0.42864,1.27817],[0.44788,1.26666],[0.45571,1.26334],[0.47908,1.24732],[0.48251,1.24737],[0.48749,1.24525],[0.48404,1.24936],[0.48231,1.25392],[0.48732,1.25283],[0.49743,1.24613],[0.5036,1.24302],[0.50825,1.23995],[0.52064,1.22931],[0.53498,1.21728],[0.5412,1.21102],[0.53789,1.21196],[0.54202,1.20789],[0.53458,1.21284],[0.54211,1.2064],[0.54147,1.20523],[0.54874,1.19817],[0.56046,1.18837],[0.57395,1.17528],[0.57514,1.17362],[0.57014,1.17493],[0.57174,1.17299],[0.59085,1.15313],[0.59709,1.14548],[0.59534,1.14638],[0.59674,1.14306],[0.60006,1.13959],[0.5992,1.1393],[0.60299,1.13493],[0.60648,1.13165],[0.60785,1.12905],[0.61121,1.12462],[0.61643,1.11877],[0.61914,1.11441],[0.61741,1.11377],[0.62478,1.1045],[0.63558,1.09057],[0.64201,1.08087],[0.64383,1.07666],[0.64312,1.0741],[0.64119,1.07164],[0.63942,1.07134],[0.63375,1.07321],[0.62993,1.07361],[0.62618,1.07597],[0.62203,1.07975],[0.61333,1.0853],[0.60861,1.08889],[0.60418,1.09123],[0.60182,1.09354],[0.5966,1.09674],[0.58622,1.10401],[0.57628,1.1113],[0.57096,1.11548],[0.56369,1.11948],[0.56509,1.11996],[0.55538,1.12828],[0.55618,1.12661],[0.55043,1.13009],[0.54729,1.13506],[0.54059,1.13961],[0.52189,1.153],[0.51528,1.16007],[0.51371,1.16349],[0.51,1.1679],[0.51135,1.16741],[0.5005,1.17713],[0.49945,1.17972],[0.49037,1.18851],[0.49004,1.1901],[0.49504,1.18928],[0.49132,1.19289],[0.49722,1.18948],[0.50313,1.18683],[0.50277,1.18999],[0.50604,1.18839],[0.51159,1.187],[0.51824,1.18647],[0.52119,1.18687],[0.5224,1.18867],[0.52764,1.18641],[0.53363,1.18271],[0.52971,1.18747],[0.5272,1.19182],[0.51152,1.20333],[0.50397,1.20815]]],[[[0.53652,1.1417],[0.53247,1.14465],[0.53129,1.1461],[0.53652,1.1417]]],[[[0.48561,1.19636],[0.48872,1.19476],[0.48686,1.19504],[0.48561,1.19636]]],[[[0.54318,1.13755],[0.54627,1.13397],[0.53888,1.13976],[0.54318,1.13755]]],[[[0.52315,1.1517],[0.52103,1.1526],[0.51765,1.1557],[0.52315,1.1517]]],[[[0.5341,1.14142],[0.53343,1.14233],[0.53606,1.14089],[0.5341,1.14142]]],[[[0.53288,1.14215],[0.5298,1.14426],[0.53208,1.14316],[0.53288,1.14215]]],[[[0.52284,1.1898],[0.51988,1.19223],[0.52609,1.1888],[0.52284,1.1898]]]]}},{"type":"Feature","properties":{"name":"Fiji","iso3":"FJI","geo_share":0.0001334,"carto_share":7.3e-05,"target_share":4.16e-05},"geometry":{"type":"MultiPolygon","coordinates":[[[[2.63277,-0.38475],[2.63004,-0.38828],[2.63739,-0.38394],[2.63526,-0.3876],[2.62756,-0.38947],[2.62566,-0.38846],[2.62182,-0.39163],[2.61764,-0.39345],[2.61684,-0.39114],[2.61912,-0.38838],[2.6216,-0.38805],[2.62656,-0.3845],[2.63442,-0.38022],[2.64213,-0.37735],[2.63277,-0.38475]]],[[[2.61022,-0.40385],[2.60797,-0.40964],[2.60405,-0.41073],[2.60148,-0.41254],[2.59812,-0.41312],[2.59335,-0.4116],[2.59444,-0.40877],[2.6012,-0.4031],[2.60858,-0.40003],[2.61022,-0.40385]]],[[[-2.64611,-0.37758],[-2.64733,-0.37425],[-2.64491,-0.37392],[-2.64611,-0.37758]]],[[[2.6344,-0.39099],[2.63288,-0.39112],[2.63595,-0.38817],[2.6344,-0.39099]]],[[[2.59435,-0.42842],[2.59154,-0.4289],[2.59829,-0.42415],[2.59435,-0.42842]]],[[[-2.62401,-0.39794],[-2.62529,-0.39697],[-2.62407,-0.39707],[-2.62401,-0.39794]]],[[[-2.61836,-0.40313],[-2.61985,-0.40212],[-2.61867,-0.40194],[-2.61836,-0.40313]]],[[[-2.61286,-0.39752],[-2.61469,-0.39685],[-2.6138,-0.3962],[-2.61286,-0.39752]]],[[[-2.62871,-0.38461],[-2.62925,-0.38278],[-2.62835,-0.38301],[-2.62871,-0.38461]]],[[[-2.6086,-0.42072],[-2.60875,-0.4201],[-2.60773,-0.42086],[-2.6086,-0.42072]]],[[[-2.62845,-0.41735],[-2.62888,-0.41685],[-2.62878,-0.41581],[-2.62845,-0.41735]]],[[[2.59818,-0.39954],[2.59901,-0.39831],[2.59968,-0.3986],[2.59818,-0.39954]]],[[[2.62243,-0.39817],[2.62338,-0.39616],[2.62393,-0.39679],[2.62243,-0.39817]]],[[[2.61606,-0.40954],[2.61544,-0.40836],[2.61678,-0.40693],[2.61606,-0.40954]]],[[[2.61156,-0.40481],[2.61173,-0.404],[2.61331,-0.40285],[2.61156,-0.40481]]],[[[-2.64825,-0.36894],[-2.64938,-0.36864],[-2.64833,-0.36761],[-2.64825,-0.36894]]],[[[-2.65108,-0.36213],[-2.6516,-0.36248],[-2.65143,-0.36168],[-2.65108,-0.36213]]],[[[2.63827,-0.38416],[2.63821,-0.38389],[2.63876,-0.3833],[2.63827,-0.38416]]],[[[2.62684,-0.30905],[2.62585,-0.30864],[2.62761,-0.30832],[2.62684,-0.30905]]],[[[2.5142,-0.48315],[2.51391,-0.4827],[2.5146,-0.48259],[2.5142,-0.48315]]],[[[-2.5976,-0.45013],[-2.59783,-0.45005],[-2.59804,-0.44965],[-2.5976,-0.45013]]]]}},{"type":"Feature","properties":{"name":"Ethiopia","iso3":"ETH","geo_share":0.0084266,"carto_share":0.0026233,"target_share":0.0026267},"geometry":{"type":"Polygon","coordinates":[[[0.42784,0.0156],[0.4266,0.0176],[0.42481,0.02915],[0.42028,0.03538],[0.41926,0.03866],[0.41754,0.04039],[0.41414,0.04113],[0.41262,0.04325],[0.41472,0.04871],[0.4205,0.04985],[0.42175,0.05161],[0.42234,0.06196],[0.42289,0.06512],[0.42459,0.06986],[0.42477,0.0745],[0.42744,0.07879],[0.42897,0.07743],[0.43036,0.07894],[0.43091,0.08368],[0.43252,0.08996],[0.43376,0.09168],[0.437,0.09858],[0.43895,0.10046],[0.44134,0.10121],[0.44256,0.10743],[0.44423,0.11151],[0.44561,0.11835],[0.44952,0.11892],[0.45128,0.12088],[0.45363,0.11799],[0.4556,0.12492],[0.46047,0.12091],[0.46273,0.12143],[0.46454,0.12276],[0.46572,0.12138],[0.46837,0.1219],[0.47472,0.12115],[0.48036,0.11899],[0.48585,0.11367],[0.48916,0.11151],[0.49009,0.10888],[0.49253,0.10554],[0.48641,0.09387],[0.48642,0.08663],[0.48753,0.08621],[0.49171,0.08798],[0.49454,0.08694],[0.49284,0.08245],[0.49482,0.07785],[0.4981,0.07451],[0.50121,0.06994],[0.50247,0.06965],[0.50622,0.06688],[0.51998,0.06514],[0.53132,0.06435],[0.53944,0.06737],[0.52242,0.04708],[0.51706,0.04026],[0.50578,0.02577],[0.49829,0.02366],[0.49472,0.02165],[0.49045,0.01828],[0.48678,0.0137],[0.48019,0.01024],[0.47862,0.00817],[0.47325,0.00631],[0.47037,0.00909],[0.46183,0.00259],[0.45804,-0.00258],[0.4512,-0.00249],[0.4471,-0.00278],[0.43913,0.00453],[0.43273,0.00395],[0.43078,0.00788],[0.43138,0.01433],[0.42784,0.0156]]]}},{"type":"Feature","properties":{"name":"Estonia","iso3":"EST","geo_share":0.0003388,"carto_share":0.0001228,"target_share":0.0001056},"geometry":{"type":"MultiPolygon","coordinates":[[[[0.64564,1.0491],[0.6417,1.05207],[0.63919,1.05359],[0.63689,1.05542],[0.63287,1.05899],[0.62197,1.06734],[0.61315,1.07264],[0.6113,1.07581],[0.60614,1.07915],[0.59973,1.08409],[0.594,1.08939],[0.58744,1.09603],[0.58458,1.09985],[0.59329,1.09366],[0.59538,1.093],[0.61011,1.08189],[0.6094,1.08303],[0.62589,1.0704],[0.63128,1.06581],[0.64095,1.05868],[0.64157,1.05858],[0.64342,1.05683],[0.64179,1.05749],[0.64185,1.05657],[0.64049,1.05674],[0.64347,1.0529],[0.6473,1.049],[0.64592,1.04978],[0.64564,1.0491]]],[[[0.58329,1.09721],[0.59066,1.09127],[0.58403,1.09427],[0.57749,1.09859],[0.57676,1.09755],[0.57308,1.10009],[0.57479,1.09995],[0.56687,1.10586],[0.56263,1.1103],[0.57093,1.10494],[0.57476,1.10313],[0.58329,1.09721]]],[[[0.57371,1.1043],[0.56829,1.10916],[0.55956,1.11563],[0.56754,1.11048],[0.56835,1.11071],[0.57647,1.1044],[0.5809,1.10025],[0.57371,1.1043]]],[[[0.59071,1.09161],[0.58503,1.09598],[0.5893,1.09312],[0.59071,1.09161]]]]}},{"type":"Feature","properties":{"name":"Eritrea","iso3":"ERI","geo_share":0.0009154,"carto_share":0.0002867,"target_share":0.0002854},"geometry":{"type":"MultiPolygon","coordinates":[[[[0.44561,0.11835],[0.4451,0.1271],[0.44579,0.12829],[0.44817,0.13856],[0.44775,0.14192],[0.44829,0.14644],[0.45102,0.1465],[0.45159,0.14905],[0.45355,0.15119],[0.45786,0.15363],[0.46341,0.16142],[0.46506,0.1542],[0.46556,0.1455],[0.46578,0.13581],[0.47036,0.12764],[0.47157,0.13163],[0.47342,0.13042],[0.4749,0.12715],[0.48006,0.12678],[0.4819,0.12569],[0.4869,0.1258],[0.49065,0.11998],[0.49671,0.11859],[0.49628,0.1148],[0.49795,0.11575],[0.49881,0.11273],[0.50172,0.11279],[0.49799,0.1098],[0.49476,0.10543],[0.49253,0.10554],[0.49009,0.10888],[0.48916,0.11151],[0.48585,0.11367],[0.48036,0.11899],[0.47472,0.12115],[0.46837,0.1219],[0.46572,0.12138],[0.46454,0.12276],[0.46273,0.12143],[0.46047,0.12091],[0.4556,0.12492],[0.45363,0.11799],[0.45128,0.12088],[0.44952,0.11892],[0.44561,0.11835]]],[[[0.47691,0.13963],[0.47535,0.13988],[0.47651,0.14111],[0.47691,0.13963]]],[[[0.47646,0.13499],[0.47335,0.13374],[0.4753,0.13761],[0.47646,0.13499]]]]}},{"type":"Feature","properties":{"name":"Eq. Guinea","iso3":"GNQ","geo_share":0.0001961,"carto_share":6.54e-05,"target_share":6.11e-05},"geometry":{"type":"MultiPolygon","coordinates":[[[[0.22849,0.01167],[0.22961,0.00933],[0.22787,0.00281],[0.22429,0.0041],[0.22528,0.01195],[0.22849,0.01167]]],[[[0.25793,-0.022],[0.25982,-0.03715],[0.25202,-0.03602],[0.2481,-0.03522],[0.24554,-0.03357],[0.24839,-0.02374],[0.24699,-0.01779],[0.24925,-0.02043],[0.25793,-0.022]]]]}},{"type":"Feature","properties":{"name":"El Salvador","iso3":"SLV","geo_share":0.0001491,"carto_share":5.03e-05,"target_share":4.65e-05},"geometry":{"type":"Polygon","coordinates":[[[-1.22562,0.0766],[-1.22286,0.07543],[-1.21375,0.06922],[-1.2099,0.06861],[-1.20356,0.06537],[-1.20303,0.06253],[-1.20375,0.0609],[-1.20728,0.06179],[-1.21733,0.06567],[-1.22313,0.06897],[-1.2301,0.07109],[-1.23373,0.07336],[-1.2337,0.07426],[-1.2273,0.07604],[-1.2275,0.0771],[-1.22562,0.0766]]]}},{"type":"Feature","properties":{"name":"Egypt","iso3":"EGY","geo_share":0.007484,"carto_share":0.0028729,"target_share":0.0028647},"geometry":{"type":"Polygon","coordinates":[[[0.4562,0.21168],[0.40787,0.19723],[0.40746,0.19906],[0.40606,0.19677],[0.3525,0.1838],[0.36478,0.24715],[0.36573,0.25682],[0.36926,0.26285],[0.37034,0.26903],[0.37465,0.27541],[0.37573,0.27395],[0.38098,0.27869],[0.39098,0.28133],[0.39226,0.27937],[0.39499,0.27913],[0.39916,0.281],[0.40195,0.27905],[0.40724,0.28552],[0.41153,0.29306],[0.41358,0.29527],[0.41667,0.30291],[0.42069,0.31012],[0.41707,0.30211],[0.41983,0.30596],[0.42171,0.31204],[0.42233,0.30873],[0.42537,0.31538],[0.42155,0.30314],[0.42072,0.29697],[0.42368,0.30447],[0.42257,0.29798],[0.42689,0.30546],[0.42634,0.30208],[0.43933,0.32253],[0.45566,0.35748],[0.4542,0.34961],[0.46904,0.29062],[0.48022,0.28251],[0.46771,0.27838],[0.46191,0.27484],[0.45618,0.27111],[0.45431,0.26846],[0.449,0.26437],[0.43986,0.26139],[0.43064,0.25996],[0.42617,0.26152],[0.41901,0.26438],[0.41622,0.27068],[0.41555,0.26575],[0.41815,0.26291],[0.42067,0.25959],[0.42547,0.25779],[0.43017,0.25734],[0.4356,0.25797],[0.43501,0.25548],[0.4391,0.25314],[0.43856,0.24934],[0.44392,0.24354],[0.44657,0.23325],[0.44898,0.23135],[0.45264,0.23095],[0.44831,0.22876],[0.4452,0.22267],[0.44504,0.21743],[0.44671,0.21582],[0.45039,0.21607],[0.45163,0.21403],[0.45623,0.21278],[0.4562,0.21168]]]}},{"type":"Feature","properties":{"name":"Ecuador","iso3":"ECU","geo_share":0.0018922,"carto_share":0.0005897,"target_share":0.0005898},"geometry":{"type":"MultiPolygon","coordinates":[[[[-0.9848,-0.17603],[-0.98755,-0.1764],[-0.98384,-0.18113],[-0.98287,-0.18534],[-0.98414,-0.18486],[-0.98378,-0.1907],[-0.98602,-0.19582],[-0.9892,-0.1991],[-0.99668,-0.20151],[-0.99813,-0.20472],[-0.99922,-0.205],[-0.99907,-0.20854],[-1.00027,-0.21324],[-0.99995,-0.21528],[-1.00124,-0.21599],[-1.00247,-0.21845],[-1.00489,-0.21767],[-1.00837,-0.21358],[-1.00988,-0.21365],[-1.01366,-0.21196],[-1.01619,-0.21311],[-1.01765,-0.21246],[-1.01627,-0.21106],[-1.01866,-0.20969],[-1.01478,-0.2082],[-1.01796,-0.20282],[-1.01353,-0.20004],[-1.01311,-0.19438],[-1.01488,-0.19167],[-1.01668,-0.19349],[-1.01705,-0.19126],[-1.01971,-0.19477],[-1.0225,-0.19344],[-1.03316,-0.1874],[-1.02967,-0.18659],[-1.03217,-0.18173],[-1.03238,-0.17926],[-1.0357,-0.17568],[-1.02995,-0.17463],[-1.03114,-0.1698],[-1.02743,-0.1672],[-1.02829,-0.16264],[-1.0322,-0.15713],[-1.02787,-0.15638],[-1.01809,-0.15659],[-1.01873,-0.15298],[-1.01163,-0.15997],[-1.0038,-0.16562],[-1.00309,-0.16815],[-0.9987,-0.17041],[-0.9952,-0.17116],[-0.99405,-0.16869],[-0.99006,-0.17257],[-0.9848,-0.17603]]],[[[-1.01854,-0.19825],[-1.01865,-0.19544],[-1.01459,-0.19577],[-1.01854,-0.19825]]],[[[-1.0184,-0.15587],[-1.0196,-0.15499],[-1.01878,-0.1543],[-1.0184,-0.15587]]],[[[-1.24802,-0.14874],[-1.2469,-0.14659],[-1.24134,-0.14731],[-1.24247,-0.15005],[-1.24802,-0.14874]]],[[[-1.22508,-0.15366],[-1.22902,-0.15308],[-1.22217,-0.15116],[-1.22508,-0.15366]]],[[[-1.26443,-0.14478],[-1.2685,-0.14356],[-1.26537,-0.14185],[-1.26443,-0.14478]]],[[[-1.24501,-0.15855],[-1.24555,-0.1567],[-1.24348,-0.15792],[-1.24501,-0.15855]]],[[[-1.2603,-0.1417],[-1.25642,-0.14464],[-1.25273,-0.1495],[-1.25427,-0.15208],[-1.26262,-0.15266],[-1.26448,-0.14947],[-1.2588,-0.14646],[-1.26368,-0.1424],[-1.26423,-0.13642],[-1.2603,-0.1417]]],[[[-1.25003,-0.14427],[-1.25469,-0.1427],[-1.25324,-0.1412],[-1.25003,-0.14427]]]]}},{"type":"Feature","properties":{"name":"Dominican Rep.","iso3":"DOM","geo_share":0.0003639,"carto_share":0.0001125,"target_share":0.0001134},"geometry":{"type":"Polygon","coordinates":[[[-0.95927,0.14807],[-0.95686,0.15033],[-0.95412,0.15014],[-0.95105,0.15164],[-0.94417,0.14995],[-0.94173,0.15101],[-0.94158,0.14717],[-0.93565,0.14843],[-0.93655,0.14693],[-0.94112,0.1456],[-0.9312,0.14536],[-0.92813,0.14472],[-0.92373,0.14163],[-0.92621,0.1393],[-0.93112,0.13701],[-0.9339,0.1392],[-0.9451,0.13988],[-0.94992,0.13824],[-0.95291,0.13796],[-0.95414,0.13901],[-0.95751,0.13833],[-0.96235,0.12996],[-0.96405,0.13182],[-0.96414,0.13525],[-0.96276,0.13823],[-0.96373,0.14007],[-0.96126,0.14132],[-0.96104,0.14282],[-0.95964,0.14377],[-0.95927,0.14807]]]}},{"type":"Feature","properties":{"name":"Dominica","iso3":"DMA","geo_share":4e-06,"carto_share":4.5e-06,"target_share":1.3e-06},"geometry":{"type":"Polygon","coordinates":[[[-0.84838,0.08719],[-0.84811,0.09413],[-0.84554,0.09609],[-0.84577,0.09122],[-0.84838,0.08719]]]}},{"type":"Feature","properties":{"name":"Djibouti","iso3":"DJI","geo_share":0.0001574,"carto_share":5.53e-05,"target_share":4.91e-05},"geometry":{"type":"Polygon","coordinates":[[[0.49746,0.09427],[0.49454,0.08694],[0.49171,0.08798],[0.48753,0.08621],[0.48642,0.08663],[0.48641,0.09387],[0.49253,0.10554],[0.49476,0.10543],[0.49799,0.1098],[0.50172,0.11279],[0.50158,0.10619],[0.49901,0.10187],[0.49395,0.09701],[0.49165,0.09343],[0.49469,0.09505],[0.49746,0.09427]]]}},{"type":"Feature","properties":{"name":"Greenland","iso3":"GRL","geo_share":0.0160394,"carto_share":0.0049962,"target_share":0.0049997},"geometry":{"type":"MultiPolygon","coordinates":[[[[-0.35892,1.32559],[-0.35524,1.32709],[-0.34409,1.33233],[-0.33491,1.3366],[-0.33725,1.33532],[-0.36811,1.32083],[-0.38255,1.31469],[-0.3831,1.31426],[-0.3792,1.31583],[-0.37048,1.31967],[-0.36134,1.32369],[-0.35368,1.32703],[-0.34471,1.33135],[-0.32758,1.33994],[-0.32229,1.34188],[-0.31682,1.34458],[-0.31487,1.34539],[-0.30304,1.35136],[-0.29415,1.35568],[-0.29248,1.35632],[-0.30418,1.34978],[-0.31856,1.34227],[-0.36684,1.31929],[-0.36944,1.31794],[-0.36914,1.31787],[-0.35412,1.32473],[-0.34803,1.32747],[-0.33197,1.33503],[-0.32711,1.33705],[-0.32499,1.33766],[-0.31852,1.34098],[-0.31224,1.3448],[-0.30654,1.34775],[-0.29265,1.355],[-0.29094,1.35566],[-0.29205,1.35444],[-0.30067,1.34921],[-0.3163,1.34033],[-0.31732,1.33948],[-0.314,1.34148],[-0.30426,1.34675],[-0.28895,1.35513],[-0.27772,1.36107],[-0.27215,1.36378],[-0.26666,1.36615],[-0.26623,1.36603],[-0.25692,1.36983],[-0.24378,1.37462],[-0.2405,1.37589],[-0.2276,1.38104],[-0.21646,1.38485],[-0.19194,1.39179],[-0.17542,1.39577],[-0.16191,1.3984],[-0.16353,1.39787],[-0.19071,1.3901],[-0.20477,1.38607],[-0.20154,1.3867],[-0.20561,1.38525],[-0.21511,1.38236],[-0.22014,1.38062],[-0.23084,1.37721],[-0.23729,1.37483],[-0.22631,1.37808],[-0.23474,1.37482],[-0.24028,1.37278],[-0.25737,1.36639],[-0.27616,1.35871],[-0.28763,1.35278],[-0.28859,1.35183],[-0.27833,1.35648],[-0.27714,1.35684],[-0.28086,1.3543],[-0.2772,1.35585],[-0.27704,1.35544],[-0.28686,1.3508],[-0.29265,1.3476],[-0.30003,1.34405],[-0.30673,1.34049],[-0.30524,1.34098],[-0.31066,1.3376],[-0.31645,1.33408],[-0.3154,1.33427],[-0.30704,1.33871],[-0.30104,1.34134],[-0.29099,1.34534],[-0.28898,1.34577],[-0.29224,1.34439],[-0.29997,1.34138],[-0.30631,1.33836],[-0.30232,1.33951],[-0.29102,1.34384],[-0.28025,1.34827],[-0.27684,1.34932],[-0.27842,1.34765],[-0.28177,1.34588],[-0.30239,1.33832],[-0.31232,1.33396],[-0.31965,1.33019],[-0.32566,1.32765],[-0.32846,1.3261],[-0.32251,1.32861],[-0.32213,1.32838],[-0.31948,1.32923],[-0.31408,1.3317],[-0.30575,1.33488],[-0.3033,1.33555],[-0.30496,1.33453],[-0.30041,1.33543],[-0.30006,1.33412],[-0.30146,1.33302],[-0.3064,1.33096],[-0.31061,1.33002],[-0.31386,1.32879],[-0.31895,1.32626],[-0.32682,1.32267],[-0.33162,1.32088],[-0.32826,1.32191],[-0.32012,1.32554],[-0.31922,1.32498],[-0.32236,1.32327],[-0.31756,1.32531],[-0.31443,1.32735],[-0.30937,1.3292],[-0.30524,1.32915],[-0.30177,1.32959],[-0.30439,1.32779],[-0.31528,1.32431],[-0.31528,1.32395],[-0.32538,1.32003],[-0.33275,1.31769],[-0.33002,1.31963],[-0.33168,1.31922],[-0.33231,1.31837],[-0.33573,1.31667],[-0.33506,1.31663],[-0.33686,1.31539],[-0.33418,1.31614],[-0.32764,1.3186],[-0.31812,1.32132],[-0.32098,1.31867],[-0.33218,1.3147],[-0.33886,1.31149],[-0.34529,1.30918],[-0.35027,1.30781],[-0.3524,1.30769],[-0.35709,1.30524],[-0.36178,1.30402],[-0.3625,1.30367],[-0.35839,1.30441],[-0.36446,1.30153],[-0.36674,1.30027],[-0.37028,1.29871],[-0.37912,1.29571],[-0.37462,1.29705],[-0.37608,1.29613],[-0.38255,1.29346],[-0.37649,1.29581],[-0.36455,1.3011],[-0.36306,1.302],[-0.35716,1.3046],[-0.35193,1.30661],[-0.34536,1.3081],[-0.33899,1.3098],[-0.34143,1.30629],[-0.34352,1.30533],[-0.34451,1.30379],[-0.35701,1.30105],[-0.35847,1.30124],[-0.35911,1.30239],[-0.37749,1.29409],[-0.37561,1.29467],[-0.36277,1.30037],[-0.36104,1.30095],[-0.36201,1.29916],[-0.36679,1.29694],[-0.36202,1.29889],[-0.3603,1.29916],[-0.34989,1.30122],[-0.34715,1.30184],[-0.34654,1.3012],[-0.34281,1.30205],[-0.34858,1.29907],[-0.34865,1.29756],[-0.34701,1.29908],[-0.34167,1.30062],[-0.34174,1.29874],[-0.34283,1.29596],[-0.3422,1.29343],[-0.34652,1.29212],[-0.35053,1.29161],[-0.34996,1.29468],[-0.35329,1.29093],[-0.35869,1.28991],[-0.36337,1.28996],[-0.36489,1.29214],[-0.37414,1.29084],[-0.38431,1.28795],[-0.38539,1.28726],[-0.37588,1.29007],[-0.37511,1.28986],[-0.37615,1.28876],[-0.37988,1.28711],[-0.38446,1.28533],[-0.38919,1.28391],[-0.39663,1.28168],[-0.39461,1.28195],[-0.39685,1.28038],[-0.40482,1.27705],[-0.4008,1.27845],[-0.39685,1.27942],[-0.38635,1.28278],[-0.38474,1.28287],[-0.38963,1.28104],[-0.39423,1.27905],[-0.39327,1.27873],[-0.38956,1.2807],[-0.38462,1.28208],[-0.37735,1.28455],[-0.37121,1.28579],[-0.36562,1.28649],[-0.35841,1.28759],[-0.35049,1.28896],[-0.35222,1.2875],[-0.35832,1.28571],[-0.35788,1.2851],[-0.36549,1.28324],[-0.36444,1.28251],[-0.36922,1.28143],[-0.36931,1.28054],[-0.37417,1.27859],[-0.37802,1.27764],[-0.37748,1.27696],[-0.3815,1.27548],[-0.38319,1.27397],[-0.38918,1.2716],[-0.40305,1.26762],[-0.40761,1.26647],[-0.41538,1.26384],[-0.42034,1.26272],[-0.42354,1.26108],[-0.42774,1.26027],[-0.42747,1.2594],[-0.43097,1.25799],[-0.43457,1.25743],[-0.44113,1.25716],[-0.4408,1.2563],[-0.44278,1.25543],[-0.44219,1.25424],[-0.45325,1.24837],[-0.45785,1.24512],[-0.45954,1.24326],[-0.46588,1.23798],[-0.46898,1.23649],[-0.4715,1.2341],[-0.47668,1.23127],[-0.47829,1.23104],[-0.4808,1.23196],[-0.48048,1.22946],[-0.48753,1.22482],[-0.48776,1.22654],[-0.48955,1.22414],[-0.49203,1.22318],[-0.49259,1.2239],[-0.49653,1.22074],[-0.49974,1.21925],[-0.50109,1.22002],[-0.4978,1.22338],[-0.49197,1.2279],[-0.49847,1.22622],[-0.49592,1.22621],[-0.49834,1.22451],[-0.50109,1.22175],[-0.50361,1.22182],[-0.50211,1.22088],[-0.50276,1.21957],[-0.50689,1.2175],[-0.51823,1.21285],[-0.5203,1.21174],[-0.51652,1.21174],[-0.52173,1.20771],[-0.52384,1.20642],[-0.5295,1.20436],[-0.53011,1.20233],[-0.5276,1.20372],[-0.52662,1.2],[-0.53237,1.19582],[-0.53689,1.19481],[-0.53445,1.19421],[-0.5317,1.19514],[-0.53312,1.19051],[-0.53546,1.18796],[-0.53738,1.18744],[-0.53885,1.1846],[-0.54155,1.18162],[-0.54429,1.18103],[-0.54347,1.18016],[-0.54736,1.17598],[-0.55202,1.17443],[-0.54853,1.17427],[-0.55127,1.16878],[-0.55122,1.16508],[-0.55438,1.16297],[-0.55306,1.16262],[-0.55684,1.1542],[-0.55801,1.14974],[-0.56034,1.14613],[-0.5643,1.14735],[-0.56411,1.14626],[-0.56179,1.14491],[-0.5614,1.14291],[-0.56197,1.13772],[-0.56342,1.13515],[-0.56647,1.137],[-0.5655,1.13386],[-0.56812,1.13282],[-0.56911,1.1363],[-0.5709,1.13631],[-0.5732,1.13819],[-0.57219,1.14156],[-0.56881,1.14539],[-0.56782,1.1476],[-0.57187,1.14284],[-0.57464,1.14402],[-0.57425,1.14644],[-0.57124,1.15177],[-0.57564,1.14819],[-0.57836,1.14477],[-0.58088,1.14288],[-0.58466,1.14111],[-0.58739,1.13788],[-0.58768,1.13949],[-0.58298,1.14433],[-0.58775,1.14134],[-0.58657,1.14465],[-0.58972,1.14317],[-0.58841,1.14665],[-0.58991,1.14641],[-0.58784,1.1506],[-0.58221,1.15545],[-0.58475,1.15419],[-0.58907,1.15087],[-0.58639,1.15444],[-0.59132,1.15394],[-0.58888,1.15723],[-0.58254,1.1627],[-0.58888,1.15805],[-0.59027,1.1593],[-0.59269,1.16307],[-0.5904,1.1668],[-0.58226,1.1708],[-0.58198,1.17144],[-0.58961,1.16779],[-0.59045,1.16834],[-0.58371,1.1733],[-0.58084,1.17427],[-0.58045,1.17502],[-0.57722,1.17647],[-0.57645,1.17512],[-0.57581,1.17715],[-0.57774,1.17685],[-0.57819,1.17967],[-0.57882,1.17667],[-0.58463,1.17344],[-0.59037,1.16896],[-0.59264,1.16773],[-0.59282,1.16925],[-0.59058,1.17202],[-0.5887,1.17611],[-0.59025,1.177],[-0.58589,1.17895],[-0.57984,1.18251],[-0.58055,1.18237],[-0.58735,1.1787],[-0.59066,1.17883],[-0.59563,1.17773],[-0.5946,1.17931],[-0.59154,1.18147],[-0.59425,1.18147],[-0.57863,1.1881],[-0.5768,1.18938],[-0.57163,1.19245],[-0.5715,1.19281],[-0.57594,1.19015],[-0.58771,1.18413],[-0.59611,1.18194],[-0.59435,1.18429],[-0.59022,1.18678],[-0.58506,1.18895],[-0.57908,1.19057],[-0.58859,1.1891],[-0.59201,1.19034],[-0.5891,1.19306],[-0.57634,1.19775],[-0.57136,1.1983],[-0.56699,1.19952],[-0.56498,1.19945],[-0.56436,1.20004],[-0.56663,1.20004],[-0.56487,1.20146],[-0.57002,1.1992],[-0.57345,1.19907],[-0.5789,1.19735],[-0.58405,1.19504],[-0.5875,1.19434],[-0.58396,1.19718],[-0.57775,1.20128],[-0.5673,1.2024],[-0.56347,1.20566],[-0.5646,1.20577],[-0.56636,1.20434],[-0.57164,1.20254],[-0.57413,1.20276],[-0.57928,1.2018],[-0.57452,1.20513],[-0.57064,1.20667],[-0.56851,1.20704],[-0.56583,1.20654],[-0.56159,1.2083],[-0.55864,1.21107],[-0.56152,1.20939],[-0.55855,1.21335],[-0.55495,1.21476],[-0.55511,1.21544],[-0.55809,1.2141],[-0.55391,1.21915],[-0.55192,1.22022],[-0.55202,1.22112],[-0.55081,1.22196],[-0.55312,1.22128],[-0.55433,1.22135],[-0.55626,1.22039],[-0.56096,1.21983],[-0.56516,1.22091],[-0.57235,1.22054],[-0.57516,1.22226],[-0.57129,1.22384],[-0.56323,1.22491],[-0.559,1.22501],[-0.55499,1.22386],[-0.55249,1.22381],[-0.55118,1.22428],[-0.55346,1.22514],[-0.55224,1.22704],[-0.55416,1.22773],[-0.55072,1.22812],[-0.55201,1.22869],[-0.55538,1.22844],[-0.55776,1.22875],[-0.56075,1.22826],[-0.5609,1.22916],[-0.55792,1.23072],[-0.55347,1.23149],[-0.55684,1.23184],[-0.56031,1.23073],[-0.56189,1.23084],[-0.55918,1.23255],[-0.56039,1.23234],[-0.56018,1.2336],[-0.56193,1.23548],[-0.56202,1.23426],[-0.56084,1.23341],[-0.56108,1.23264],[-0.56375,1.2313],[-0.56554,1.2309],[-0.56611,1.22943],[-0.57253,1.22774],[-0.57818,1.22738],[-0.57993,1.22814],[-0.57808,1.22991],[-0.57375,1.23286],[-0.56881,1.23481],[-0.56865,1.23527],[-0.57327,1.23353],[-0.57583,1.23311],[-0.57505,1.23418],[-0.57219,1.23469],[-0.57438,1.23516],[-0.56992,1.23583],[-0.56671,1.23691],[-0.56545,1.23825],[-0.56732,1.23896],[-0.56929,1.23843],[-0.5721,1.23879],[-0.57181,1.23944],[-0.56803,1.24033],[-0.56839,1.24141],[-0.57096,1.24105],[-0.5733,1.24204],[-0.57049,1.24371],[-0.57206,1.24497],[-0.57412,1.24538],[-0.58134,1.24544],[-0.57588,1.24568],[-0.57448,1.24677],[-0.57098,1.24673],[-0.57548,1.24792],[-0.57762,1.249],[-0.5828,1.25015],[-0.58605,1.25151],[-0.58904,1.25219],[-0.58502,1.25237],[-0.58683,1.25321],[-0.61168,1.25602],[-0.62065,1.25629],[-0.62726,1.25608],[-0.63386,1.25603],[-0.64008,1.25499],[-0.64387,1.2551],[-0.6501,1.254],[-0.65592,1.25332],[-0.66014,1.25347],[-0.66582,1.25246],[-0.66925,1.2525],[-0.67143,1.25196],[-0.66891,1.25136],[-0.68222,1.25024],[-0.69152,1.25035],[-0.69205,1.25064],[-0.68547,1.2524],[-0.67956,1.25335],[-0.67897,1.2537],[-0.68812,1.25272],[-0.69276,1.25277],[-0.6901,1.25385],[-0.69775,1.25194],[-0.70239,1.2524],[-0.69914,1.25339],[-0.68843,1.255],[-0.68266,1.25544],[-0.6784,1.25637],[-0.67399,1.25688],[-0.66281,1.25775],[-0.65794,1.25784],[-0.65544,1.25891],[-0.65854,1.25904],[-0.66726,1.25797],[-0.67174,1.25754],[-0.67721,1.25733],[-0.68099,1.25663],[-0.68444,1.25623],[-0.68943,1.25605],[-0.69341,1.25627],[-0.68881,1.2571],[-0.69661,1.25623],[-0.70498,1.25572],[-0.71028,1.25571],[-0.70757,1.25657],[-0.7083,1.25671],[-0.70459,1.25769],[-0.69777,1.2588],[-0.6916,1.25938],[-0.683,1.26047],[-0.67374,1.26144],[-0.67364,1.26169],[-0.66711,1.26245],[-0.65822,1.26327],[-0.64302,1.26411],[-0.63641,1.26494],[-0.63234,1.26561],[-0.6276,1.2666],[-0.62189,1.26671],[-0.62492,1.26689],[-0.63691,1.26662],[-0.64694,1.26644],[-0.64947,1.26659],[-0.64942,1.26692],[-0.64681,1.26743],[-0.63988,1.26813],[-0.63261,1.26848],[-0.62165,1.26914],[-0.61603,1.26908],[-0.61215,1.26879],[-0.60912,1.26825],[-0.60965,1.26902],[-0.60649,1.26902],[-0.59319,1.26757],[-0.58955,1.26791],[-0.58949,1.26897],[-0.58288,1.26865],[-0.5789,1.26814],[-0.57458,1.26742],[-0.56913,1.26615],[-0.56328,1.26511],[-0.55942,1.26433],[-0.55924,1.26455],[-0.56533,1.26566],[-0.57131,1.26714],[-0.57419,1.26778],[-0.57029,1.26761],[-0.55592,1.26695],[-0.54923,1.26686],[-0.54381,1.26734],[-0.53932,1.26727],[-0.53729,1.26661],[-0.53807,1.26516],[-0.53519,1.26585],[-0.53325,1.26686],[-0.53416,1.26707],[-0.53319,1.2679],[-0.53164,1.26806],[-0.52084,1.26799],[-0.5121,1.2697],[-0.51708,1.26945],[-0.5188,1.26957],[-0.52,1.27019],[-0.51383,1.27136],[-0.50629,1.27269],[-0.49684,1.27415],[-0.492,1.27514],[-0.48353,1.27663],[-0.47969,1.2776],[-0.47806,1.2783],[-0.47802,1.27912],[-0.47689,1.27997],[-0.47435,1.2811],[-0.47625,1.28111],[-0.48266,1.27984],[-0.47905,1.2811],[-0.46173,1.28614],[-0.4562,1.28769],[-0.45222,1.28906],[-0.45258,1.28917],[-0.47289,1.28314],[-0.47657,1.28215],[-0.4864,1.27926],[-0.48852,1.279],[-0.48605,1.28007],[-0.48085,1.28137],[-0.47511,1.28339],[-0.47175,1.28442],[-0.46284,1.28743],[-0.45746,1.28902],[-0.45063,1.2908],[-0.44269,1.29401],[-0.43219,1.29688],[-0.42782,1.29783],[-0.42502,1.29918],[-0.42906,1.29809],[-0.43033,1.29798],[-0.42535,1.29969],[-0.42348,1.30049],[-0.4156,1.3031],[-0.41489,1.30348],[-0.40676,1.30635],[-0.40106,1.30852],[-0.39511,1.31068],[-0.38866,1.31335],[-0.37162,1.32024],[-0.35892,1.32559]]],[[[-0.56492,1.21807],[-0.56088,1.21786],[-0.56098,1.21623],[-0.56299,1.21479],[-0.56832,1.21255],[-0.57539,1.21047],[-0.57917,1.21063],[-0.57961,1.21133],[-0.57487,1.21229],[-0.57587,1.21276],[-0.58198,1.21224],[-0.58541,1.21294],[-0.58331,1.21475],[-0.57796,1.2158],[-0.58164,1.2162],[-0.57965,1.2181],[-0.57609,1.2191],[-0.56826,1.21965],[-0.56492,1.21807]]],[[[-0.5571,1.21667],[-0.55703,1.21829],[-0.55547,1.22005],[-0.5532,1.22021],[-0.55468,1.21914],[-0.55572,1.21759],[-0.5571,1.21667]]],[[[-0.56759,1.227],[-0.56416,1.22861],[-0.56467,1.22681],[-0.56759,1.227]]],[[[-0.56778,1.23769],[-0.57303,1.23603],[-0.57883,1.23659],[-0.57625,1.23716],[-0.56778,1.23769]]],[[[-0.70886,1.25236],[-0.71284,1.25195],[-0.70841,1.25315],[-0.70279,1.25379],[-0.70886,1.25236]]],[[[-0.47971,1.27855],[-0.4812,1.27805],[-0.48388,1.27761],[-0.49218,1.27593],[-0.49545,1.27572],[-0.49485,1.27629],[-0.48871,1.27803],[-0.48209,1.2795],[-0.47792,1.28013],[-0.47971,1.27855]]],[[[-0.3753,1.28662],[-0.3796,1.28506],[-0.38234,1.28377],[-0.38496,1.28351],[-0.39567,1.27998],[-0.39656,1.27994],[-0.39311,1.28177],[-0.39233,1.2827],[-0.38675,1.28429],[-0.38169,1.28602],[-0.37729,1.28782],[-0.37471,1.28815],[-0.3753,1.28662]]],[[[-0.25829,1.37012],[-0.26323,1.36806],[-0.27013,1.3655],[-0.26583,1.36766],[-0.25829,1.37012]]],[[[-0.25904,1.36451],[-0.26791,1.36094],[-0.27302,1.35889],[-0.27165,1.35991],[-0.25667,1.36636],[-0.24955,1.36898],[-0.24895,1.36896],[-0.25904,1.36451]]],[[[-0.2847,1.34864],[-0.28522,1.34961],[-0.27919,1.35242],[-0.28013,1.35108],[-0.2847,1.34864]]],[[[-0.28638,1.3414],[-0.28816,1.34068],[-0.29179,1.34092],[-0.29022,1.34243],[-0.28575,1.34391],[-0.28638,1.3414]]],[[[-0.28057,1.34056],[-0.27974,1.33987],[-0.27413,1.3414],[-0.2762,1.33996],[-0.29213,1.33506],[-0.2949,1.3345],[-0.29343,1.33604],[-0.28057,1.34056]]],[[[-0.27155,1.35288],[-0.26663,1.35555],[-0.26323,1.35681],[-0.26477,1.35566],[-0.27155,1.35288]]],[[[-0.49543,1.21971],[-0.49482,1.22158],[-0.49285,1.22174],[-0.49543,1.21971]]],[[[-0.57634,1.14376],[-0.57808,1.14445],[-0.57367,1.14892],[-0.57634,1.14376]]],[[[-0.55656,1.22667],[-0.55536,1.22751],[-0.55387,1.22712],[-0.55656,1.22667]]]]}},{"type":"Feature","properties":{"name":"Faeroe Is.","iso3":"FRO","geo_share":6.3e-06,"carto_share":5.3e-06,"target_share":2e-06},"geometry":{"type":"MultiPolygon","coordinates":[[[[-0.17872,1.29284],[-0.18294,1.29191],[-0.17765,1.29364],[-0.17872,1.29284]]],[[[-0.1825,1.28985],[-0.18688,1.28918],[-0.1825,1.29057],[-0.1825,1.28985]]],[[[-0.18566,1.29175],[-0.19053,1.28974],[-0.1937,1.28899],[-0.18566,1.29175]]],[[[-0.17347,1.29682],[-0.178,1.29413],[-0.18423,1.29239],[-0.18614,1.29261],[-0.18078,1.2947],[-0.17347,1.29682]]],[[[-0.16724,1.29902],[-0.17159,1.29742],[-0.1703,1.29846],[-0.16724,1.29902]]]]}},{"type":"Feature","properties":{"name":"Denmark","iso3":"DNK","geo_share":0.0003126,"carto_share":0.0037673,"target_share":0.0037697},"geometry":{"type":"MultiPolygon","coordinates":[[[[0.38773,1.1815],[0.37721,1.18083],[0.38705,1.17248],[0.37523,1.17309],[0.37697,1.16019],[0.3691,1.15974],[0.35588,1.17764],[0.34177,1.18073],[0.33688,1.19129],[0.32771,1.2023],[0.33962,1.20013],[0.34336,1.2041],[0.35137,1.20117],[0.35807,1.19363],[0.35682,1.20087],[0.36729,1.19994],[0.38145,1.192],[0.38773,1.1815]]],[[[0.19172,1.1934],[0.17503,1.21737],[0.14464,1.23274],[0.1437,1.24345],[0.13957,1.2479],[0.1414,1.25805],[0.16668,1.25676],[0.17015,1.26025],[0.18934,1.2636],[0.19895,1.26033],[0.19923,1.26702],[0.18334,1.26818],[0.17195,1.26256],[0.15451,1.26058],[0.14703,1.263],[0.16347,1.26905],[0.20062,1.26926],[0.21659,1.26856],[0.23899,1.26914],[0.27373,1.26012],[0.27309,1.2582],[0.28636,1.24801],[0.27886,1.24678],[0.28678,1.23568],[0.29905,1.22974],[0.3149,1.22461],[0.318,1.21941],[0.30905,1.21983],[0.29484,1.22301],[0.29112,1.21277],[0.25536,1.20337],[0.26443,1.1925],[0.25155,1.1836],[0.27146,1.17885],[0.27322,1.17242],[0.24641,1.17405],[0.19172,1.1934]]],[[[0.32423,1.18884],[0.32383,1.18112],[0.30835,1.17887],[0.28489,1.18576],[0.27441,1.20137],[0.29798,1.20332],[0.31397,1.20167],[0.32423,1.18884]]],[[[0.36312,1.16185],[0.36555,1.15675],[0.35233,1.15673],[0.33494,1.16499],[0.335,1.1716],[0.3421,1.17099],[0.36312,1.16185]]],[[[0.32335,1.16517],[0.31781,1.16961],[0.32948,1.17739],[0.32335,1.16517]]],[[[0.3819,1.16198],[0.38542,1.16601],[0.39311,1.16317],[0.3819,1.16198]]],[[[0.39236,1.17739],[0.38898,1.1781],[0.38881,1.18085],[0.39236,1.17739]]],[[[0.30811,1.16962],[0.2981,1.1749],[0.31222,1.17033],[0.30811,1.16962]]],[[[0.29082,1.17309],[0.27651,1.1757],[0.27295,1.18271],[0.29082,1.17309]]],[[[0.30841,1.20847],[0.30774,1.21467],[0.31389,1.2104],[0.30841,1.20847]]],[[[0.30966,1.2373],[0.30494,1.24049],[0.31401,1.2364],[0.30966,1.2373]]],[[[0.46316,1.13509],[0.45347,1.14138],[0.4527,1.14386],[0.46311,1.13668],[0.46316,1.13509]]]]}},{"type":"Feature","properties":{"name":"Czechia","iso3":"CZE","geo_share":0.0005837,"carto_share":0.0031395,"target_share":0.0031445},"geometry":{"type":"Polygon","coordinates":[[[0.55518,0.83851],[0.55396,0.83832],[0.55031,0.82931],[0.54846,0.82196],[0.54614,0.817],[0.54371,0.81907],[0.5408,0.81027],[0.54086,0.81445],[0.53596,0.82069],[0.52823,0.82011],[0.51106,0.83067],[0.50342,0.83005],[0.50171,0.81963],[0.49578,0.80901],[0.48042,0.80488],[0.47565,0.81297],[0.466,0.82026],[0.4504,0.8372],[0.43943,0.84195],[0.42969,0.85508],[0.43501,0.86338],[0.41375,0.88271],[0.42324,0.87772],[0.43006,0.88639],[0.46743,0.89969],[0.469,0.90427],[0.49442,0.91897],[0.49314,0.92736],[0.50545,0.9193],[0.51038,0.92999],[0.51589,0.92846],[0.51695,0.92056],[0.5274,0.91318],[0.53382,0.91239],[0.52962,0.90367],[0.53569,0.88698],[0.5407,0.89422],[0.53997,0.90502],[0.54667,0.89434],[0.55094,0.89586],[0.54839,0.88778],[0.5507,0.87504],[0.55278,0.87805],[0.55685,0.86461],[0.55518,0.83851]]]}},{"type":"Feature","properties":{"name":"N. Cyprus","iso3":"CYN","geo_share":2.69e-05,"carto_share":4.8e-06,"target_share":8.4e-06},"geometry":{"type":"Polygon","coordinates":[[[0.57923,0.54523],[0.56331,0.52844],[0.56172,0.52744],[0.55191,0.51487],[0.54957,0.51279],[0.55214,0.51591],[0.55489,0.52096],[0.56568,0.53354],[0.60306,0.56415],[0.58042,0.54769],[0.57923,0.54523]]]}},{"type":"Feature","properties":{"name":"Cyprus","iso3":"CYP","geo_share":4.03e-05,"carto_share":2.26e-05,"target_share":1.26e-05},"geometry":{"type":"Polygon","coordinates":[[[0.57923,0.54523],[0.56722,0.53255],[0.55989,0.52249],[0.54752,0.50579],[0.54024,0.49967],[0.54057,0.50181],[0.54957,0.51279],[0.55191,0.51487],[0.56172,0.52744],[0.56331,0.52844],[0.57923,0.54523]]]}},{"type":"Feature","properties":{"name":"Cuba","iso3":"CUB","geo_share":0.0008051,"carto_share":0.0002707,"target_share":0.000251},"geometry":{"type":"MultiPolygon","coordinates":[[[[-1.06613,0.18265],[-1.05816,0.18248],[-1.05451,0.18104],[-1.05052,0.18082],[-1.04594,0.17896],[-1.04153,0.1764],[-1.03476,0.17559],[-1.0292,0.17314],[-1.02448,0.16994],[-1.02291,0.17053],[-1.01963,0.16841],[-1.02181,0.16832],[-1.02042,0.16707],[-1.01928,0.1679],[-1.0153,0.16505],[-1.01003,0.16378],[-1.00631,0.1638],[-1.00533,0.16283],[-1.00747,0.16135],[-1.00662,0.16082],[-0.99754,0.16034],[-0.99306,0.15774],[-0.98728,0.15579],[-0.9894,0.15438],[-0.99532,0.1548],[-1.00376,0.15434],[-1.01216,0.15599],[-1.01978,0.15467],[-1.02749,0.15272],[-1.02447,0.15628],[-1.01944,0.15952],[-1.02045,0.16123],[-1.0276,0.16256],[-1.0327,0.16609],[-1.03439,0.16966],[-1.0365,0.1707],[-1.04087,0.17085],[-1.05014,0.17324],[-1.05802,0.17585],[-1.06514,0.17609],[-1.06795,0.17763],[-1.06896,0.17681],[-1.07866,0.17727],[-1.08228,0.17859],[-1.07659,0.17911],[-1.0782,0.1806],[-1.09185,0.18073],[-1.10481,0.17645],[-1.11384,0.17534],[-1.11764,0.17263],[-1.12725,0.1699],[-1.1261,0.17184],[-1.13349,0.17093],[-1.12192,0.17377],[-1.12069,0.17715],[-1.11341,0.1802],[-1.09913,0.18302],[-1.08943,0.18353],[-1.08003,0.18438],[-1.06613,0.18265]]],[[[-1.02509,0.17106],[-1.02688,0.17282],[-1.02387,0.1724],[-1.02509,0.17106]]],[[[-1.02783,0.17458],[-1.02982,0.17609],[-1.02835,0.17627],[-1.02783,0.17458]]],[[[-1.03352,0.17717],[-1.03022,0.17725],[-1.03288,0.17635],[-1.03352,0.17717]]],[[[-1.02794,0.17393],[-1.02705,0.17431],[-1.02591,0.17337],[-1.02794,0.17393]]],[[[-1.09534,0.17029],[-1.10107,0.1683],[-1.10264,0.17231],[-1.10014,0.17409],[-1.0959,0.17386],[-1.09534,0.17029]]],[[[-1.04196,0.17819],[-1.04405,0.17864],[-1.04446,0.17946],[-1.04196,0.17819]]]]}},{"type":"Feature","properties":{"name":"Croatia","iso3":"HRV","geo_share":0.0003938,"carto_share":9.81e-05,"target_share":0.0001228},"geometry":{"type":"MultiPolygon","coordinates":[[[[0.4662,0.6679],[0.47352,0.67464],[0.47558,0.67773],[0.4796,0.68149],[0.48151,0.68327],[0.4839,0.68461],[0.48842,0.68764],[0.4886,0.68844],[0.4924,0.69148],[0.4947,0.69482],[0.50558,0.70501],[0.50856,0.70966],[0.51037,0.71139],[0.51161,0.71223],[0.51206,0.71039],[0.51339,0.71135],[0.51576,0.71505],[0.51828,0.72084],[0.51948,0.72345],[0.51823,0.72013],[0.51525,0.71108],[0.51528,0.70922],[0.51428,0.70748],[0.5124,0.7024],[0.51191,0.70239],[0.51204,0.70448],[0.50966,0.70281],[0.50833,0.70112],[0.5041,0.6981],[0.50291,0.69765],[0.49908,0.69435],[0.49598,0.69152],[0.49391,0.69083],[0.49168,0.68924],[0.49019,0.68713],[0.49267,0.68794],[0.49251,0.68676],[0.49571,0.68579],[0.49998,0.68453],[0.5002,0.6829],[0.50312,0.68004],[0.50293,0.67846],[0.49705,0.68262],[0.49285,0.682],[0.48975,0.67941],[0.48969,0.68064],[0.48648,0.68024],[0.48415,0.68029],[0.48709,0.68273],[0.48302,0.68136],[0.48337,0.68284],[0.48109,0.68175],[0.47882,0.68022],[0.47269,0.66778],[0.46549,0.66104],[0.4662,0.6679]]],[[[0.49458,0.67601],[0.4995,0.67727],[0.49549,0.67511],[0.49458,0.67601]]],[[[0.49949,0.68026],[0.49473,0.67839],[0.4924,0.67796],[0.49949,0.68026]]],[[[0.49594,0.68075],[0.49308,0.68061],[0.49644,0.68188],[0.49594,0.68075]]],[[[0.48461,0.67944],[0.48386,0.67866],[0.48351,0.67879],[0.48461,0.67944]]],[[[0.4828,0.68205],[0.4796,0.67985],[0.48116,0.68155],[0.4828,0.68205]]],[[[0.48272,0.68111],[0.48126,0.67992],[0.48207,0.681],[0.48272,0.68111]]],[[[0.48458,0.68103],[0.4817,0.68004],[0.48528,0.68187],[0.48458,0.68103]]],[[[0.48423,0.67732],[0.48383,0.67652],[0.4822,0.67614],[0.48423,0.67732]]],[[[0.4855,0.67984],[0.48544,0.67932],[0.48482,0.6793],[0.4855,0.67984]]],[[[0.47913,0.67632],[0.47801,0.67664],[0.47895,0.6795],[0.47961,0.67928],[0.47913,0.67632]]],[[[0.50333,0.67592],[0.5046,0.67498],[0.50105,0.67568],[0.50333,0.67592]]],[[[0.51012,0.67226],[0.51077,0.66976],[0.50517,0.67666],[0.50304,0.67697],[0.49974,0.67895],[0.5037,0.67799],[0.51012,0.67226]]]]}},{"type":"Feature","properties":{"name":"Côte d'Ivoire","iso3":"CIV","geo_share":0.0023938,"carto_share":0.0007457,"target_share":0.0007462},"geometry":{"type":"MultiPolygon","coordinates":[[[[0.04204,0.0428],[0.04037,0.04306],[0.04245,0.04337],[0.04204,0.0428]]],[[[-0.01011,0.0808],[-0.0065,0.08305],[-0.00472,0.08318],[-0.0033,0.0817],[0.00096,0.08108],[0.00121,0.08243],[0.00403,0.08251],[0.00453,0.08498],[0.00723,0.08432],[0.0089,0.08553],[0.00902,0.082],[0.0113,0.08135],[0.0135,0.0829],[0.01716,0.0832],[0.02203,0.08178],[0.02346,0.07938],[0.02745,0.07778],[0.03095,0.07731],[0.03653,0.07916],[0.04447,0.07917],[0.04923,0.07588],[0.05073,0.07628],[0.04994,0.0737],[0.05154,0.07159],[0.05225,0.06758],[0.04854,0.06557],[0.04603,0.06221],[0.04546,0.06048],[0.04202,0.05761],[0.04207,0.05446],[0.04456,0.04919],[0.04652,0.04889],[0.04585,0.04388],[0.04333,0.04346],[0.04077,0.04586],[0.03907,0.04323],[0.02893,0.04492],[0.02201,0.04363],[0.02992,0.044],[0.01788,0.04215],[0.01637,0.0429],[0.0042,0.03948],[-0.00814,0.03355],[-0.01657,0.02702],[-0.01354,0.03855],[-0.01148,0.0414],[-0.01021,0.04612],[-0.01303,0.04697],[-0.01335,0.04905],[-0.01609,0.04934],[-0.01939,0.05094],[-0.01661,0.05336],[-0.01598,0.05551],[-0.01733,0.05922],[-0.01481,0.05933],[-0.01194,0.06415],[-0.01433,0.06489],[-0.01391,0.06655],[-0.0119,0.06698],[-0.00807,0.06653],[-0.00884,0.06896],[-0.01056,0.0694],[-0.01025,0.07098],[-0.00846,0.0719],[-0.00987,0.07273],[-0.00947,0.07463],[-0.01201,0.07519],[-0.01173,0.07958],[-0.01011,0.0808]]]]}},{"type":"Feature","properties":{"name":"Costa Rica","iso3":"CRI","geo_share":0.0003842,"carto_share":0.0001258,"target_share":0.0001198},"geometry":{"type":"Polygon","coordinates":[[[-1.12503,-0.00922],[-1.12834,-0.0076],[-1.12901,-0.00832],[-1.12573,-0.01249],[-1.12228,-0.01483],[-1.12298,-0.01597],[-1.12012,-0.01928],[-1.12152,-0.01999],[-1.11792,-0.02358],[-1.12316,-0.01914],[-1.12513,-0.01626],[-1.12979,-0.01353],[-1.12575,-0.01784],[-1.12931,-0.01634],[-1.13269,-0.01347],[-1.13222,-0.01178],[-1.13402,-0.00902],[-1.13901,-0.00473],[-1.15084,0.00392],[-1.1531,0.00738],[-1.16025,0.01377],[-1.15822,0.01056],[-1.15442,0.00711],[-1.1559,0.00488],[-1.15917,0.00838],[-1.16303,0.01033],[-1.16557,0.01353],[-1.16655,0.01689],[-1.16592,0.02081],[-1.16897,0.0236],[-1.16808,0.0253],[-1.1677,0.02656],[-1.16105,0.02105],[-1.16033,0.02178],[-1.15743,0.01954],[-1.15452,0.0161],[-1.15103,0.01396],[-1.15049,0.0155],[-1.14457,0.00806],[-1.12868,-0.0068],[-1.12503,-0.00922]]]}},{"type":"Feature","properties":{"name":"Dem. Rep. Congo","iso3":"COD","geo_share":0.0173794,"carto_share":0.0054149,"target_share":0.0054174},"geometry":{"type":"Polygon","coordinates":[[[0.38299,-0.18744],[0.37271,-0.19177],[0.37232,-0.19549],[0.37043,-0.20134],[0.36912,-0.20376],[0.37024,-0.21323],[0.37004,-0.22623],[0.36945,-0.22829],[0.36814,-0.23871],[0.36882,-0.24367],[0.37223,-0.25163],[0.37445,-0.25278],[0.37532,-0.24935],[0.37678,-0.24861],[0.37648,-0.26661],[0.37502,-0.26488],[0.3728,-0.26718],[0.37165,-0.2668],[0.36969,-0.25936],[0.36895,-0.25901],[0.36788,-0.25377],[0.36295,-0.24965],[0.36112,-0.24079],[0.36022,-0.24099],[0.35955,-0.24531],[0.3574,-0.2465],[0.35405,-0.2454],[0.35017,-0.2415],[0.35018,-0.23559],[0.34445,-0.23789],[0.34452,-0.23328],[0.34261,-0.23024],[0.34178,-0.23249],[0.33938,-0.23199],[0.33798,-0.23359],[0.33471,-0.23342],[0.33311,-0.23564],[0.3327,-0.23091],[0.3335,-0.22772],[0.3335,-0.22086],[0.33263,-0.21454],[0.33127,-0.20821],[0.332,-0.19568],[0.33205,-0.18999],[0.33154,-0.18229],[0.33197,-0.17512],[0.33149,-0.17322],[0.32515,-0.17243],[0.32509,-0.16681],[0.32444,-0.16645],[0.31992,-0.16803],[0.31923,-0.16973],[0.31847,-0.17811],[0.31834,-0.18327],[0.316,-0.1836],[0.31471,-0.18245],[0.3109,-0.18427],[0.30897,-0.1842],[0.30572,-0.16986],[0.30515,-0.16431],[0.30398,-0.15879],[0.30356,-0.15241],[0.30236,-0.1476],[0.30107,-0.14565],[0.29092,-0.14348],[0.28864,-0.14217],[0.28299,-0.14085],[0.27713,-0.14255],[0.27492,-0.13803],[0.27798,-0.13688],[0.27769,-0.12644],[0.27699,-0.12494],[0.2793,-0.11986],[0.28067,-0.11873],[0.28326,-0.12293],[0.28454,-0.1211],[0.2842,-0.11732],[0.28561,-0.11834],[0.28769,-0.11621],[0.28908,-0.12511],[0.29089,-0.12655],[0.29242,-0.12032],[0.29459,-0.11422],[0.29607,-0.11312],[0.29696,-0.10614],[0.29669,-0.09952],[0.29523,-0.08666],[0.29675,-0.08216],[0.29797,-0.07372],[0.30027,-0.07097],[0.3028,-0.06512],[0.30225,-0.06128],[0.3027,-0.05433],[0.30171,-0.04224],[0.30229,-0.03677],[0.30182,-0.03041],[0.30235,-0.02524],[0.30377,-0.01883],[0.30402,-0.01179],[0.30365,-0.00574],[0.30279,-0.00185],[0.30445,0.00124],[0.30581,0.0056],[0.30883,0.00817],[0.31121,0.00748],[0.31463,0.004],[0.31743,-0.00078],[0.32043,-0.00165],[0.32486,-0.00409],[0.32594,-0.00372],[0.33142,-0.0059],[0.33366,0.00042],[0.33629,0.00143],[0.33855,0.00041],[0.34518,0.00435],[0.3485,0.0035],[0.35209,0.00465],[0.35415,0.00822],[0.36377,0.00521],[0.36598,0.00695],[0.36809,0.00591],[0.37075,0.00019],[0.37357,-0.00342],[0.37529,-0.00367],[0.37758,-0.00126],[0.38062,-0.00256],[0.38313,0.00041],[0.38464,0.0002],[0.38798,-0.00716],[0.39015,-0.00882],[0.39053,-0.01148],[0.39224,-0.01302],[0.39265,-0.01402],[0.39117,-0.01889],[0.39164,-0.02137],[0.39039,-0.02663],[0.39337,-0.02874],[0.39366,-0.03169],[0.39106,-0.03682],[0.3851,-0.04714],[0.38333,-0.04944],[0.38299,-0.05394],[0.38122,-0.05976],[0.37944,-0.07538],[0.37927,-0.08141],[0.37777,-0.08344],[0.37617,-0.08862],[0.37582,-0.09423],[0.3743,-0.09684],[0.37499,-0.10167],[0.3761,-0.10671],[0.37568,-0.12002],[0.37651,-0.12836],[0.37594,-0.13675],[0.37712,-0.14723],[0.37635,-0.15317],[0.3766,-0.15774],[0.37746,-0.16253],[0.37961,-0.16721],[0.3807,-0.17179],[0.38299,-0.18744]]]}},{"type":"Feature","properties":{"name":"Congo","iso3":"COG","geo_share":0.002581,"carto_share":0.0008047,"target_share":0.0008045},"geometry":{"type":"Polygon","coordinates":[[[0.26371,-0.10392],[0.26527,-0.09926],[0.26707,-0.09756],[0.27012,-0.10099],[0.26993,-0.09536],[0.26772,-0.09203],[0.26791,-0.09013],[0.26601,-0.08765],[0.26555,-0.08131],[0.26878,-0.08303],[0.27115,-0.08258],[0.27035,-0.07722],[0.27118,-0.07611],[0.27268,-0.07779],[0.27468,-0.08332],[0.27793,-0.08531],[0.27914,-0.08215],[0.28078,-0.08706],[0.28209,-0.08744],[0.28208,-0.084],[0.28286,-0.07968],[0.28245,-0.07313],[0.2814,-0.067],[0.28125,-0.06225],[0.27807,-0.05704],[0.27663,-0.05589],[0.27611,-0.05054],[0.27677,-0.04608],[0.27811,-0.04516],[0.27848,-0.04274],[0.27579,-0.03501],[0.27354,-0.03401],[0.27025,-0.03578],[0.26884,-0.03033],[0.26877,-0.02373],[0.27646,-0.02498],[0.27704,-0.02449],[0.27951,-0.02728],[0.28551,-0.02941],[0.28807,-0.0329],[0.28853,-0.03235],[0.28758,-0.02723],[0.28807,-0.02518],[0.28931,-0.01811],[0.28897,-0.01324],[0.28977,-0.00921],[0.29215,-0.00926],[0.29516,-0.00806],[0.3007,-0.0111],[0.30285,-0.00981],[0.30402,-0.01179],[0.30377,-0.01883],[0.30235,-0.02524],[0.30182,-0.03041],[0.30229,-0.03677],[0.30171,-0.04224],[0.3027,-0.05433],[0.30225,-0.06128],[0.3028,-0.06512],[0.30027,-0.07097],[0.29797,-0.07372],[0.29675,-0.08216],[0.29523,-0.08666],[0.29669,-0.09952],[0.29696,-0.10614],[0.29607,-0.11312],[0.29459,-0.11422],[0.29242,-0.12032],[0.29089,-0.12655],[0.28908,-0.12511],[0.28769,-0.11621],[0.28561,-0.11834],[0.2842,-0.11732],[0.28454,-0.1211],[0.28326,-0.12293],[0.28067,-0.11873],[0.279,-0.11517],[0.27586,-0.11702],[0.27296,-0.12342],[0.27046,-0.11548],[0.26371,-0.10392]]]}},{"type":"Feature","properties":{"name":"Comoros","iso3":"COM","geo_share":1.04e-05,"carto_share":7.5e-06,"target_share":3.2e-06},"geometry":{"type":"MultiPolygon","coordinates":[[[[0.51324,-0.26697],[0.51466,-0.27051],[0.50979,-0.26744],[0.51324,-0.26697]]],[[[0.50546,-0.26897],[0.50275,-0.26808],[0.50315,-0.26709],[0.50546,-0.26897]]],[[[0.49862,-0.26192],[0.49488,-0.25885],[0.49441,-0.25409],[0.49655,-0.25427],[0.49862,-0.26192]]]]}},{"type":"Feature","properties":{"name":"Colombia","iso3":"COL","geo_share":0.0084949,"carto_share":0.0035901,"target_share":0.0035935},"geometry":{"type":"MultiPolygon","coordinates":[[[[-0.96996,-0.01524],[-0.97568,-0.01814],[-0.97767,-0.02623],[-0.97939,-0.02724],[-0.98119,-0.03106],[-0.98229,-0.0354],[-0.98204,-0.04403],[-0.984,-0.05006],[-0.98121,-0.05033],[-0.9784,-0.05271],[-0.97599,-0.05849],[-0.97313,-0.06177],[-0.97204,-0.06513],[-0.97267,-0.0663],[-0.97193,-0.07215],[-0.96966,-0.07346],[-0.9682,-0.07692],[-0.96633,-0.07848],[-0.96396,-0.07831],[-0.9586,-0.07966],[-0.95566,-0.07918],[-0.95063,-0.08188],[-0.94368,-0.09321],[-0.94092,-0.09317],[-0.93588,-0.09477],[-0.93192,-0.09487],[-0.92913,-0.09573],[-0.92763,-0.09885],[-0.92855,-0.10843],[-0.92704,-0.11881],[-0.92422,-0.12786],[-0.92074,-0.13447],[-0.92362,-0.14112],[-0.92177,-0.14272],[-0.91812,-0.14869],[-0.91445,-0.16272],[-0.91423,-0.16442],[-0.91574,-0.16449],[-0.9162,-0.15925],[-0.91866,-0.15279],[-0.91976,-0.1524],[-0.92164,-0.1566],[-0.9229,-0.15697],[-0.92483,-0.15362],[-0.92427,-0.1573],[-0.93345,-0.15599],[-0.93581,-0.15494],[-0.93802,-0.15538],[-0.93654,-0.164],[-0.93235,-0.16458],[-0.93039,-0.16726],[-0.93008,-0.17002],[-0.93263,-0.16858],[-0.93733,-0.16979],[-0.93629,-0.17843],[-0.93233,-0.18282],[-0.92918,-0.19152],[-0.93057,-0.22353],[-0.93066,-0.22386],[-0.93482,-0.21928],[-0.93843,-0.21856],[-0.93387,-0.20888],[-0.93414,-0.20793],[-0.942,-0.20321],[-0.9463,-0.20427],[-0.94982,-0.20213],[-0.95166,-0.2038],[-0.95519,-0.20443],[-0.95745,-0.20337],[-0.95966,-0.20358],[-0.96238,-0.20186],[-0.96393,-0.19709],[-0.96695,-0.19523],[-0.96939,-0.19015],[-0.97489,-0.18659],[-0.97699,-0.18207],[-0.98071,-0.1774],[-0.98369,-0.17542],[-0.9848,-0.17603],[-0.99006,-0.17257],[-0.99405,-0.16869],[-0.9952,-0.17116],[-0.9987,-0.17041],[-1.00309,-0.16815],[-1.0038,-0.16562],[-1.01163,-0.15997],[-1.01873,-0.15298],[-1.02185,-0.14951],[-1.01981,-0.14661],[-1.01663,-0.14859],[-1.01976,-0.13934],[-1.01921,-0.1376],[-1.01376,-0.13796],[-1.00951,-0.13234],[-1.00727,-0.12476],[-1.00572,-0.11543],[-1.00795,-0.11535],[-1.0107,-0.11197],[-1.01137,-0.10091],[-1.01597,-0.08888],[-1.01851,-0.08629],[-1.01543,-0.08357],[-1.02069,-0.07605],[-1.02085,-0.07138],[-1.03319,-0.05757],[-1.03326,-0.05316],[-1.03035,-0.05577],[-1.02806,-0.05537],[-1.02749,-0.05355],[-1.03443,-0.04702],[-1.0338,-0.04604],[-1.0214,-0.05547],[-1.02466,-0.05057],[-1.02678,-0.04903],[-1.01828,-0.04704],[-1.01686,-0.04414],[-1.01382,-0.04267],[-1.00988,-0.04315],[-1.01125,-0.03927],[-1.01113,-0.02666],[-1.00525,-0.02068],[-0.99975,-0.02437],[-0.99825,-0.02812],[-0.99659,-0.01956],[-0.99334,-0.02162],[-0.98824,-0.02263],[-0.98325,-0.01589],[-0.97918,-0.01301],[-0.97842,-0.00653],[-0.97461,-0.00177],[-0.97009,-0.00454],[-0.96853,-0.01148],[-0.96996,-0.01524]]],[[[-1.01416,-0.13734],[-1.01548,-0.13557],[-1.0146,-0.13538],[-1.01416,-0.13734]]]]}},{"type":"Feature","properties":{"name":"China","iso3":"CHN","geo_share":0.0697919,"carto_share":0.1590016,"target_share":0.1591064},"geometry":{"type":"MultiPolygon","coordinates":[[[[1.7013,0.44479],[1.70107,0.44299],[1.6992,0.44734],[1.7013,0.44479]]],[[[1.67532,0.60208],[1.65916,0.6126],[1.65149,0.61921],[1.65894,0.61465],[1.67334,0.60433],[1.67532,0.60208]]],[[[1.72092,0.56291],[1.71619,0.56647],[1.72749,0.56091],[1.72092,0.56291]]],[[[1.73324,0.55351],[1.72799,0.55697],[1.72914,0.55673],[1.73324,0.55351]]],[[[1.73382,0.55607],[1.73019,0.5586],[1.73138,0.55839],[1.73382,0.55607]]],[[[1.71942,0.48057],[1.72017,0.48408],[1.72334,0.4853],[1.71942,0.48057]]],[[[1.49972,0.28282],[1.50142,0.27942],[1.49633,0.28237],[1.49972,0.28282]]],[[[1.74415,0.52562],[1.74128,0.52577],[1.74065,0.52821],[1.74415,0.52562]]],[[[1.53941,0.40061],[1.53594,0.40322],[1.53905,0.4085],[1.53941,0.40061]]],[[[1.54268,0.26515],[1.5325,0.27675],[1.53657,0.27636],[1.54268,0.26515]]],[[[1.53265,0.27424],[1.52858,0.27657],[1.52898,0.27977],[1.53265,0.27424]]],[[[1.45215,0.30475],[1.44808,0.30976],[1.44035,0.30973],[1.43126,0.31973],[1.42393,0.32275],[1.42198,0.33118],[1.4188,0.33612],[1.42142,0.34936],[1.41629,0.35346],[1.40256,0.35262],[1.3962,0.35687],[1.39012,0.36511],[1.38269,0.35691],[1.38189,0.34926],[1.37423,0.34091],[1.36799,0.34125],[1.36561,0.33348],[1.35979,0.34041],[1.35719,0.33338],[1.35402,0.33835],[1.34916,0.32641],[1.34107,0.33467],[1.33971,0.33423],[1.33709,0.32313],[1.33004,0.32635],[1.32952,0.32172],[1.33613,0.31305],[1.3407,0.3054],[1.33355,0.30838],[1.32906,0.31215],[1.32626,0.31486],[1.31633,0.31379],[1.30824,0.31514],[1.30031,0.3183],[1.29619,0.32237],[1.28436,0.32555],[1.28353,0.33089],[1.28226,0.3368],[1.28333,0.33952],[1.2805,0.34214],[1.2756,0.34366],[1.2737,0.35309],[1.2717,0.35886],[1.27212,0.36721],[1.26909,0.36738],[1.26609,0.36594],[1.26497,0.36279],[1.26389,0.36931],[1.26167,0.37927],[1.2599,0.38464],[1.25775,0.3965],[1.25801,0.39875],[1.25545,0.41487],[1.25617,0.41398],[1.2556,0.42522],[1.25703,0.42465],[1.25829,0.43126],[1.25574,0.44824],[1.25357,0.472],[1.25202,0.4734],[1.25047,0.46943],[1.24762,0.48794],[1.24476,0.49577],[1.24071,0.50119],[1.2406,0.48996],[1.23684,0.49652],[1.23021,0.50199],[1.22649,0.50175],[1.2267,0.51369],[1.22216,0.52496],[1.21952,0.52029],[1.21746,0.5266],[1.21961,0.53115],[1.21358,0.54031],[1.20776,0.532],[1.20758,0.52685],[1.19683,0.5322],[1.19348,0.53714],[1.1895,0.53199],[1.18579,0.52208],[1.17482,0.51697],[1.17438,0.51233],[1.16726,0.50667],[1.16779,0.50312],[1.1644,0.5015],[1.1547,0.50041],[1.14827,0.50115],[1.14674,0.5031],[1.14022,0.50445],[1.1387,0.50364],[1.13339,0.50473],[1.1289,0.50505],[1.12804,0.50672],[1.12313,0.50783],[1.11831,0.50596],[1.11038,0.50091],[1.1096,0.49993],[1.10487,0.50061],[1.10611,0.50344],[1.09903,0.50559],[1.08686,0.50188],[1.08698,0.50118],[1.07899,0.49961],[1.07061,0.49947],[1.05988,0.50303],[1.05906,0.50159],[1.05233,0.50434],[1.05209,0.50304],[1.04387,0.50844],[1.03457,0.51135],[1.03208,0.51503],[1.02533,0.51686],[1.01532,0.52302],[1.0108,0.52796],[1.00813,0.52932],[1.00471,0.52911],[0.99646,0.53653],[0.99289,0.53836],[0.98358,0.5474],[0.98115,0.55283],[0.97672,0.55557],[0.97476,0.55538],[0.97578,0.55035],[0.97239,0.55326],[0.96358,0.5629],[0.95253,0.57149],[0.94991,0.57735],[0.9401,0.58581],[0.93618,0.58639],[0.93027,0.5921],[0.92277,0.6019],[0.91824,0.60014],[0.9151,0.60954],[0.91195,0.61354],[0.91068,0.61975],[0.9044,0.62787],[0.90041,0.63651],[0.90506,0.63811],[0.91065,0.63096],[0.915,0.63456],[0.91155,0.64731],[0.90812,0.65506],[0.90122,0.6624],[0.89715,0.678],[0.90027,0.68204],[0.8934,0.6895],[0.88563,0.69271],[0.87785,0.70645],[0.87815,0.71095],[0.87407,0.71094],[0.86918,0.70939],[0.86079,0.71108],[0.85776,0.71524],[0.85329,0.71375],[0.84948,0.71923],[0.84923,0.72677],[0.84695,0.7346],[0.84219,0.73674],[0.84093,0.7426],[0.83343,0.74766],[0.83183,0.75255],[0.8341,0.75584],[0.83563,0.75363],[0.83729,0.75881],[0.83479,0.76566],[0.83503,0.77097],[0.83392,0.78071],[0.83494,0.79129],[0.83456,0.79486],[0.83187,0.79876],[0.83014,0.79338],[0.82934,0.79579],[0.82981,0.80708],[0.83091,0.81421],[0.83149,0.82545],[0.83332,0.83659],[0.83617,0.84611],[0.83767,0.85641],[0.84092,0.87034],[0.84421,0.87868],[0.84806,0.89159],[0.849,0.89767],[0.85068,0.89875],[0.85253,0.90367],[0.85199,0.89141],[0.85298,0.89093],[0.85646,0.8956],[0.85835,0.91427],[0.8592,0.91554],[0.86292,0.91193],[0.86717,0.91208],[0.86758,0.92047],[0.874,0.92663],[0.8792,0.92706],[0.87919,0.92887],[0.88499,0.92819],[0.88285,0.93149],[0.87722,0.93973],[0.87735,0.94147],[0.88131,0.94257],[0.87741,0.94477],[0.88336,0.94738],[0.87456,0.95729],[0.87224,0.95983],[0.87162,0.96599],[0.87289,0.97245],[0.86938,0.97099],[0.86895,0.97197],[0.87047,0.97502],[0.87755,0.98223],[0.88807,0.99163],[0.89394,0.9906],[0.89871,0.99337],[0.90383,0.99318],[0.90317,0.99914],[0.89763,0.99854],[0.89829,1.00852],[0.90525,1.02147],[0.90828,1.02457],[0.92156,1.03096],[0.93356,1.03619],[0.93763,1.03586],[0.94489,1.04103],[0.95044,1.04324],[0.952,1.04616],[0.94057,1.04736],[0.94217,1.0508],[0.96163,1.06189],[0.9652,1.0646],[0.96425,1.06547],[0.96743,1.06737],[0.97995,1.07338],[0.99358,1.07956],[0.99495,1.07883],[1.00557,1.08213],[1.00631,1.08123],[1.02387,1.08605],[1.02721,1.08582],[1.04179,1.08859],[1.05428,1.09228],[1.06155,1.09262],[1.06695,1.0944],[1.07641,1.09484],[1.08502,1.09314],[1.09247,1.09217],[1.09602,1.09257],[1.10177,1.08994],[1.10036,1.08676],[1.10246,1.08501],[1.09631,1.07825],[1.09464,1.0744],[1.09779,1.07084],[1.10137,1.07329],[1.11022,1.07594],[1.1225,1.08104],[1.12743,1.08345],[1.1391,1.08524],[1.14386,1.08307],[1.1474,1.08358],[1.15544,1.08119],[1.16017,1.0811],[1.16383,1.08233],[1.16468,1.07829],[1.16687,1.0782],[1.17096,1.06624],[1.17418,1.06221],[1.17393,1.05639],[1.18227,1.06368],[1.20285,1.06387],[1.20753,1.06786],[1.22552,1.06493],[1.22904,1.05851],[1.23915,1.05382],[1.24504,1.04559],[1.24954,1.05021],[1.25115,1.04137],[1.25539,1.03691],[1.25561,1.04278],[1.25813,1.0503],[1.2622,1.05618],[1.27252,1.05401],[1.27806,1.04936],[1.28605,1.0434],[1.29256,1.04428],[1.28875,1.05631],[1.29454,1.05543],[1.29656,1.05824],[1.28974,1.06492],[1.27683,1.07549],[1.27465,1.08126],[1.27528,1.08361],[1.28055,1.08316],[1.28444,1.08119],[1.30318,1.07469],[1.30665,1.07662],[1.30762,1.0797],[1.30579,1.08188],[1.32641,1.0781],[1.32973,1.08138],[1.32658,1.08286],[1.32509,1.08618],[1.32944,1.08654],[1.34122,1.08527],[1.3377,1.08751],[1.34541,1.08645],[1.35686,1.08745],[1.36831,1.08653],[1.36976,1.08722],[1.38106,1.08522],[1.39626,1.08407],[1.39508,1.08798],[1.3828,1.09186],[1.35878,1.09575],[1.34618,1.09692],[1.33646,1.09881],[1.32834,1.09878],[1.32129,1.09792],[1.31847,1.09462],[1.31093,1.0959],[1.30395,1.09686],[1.29451,1.0976],[1.29205,1.09641],[1.28166,1.10061],[1.27758,1.10351],[1.27896,1.10458],[1.27357,1.10988],[1.27335,1.11141],[1.26804,1.12553],[1.27533,1.12399],[1.28798,1.12214],[1.29206,1.12632],[1.3069,1.12933],[1.30292,1.13162],[1.29412,1.13234],[1.29376,1.13504],[1.29091,1.1367],[1.28975,1.14159],[1.29954,1.14774],[1.29738,1.14915],[1.29084,1.14997],[1.28002,1.14631],[1.27993,1.1474],[1.28825,1.15343],[1.2932,1.15623],[1.30247,1.16011],[1.32637,1.1694],[1.33217,1.17097],[1.35443,1.17773],[1.36329,1.17979],[1.38421,1.18327],[1.39338,1.18419],[1.4053,1.1857],[1.40612,1.18632],[1.42493,1.18802],[1.43041,1.18755],[1.44171,1.1876],[1.44418,1.1868],[1.45619,1.18629],[1.47035,1.18358],[1.48319,1.18079],[1.49215,1.17716],[1.50576,1.17339],[1.50993,1.17067],[1.51849,1.16842],[1.52127,1.16427],[1.52704,1.16224],[1.53249,1.16133],[1.54218,1.1624],[1.5526,1.15889],[1.5582,1.15912],[1.57919,1.15204],[1.58524,1.15156],[1.58967,1.14804],[1.59692,1.1444],[1.60033,1.13888],[1.60791,1.13235],[1.61144,1.13348],[1.61809,1.13208],[1.62703,1.13263],[1.62507,1.13631],[1.62736,1.13833],[1.63291,1.13682],[1.63417,1.1388],[1.63923,1.13851],[1.64571,1.13599],[1.65292,1.13176],[1.65497,1.12943],[1.66637,1.12106],[1.66862,1.11626],[1.66705,1.11426],[1.6712,1.11003],[1.67689,1.0972],[1.67973,1.09209],[1.6798,1.08429],[1.68113,1.07857],[1.67968,1.07598],[1.68125,1.06907],[1.6804,1.06704],[1.6671,1.06907],[1.66383,1.07063],[1.66215,1.06303],[1.65665,1.06079],[1.66004,1.05609],[1.66945,1.04784],[1.67029,1.04149],[1.67209,1.03803],[1.66888,1.02622],[1.66054,1.01634],[1.66102,1.0143],[1.65851,1.01492],[1.65865,1.01726],[1.65436,1.01595],[1.65229,1.00609],[1.6479,1.00168],[1.64633,0.99806],[1.64306,0.99331],[1.63272,0.98313],[1.63492,0.98126],[1.63239,0.97746],[1.62339,0.96899],[1.62022,0.97051],[1.61767,0.96664],[1.6174,0.96263],[1.61307,0.95563],[1.61062,0.95356],[1.60768,0.94972],[1.60186,0.94407],[1.59529,0.93573],[1.59486,0.93429],[1.59121,0.92895],[1.58569,0.92469],[1.57407,0.91581],[1.56381,0.90585],[1.55567,0.89276],[1.54941,0.8884],[1.54714,0.8919],[1.55463,0.89757],[1.553,0.89968],[1.55481,0.90376],[1.54616,0.90198],[1.54482,0.90524],[1.54777,0.9079],[1.54623,0.91231],[1.54963,0.91544],[1.55267,0.92549],[1.55247,0.92982],[1.54316,0.93582],[1.53186,0.93666],[1.52914,0.928],[1.52857,0.91883],[1.51876,0.91068],[1.51724,0.90703],[1.51827,0.89912],[1.51577,0.89362],[1.51117,0.89343],[1.50687,0.89059],[1.50038,0.89404],[1.49687,0.89163],[1.49846,0.87908],[1.50499,0.87213],[1.51012,0.86969],[1.52506,0.8691],[1.52912,0.86011],[1.52941,0.84847],[1.53215,0.84445],[1.53694,0.84219],[1.54047,0.84368],[1.54084,0.85099],[1.54458,0.86024],[1.5436,0.86181],[1.54889,0.86726],[1.55528,0.86108],[1.55986,0.85673],[1.56335,0.86022],[1.56549,0.85512],[1.56755,0.85541],[1.56638,0.83843],[1.56705,0.83224],[1.56639,0.82646],[1.56489,0.83306],[1.56335,0.83331],[1.55789,0.81729],[1.55594,0.8183],[1.55818,0.81064],[1.557,0.80675],[1.5586,0.79899],[1.55681,0.7952],[1.55451,0.80295],[1.55309,0.79905],[1.55637,0.79282],[1.55519,0.78881],[1.55386,0.76944],[1.55435,0.75923],[1.5572,0.74953],[1.57517,0.72946],[1.57904,0.72229],[1.59102,0.69875],[1.6106,0.66887],[1.61951,0.65463],[1.63888,0.63659],[1.64408,0.63052],[1.66313,0.61473],[1.67017,0.60823],[1.65323,0.61929],[1.64396,0.62405],[1.63529,0.63171],[1.62724,0.63729],[1.62326,0.63553],[1.63485,0.63087],[1.64098,0.62443],[1.65021,0.61823],[1.67673,0.59928],[1.69355,0.58617],[1.68688,0.58753],[1.6802,0.58489],[1.68043,0.58108],[1.66922,0.58479],[1.68043,0.57685],[1.68747,0.57552],[1.69112,0.57705],[1.70037,0.57295],[1.71306,0.56494],[1.72607,0.55908],[1.72078,0.55449],[1.72917,0.55401],[1.73968,0.54353],[1.73192,0.54766],[1.72753,0.54674],[1.73622,0.54255],[1.74061,0.53747],[1.73923,0.53572],[1.74822,0.52933],[1.74216,0.52823],[1.73582,0.53062],[1.73669,0.52615],[1.73348,0.51919],[1.73595,0.51482],[1.73096,0.51172],[1.7295,0.50485],[1.72406,0.50363],[1.72013,0.50776],[1.71673,0.50369],[1.72564,0.49888],[1.71523,0.49243],[1.70642,0.49323],[1.71041,0.49029],[1.7193,0.49199],[1.71677,0.48301],[1.71698,0.47821],[1.71404,0.47918],[1.7087,0.47663],[1.71085,0.47237],[1.70637,0.471],[1.70518,0.46161],[1.7023,0.45765],[1.70403,0.44799],[1.69766,0.45033],[1.70539,0.43363],[1.71343,0.41202],[1.71166,0.41357],[1.71684,0.39874],[1.71089,0.40822],[1.71888,0.39166],[1.71975,0.38698],[1.73078,0.34629],[1.72831,0.35466],[1.72897,0.34343],[1.72548,0.35724],[1.72755,0.34383],[1.71745,0.37586],[1.72002,0.35992],[1.68748,0.41522],[1.71454,0.36324],[1.66854,0.4101],[1.57628,0.40223],[1.54626,0.41262],[1.55211,0.4267],[1.53304,0.40302],[1.53285,0.37962],[1.53786,0.31284],[1.53929,0.3061],[1.53224,0.30102],[1.52403,0.31926],[1.53186,0.29059],[1.52417,0.29633],[1.52336,0.28704],[1.51499,0.29838],[1.51709,0.29014],[1.50707,0.30226],[1.50908,0.28966],[1.50621,0.28942],[1.50082,0.29368],[1.49832,0.28668],[1.49361,0.29207],[1.49395,0.28409],[1.49637,0.27925],[1.50067,0.27718],[1.50219,0.27342],[1.50983,0.26745],[1.51136,0.26417],[1.50429,0.26554],[1.49119,0.27622],[1.48503,0.28397],[1.48291,0.28978],[1.48339,0.29974],[1.47646,0.30282],[1.46999,0.30049],[1.46771,0.30678],[1.46372,0.30722],[1.45703,0.31747],[1.45959,0.30908],[1.45629,0.31022],[1.45618,0.30576],[1.45215,0.30475]]],[[[1.53923,0.24549],[1.5474,0.23958],[1.54281,0.24031],[1.54307,0.2355],[1.54742,0.22901],[1.52217,0.22875],[1.50368,0.23407],[1.49224,0.23838],[1.48555,0.2459],[1.48176,0.25455],[1.49016,0.26078],[1.48927,0.26361],[1.51579,0.25789],[1.52378,0.25347],[1.5228,0.25601],[1.53923,0.24549]]]]}},{"type":"Feature","properties":{"name":"Macao","iso3":"MAC","geo_share":1e-07,"carto_share":1.6e-06,"target_share":0.0},"geometry":{"type":"Polygon","coordinates":[[[1.53786,0.31284],[1.54057,0.30737],[1.53929,0.3061],[1.53786,0.31284]]]}},{"type":"Feature","properties":{"name":"Hong Kong","iso3":"HKG","geo_share":5.7e-06,"carto_share":0.0034957,"target_share":0.0035124},"geometry":{"type":"MultiPolygon","coordinates":[[[[1.66854,0.4101],[1.69888,0.29394],[1.54894,0.34901],[1.57628,0.40223],[1.66854,0.4101]]],[[[1.68389,0.26923],[1.66406,0.27779],[1.69378,0.28466],[1.68389,0.26923]]],[[[1.63126,0.26472],[1.56857,0.29658],[1.61915,0.29971],[1.63126,0.26472]]]]}},{"type":"Feature","properties":{"name":"Chile","iso3":"CHL","geo_share":0.0054944,"carto_share":0.0028476,"target_share":0.0028475},"geometry":{"type":"MultiPolygon","coordinates":[[[[-1.49062,-0.58401],[-1.49058,-0.58225],[-1.48774,-0.58273],[-1.49062,-0.58401]]],[[[-0.98058,-0.64993],[-0.97941,-0.64827],[-0.97741,-0.64901],[-0.98058,-0.64993]]],[[[-0.88561,-0.37983],[-0.88173,-0.37841],[-0.88235,-0.37349],[-0.88387,-0.37008],[-0.88225,-0.3683],[-0.87811,-0.37598],[-0.87578,-0.37855],[-0.87026,-0.39463],[-0.86494,-0.40371],[-0.86552,-0.40822],[-0.86425,-0.41076],[-0.86462,-0.41422],[-0.86367,-0.42094],[-0.86165,-0.42382],[-0.86112,-0.42914],[-0.85807,-0.43575],[-0.85733,-0.44107],[-0.85518,-0.44846],[-0.85363,-0.45576],[-0.85295,-0.46139],[-0.85091,-0.46283],[-0.84876,-0.46204],[-0.84734,-0.46529],[-0.84749,-0.48255],[-0.85214,-0.48792],[-0.85334,-0.49145],[-0.85332,-0.4946],[-0.85181,-0.49836],[-0.85256,-0.50044],[-0.85261,-0.50402],[-0.85079,-0.51385],[-0.85144,-0.51951],[-0.84966,-0.52501],[-0.84971,-0.52734],[-0.85249,-0.52949],[-0.85382,-0.54122],[-0.85637,-0.5483],[-0.8567,-0.55802],[-0.85779,-0.56123],[-0.85671,-0.56749],[-0.85647,-0.57575],[-0.85768,-0.57705],[-0.85858,-0.58359],[-0.85822,-0.58522],[-0.8596,-0.58718],[-0.85976,-0.59323],[-0.85866,-0.59701],[-0.8574,-0.59851],[-0.85804,-0.60049],[-0.85681,-0.6061],[-0.85608,-0.61833],[-0.855,-0.61829],[-0.8555,-0.62546],[-0.85546,-0.63318],[-0.85652,-0.63461],[-0.85794,-0.64149],[-0.85911,-0.65061],[-0.85871,-0.65721],[-0.85892,-0.66159],[-0.86092,-0.66702],[-0.86276,-0.66939],[-0.86354,-0.67415],[-0.86302,-0.67778],[-0.86317,-0.68704],[-0.86231,-0.69096],[-0.86194,-0.69698],[-0.86135,-0.6983],[-0.86183,-0.70135],[-0.86346,-0.7033],[-0.86414,-0.70549],[-0.86399,-0.70988],[-0.8645,-0.71455],[-0.86545,-0.71526],[-0.86492,-0.71879],[-0.8658,-0.72326],[-0.86508,-0.72541],[-0.86622,-0.73098],[-0.86577,-0.73388],[-0.86544,-0.74579],[-0.86433,-0.75342],[-0.8657,-0.75446],[-0.86614,-0.75721],[-0.8657,-0.76939],[-0.86372,-0.77208],[-0.8641,-0.77689],[-0.86327,-0.77932],[-0.86268,-0.78503],[-0.86312,-0.78808],[-0.86292,-0.79275],[-0.86044,-0.79361],[-0.86033,-0.79924],[-0.86317,-0.79989],[-0.86344,-0.80187],[-0.86141,-0.80299],[-0.8602,-0.80757],[-0.86045,-0.81261],[-0.86133,-0.81375],[-0.86097,-0.8184],[-0.8603,-0.82048],[-0.86095,-0.82399],[-0.85933,-0.83113],[-0.85979,-0.83512],[-0.85874,-0.84116],[-0.85997,-0.84551],[-0.8598,-0.85152],[-0.85825,-0.85529],[-0.85772,-0.85916],[-0.8585,-0.86138],[-0.8578,-0.86527],[-0.85914,-0.86779],[-0.85906,-0.8721],[-0.8609,-0.87239],[-0.8608,-0.87589],[-0.85956,-0.87847],[-0.85883,-0.88265],[-0.85789,-0.88391],[-0.85512,-0.89078],[-0.85228,-0.88918],[-0.85124,-0.89039],[-0.8501,-0.89376],[-0.84992,-0.89642],[-0.84883,-0.89961],[-0.84846,-0.90321],[-0.84512,-0.9086],[-0.84453,-0.91035],[-0.83411,-0.91582],[-0.8296,-0.92018],[-0.82726,-0.92148],[-0.81894,-0.92758],[-0.81817,-0.9289],[-0.82695,-0.9226],[-0.82771,-0.92515],[-0.83403,-0.92645],[-0.83157,-0.93473],[-0.82756,-0.94488],[-0.82919,-0.9459],[-0.83287,-0.9434],[-0.83758,-0.93924],[-0.83998,-0.93586],[-0.84073,-0.93184],[-0.83847,-0.93201],[-0.83578,-0.93726],[-0.8371,-0.93251],[-0.83565,-0.93101],[-0.83584,-0.92675],[-0.83784,-0.92452],[-0.84066,-0.92855],[-0.84172,-0.93165],[-0.84121,-0.93546],[-0.84568,-0.93111],[-0.84605,-0.92566],[-0.84543,-0.9224],[-0.84386,-0.92356],[-0.84271,-0.92108],[-0.84074,-0.92209],[-0.83955,-0.92119],[-0.84389,-0.91869],[-0.84459,-0.9203],[-0.84613,-0.91872],[-0.84689,-0.9249],[-0.84683,-0.92809],[-0.84826,-0.9278],[-0.85106,-0.92439],[-0.84887,-0.9218],[-0.85014,-0.92004],[-0.85117,-0.9218],[-0.85428,-0.92164],[-0.8581,-0.91345],[-0.85433,-0.91465],[-0.85383,-0.91193],[-0.85258,-0.91302],[-0.85025,-0.91232],[-0.84916,-0.90957],[-0.84831,-0.90999],[-0.84645,-0.91556],[-0.84809,-0.9094],[-0.84808,-0.90661],[-0.85013,-0.90348],[-0.84848,-0.9071],[-0.85,-0.90797],[-0.85193,-0.91156],[-0.85437,-0.90829],[-0.85875,-0.90612],[-0.85706,-0.90471],[-0.85774,-0.90014],[-0.85971,-0.89837],[-0.86529,-0.89783],[-0.86867,-0.89304],[-0.86534,-0.89171],[-0.86657,-0.88924],[-0.86583,-0.88744],[-0.86343,-0.88862],[-0.8614,-0.8923],[-0.85861,-0.89414],[-0.85916,-0.88838],[-0.85981,-0.89266],[-0.86191,-0.88998],[-0.86218,-0.88824],[-0.86621,-0.88517],[-0.86466,-0.8818],[-0.86235,-0.88193],[-0.86516,-0.87929],[-0.86549,-0.87692],[-0.86268,-0.87671],[-0.86465,-0.87442],[-0.86551,-0.86894],[-0.86533,-0.87548],[-0.86674,-0.87432],[-0.86896,-0.86604],[-0.86856,-0.86056],[-0.87076,-0.86148],[-0.87308,-0.85493],[-0.86741,-0.85454],[-0.86472,-0.85663],[-0.86386,-0.85624],[-0.86586,-0.85359],[-0.8675,-0.84848],[-0.86834,-0.85292],[-0.87137,-0.85372],[-0.87452,-0.85056],[-0.8739,-0.84831],[-0.87127,-0.84954],[-0.87068,-0.84803],[-0.87389,-0.84608],[-0.87201,-0.84172],[-0.87255,-0.8384],[-0.87439,-0.83575],[-0.87549,-0.83752],[-0.88088,-0.83635],[-0.88274,-0.83453],[-0.88611,-0.83639],[-0.88441,-0.83916],[-0.88537,-0.84065],[-0.88834,-0.83877],[-0.88832,-0.83613],[-0.8819,-0.82736],[-0.88427,-0.82345],[-0.87847,-0.82148],[-0.87597,-0.81969],[-0.87582,-0.81392],[-0.87401,-0.81394],[-0.87439,-0.82525],[-0.87343,-0.82541],[-0.87352,-0.82046],[-0.87209,-0.82036],[-0.87166,-0.82865],[-0.87078,-0.82722],[-0.87153,-0.81885],[-0.87291,-0.81792],[-0.87321,-0.81429],[-0.86957,-0.81122],[-0.87151,-0.80972],[-0.87134,-0.8052],[-0.8694,-0.80363],[-0.86741,-0.79987],[-0.86728,-0.79471],[-0.87183,-0.79163],[-0.87193,-0.78703],[-0.87079,-0.78607],[-0.8706,-0.78201],[-0.87168,-0.77925],[-0.87055,-0.77176],[-0.87043,-0.7621],[-0.86934,-0.76184],[-0.87074,-0.75858],[-0.86966,-0.75643],[-0.86796,-0.76008],[-0.86888,-0.75231],[-0.87138,-0.75188],[-0.8704,-0.74732],[-0.87323,-0.7465],[-0.87503,-0.75112],[-0.87982,-0.75244],[-0.87882,-0.7494],[-0.8808,-0.74919],[-0.88289,-0.74378],[-0.88096,-0.72715],[-0.88116,-0.72538],[-0.87855,-0.72176],[-0.87743,-0.71258],[-0.88107,-0.70464],[-0.88203,-0.70113],[-0.88173,-0.69631],[-0.88475,-0.69244],[-0.88501,-0.68529],[-0.88031,-0.68361],[-0.88003,-0.67673],[-0.87777,-0.67181],[-0.87736,-0.66567],[-0.87557,-0.66193],[-0.87625,-0.65953],[-0.87258,-0.65119],[-0.87139,-0.64358],[-0.87134,-0.63663],[-0.86988,-0.63087],[-0.86833,-0.62783],[-0.86963,-0.61942],[-0.86808,-0.61702],[-0.86667,-0.60743],[-0.86783,-0.60492],[-0.86838,-0.59883],[-0.8708,-0.58992],[-0.87232,-0.58243],[-0.87235,-0.5781],[-0.86928,-0.57476],[-0.86921,-0.56746],[-0.87025,-0.56314],[-0.87224,-0.56123],[-0.87325,-0.55737],[-0.87105,-0.55336],[-0.8702,-0.54901],[-0.87005,-0.5395],[-0.86888,-0.53733],[-0.86942,-0.53132],[-0.86832,-0.51795],[-0.87029,-0.50955],[-0.86851,-0.49969],[-0.87135,-0.49115],[-0.87236,-0.47672],[-0.87175,-0.47313],[-0.87449,-0.47],[-0.87487,-0.46497],[-0.87259,-0.46147],[-0.87287,-0.43859],[-0.87594,-0.4249],[-0.87781,-0.40786],[-0.88079,-0.3977],[-0.88485,-0.38094],[-0.88561,-0.37983]]],[[[-0.81725,-0.93371],[-0.79958,-0.96687],[-0.80285,-0.9668],[-0.80665,-0.96526],[-0.80976,-0.96278],[-0.81163,-0.96368],[-0.8157,-0.96284],[-0.82515,-0.95834],[-0.82842,-0.95797],[-0.8299,-0.95557],[-0.82737,-0.95603],[-0.82596,-0.95467],[-0.82391,-0.956],[-0.8207,-0.95529],[-0.81975,-0.95745],[-0.8163,-0.95831],[-0.8239,-0.95097],[-0.82572,-0.94709],[-0.82432,-0.94675],[-0.82496,-0.94375],[-0.82078,-0.9503],[-0.82275,-0.94988],[-0.81597,-0.95698],[-0.81284,-0.95694],[-0.80941,-0.9592],[-0.80689,-0.96164],[-0.80623,-0.96013],[-0.81649,-0.95336],[-0.82064,-0.94734],[-0.81624,-0.9456],[-0.82,-0.94194],[-0.82309,-0.94163],[-0.82545,-0.93994],[-0.828,-0.93617],[-0.82898,-0.93302],[-0.82766,-0.93256],[-0.8312,-0.92779],[-0.82765,-0.93081],[-0.82659,-0.93014],[-0.82658,-0.92676],[-0.82204,-0.93167],[-0.81943,-0.93162],[-0.81725,-0.93371]]],[[[-0.78284,-0.97432],[-0.7836,-0.97575],[-0.78709,-0.97377],[-0.78866,-0.97444],[-0.79176,-0.97329],[-0.79559,-0.96944],[-0.79428,-0.96912],[-0.7859,-0.97157],[-0.78284,-0.97432]]],[[[-0.87781,-0.77916],[-0.88122,-0.78038],[-0.88439,-0.77919],[-0.8832,-0.77285],[-0.88381,-0.7619],[-0.88298,-0.75459],[-0.87761,-0.75408],[-0.87647,-0.76348],[-0.87938,-0.76656],[-0.8754,-0.77133],[-0.87797,-0.77596],[-0.87781,-0.77916]]],[[[-0.86645,-0.87828],[-0.86651,-0.88265],[-0.86785,-0.88303],[-0.86974,-0.87947],[-0.86968,-0.87516],[-0.87111,-0.87704],[-0.87094,-0.88156],[-0.87562,-0.8819],[-0.87593,-0.8795],[-0.87433,-0.87722],[-0.87634,-0.87576],[-0.87312,-0.87369],[-0.87464,-0.87132],[-0.87302,-0.86917],[-0.87378,-0.86727],[-0.87257,-0.86538],[-0.87006,-0.8665],[-0.86645,-0.87828]]],[[[-0.87997,-0.86794],[-0.88091,-0.86554],[-0.88049,-0.8616],[-0.88189,-0.85805],[-0.88033,-0.85689],[-0.87666,-0.86212],[-0.87647,-0.86572],[-0.87997,-0.86794]]],[[[-0.85626,-0.92714],[-0.85361,-0.92724],[-0.84867,-0.92944],[-0.84585,-0.93292],[-0.84899,-0.93234],[-0.85115,-0.92945],[-0.85481,-0.92962],[-0.85766,-0.92754],[-0.85918,-0.92461],[-0.85626,-0.92714]]],[[[-0.8711,-0.86346],[-0.87393,-0.86449],[-0.87813,-0.85824],[-0.87856,-0.85578],[-0.87556,-0.85313],[-0.8711,-0.86346]]],[[[-0.84293,-0.93735],[-0.84005,-0.93796],[-0.83671,-0.94252],[-0.83782,-0.94704],[-0.84094,-0.94666],[-0.84054,-0.94295],[-0.84277,-0.94214],[-0.84249,-0.94549],[-0.84425,-0.9442],[-0.84533,-0.94016],[-0.85,-0.93709],[-0.84764,-0.93428],[-0.84293,-0.93735]]],[[[-0.86385,-0.90663],[-0.86295,-0.90968],[-0.86038,-0.91184],[-0.86082,-0.91698],[-0.86222,-0.91723],[-0.86581,-0.90997],[-0.86385,-0.90663]]],[[[-0.80053,-0.96876],[-0.79712,-0.96881],[-0.79712,-0.97095],[-0.79341,-0.97336],[-0.78832,-0.97979],[-0.79472,-0.9756],[-0.79714,-0.97514],[-0.79868,-0.97235],[-0.80291,-0.97025],[-0.80251,-0.97218],[-0.79972,-0.97506],[-0.80197,-0.97427],[-0.80585,-0.97044],[-0.80896,-0.96892],[-0.80992,-0.96492],[-0.80053,-0.96876]]],[[[-0.82404,-0.95291],[-0.82431,-0.95473],[-0.82806,-0.95165],[-0.83148,-0.952],[-0.83522,-0.94704],[-0.83462,-0.94436],[-0.8307,-0.94656],[-0.82404,-0.95291]]],[[[-0.87729,-0.79889],[-0.87387,-0.80836],[-0.87442,-0.81227],[-0.87655,-0.81256],[-0.87982,-0.80657],[-0.88318,-0.80312],[-0.88244,-0.79998],[-0.8786,-0.79746],[-0.87894,-0.79407],[-0.8773,-0.79274],[-0.87522,-0.79451],[-0.87729,-0.79889]]],[[[-0.86896,-0.80111],[-0.87148,-0.80277],[-0.87249,-0.79985],[-0.87115,-0.79423],[-0.86778,-0.79681],[-0.86896,-0.80111]]],[[[-0.88775,-0.80856],[-0.88853,-0.80733],[-0.88708,-0.80788],[-0.88775,-0.80856]]],[[[-0.87052,-0.89503],[-0.87223,-0.89382],[-0.87227,-0.89118],[-0.86933,-0.89067],[-0.87052,-0.89503]]],[[[-0.87462,-0.86887],[-0.87717,-0.87409],[-0.87951,-0.86961],[-0.87515,-0.8669],[-0.87462,-0.86887]]],[[[-0.87888,-0.85389],[-0.87849,-0.85127],[-0.87664,-0.8519],[-0.87888,-0.85389]]],[[[-0.88665,-0.7863],[-0.88825,-0.78706],[-0.88854,-0.78585],[-0.88665,-0.7863]]],[[[-0.87366,-0.80325],[-0.87528,-0.80145],[-0.87409,-0.79985],[-0.87366,-0.80325]]],[[[-0.86251,-0.90175],[-0.86634,-0.90357],[-0.8679,-0.90788],[-0.8676,-0.90207],[-0.86649,-0.90232],[-0.86332,-0.89952],[-0.86251,-0.90175]]],[[[-0.87091,-0.88915],[-0.87287,-0.88927],[-0.87279,-0.88438],[-0.86847,-0.88459],[-0.86789,-0.88565],[-0.87091,-0.88915]]],[[[-0.87831,-0.78934],[-0.8804,-0.78816],[-0.87766,-0.78675],[-0.87831,-0.78934]]],[[[-0.85998,-0.90921],[-0.86076,-0.90737],[-0.85768,-0.90912],[-0.85998,-0.90921]]],[[[-0.87872,-0.82018],[-0.88111,-0.81925],[-0.87881,-0.81065],[-0.877,-0.81809],[-0.87872,-0.82018]]],[[[-0.78217,-0.98475],[-0.78455,-0.98389],[-0.78206,-0.98379],[-0.78217,-0.98475]]],[[[-0.7765,-0.97696],[-0.7777,-0.97625],[-0.77594,-0.97598],[-0.7765,-0.97696]]],[[[-0.81731,-0.96498],[-0.81433,-0.96452],[-0.8121,-0.96722],[-0.8125,-0.96869],[-0.81788,-0.9664],[-0.82126,-0.96326],[-0.81731,-0.96498]]],[[[-0.78303,-0.98209],[-0.78255,-0.9801],[-0.7799,-0.98298],[-0.78303,-0.98209]]]]}},{"type":"Feature","properties":{"name":"Chad","iso3":"TCD","geo_share":0.009466,"carto_share":0.0029497,"target_share":0.0029507},"geometry":{"type":"Polygon","coordinates":[[[0.34207,0.15948],[0.34122,0.12342],[0.33326,0.12193],[0.33169,0.12012],[0.33169,0.11646],[0.33016,0.11473],[0.32935,0.11193],[0.32675,0.11005],[0.32798,0.10591],[0.32497,0.10359],[0.32443,0.10175],[0.32564,0.09779],[0.32355,0.09551],[0.32218,0.09219],[0.32381,0.09104],[0.32695,0.09102],[0.32837,0.08472],[0.32918,0.08417],[0.32907,0.08082],[0.33236,0.07747],[0.33195,0.07294],[0.32878,0.0737],[0.32498,0.07182],[0.3222,0.06916],[0.32248,0.06695],[0.31986,0.06304],[0.31874,0.06277],[0.31496,0.05671],[0.31151,0.0538],[0.30921,0.05395],[0.30585,0.05289],[0.30135,0.05306],[0.29928,0.05184],[0.30147,0.04919],[0.29784,0.04298],[0.2899,0.04283],[0.28326,0.03887],[0.28055,0.04254],[0.27949,0.04075],[0.27531,0.03908],[0.27201,0.04006],[0.27198,0.04282],[0.27089,0.04364],[0.26625,0.05139],[0.25737,0.05879],[0.25276,0.06391],[0.25462,0.06638],[0.26042,0.06548],[0.26809,0.06545],[0.26376,0.06913],[0.26079,0.07397],[0.25991,0.07646],[0.26005,0.08037],[0.25913,0.08319],[0.25462,0.09059],[0.25219,0.0921],[0.25165,0.09352],[0.24687,0.09447],[0.24119,0.1],[0.23858,0.1058],[0.24162,0.1108],[0.24668,0.11757],[0.25739,0.1278],[0.25873,0.15276],[0.26097,0.15618],[0.25692,0.15927],[0.25711,0.16104],[0.25232,0.16506],[0.25216,0.16813],[0.24992,0.17595],[0.26142,0.18049],[0.34207,0.15948]]]}},{"type":"Feature","properties":{"name":"Central African Rep.","iso3":"CAF","geo_share":0.0046245,"carto_share":0.001441,"target_share":0.0014415},"geometry":{"type":"Polygon","coordinates":[[[0.3432,0.04815],[0.34443,0.04385],[0.34892,0.0421],[0.35205,0.03731],[0.35161,0.03488],[0.35311,0.0327],[0.35704,0.02954],[0.36063,0.02444],[0.3602,0.02226],[0.36169,0.0176],[0.36591,0.01411],[0.36685,0.01219],[0.36707,0.00813],[0.36809,0.00591],[0.36598,0.00695],[0.36377,0.00521],[0.35415,0.00822],[0.35209,0.00465],[0.3485,0.0035],[0.34518,0.00435],[0.33855,0.00041],[0.33629,0.00143],[0.33366,0.00042],[0.33142,-0.0059],[0.32594,-0.00372],[0.32486,-0.00409],[0.32043,-0.00165],[0.31743,-0.00078],[0.31463,0.004],[0.31121,0.00748],[0.30883,0.00817],[0.30581,0.0056],[0.30445,0.00124],[0.30279,-0.00185],[0.30365,-0.00574],[0.30402,-0.01179],[0.30285,-0.00981],[0.3007,-0.0111],[0.29516,-0.00806],[0.29215,-0.00926],[0.28977,-0.00921],[0.28897,-0.01324],[0.28931,-0.01811],[0.28807,-0.02518],[0.28631,-0.01669],[0.28394,-0.01354],[0.27815,-0.00365],[0.27772,-0.00051],[0.27626,0.00339],[0.2732,0.00779],[0.27132,0.01433],[0.27044,0.0157],[0.26919,0.02265],[0.26716,0.02502],[0.26901,0.02729],[0.27009,0.03254],[0.27064,0.03755],[0.27201,0.04006],[0.27531,0.03908],[0.27949,0.04075],[0.28055,0.04254],[0.28326,0.03887],[0.2899,0.04283],[0.29784,0.04298],[0.30147,0.04919],[0.29928,0.05184],[0.30135,0.05306],[0.30585,0.05289],[0.30921,0.05395],[0.31151,0.0538],[0.31496,0.05671],[0.31874,0.06277],[0.31986,0.06304],[0.32248,0.06695],[0.3222,0.06916],[0.32498,0.07182],[0.32878,0.0737],[0.33195,0.07294],[0.33594,0.06726],[0.33886,0.0611],[0.33879,0.05575],[0.33758,0.05322],[0.33823,0.04984],[0.33941,0.04889],[0.3432,0.04815]]]}},{"type":"Feature","properties":{"name":"Cabo Verde","iso3":"CPV","geo_share":1.91e-05,"carto_share":1.74e-05,"target_share":5.9e-06},"geometry":{"type":"MultiPolygon","coordinates":[[[[-0.30021,0.16102],[-0.30096,0.16336],[-0.29675,0.16434],[-0.29406,0.16254],[-0.30021,0.16102]]],[[[-0.26665,0.13349],[-0.26782,0.13232],[-0.27294,0.13497],[-0.27228,0.13838],[-0.26665,0.13349]]],[[[-0.2919,0.1583],[-0.29546,0.15953],[-0.29298,0.15992],[-0.2919,0.1583]]],[[[-0.25652,0.1484],[-0.25153,0.14724],[-0.25434,0.14509],[-0.25738,0.14605],[-0.25652,0.1484]]],[[[-0.2825,0.13198],[-0.28582,0.13215],[-0.28264,0.13433],[-0.2825,0.13198]]],[[[-0.27774,0.15416],[-0.28154,0.15293],[-0.28257,0.15528],[-0.27774,0.15416]]],[[[-0.25638,0.15309],[-0.2578,0.15569],[-0.25594,0.15607],[-0.25638,0.15309]]],[[[-0.26298,0.13543],[-0.26078,0.13707],[-0.26023,0.135],[-0.26298,0.13543]]]]}},{"type":"Feature","properties":{"name":"Canada","iso3":"CAN","geo_share":0.0733031,"carto_share":0.0187396,"target_share":0.01873},"geometry":{"type":"MultiPolygon","coordinates":[[[[-1.58883,1.06199],[-1.58906,1.06094],[-1.59487,1.05826],[-1.60647,1.05394],[-1.59834,1.05643],[-1.58561,1.06255],[-1.56734,1.06949],[-1.59463,1.05704],[-1.60626,1.05165],[-1.61928,1.04705],[-1.62079,1.04725],[-1.61294,1.05003],[-1.61736,1.04957],[-1.61435,1.05215],[-1.60404,1.05772],[-1.58883,1.06199]]],[[[-1.60303,1.05181],[-1.60782,1.04931],[-1.61541,1.04648],[-1.61024,1.04735],[-1.61722,1.04415],[-1.62245,1.03959],[-1.62384,1.04296],[-1.61685,1.04674],[-1.6215,1.04596],[-1.60467,1.05196],[-1.60303,1.05181]]],[[[-1.56501,1.05563],[-1.54141,1.06725],[-1.55482,1.05869],[-1.5612,1.05466],[-1.55426,1.05707],[-1.55649,1.05517],[-1.57055,1.04447],[-1.56407,1.04859],[-1.57114,1.04283],[-1.58201,1.03631],[-1.59571,1.03165],[-1.59948,1.03071],[-1.58135,1.04217],[-1.59987,1.03167],[-1.60238,1.03114],[-1.59305,1.03675],[-1.59696,1.03587],[-1.60684,1.03043],[-1.5984,1.03579],[-1.59037,1.04019],[-1.59253,1.04023],[-1.60113,1.03575],[-1.59373,1.04045],[-1.61157,1.03179],[-1.59879,1.03951],[-1.58915,1.04361],[-1.58157,1.04775],[-1.60085,1.03884],[-1.59879,1.04097],[-1.58242,1.04838],[-1.56501,1.05563]]],[[[-1.41381,1.13576],[-1.4063,1.13999],[-1.413,1.13711],[-1.40976,1.13895],[-1.41929,1.13583],[-1.42634,1.13426],[-1.43767,1.13041],[-1.42616,1.13556],[-1.43228,1.13394],[-1.41879,1.1393],[-1.4281,1.13669],[-1.41658,1.14094],[-1.40033,1.15183],[-1.39608,1.15409],[-1.39564,1.15573],[-1.40024,1.15547],[-1.39708,1.15733],[-1.40242,1.15726],[-1.39539,1.15956],[-1.39813,1.15974],[-1.43061,1.15393],[-1.46638,1.1435],[-1.47443,1.14128],[-1.51371,1.12694],[-1.49573,1.13532],[-1.49332,1.13927],[-1.48773,1.14148],[-1.49289,1.14083],[-1.47435,1.1466],[-1.49479,1.14149],[-1.51541,1.13542],[-1.52598,1.13348],[-1.53449,1.13045],[-1.54713,1.12778],[-1.31402,1.2174],[-1.31068,1.21438],[-1.30839,1.21322],[-1.30487,1.21059],[-1.30332,1.20803],[-1.30124,1.20613],[-1.29758,1.20412],[-1.29478,1.20327],[-1.29107,1.20289],[-1.28761,1.20159],[-1.28674,1.20229],[-1.28914,1.20297],[-1.28644,1.20334],[-1.28773,1.20412],[-1.2846,1.20513],[-1.28192,1.20484],[-1.27966,1.20568],[-1.27542,1.20531],[-1.27315,1.20662],[-1.27107,1.20543],[-1.27513,1.20401],[-1.27108,1.20446],[-1.26692,1.20473],[-1.26258,1.20598],[-1.25927,1.20599],[-1.24887,1.2074],[-1.24654,1.20724],[-1.24346,1.208],[-1.23929,1.20836],[-1.2356,1.20791],[-1.23296,1.20843],[-1.23235,1.20789],[-1.23426,1.20732],[-1.24802,1.20564],[-1.25618,1.20529],[-1.26224,1.204],[-1.26528,1.20377],[-1.27317,1.20213],[-1.26945,1.20179],[-1.26714,1.20293],[-1.25938,1.20392],[-1.25684,1.20465],[-1.25064,1.20461],[-1.25275,1.20357],[-1.24723,1.20484],[-1.243,1.20566],[-1.23537,1.20639],[-1.23128,1.20661],[-1.23195,1.20574],[-1.22481,1.20696],[-1.22243,1.20774],[-1.21618,1.20857],[-1.21813,1.20877],[-1.21837,1.20956],[-1.2153,1.21064],[-1.21399,1.21022],[-1.21203,1.20846],[-1.21336,1.20605],[-1.21169,1.20475],[-1.20729,1.20435],[-1.20448,1.20466],[-1.20374,1.20545],[-1.1998,1.20642],[-1.19367,1.20736],[-1.19531,1.20752],[-1.18952,1.20832],[-1.18898,1.20811],[-1.19313,1.20626],[-1.19146,1.20595],[-1.1982,1.20472],[-1.19826,1.20455],[-1.19062,1.20473],[-1.18483,1.20558],[-1.17958,1.20704],[-1.17092,1.20779],[-1.16556,1.208],[-1.1627,1.20772],[-1.16077,1.207],[-1.15791,1.20693],[-1.14974,1.20718],[-1.14493,1.20648],[-1.13832,1.20631],[-1.12669,1.20655],[-1.1268,1.20708],[-1.12045,1.20769],[-1.11642,1.20753],[-1.11398,1.20697],[-1.11355,1.20598],[-1.11638,1.20525],[-1.12237,1.20479],[-1.12772,1.20395],[-1.13391,1.20299],[-1.13207,1.20286],[-1.12186,1.20308],[-1.10948,1.20361],[-1.09533,1.20447],[-1.08818,1.20514],[-1.08711,1.20408],[-1.0825,1.2039],[-1.08315,1.20289],[-1.08068,1.20337],[-1.07776,1.20209],[-1.07807,1.20177],[-1.08212,1.20147],[-1.08413,1.20166],[-1.08048,1.19963],[-1.08093,1.2005],[-1.07729,1.20121],[-1.07454,1.2008],[-1.07352,1.20244],[-1.07242,1.20285],[-1.07283,1.20365],[-1.06982,1.20415],[-1.06903,1.20457],[-1.06309,1.20444],[-1.06049,1.20448],[-1.05971,1.2048],[-1.05494,1.20518],[-1.05512,1.20554],[-1.05886,1.20538],[-1.06058,1.20499],[-1.06374,1.20507],[-1.06615,1.20538],[-1.0677,1.20497],[-1.07142,1.20514],[-1.07345,1.20576],[-1.06839,1.2065],[-1.06318,1.20625],[-1.05461,1.20644],[-1.05278,1.20621],[-1.05223,1.20571],[-1.05331,1.20488],[-1.05277,1.20446],[-1.05022,1.20406],[-1.05034,1.20353],[-1.04881,1.20337],[-1.04359,1.2035],[-1.04108,1.2025],[-1.03803,1.20197],[-1.03191,1.20148],[-1.01947,1.20094],[-1.01182,1.20024],[-1.00508,1.1995],[-0.99392,1.19917],[-0.99558,1.19974],[-0.99296,1.19997],[-0.98871,1.19871],[-0.98369,1.19836],[-0.97807,1.19854],[-0.97683,1.19888],[-0.98202,1.19932],[-0.98824,1.19925],[-0.98868,1.2008],[-0.98335,1.20046],[-0.97647,1.20054],[-0.97654,1.20097],[-0.97,1.20084],[-0.96812,1.20003],[-0.96098,1.20024],[-0.96786,1.19944],[-0.95657,1.20007],[-0.96644,1.19851],[-0.97077,1.1981],[-0.97196,1.19748],[-0.96629,1.19757],[-0.96877,1.1973],[-0.96494,1.19724],[-0.9669,1.19698],[-0.97172,1.19689],[-0.97871,1.19695],[-0.97627,1.19653],[-0.97442,1.19687],[-0.97067,1.1968],[-0.96657,1.19692],[-0.96165,1.19746],[-0.95935,1.19828],[-0.95979,1.19859],[-0.95383,1.19939],[-0.94929,1.19959],[-0.94688,1.19948],[-0.93963,1.20006],[-0.93282,1.20075],[-0.92825,1.20098],[-0.92952,1.20109],[-0.92798,1.20183],[-0.92879,1.20221],[-0.93135,1.2017],[-0.93502,1.2017],[-0.93415,1.20228],[-0.92898,1.20276],[-0.92894,1.20338],[-0.9247,1.20327],[-0.92629,1.20283],[-0.92394,1.20304],[-0.92439,1.20357],[-0.92817,1.2038],[-0.92934,1.20462],[-0.93101,1.20455],[-0.93621,1.20573],[-0.93816,1.20595],[-0.9397,1.20744],[-0.93846,1.20819],[-0.93438,1.20868],[-0.93197,1.2084],[-0.93134,1.20886],[-0.93346,1.20896],[-0.93497,1.20983],[-0.93135,1.21115],[-0.92908,1.21126],[-0.92592,1.21056],[-0.92404,1.21105],[-0.92648,1.21164],[-0.9199,1.21276],[-0.91454,1.21337],[-0.91454,1.21234],[-0.91048,1.21276],[-0.91135,1.21203],[-0.9089,1.21137],[-0.90828,1.21038],[-0.90972,1.20932],[-0.91246,1.2081],[-0.9094,1.20715],[-0.90922,1.20531],[-0.9071,1.20549],[-0.9062,1.20459],[-0.9106,1.2047],[-0.91215,1.20523],[-0.91491,1.20478],[-0.91126,1.20425],[-0.91971,1.2035],[-0.91746,1.2033],[-0.91445,1.20237],[-0.90934,1.2022],[-0.90934,1.20174],[-0.90236,1.20063],[-0.90793,1.20039],[-0.91084,1.20093],[-0.90783,1.19971],[-0.90709,1.19859],[-0.91074,1.19797],[-0.90907,1.19693],[-0.90399,1.19668],[-0.89756,1.19762],[-0.89187,1.19793],[-0.88799,1.1978],[-0.88128,1.19483],[-0.883,1.1932],[-0.88524,1.19268],[-0.8904,1.19341],[-0.89323,1.19262],[-0.89362,1.19207],[-0.88936,1.18936],[-0.87846,1.18901],[-0.87323,1.19001],[-0.86584,1.1913],[-0.85969,1.19352],[-0.85784,1.1946],[-0.85507,1.19568],[-0.85072,1.19635],[-0.85161,1.19653],[-0.84883,1.19801],[-0.85048,1.19842],[-0.84865,1.20047],[-0.84708,1.20146],[-0.8454,1.20143],[-0.84142,1.2021],[-0.83903,1.20193],[-0.83198,1.2026],[-0.83046,1.20247],[-0.8346,1.20158],[-0.83175,1.2013],[-0.83236,1.20049],[-0.82989,1.20067],[-0.8258,1.20011],[-0.82565,1.19964],[-0.83293,1.19853],[-0.8282,1.19813],[-0.82871,1.19685],[-0.83573,1.19604],[-0.83759,1.19639],[-0.84042,1.19609],[-0.83999,1.1943],[-0.83826,1.19434],[-0.84005,1.19334],[-0.83991,1.19249],[-0.83702,1.19008],[-0.83656,1.18888],[-0.84033,1.18659],[-0.84391,1.18675],[-0.84752,1.18567],[-0.85168,1.18467],[-0.85423,1.18452],[-0.86006,1.18321],[-0.86089,1.18523],[-0.86292,1.18548],[-0.86364,1.18664],[-0.8659,1.18677],[-0.86917,1.18604],[-0.86583,1.18635],[-0.86355,1.18513],[-0.8634,1.1827],[-0.86477,1.18224],[-0.86764,1.18283],[-0.87043,1.1824],[-0.87517,1.18359],[-0.87668,1.18481],[-0.88831,1.18688],[-0.89017,1.18691],[-0.88931,1.18636],[-0.88491,1.18477],[-0.88632,1.18447],[-0.90106,1.18658],[-0.90838,1.18888],[-0.91383,1.19133],[-0.9216,1.19379],[-0.92298,1.19383],[-0.93249,1.19488],[-0.93661,1.19497],[-0.93414,1.19468],[-0.93271,1.19479],[-0.92532,1.19399],[-0.92356,1.19359],[-0.91905,1.19177],[-0.91136,1.18952],[-0.90264,1.18675],[-0.89925,1.18541],[-0.89997,1.18514],[-0.90413,1.18552],[-0.91424,1.18674],[-0.91858,1.18681],[-0.92878,1.18796],[-0.93239,1.18916],[-0.93237,1.18852],[-0.93799,1.18953],[-0.93873,1.19032],[-0.94249,1.19047],[-0.94147,1.1897],[-0.94523,1.19008],[-0.94525,1.18928],[-0.94972,1.18899],[-0.95384,1.18949],[-0.95881,1.18961],[-0.96428,1.19056],[-0.97311,1.1912],[-0.98407,1.19214],[-0.98589,1.19242],[-0.98847,1.19189],[-0.98461,1.19197],[-0.97217,1.19085],[-0.97555,1.19058],[-0.96824,1.19069],[-0.96438,1.18971],[-0.959,1.18855],[-0.96353,1.18713],[-0.97427,1.18739],[-0.98176,1.1883],[-0.98703,1.18853],[-0.98715,1.188],[-0.98351,1.1875],[-0.99361,1.18807],[-0.99885,1.18797],[-0.99797,1.18699],[-1.0043,1.18855],[-1.00271,1.18779],[-1.00561,1.18767],[-1.01445,1.18821],[-1.01299,1.18736],[-1.01977,1.18755],[-1.02724,1.1872],[-1.02941,1.18661],[-1.04354,1.18458],[-1.04859,1.18279],[-1.05225,1.17982],[-1.0534,1.17923],[-1.05264,1.17798],[-1.05019,1.17643],[-1.05088,1.1749],[-1.04972,1.17584],[-1.04818,1.17594],[-1.03984,1.17301],[-1.03557,1.16563],[-1.03256,1.16207],[-1.03571,1.16269],[-1.03152,1.16064],[-1.01338,1.15245],[-1.00604,1.14902],[-0.99582,1.143],[-0.98552,1.13762],[-0.97569,1.13092],[-0.97025,1.12604],[-0.94763,1.11162],[-0.94303,1.10778],[-0.94583,1.10811],[-0.94138,1.10659],[-0.93724,1.10428],[-0.92736,1.09987],[-0.91482,1.09388],[-0.91053,1.09215],[-0.90751,1.08986],[-0.9078,1.08871],[-0.91538,1.08932],[-0.91636,1.08886],[-0.91513,1.08644],[-0.91823,1.08547],[-0.92027,1.08541],[-0.91758,1.08294],[-0.91199,1.07702],[-0.91521,1.07875],[-0.91181,1.07629],[-0.90387,1.06946],[-0.90026,1.06618],[-0.89731,1.06269],[-0.90202,1.06496],[-0.89797,1.06268],[-0.89272,1.05923],[-0.88785,1.05576],[-0.8863,1.05588],[-0.87865,1.05378],[-0.87528,1.05188],[-0.87549,1.05088],[-0.87035,1.05052],[-0.87183,1.05196],[-0.86756,1.05188],[-0.86022,1.05153],[-0.85906,1.05245],[-0.86008,1.05334],[-0.85819,1.05403],[-0.85919,1.05532],[-0.85744,1.05859],[-0.85446,1.05821],[-0.85536,1.06031],[-0.85858,1.06278],[-0.86051,1.06626],[-0.84973,1.06253],[-0.83861,1.06094],[-0.83247,1.06159],[-0.82447,1.06455],[-0.82245,1.06642],[-0.82072,1.06935],[-0.81931,1.07359],[-0.81953,1.07903],[-0.82054,1.08188],[-0.82382,1.0858],[-0.8264,1.08818],[-0.83088,1.09325],[-0.8292,1.09437],[-0.82206,1.09385],[-0.82269,1.09518],[-0.82146,1.09622],[-0.81888,1.09545],[-0.81857,1.09756],[-0.82056,1.10298],[-0.81943,1.10334],[-0.82119,1.10564],[-0.81988,1.1062],[-0.82428,1.10999],[-0.82137,1.11005],[-0.82079,1.11282],[-0.81949,1.11264],[-0.82243,1.1176],[-0.82346,1.12017],[-0.8236,1.12506],[-0.81948,1.12427],[-0.81699,1.12168],[-0.81256,1.11576],[-0.81207,1.11445],[-0.81084,1.1148],[-0.80868,1.11134],[-0.80857,1.11286],[-0.80423,1.11861],[-0.80363,1.11871],[-0.80121,1.11299],[-0.80279,1.10914],[-0.80118,1.11139],[-0.80029,1.11066],[-0.80056,1.10724],[-0.7985,1.10878],[-0.80069,1.10465],[-0.80002,1.10137],[-0.79687,1.1019],[-0.79412,1.10379],[-0.79423,1.10103],[-0.79139,1.10305],[-0.78898,1.10585],[-0.79021,1.10205],[-0.79254,1.09905],[-0.79476,1.0946],[-0.79505,1.0915],[-0.79672,1.0888],[-0.80056,1.08812],[-0.79707,1.08776],[-0.79664,1.08435],[-0.79788,1.08083],[-0.79653,1.08036],[-0.79768,1.07619],[-0.79859,1.07731],[-0.80006,1.07685],[-0.79879,1.07543],[-0.79599,1.07555],[-0.79349,1.07451],[-0.79199,1.07268],[-0.7915,1.06914],[-0.79329,1.06745],[-0.7925,1.06747],[-0.79067,1.06939],[-0.78947,1.0673],[-0.78855,1.06786],[-0.78889,1.06518],[-0.78787,1.06625],[-0.7813,1.06784],[-0.77886,1.07038],[-0.77762,1.06846],[-0.7774,1.07068],[-0.77431,1.07456],[-0.77227,1.07989],[-0.77105,1.08007],[-0.77167,1.0823],[-0.77078,1.08512],[-0.76891,1.08757],[-0.76577,1.09495],[-0.76403,1.09713],[-0.76345,1.09438],[-0.76633,1.09035],[-0.76333,1.09259],[-0.76522,1.08665],[-0.76362,1.08867],[-0.76391,1.0841],[-0.76598,1.08161],[-0.76559,1.08016],[-0.76386,1.08173],[-0.76518,1.07841],[-0.76389,1.07618],[-0.76415,1.07372],[-0.76852,1.06981],[-0.76705,1.06997],[-0.76351,1.07206],[-0.76824,1.06652],[-0.76489,1.06799],[-0.76474,1.06623],[-0.76231,1.06567],[-0.76434,1.06282],[-0.76811,1.06106],[-0.76468,1.06058],[-0.7661,1.05927],[-0.76393,1.05868],[-0.76237,1.05694],[-0.76398,1.05377],[-0.76825,1.05464],[-0.77005,1.05577],[-0.76677,1.05284],[-0.7684,1.05263],[-0.76513,1.05102],[-0.76706,1.0505],[-0.76497,1.04971],[-0.76571,1.04811],[-0.76295,1.04589],[-0.76167,1.04625],[-0.758,1.04353],[-0.75878,1.04258],[-0.75729,1.04063],[-0.76056,1.03924],[-0.7577,1.03894],[-0.75405,1.03803],[-0.75158,1.03613],[-0.75435,1.03525],[-0.74997,1.03584],[-0.74774,1.03483],[-0.74664,1.03186],[-0.74347,1.03036],[-0.73881,1.03045],[-0.73893,1.02944],[-0.7344,1.02675],[-0.73811,1.02591],[-0.74225,1.02682],[-0.7461,1.02672],[-0.74765,1.02748],[-0.75235,1.02913],[-0.75466,1.03047],[-0.75667,1.03075],[-0.7563,1.03012],[-0.75759,1.03008],[-0.75453,1.02914],[-0.75104,1.0276],[-0.7482,1.02699],[-0.74389,1.02565],[-0.74275,1.02621],[-0.73624,1.02356],[-0.73464,1.0204],[-0.73814,1.02071],[-0.73677,1.01941],[-0.73198,1.01924],[-0.72796,1.01837],[-0.72735,1.0171],[-0.72473,1.01612],[-0.72251,1.01231],[-0.72422,1.01122],[-0.72449,1.0086],[-0.72917,1.01059],[-0.7244,1.00766],[-0.72267,1.00364],[-0.72567,1.00387],[-0.73195,1.00454],[-0.73792,1.00919],[-0.73938,1.00956],[-0.74327,1.01245],[-0.74642,1.01087],[-0.75169,1.01036],[-0.76107,1.01731],[-0.76386,1.01815],[-0.76549,1.02047],[-0.77055,1.02413],[-0.77358,1.02532],[-0.77656,1.02747],[-0.78353,1.03065],[-0.7861,1.03218],[-0.79172,1.03334],[-0.79409,1.03433],[-0.79686,1.03351],[-0.79833,1.02883],[-0.80231,1.03123],[-0.80838,1.03296],[-0.81301,1.03356],[-0.81666,1.03441],[-0.82388,1.03678],[-0.81871,1.03492],[-0.81803,1.03437],[-0.82052,1.03375],[-0.82873,1.03315],[-0.83274,1.03205],[-0.83879,1.03127],[-0.84309,1.03178],[-0.84831,1.03132],[-0.85016,1.03161],[-0.85405,1.03077],[-0.8559,1.03127],[-0.85897,1.03105],[-0.85834,1.02954],[-0.86203,1.02923],[-0.8656,1.02758],[-0.87059,1.02754],[-0.87694,1.01964],[-0.87907,1.01788],[-0.88114,1.01123],[-0.88233,0.99328],[-0.89393,0.99954],[-0.89746,0.99033],[-0.89943,0.97099],[-0.89945,0.95969],[-0.90052,0.95392],[-0.90991,0.92814],[-0.91887,0.90975],[-0.93598,0.87173],[-0.93941,0.86979],[-0.94229,0.87522],[-0.94203,0.88135],[-0.9371,0.8956],[-0.92651,0.91397],[-0.91952,0.93539],[-0.9116,0.9607],[-0.89983,1.03059],[-0.90896,1.04273],[-0.90778,1.04676],[-0.90947,1.04969],[-0.91348,1.05002],[-0.91655,1.05991],[-0.92107,1.06014],[-0.92425,1.06477],[-0.92595,1.06986],[-0.95268,1.09337],[-0.995,1.12442],[-1.01538,1.13058],[-1.02369,1.13458],[-1.0256,1.1371],[-1.03407,1.14022],[-1.03555,1.1424],[-1.04331,1.14168],[-1.05129,1.14926],[-1.05456,1.14866],[-1.05547,1.15194],[-1.06179,1.15623],[-1.06715,1.15755],[-1.0724,1.15672],[-1.07696,1.15984],[-1.0857,1.1623],[-1.0868,1.16733],[-1.08571,1.16846],[-1.09046,1.16972],[-1.09355,1.16699],[-1.09801,1.16757],[-1.53219,1.06716],[-1.54094,1.06262],[-1.52734,1.07169],[-1.50631,1.08293],[-1.52288,1.07428],[-1.53189,1.06956],[-1.5357,1.06832],[-1.53016,1.07114],[-1.51236,1.08068],[-1.52901,1.07226],[-1.53856,1.06742],[-1.53625,1.06918],[-1.52443,1.07572],[-1.50878,1.0834],[-1.50087,1.08727],[-1.51996,1.07798],[-1.54679,1.06492],[-1.5569,1.05993],[-1.53515,1.0712],[-1.5491,1.06421],[-1.55041,1.0637],[-1.53469,1.07215],[-1.5443,1.0672],[-1.55857,1.05996],[-1.56395,1.05759],[-1.56458,1.0578],[-1.54931,1.06604],[-1.52916,1.07576],[-1.51166,1.0836],[-1.52858,1.07611],[-1.54723,1.06716],[-1.54094,1.07085],[-1.5276,1.0771],[-1.52119,1.08029],[-1.50421,1.08787],[-1.49553,1.0917],[-1.49244,1.09318],[-1.47751,1.1001],[-1.50631,1.08695],[-1.51698,1.08227],[-1.54752,1.06789],[-1.53935,1.07252],[-1.52291,1.07983],[-1.51396,1.08402],[-1.52805,1.07776],[-1.4998,1.09077],[-1.51108,1.08582],[-1.50185,1.09061],[-1.51038,1.08742],[-1.49933,1.0924],[-1.48824,1.09712],[-1.49619,1.09347],[-1.49086,1.09545],[-1.48534,1.09833],[-1.4719,1.10425],[-1.48548,1.09853],[-1.5024,1.0912],[-1.51608,1.08515],[-1.53197,1.0787],[-1.53076,1.08004],[-1.53799,1.07795],[-1.50883,1.09005],[-1.50932,1.09085],[-1.44863,1.11769],[-1.42212,1.13047],[-1.42362,1.13016],[-1.43802,1.1229],[-1.46083,1.1123],[-1.44078,1.12193],[-1.43227,1.12636],[-1.41381,1.13576]]],[[[-0.99283,1.25253],[-0.99393,1.25128],[-1.00575,1.25089],[-1.00836,1.25116],[-1.01112,1.25059],[-1.01578,1.25084],[-1.02471,1.25005],[-1.02347,1.25078],[-1.01868,1.25144],[-1.01106,1.25199],[-1.0052,1.25285],[-0.99943,1.2533],[-0.99283,1.25253]]],[[[-1.00501,1.24993],[-0.99856,1.24999],[-1.00053,1.24936],[-1.01022,1.24848],[-1.00525,1.24833],[-1.00747,1.24716],[-1.01361,1.24643],[-1.01619,1.24628],[-1.0228,1.24532],[-1.02624,1.24502],[-1.03149,1.24526],[-1.02839,1.24772],[-1.01993,1.24891],[-1.01088,1.24966],[-1.00501,1.24993]]],[[[-1.05215,1.24217],[-1.05339,1.24162],[-1.05804,1.24125],[-1.05902,1.24092],[-1.05706,1.24016],[-1.06015,1.2399],[-1.05916,1.23917],[-1.06175,1.23881],[-1.06719,1.23903],[-1.06973,1.23817],[-1.07214,1.23822],[-1.07444,1.23925],[-1.07062,1.24057],[-1.07431,1.2407],[-1.07674,1.23987],[-1.07919,1.23979],[-1.07949,1.23883],[-1.08477,1.23765],[-1.08567,1.23894],[-1.08902,1.23746],[-1.08812,1.23714],[-1.09236,1.23591],[-1.09635,1.23583],[-1.09635,1.23823],[-1.09944,1.23748],[-1.10297,1.23755],[-1.10639,1.23841],[-1.11107,1.23839],[-1.11236,1.23924],[-1.11107,1.24006],[-1.11361,1.24022],[-1.10711,1.24125],[-1.10074,1.24067],[-1.09392,1.24171],[-1.0892,1.24199],[-1.08752,1.24247],[-1.07572,1.24386],[-1.06829,1.24333],[-1.06412,1.24247],[-1.05993,1.24247],[-1.06175,1.24291],[-1.0598,1.24331],[-1.05651,1.24327],[-1.05215,1.24217]]],[[[-1.00013,1.2404],[-1.00033,1.23985],[-1.00413,1.23914],[-0.99742,1.23966],[-0.99448,1.23934],[-0.99464,1.23843],[-0.99097,1.23891],[-0.99152,1.23953],[-0.98527,1.23977],[-0.97794,1.23852],[-0.97847,1.23765],[-0.9885,1.23575],[-0.99216,1.23543],[-1.00492,1.23469],[-1.01037,1.23468],[-1.0158,1.23376],[-1.01878,1.23398],[-1.02688,1.23185],[-1.03322,1.23089],[-1.0411,1.22931],[-1.04761,1.22844],[-1.05327,1.22794],[-1.05645,1.22785],[-1.06019,1.22811],[-1.06304,1.2294],[-1.06075,1.22992],[-1.0512,1.23076],[-1.04321,1.23111],[-1.03651,1.23254],[-1.04635,1.2315],[-1.04798,1.23182],[-1.05101,1.23133],[-1.05604,1.23124],[-1.05617,1.23188],[-1.05252,1.23258],[-1.0555,1.23284],[-1.05772,1.23207],[-1.0594,1.23235],[-1.06054,1.23147],[-1.06502,1.23108],[-1.0666,1.23184],[-1.06989,1.23111],[-1.07223,1.2315],[-1.07353,1.23223],[-1.07742,1.23202],[-1.0806,1.23214],[-1.08072,1.23254],[-1.07582,1.23396],[-1.06824,1.23394],[-1.06257,1.23418],[-1.06063,1.23443],[-1.06714,1.23449],[-1.0739,1.23474],[-1.07243,1.23553],[-1.06803,1.23565],[-1.06198,1.23523],[-1.05855,1.23516],[-1.06719,1.23597],[-1.06892,1.23638],[-1.06765,1.23694],[-1.06433,1.23715],[-1.05644,1.23625],[-1.05669,1.23647],[-1.06133,1.23709],[-1.05875,1.23772],[-1.05458,1.23775],[-1.04947,1.23749],[-1.04879,1.23631],[-1.04377,1.23684],[-1.04062,1.23692],[-1.03646,1.2361],[-1.03902,1.23527],[-1.03491,1.23573],[-1.03468,1.23469],[-1.0334,1.23453],[-1.02809,1.23527],[-1.0163,1.23667],[-1.01315,1.23806],[-1.01882,1.23828],[-1.01879,1.23864],[-1.01431,1.23962],[-1.01344,1.2403],[-1.01806,1.24052],[-1.01742,1.24122],[-1.01313,1.24214],[-1.00686,1.24362],[-1.00204,1.24399],[-0.99953,1.24361],[-1.00179,1.24309],[-1.00263,1.24218],[-1.001,1.24122],[-1.00494,1.24039],[-1.00013,1.2404]]],[[[-1.08158,1.21831],[-1.07359,1.21835],[-1.07181,1.219],[-1.06908,1.2195],[-1.06605,1.21959],[-1.06225,1.21921],[-1.05865,1.21856],[-1.06033,1.21782],[-1.06546,1.21678],[-1.06449,1.21654],[-1.06064,1.21724],[-1.06059,1.21687],[-1.05697,1.21777],[-1.05215,1.21858],[-1.05128,1.21909],[-1.0528,1.21954],[-1.05229,1.22032],[-1.04814,1.22035],[-1.0442,1.21921],[-1.04318,1.21817],[-1.04632,1.21499],[-1.04529,1.21466],[-1.03958,1.21557],[-1.03862,1.2159],[-1.03912,1.21683],[-1.03433,1.22143],[-1.03106,1.22226],[-1.0305,1.223],[-1.02829,1.22314],[-1.02484,1.22292],[-1.02251,1.22373],[-1.0193,1.22386],[-1.01503,1.2236],[-1.01384,1.22264],[-1.01699,1.2205],[-1.01938,1.21776],[-1.01908,1.21653],[-1.02053,1.21584],[-1.0262,1.21422],[-1.02436,1.21303],[-1.01861,1.21204],[-1.01618,1.21264],[-1.01436,1.21201],[-1.00727,1.21066],[-1.00334,1.21034],[-1.00416,1.20982],[-0.99688,1.20932],[-1.00149,1.20753],[-1.00599,1.20765],[-1.00781,1.2085],[-1.01157,1.20808],[-1.0169,1.20908],[-1.02225,1.20884],[-1.02423,1.20827],[-1.02688,1.20845],[-1.02957,1.20903],[-1.03081,1.2089],[-1.0289,1.20823],[-1.03161,1.20731],[-1.0233,1.2079],[-1.01907,1.20734],[-1.0214,1.207],[-1.01948,1.20655],[-1.02192,1.20587],[-1.03341,1.20578],[-1.03806,1.20586],[-1.04335,1.20636],[-1.0452,1.20615],[-1.04819,1.20631],[-1.0465,1.20688],[-1.0528,1.20721],[-1.05359,1.20744],[-1.05262,1.2079],[-1.05404,1.2081],[-1.05806,1.20749],[-1.06143,1.20711],[-1.06688,1.2074],[-1.07163,1.20729],[-1.0805,1.2075],[-1.09195,1.20743],[-1.10574,1.2069],[-1.10557,1.20837],[-1.10242,1.21009],[-1.10606,1.21021],[-1.11235,1.20974],[-1.11964,1.2094],[-1.12242,1.20961],[-1.12282,1.21153],[-1.11912,1.21298],[-1.11311,1.21339],[-1.0988,1.21375],[-1.08688,1.21294],[-1.07904,1.21242],[-1.08143,1.21294],[-1.09077,1.21428],[-1.09805,1.21454],[-1.10533,1.21472],[-1.10721,1.2149],[-1.11224,1.21502],[-1.11702,1.21531],[-1.12051,1.21669],[-1.11887,1.21717],[-1.11358,1.21715],[-1.10248,1.21669],[-1.09901,1.21653],[-1.09895,1.21673],[-1.09512,1.21644],[-1.0961,1.21669],[-1.10394,1.2171],[-1.11073,1.21764],[-1.11417,1.21818],[-1.113,1.21836],[-1.10875,1.21824],[-1.11385,1.21887],[-1.11774,1.21958],[-1.11808,1.21993],[-1.1156,1.22033],[-1.11103,1.22013],[-1.1076,1.21986],[-1.10832,1.22045],[-1.1068,1.2205],[-1.09941,1.22033],[-1.09198,1.22045],[-1.07601,1.2215],[-1.07346,1.22097],[-1.07438,1.21999],[-1.07659,1.21911],[-1.08158,1.21831]]],[[[-1.10056,1.2258],[-1.10133,1.22506],[-1.09578,1.22577],[-1.09179,1.22584],[-1.0875,1.22545],[-1.08247,1.22341],[-1.08033,1.22277],[-1.0815,1.22182],[-1.09001,1.22109],[-1.10993,1.22148],[-1.11625,1.22164],[-1.12053,1.22198],[-1.12477,1.22249],[-1.13367,1.22102],[-1.13663,1.22046],[-1.14548,1.21968],[-1.14718,1.21988],[-1.15271,1.21845],[-1.16161,1.21641],[-1.16355,1.21637],[-1.16359,1.21984],[-1.17225,1.22175],[-1.17725,1.22179],[-1.17492,1.22307],[-1.16757,1.22477],[-1.16184,1.22546],[-1.15947,1.22663],[-1.15459,1.22686],[-1.15527,1.22779],[-1.14859,1.22904],[-1.14502,1.22925],[-1.14016,1.22987],[-1.14224,1.23103],[-1.14237,1.23337],[-1.13173,1.23218],[-1.12476,1.23118],[-1.11715,1.23021],[-1.11381,1.22952],[-1.10928,1.22776],[-1.10545,1.22666],[-1.10056,1.2258]]],[[[-0.65912,1.27399],[-0.64934,1.27466],[-0.64671,1.27468],[-0.6331,1.27485],[-0.63178,1.27473],[-0.63559,1.27451],[-0.6501,1.2737],[-0.64122,1.27401],[-0.62602,1.27447],[-0.62255,1.2743],[-0.61896,1.27456],[-0.61585,1.27411],[-0.60821,1.27398],[-0.60814,1.27358],[-0.60396,1.27293],[-0.60575,1.27266],[-0.59861,1.27239],[-0.59006,1.27134],[-0.5888,1.27058],[-0.59722,1.27074],[-0.61078,1.27107],[-0.61976,1.27105],[-0.62523,1.2712],[-0.62777,1.27105],[-0.638,1.271],[-0.64125,1.2706],[-0.65902,1.26923],[-0.6557,1.26937],[-0.63047,1.27063],[-0.62228,1.27046],[-0.629,1.27006],[-0.63692,1.26975],[-0.64132,1.26939],[-0.65238,1.26846],[-0.66131,1.26739],[-0.66956,1.26605],[-0.67283,1.26562],[-0.68052,1.26529],[-0.67761,1.26495],[-0.6783,1.26478],[-0.69431,1.2629],[-0.69081,1.26316],[-0.68428,1.26391],[-0.68169,1.26408],[-0.68386,1.26362],[-0.68945,1.26289],[-0.68771,1.26288],[-0.69041,1.26244],[-0.69917,1.26149],[-0.70678,1.26101],[-0.71249,1.26035],[-0.71742,1.25942],[-0.70734,1.26078],[-0.70584,1.26068],[-0.70702,1.26021],[-0.71734,1.25843],[-0.72779,1.2562],[-0.73924,1.25381],[-0.73482,1.2546],[-0.73378,1.25461],[-0.72533,1.25614],[-0.71941,1.25741],[-0.72102,1.25658],[-0.72773,1.25515],[-0.73328,1.25417],[-0.74568,1.25126],[-0.75427,1.2493],[-0.74992,1.25004],[-0.74149,1.2521],[-0.73693,1.25307],[-0.73369,1.25347],[-0.72765,1.25466],[-0.72223,1.25536],[-0.72768,1.25373],[-0.74081,1.25099],[-0.73411,1.25203],[-0.73198,1.25224],[-0.73586,1.25115],[-0.73981,1.24965],[-0.74896,1.24747],[-0.7566,1.24577],[-0.75975,1.24328],[-0.76203,1.24227],[-0.76696,1.24076],[-0.77453,1.23878],[-0.77879,1.23783],[-0.78275,1.23745],[-0.78425,1.23716],[-0.783,1.23697],[-0.78756,1.23574],[-0.78674,1.23566],[-0.78231,1.23689],[-0.77977,1.23738],[-0.77746,1.23759],[-0.77527,1.23826],[-0.77153,1.23898],[-0.77248,1.23809],[-0.76928,1.23841],[-0.76494,1.23984],[-0.76409,1.23894],[-0.76756,1.23709],[-0.77773,1.23355],[-0.7857,1.2313],[-0.78729,1.23115],[-0.78547,1.23237],[-0.78663,1.23285],[-0.78924,1.2321],[-0.79094,1.23242],[-0.79317,1.23232],[-0.79293,1.23114],[-0.79944,1.22955],[-0.80213,1.22909],[-0.80284,1.22996],[-0.80479,1.22816],[-0.81005,1.22728],[-0.81522,1.22742],[-0.8165,1.22802],[-0.81903,1.22702],[-0.82297,1.22725],[-0.82426,1.22698],[-0.83018,1.22721],[-0.82886,1.22891],[-0.83034,1.2284],[-0.83113,1.22734],[-0.83773,1.22811],[-0.83548,1.22959],[-0.82642,1.23043],[-0.81588,1.23063],[-0.81677,1.23111],[-0.8187,1.23125],[-0.82028,1.23182],[-0.82122,1.23272],[-0.81837,1.23313],[-0.8133,1.23338],[-0.80873,1.23317],[-0.80663,1.23238],[-0.80219,1.23272],[-0.79543,1.23436],[-0.79016,1.23649],[-0.78794,1.23769],[-0.79355,1.23537],[-0.79591,1.23455],[-0.7997,1.23384],[-0.80218,1.23319],[-0.80434,1.23301],[-0.80333,1.23387],[-0.80399,1.23431],[-0.7973,1.23631],[-0.79875,1.23618],[-0.79671,1.23734],[-0.79905,1.23634],[-0.80333,1.23501],[-0.8073,1.23445],[-0.80415,1.23564],[-0.80801,1.23479],[-0.81141,1.2343],[-0.81531,1.23437],[-0.81372,1.23523],[-0.80761,1.23665],[-0.8005,1.23758],[-0.79626,1.23841],[-0.7906,1.23932],[-0.78739,1.23986],[-0.78548,1.24046],[-0.78051,1.24169],[-0.7778,1.24258],[-0.78206,1.2414],[-0.79136,1.23944],[-0.79317,1.23935],[-0.79128,1.23983],[-0.78785,1.24038],[-0.79052,1.24021],[-0.79375,1.24051],[-0.79546,1.24045],[-0.79858,1.24015],[-0.80037,1.24033],[-0.80036,1.24114],[-0.79772,1.24191],[-0.79147,1.24251],[-0.78537,1.24366],[-0.7836,1.24398],[-0.77683,1.24496],[-0.77322,1.24551],[-0.76906,1.24653],[-0.76498,1.24767],[-0.76211,1.24857],[-0.76842,1.24688],[-0.77299,1.24616],[-0.77574,1.24563],[-0.77874,1.24534],[-0.77554,1.24646],[-0.7642,1.24973],[-0.75726,1.25168],[-0.75372,1.25277],[-0.74399,1.25537],[-0.73101,1.25873],[-0.74456,1.2555],[-0.74455,1.25574],[-0.74131,1.25679],[-0.72835,1.26045],[-0.73797,1.25795],[-0.74482,1.25589],[-0.74938,1.25467],[-0.75247,1.25354],[-0.75673,1.25229],[-0.76335,1.25042],[-0.77341,1.24751],[-0.77682,1.24662],[-0.77135,1.24858],[-0.77948,1.24626],[-0.78423,1.24469],[-0.7913,1.24325],[-0.79341,1.24312],[-0.79643,1.24277],[-0.79812,1.24296],[-0.79561,1.24353],[-0.78922,1.24487],[-0.78575,1.24565],[-0.77736,1.2478],[-0.77678,1.24806],[-0.79203,1.2446],[-0.79491,1.24407],[-0.80251,1.24282],[-0.80493,1.24272],[-0.81231,1.24336],[-0.81419,1.24383],[-0.80811,1.24395],[-0.80164,1.24389],[-0.79599,1.24424],[-0.79187,1.24488],[-0.78632,1.24619],[-0.79181,1.24522],[-0.79652,1.24447],[-0.80059,1.2442],[-0.81615,1.24437],[-0.81782,1.24499],[-0.81243,1.24498],[-0.81514,1.24532],[-0.81337,1.24553],[-0.80752,1.24569],[-0.80093,1.24565],[-0.80634,1.24587],[-0.80971,1.24592],[-0.8194,1.24595],[-0.8209,1.24631],[-0.81533,1.24651],[-0.82063,1.24704],[-0.8256,1.2471],[-0.82807,1.24758],[-0.82423,1.24788],[-0.8188,1.2478],[-0.81099,1.24744],[-0.80509,1.24769],[-0.80179,1.24772],[-0.79788,1.24749],[-0.79588,1.24719],[-0.79326,1.24764],[-0.78726,1.24796],[-0.78418,1.2486],[-0.78556,1.24853],[-0.79252,1.24814],[-0.78752,1.24903],[-0.78145,1.25059],[-0.7784,1.25099],[-0.77353,1.25196],[-0.77039,1.25218],[-0.76596,1.25308],[-0.76839,1.25283],[-0.76744,1.25319],[-0.75407,1.25559],[-0.75138,1.25616],[-0.74669,1.25697],[-0.751,1.25639],[-0.76288,1.25432],[-0.76539,1.25419],[-0.75974,1.25576],[-0.76227,1.25551],[-0.75856,1.25638],[-0.75343,1.25738],[-0.75536,1.25737],[-0.75159,1.25831],[-0.74769,1.25904],[-0.73762,1.26137],[-0.7454,1.25988],[-0.74741,1.25966],[-0.73991,1.26148],[-0.73484,1.26255],[-0.72626,1.2644],[-0.71838,1.26546],[-0.71556,1.26564],[-0.7116,1.26645],[-0.72134,1.26547],[-0.72275,1.26541],[-0.71129,1.26755],[-0.70076,1.26899],[-0.69254,1.26952],[-0.68771,1.27008],[-0.6934,1.26974],[-0.69213,1.27016],[-0.68755,1.27101],[-0.68047,1.27199],[-0.67386,1.2723],[-0.676,1.27231],[-0.67093,1.27308],[-0.66301,1.27391],[-0.65912,1.27399]]],[[[-0.87719,1.23775],[-0.85975,1.23585],[-0.85659,1.23499],[-0.86114,1.23469],[-0.88355,1.23686],[-0.88512,1.23742],[-0.8833,1.23782],[-0.87719,1.23775]]],[[[-0.88094,1.22557],[-0.88308,1.22518],[-0.88714,1.22531],[-0.89261,1.22561],[-0.89598,1.22629],[-0.90007,1.22663],[-0.90115,1.22712],[-0.90462,1.22759],[-0.90389,1.22799],[-0.89975,1.22826],[-0.89858,1.22865],[-0.89406,1.22906],[-0.88869,1.22915],[-0.88389,1.22877],[-0.87963,1.22747],[-0.87898,1.22655],[-0.88094,1.22557]]],[[[-0.93893,1.22361],[-0.93426,1.2221],[-0.9221,1.22273],[-0.91962,1.22253],[-0.91929,1.22163],[-0.9249,1.2209],[-0.92366,1.22016],[-0.92814,1.21969],[-0.93427,1.21859],[-0.93424,1.21828],[-0.93074,1.21858],[-0.92802,1.21826],[-0.92691,1.2171],[-0.92822,1.2166],[-0.92354,1.21669],[-0.92436,1.21566],[-0.92796,1.21504],[-0.92734,1.21449],[-0.9294,1.214],[-0.92965,1.21314],[-0.93437,1.21314],[-0.93708,1.21332],[-0.94117,1.21394],[-0.94089,1.21468],[-0.94263,1.21452],[-0.94315,1.21321],[-0.94864,1.213],[-0.9533,1.21355],[-0.95518,1.21549],[-0.96062,1.21782],[-0.96612,1.21917],[-0.97259,1.21977],[-0.97357,1.22074],[-0.97758,1.22166],[-0.97915,1.22273],[-0.97377,1.22335],[-0.96616,1.22275],[-0.96284,1.22084],[-0.96009,1.22036],[-0.95284,1.21972],[-0.94989,1.22027],[-0.94721,1.21986],[-0.94758,1.22063],[-0.94977,1.221],[-0.94789,1.2213],[-0.94421,1.22077],[-0.94642,1.2216],[-0.95224,1.22197],[-0.95678,1.22333],[-0.95404,1.22364],[-0.95008,1.22325],[-0.94708,1.22212],[-0.94684,1.2227],[-0.94881,1.22335],[-0.94777,1.22393],[-0.9436,1.2236],[-0.93989,1.22292],[-0.94103,1.22351],[-0.93893,1.22361]]],[[[-0.88011,1.17918],[-0.87698,1.17927],[-0.87438,1.17816],[-0.87359,1.17714],[-0.86799,1.17494],[-0.86701,1.17375],[-0.86275,1.17103],[-0.85756,1.16808],[-0.85595,1.16577],[-0.85566,1.16394],[-0.85863,1.16392],[-0.84753,1.15902],[-0.84292,1.1535],[-0.85154,1.15565],[-0.86048,1.16208],[-0.86453,1.16436],[-0.86459,1.16597],[-0.86963,1.16878],[-0.86936,1.1695],[-0.87353,1.17084],[-0.87673,1.17047],[-0.88218,1.17125],[-0.88574,1.17071],[-0.88902,1.1711],[-0.89457,1.17237],[-0.89406,1.176],[-0.8947,1.17652],[-0.90354,1.17902],[-0.90744,1.17962],[-0.9111,1.18143],[-0.90544,1.18134],[-0.89698,1.17973],[-0.89598,1.18154],[-0.89221,1.18222],[-0.88986,1.18306],[-0.8873,1.18341],[-0.88266,1.18305],[-0.88055,1.18197],[-0.88038,1.18106],[-0.88221,1.18101],[-0.88011,1.17918]]],[[[-0.90496,1.23312],[-0.90436,1.23255],[-0.90725,1.23141],[-0.91011,1.23115],[-0.90688,1.23062],[-0.90802,1.22962],[-0.91,1.23013],[-0.91257,1.22989],[-0.91302,1.22864],[-0.91609,1.22897],[-0.91583,1.22845],[-0.92213,1.22832],[-0.92714,1.2286],[-0.92902,1.22838],[-0.93326,1.22873],[-0.93348,1.22983],[-0.93111,1.22976],[-0.93464,1.2306],[-0.92421,1.23149],[-0.92641,1.23172],[-0.9366,1.23207],[-0.93847,1.23236],[-0.94858,1.23308],[-0.95028,1.23375],[-0.94036,1.23402],[-0.93586,1.23286],[-0.93666,1.23378],[-0.93557,1.23402],[-0.9384,1.23477],[-0.93489,1.2351],[-0.93911,1.23582],[-0.93585,1.23617],[-0.9321,1.23562],[-0.93105,1.23476],[-0.92544,1.23293],[-0.92284,1.23289],[-0.92494,1.23371],[-0.92048,1.23358],[-0.92633,1.23436],[-0.92265,1.23443],[-0.92709,1.23511],[-0.92836,1.23557],[-0.92374,1.23583],[-0.91828,1.23551],[-0.91562,1.23461],[-0.91334,1.2345],[-0.91341,1.23513],[-0.91036,1.23522],[-0.90377,1.23383],[-0.90496,1.23312]]],[[[-0.92691,1.24809],[-0.92569,1.24727],[-0.92633,1.24632],[-0.9242,1.24666],[-0.91854,1.24635],[-0.91438,1.24516],[-0.91581,1.24476],[-0.9102,1.24441],[-0.90509,1.24297],[-0.90798,1.2425],[-0.90807,1.2419],[-0.90425,1.24083],[-0.90397,1.2403],[-0.90628,1.23985],[-0.91295,1.24007],[-0.91716,1.24083],[-0.919,1.24231],[-0.92589,1.24345],[-0.93019,1.24386],[-0.93041,1.24444],[-0.94366,1.24612],[-0.94699,1.24713],[-0.94794,1.24814],[-0.94509,1.24793],[-0.9375,1.24627],[-0.93552,1.24645],[-0.93887,1.24709],[-0.93319,1.24663],[-0.93801,1.24757],[-0.93615,1.24794],[-0.93783,1.24866],[-0.94361,1.24891],[-0.94543,1.2494],[-0.94259,1.24956],[-0.94362,1.25005],[-0.94937,1.25105],[-0.94882,1.25162],[-0.94613,1.25191],[-0.94161,1.25099],[-0.93228,1.24949],[-0.92691,1.24809]]],[[[-0.82844,1.24459],[-0.82503,1.24367],[-0.82516,1.24333],[-0.82017,1.2426],[-0.81626,1.24252],[-0.81538,1.24228],[-0.81654,1.24153],[-0.81561,1.24125],[-0.81045,1.24083],[-0.81259,1.24137],[-0.81223,1.24183],[-0.80858,1.24194],[-0.80588,1.24174],[-0.80635,1.24111],[-0.80869,1.24079],[-0.80426,1.24069],[-0.80353,1.24027],[-0.80696,1.23918],[-0.80262,1.23961],[-0.79998,1.23971],[-0.79951,1.23942],[-0.79686,1.24006],[-0.79481,1.23968],[-0.79657,1.2391],[-0.80172,1.23815],[-0.80834,1.237],[-0.8133,1.23608],[-0.81476,1.23617],[-0.81453,1.23679],[-0.8129,1.23727],[-0.8151,1.23706],[-0.81744,1.23602],[-0.81694,1.23548],[-0.8213,1.23593],[-0.8213,1.23527],[-0.82355,1.23464],[-0.82557,1.23485],[-0.83011,1.23664],[-0.83066,1.23648],[-0.82845,1.23504],[-0.82913,1.23494],[-0.83327,1.23594],[-0.83576,1.23606],[-0.83419,1.23544],[-0.83626,1.23544],[-0.84432,1.23639],[-0.84893,1.23742],[-0.84877,1.23779],[-0.84262,1.23747],[-0.84809,1.23818],[-0.85215,1.23864],[-0.85421,1.23946],[-0.85044,1.23911],[-0.8557,1.24013],[-0.85718,1.24082],[-0.84957,1.24043],[-0.84507,1.24008],[-0.84369,1.24029],[-0.83509,1.23979],[-0.84133,1.24036],[-0.84478,1.24102],[-0.85365,1.24157],[-0.85332,1.24194],[-0.85586,1.24231],[-0.86353,1.24284],[-0.86841,1.24391],[-0.86708,1.24424],[-0.85634,1.24348],[-0.855,1.24357],[-0.86302,1.24433],[-0.86897,1.24519],[-0.87288,1.24645],[-0.87317,1.24746],[-0.86487,1.24634],[-0.85536,1.24493],[-0.8542,1.24538],[-0.86124,1.24618],[-0.86277,1.24681],[-0.86873,1.24778],[-0.86509,1.24778],[-0.86123,1.24719],[-0.86537,1.24856],[-0.86446,1.24905],[-0.86077,1.24867],[-0.85695,1.2479],[-0.85484,1.24706],[-0.84766,1.24575],[-0.85223,1.2469],[-0.85322,1.24753],[-0.85857,1.24881],[-0.85583,1.24903],[-0.84997,1.24809],[-0.84472,1.24749],[-0.8415,1.24692],[-0.84144,1.24739],[-0.84677,1.24837],[-0.8454,1.24856],[-0.84033,1.24784],[-0.83444,1.24681],[-0.832,1.2462],[-0.82844,1.24459]]],[[[-0.87246,1.23359],[-0.86778,1.2331],[-0.8632,1.23183],[-0.8637,1.23151],[-0.86853,1.23114],[-0.86211,1.23109],[-0.85616,1.23032],[-0.84845,1.22981],[-0.84512,1.22908],[-0.84496,1.22852],[-0.85039,1.22914],[-0.83681,1.22712],[-0.83827,1.2267],[-0.84453,1.22707],[-0.85059,1.22795],[-0.85112,1.2277],[-0.84469,1.2266],[-0.84197,1.22544],[-0.83916,1.22478],[-0.84308,1.22425],[-0.84067,1.22401],[-0.83879,1.22333],[-0.83747,1.224],[-0.83546,1.22391],[-0.83371,1.22316],[-0.83024,1.22332],[-0.82947,1.22285],[-0.82691,1.22344],[-0.82475,1.22286],[-0.81982,1.22253],[-0.81996,1.22303],[-0.81262,1.22407],[-0.81037,1.22433],[-0.80568,1.22566],[-0.80222,1.22589],[-0.79592,1.22742],[-0.79089,1.22792],[-0.79055,1.22744],[-0.78661,1.22806],[-0.78718,1.227],[-0.78366,1.22722],[-0.7836,1.22604],[-0.78491,1.22517],[-0.79007,1.22353],[-0.7865,1.22367],[-0.78506,1.22298],[-0.7888,1.22209],[-0.79083,1.22244],[-0.79024,1.22173],[-0.79198,1.22009],[-0.79735,1.21978],[-0.8009,1.21906],[-0.80657,1.2192],[-0.80631,1.22047],[-0.80836,1.2207],[-0.80786,1.22012],[-0.80977,1.21916],[-0.81532,1.21864],[-0.81862,1.21903],[-0.82002,1.21863],[-0.82475,1.21853],[-0.82927,1.21882],[-0.82922,1.21855],[-0.83516,1.21875],[-0.84039,1.2193],[-0.84056,1.21978],[-0.83839,1.22029],[-0.83943,1.22059],[-0.8422,1.22028],[-0.84228,1.22072],[-0.84477,1.22039],[-0.8496,1.22065],[-0.85454,1.2216],[-0.85849,1.22267],[-0.85913,1.22239],[-0.86274,1.22284],[-0.86614,1.22383],[-0.86614,1.2249],[-0.86455,1.22502],[-0.86625,1.22615],[-0.86033,1.22672],[-0.86005,1.22746],[-0.86493,1.23028],[-0.87116,1.23064],[-0.88124,1.23158],[-0.88612,1.23174],[-0.8868,1.23221],[-0.89056,1.23292],[-0.88948,1.23324],[-0.89524,1.23422],[-0.89147,1.23438],[-0.89292,1.23518],[-0.88351,1.23511],[-0.87246,1.23359]]],[[[-0.87851,1.24096],[-0.87285,1.24049],[-0.8686,1.23976],[-0.86785,1.23933],[-0.87273,1.23925],[-0.86992,1.23849],[-0.87209,1.23819],[-0.88936,1.23858],[-0.88936,1.23912],[-0.8927,1.24],[-0.88692,1.23991],[-0.89306,1.24062],[-0.89523,1.24163],[-0.89293,1.24201],[-0.8939,1.24266],[-0.89263,1.24305],[-0.88651,1.24251],[-0.88068,1.24173],[-0.87851,1.24096]]],[[[-0.88061,1.22292],[-0.87645,1.22192],[-0.86943,1.22119],[-0.86388,1.22033],[-0.85782,1.21891],[-0.8612,1.2186],[-0.86624,1.21868],[-0.87809,1.21852],[-0.88548,1.21849],[-0.88825,1.21855],[-0.89581,1.21907],[-0.90368,1.2183],[-0.9007,1.21821],[-0.90132,1.21698],[-0.90599,1.21565],[-0.90977,1.21415],[-0.9189,1.21336],[-0.9153,1.21584],[-0.91512,1.21726],[-0.90715,1.22212],[-0.90447,1.22248],[-0.90042,1.22226],[-0.90097,1.22329],[-0.89874,1.22368],[-0.89458,1.2239],[-0.88923,1.22367],[-0.8859,1.22367],[-0.88061,1.22292]]],[[[-0.95033,1.20485],[-0.94634,1.20417],[-0.9465,1.20283],[-0.94485,1.20214],[-0.94159,1.20211],[-0.94717,1.20178],[-0.95852,1.20079],[-0.97011,1.20101],[-0.97703,1.2018],[-0.97664,1.20219],[-0.98386,1.20244],[-0.99159,1.20318],[-0.98847,1.204],[-0.97993,1.20375],[-0.97129,1.20423],[-0.96903,1.20524],[-0.9651,1.20488],[-0.96312,1.20594],[-0.9561,1.20637],[-0.95033,1.20485]]],[[[-0.74426,0.92562],[-0.74293,0.92495],[-0.74376,0.92148],[-0.74172,0.92138],[-0.74045,0.92408],[-0.74193,0.92418],[-0.74099,0.92851],[-0.73967,0.92993],[-0.73914,0.92753],[-0.73663,0.92574],[-0.73612,0.9217],[-0.73949,0.91803],[-0.74131,0.91807],[-0.74487,0.92009],[-0.74592,0.92297],[-0.74642,0.92673],[-0.74374,0.94111],[-0.74178,0.94478],[-0.74058,0.94447],[-0.74001,0.93917],[-0.74141,0.9281],[-0.74426,0.92562]]],[[[-0.8656,1.02758],[-0.85462,1.0289],[-0.85152,1.0312],[-0.84871,1.03097],[-0.84722,1.03128],[-0.84335,1.03156],[-0.83885,1.03103],[-0.83125,1.03081],[-0.81663,1.03234],[-0.81494,1.03248],[-0.80894,1.03075],[-0.80177,1.02695],[-0.79738,1.02427],[-0.79266,1.02212],[-0.79046,1.0213],[-0.7858,1.01889],[-0.78221,1.01598],[-0.77806,1.00955],[-0.77742,1.00721],[-0.77952,1.00906],[-0.77737,1.00528],[-0.77717,1.00084],[-0.77881,1.00117],[-0.77913,0.99953],[-0.78074,0.99826],[-0.78185,0.99977],[-0.78467,1.00485],[-0.78627,1.00556],[-0.78282,0.99943],[-0.78078,0.99412],[-0.77992,0.99283],[-0.77845,0.99303],[-0.77603,0.98823],[-0.77476,0.98058],[-0.7746,0.97624],[-0.77195,0.97168],[-0.77092,0.96746],[-0.76833,0.96029],[-0.76447,0.94879],[-0.76074,0.94282],[-0.7607,0.94096],[-0.75822,0.9357],[-0.75562,0.93136],[-0.75253,0.92819],[-0.75112,0.92525],[-0.74884,0.92711],[-0.7482,0.9244],[-0.7461,0.92264],[-0.74458,0.91761],[-0.7454,0.91697],[-0.74279,0.9137],[-0.74559,0.91358],[-0.74975,0.91171],[-0.75259,0.91006],[-0.75374,0.9121],[-0.75326,0.90821],[-0.75395,0.90726],[-0.75496,0.91197],[-0.75531,0.91035],[-0.75542,0.9011],[-0.75615,0.88325],[-0.75744,0.87297],[-0.75737,0.86817],[-0.75904,0.86599],[-0.75973,0.87435],[-0.76079,0.87333],[-0.76099,0.88566],[-0.76056,0.89526],[-0.75971,0.90459],[-0.75893,0.91253],[-0.75934,0.91299],[-0.75899,0.92528],[-0.75829,0.92829],[-0.75758,0.9247],[-0.75588,0.9268],[-0.75958,0.93131],[-0.76037,0.93162],[-0.76101,0.939],[-0.76194,0.94],[-0.76186,0.93737],[-0.76188,0.92828],[-0.76272,0.9293],[-0.76288,0.92294],[-0.76493,0.9211],[-0.76706,0.92558],[-0.77064,0.93152],[-0.77218,0.94461],[-0.77658,0.95181],[-0.7879,0.99862],[-0.79638,1.01276],[-0.8043,1.01838],[-0.80868,1.02271],[-0.80905,1.02476],[-0.81237,1.02728],[-0.82527,1.02462],[-0.82589,1.021],[-0.82813,1.01953],[-0.82676,1.01205],[-0.82987,1.00835],[-0.82909,1.00059],[-0.83541,1.01074],[-0.83414,1.0021],[-0.8656,1.02758]]],[[[-0.71996,0.99419],[-0.7239,0.99655],[-0.72151,0.99291],[-0.72081,0.9886],[-0.72213,0.97659],[-0.72161,0.97189],[-0.7208,0.96909],[-0.71979,0.97495],[-0.71862,0.97159],[-0.71754,0.97194],[-0.71481,0.96952],[-0.71486,0.96796],[-0.71711,0.96709],[-0.71606,0.96575],[-0.71646,0.96324],[-0.71524,0.9631],[-0.71421,0.96135],[-0.71139,0.95994],[-0.71114,0.95662],[-0.70596,0.95721],[-0.70569,0.95465],[-0.70146,0.95365],[-0.69819,0.9505],[-0.69773,0.948],[-0.70071,0.94665],[-0.70279,0.94683],[-0.69854,0.94301],[-0.69921,0.94177],[-0.70141,0.94225],[-0.69684,0.93966],[-0.69196,0.93871],[-0.69236,0.93568],[-0.69686,0.9366],[-0.69605,0.93461],[-0.6977,0.93288],[-0.69477,0.92871],[-0.6928,0.93104],[-0.68866,0.92946],[-0.6904,0.92485],[-0.68893,0.92097],[-0.68661,0.92335],[-0.68438,0.9186],[-0.68509,0.91267],[-0.68421,0.90979],[-0.68442,0.90499],[-0.68943,0.90944],[-0.69167,0.91901],[-0.6942,0.91638],[-0.6954,0.91852],[-0.69575,0.92625],[-0.69867,0.93332],[-0.70079,0.93626],[-0.70146,0.93159],[-0.70372,0.93394],[-0.70449,0.92698],[-0.70761,0.92851],[-0.70898,0.93077],[-0.70885,0.93338],[-0.70696,0.93351],[-0.70632,0.93709],[-0.70474,0.93714],[-0.70829,0.9414],[-0.70814,0.9394],[-0.71085,0.94207],[-0.71168,0.94579],[-0.71337,0.94564],[-0.71623,0.94628],[-0.72279,0.95114],[-0.72526,0.9521],[-0.73042,0.9523],[-0.7325,0.95789],[-0.7319,0.95949],[-0.72762,0.96209],[-0.72598,0.9621],[-0.73211,0.96688],[-0.73028,0.96697],[-0.72877,0.96512],[-0.72803,0.97011],[-0.72589,0.96791],[-0.7256,0.96936],[-0.72786,0.97347],[-0.72725,0.97481],[-0.7255,0.97223],[-0.72761,0.97737],[-0.72984,0.99394],[-0.72935,1.0006],[-0.72471,0.99981],[-0.72126,0.99612],[-0.71907,0.99553],[-0.71996,0.99419]]],[[[-0.8471,1.20592],[-0.84447,1.20599],[-0.84131,1.2065],[-0.83818,1.20673],[-0.83773,1.20629],[-0.83261,1.20853],[-0.83589,1.2086],[-0.83813,1.20947],[-0.83352,1.21045],[-0.831,1.21053],[-0.8276,1.21007],[-0.82933,1.21085],[-0.82755,1.21107],[-0.8319,1.21118],[-0.83258,1.21188],[-0.83182,1.21234],[-0.82842,1.21287],[-0.82305,1.21221],[-0.82296,1.21232],[-0.82871,1.21318],[-0.82884,1.21339],[-0.825,1.21407],[-0.82065,1.21437],[-0.81701,1.2141],[-0.81592,1.21467],[-0.80904,1.21511],[-0.80511,1.21499],[-0.80251,1.21443],[-0.80238,1.21279],[-0.79996,1.21147],[-0.80063,1.21063],[-0.79942,1.20961],[-0.80517,1.20946],[-0.80274,1.20899],[-0.80577,1.2088],[-0.80466,1.20819],[-0.80647,1.20835],[-0.80653,1.20793],[-0.80252,1.20789],[-0.80054,1.20769],[-0.79935,1.20811],[-0.79748,1.2078],[-0.79706,1.20722],[-0.79464,1.20678],[-0.79291,1.20567],[-0.79374,1.20494],[-0.79142,1.20351],[-0.79256,1.20476],[-0.79066,1.20528],[-0.7872,1.20363],[-0.78504,1.20227],[-0.78375,1.20196],[-0.78804,1.20437],[-0.78881,1.20543],[-0.78534,1.20522],[-0.78258,1.20463],[-0.77878,1.20339],[-0.77533,1.20133],[-0.77271,1.20079],[-0.77041,1.19924],[-0.77036,1.19758],[-0.77387,1.19649],[-0.76994,1.19658],[-0.76689,1.19579],[-0.76764,1.19438],[-0.77078,1.19445],[-0.76997,1.1939],[-0.77247,1.1925],[-0.77096,1.19238],[-0.76969,1.19327],[-0.76854,1.19343],[-0.76529,1.19358],[-0.76495,1.19317],[-0.76819,1.19169],[-0.76535,1.19228],[-0.76368,1.19001],[-0.76335,1.19167],[-0.76085,1.19272],[-0.75943,1.19224],[-0.75566,1.19244],[-0.75372,1.1921],[-0.75364,1.19037],[-0.75594,1.18901],[-0.75782,1.1888],[-0.7624,1.18742],[-0.76095,1.18728],[-0.75894,1.18818],[-0.75748,1.18847],[-0.75487,1.18837],[-0.75183,1.18986],[-0.75237,1.18821],[-0.75541,1.18652],[-0.7585,1.18579],[-0.76025,1.18523],[-0.75941,1.18508],[-0.75808,1.18567],[-0.75731,1.18546],[-0.75915,1.18379],[-0.75559,1.18597],[-0.75256,1.18735],[-0.74809,1.18913],[-0.74286,1.19031],[-0.73857,1.19082],[-0.7387,1.18988],[-0.74376,1.18711],[-0.74772,1.18567],[-0.75309,1.18369],[-0.7525,1.18357],[-0.74957,1.18462],[-0.74561,1.18584],[-0.74465,1.18578],[-0.74774,1.1841],[-0.74626,1.18425],[-0.73815,1.18896],[-0.73587,1.18955],[-0.73356,1.18869],[-0.73538,1.18608],[-0.74053,1.18487],[-0.74568,1.18297],[-0.74759,1.18259],[-0.75132,1.18158],[-0.74701,1.1824],[-0.74462,1.1824],[-0.73923,1.18355],[-0.73477,1.18387],[-0.73675,1.18235],[-0.74256,1.18133],[-0.74517,1.1813],[-0.74939,1.18062],[-0.75168,1.18002],[-0.74846,1.18058],[-0.74508,1.18042],[-0.74716,1.17922],[-0.74931,1.17933],[-0.75137,1.17914],[-0.75395,1.17922],[-0.7522,1.17895],[-0.74978,1.17893],[-0.74898,1.17834],[-0.74117,1.17819],[-0.74392,1.17766],[-0.74307,1.17727],[-0.74412,1.17673],[-0.7417,1.17726],[-0.73797,1.17774],[-0.74157,1.17609],[-0.73697,1.17687],[-0.73792,1.17634],[-0.73384,1.17659],[-0.73545,1.17555],[-0.73201,1.17664],[-0.72772,1.17767],[-0.72663,1.17753],[-0.73038,1.17605],[-0.72583,1.17681],[-0.72213,1.1762],[-0.71888,1.17634],[-0.72236,1.17554],[-0.72291,1.17473],[-0.7303,1.17414],[-0.72758,1.17387],[-0.72162,1.17444],[-0.71751,1.1755],[-0.71184,1.17538],[-0.71682,1.17361],[-0.72383,1.1721],[-0.71378,1.17348],[-0.70659,1.17394],[-0.70181,1.1754],[-0.70006,1.17542],[-0.69478,1.17338],[-0.69857,1.17242],[-0.70245,1.1729],[-0.7056,1.17241],[-0.70072,1.17188],[-0.7008,1.17099],[-0.70514,1.17034],[-0.71323,1.17052],[-0.71452,1.16946],[-0.70918,1.16841],[-0.71676,1.16833],[-0.71565,1.16707],[-0.72017,1.16598],[-0.72566,1.16642],[-0.7275,1.16762],[-0.72757,1.16631],[-0.73063,1.16325],[-0.73349,1.16205],[-0.73509,1.16352],[-0.7375,1.16321],[-0.73851,1.16399],[-0.73669,1.16553],[-0.74049,1.1636],[-0.74284,1.16587],[-0.74343,1.16756],[-0.74084,1.16853],[-0.73814,1.16884],[-0.73375,1.16994],[-0.73553,1.16988],[-0.73895,1.16913],[-0.74135,1.16886],[-0.74531,1.16872],[-0.74547,1.16935],[-0.74855,1.17003],[-0.74929,1.17139],[-0.75275,1.17101],[-0.75377,1.16977],[-0.75594,1.17049],[-0.75613,1.1693],[-0.75437,1.16827],[-0.75691,1.16732],[-0.75796,1.1674],[-0.75943,1.16862],[-0.76063,1.16812],[-0.75913,1.1678],[-0.75979,1.16697],[-0.75883,1.16623],[-0.75977,1.16491],[-0.75809,1.16558],[-0.75687,1.16443],[-0.75816,1.1638],[-0.75649,1.16161],[-0.75449,1.16089],[-0.75463,1.16006],[-0.75254,1.16119],[-0.74931,1.15954],[-0.75154,1.15872],[-0.74884,1.15812],[-0.7518,1.15658],[-0.75052,1.15474],[-0.7479,1.15469],[-0.74727,1.15168],[-0.74861,1.15161],[-0.74988,1.14769],[-0.75118,1.14802],[-0.75149,1.15082],[-0.75276,1.15289],[-0.75304,1.14904],[-0.75367,1.14849],[-0.75215,1.14426],[-0.7553,1.14516],[-0.75592,1.14135],[-0.75786,1.14495],[-0.75919,1.14577],[-0.76035,1.14807],[-0.76147,1.14729],[-0.76179,1.14977],[-0.76231,1.1479],[-0.76393,1.1501],[-0.76535,1.15355],[-0.76577,1.15098],[-0.76777,1.15311],[-0.76942,1.15258],[-0.76838,1.14841],[-0.76674,1.14783],[-0.76517,1.1434],[-0.764,1.14211],[-0.76329,1.13764],[-0.76208,1.13598],[-0.76323,1.13424],[-0.76353,1.13079],[-0.76473,1.12999],[-0.76922,1.13538],[-0.77354,1.13657],[-0.77515,1.13831],[-0.77539,1.14264],[-0.77849,1.14128],[-0.78209,1.1423],[-0.78327,1.14311],[-0.78379,1.14519],[-0.78015,1.14775],[-0.78037,1.14931],[-0.78332,1.14808],[-0.78168,1.15019],[-0.78404,1.14876],[-0.78414,1.15006],[-0.78677,1.15247],[-0.7845,1.15412],[-0.78913,1.15312],[-0.79167,1.15153],[-0.79066,1.15307],[-0.79329,1.15311],[-0.79318,1.15433],[-0.79573,1.15374],[-0.7952,1.15184],[-0.79924,1.15033],[-0.80363,1.15053],[-0.80476,1.14915],[-0.80722,1.14889],[-0.8118,1.14737],[-0.81518,1.14811],[-0.81821,1.14955],[-0.81998,1.15291],[-0.81799,1.15596],[-0.81576,1.15684],[-0.81142,1.15727],[-0.81153,1.15856],[-0.80994,1.15951],[-0.80414,1.15828],[-0.79999,1.15707],[-0.79882,1.1553],[-0.79771,1.15535],[-0.79935,1.15735],[-0.79844,1.15788],[-0.79427,1.15784],[-0.79273,1.15854],[-0.78733,1.15902],[-0.78578,1.15967],[-0.7814,1.15971],[-0.78129,1.16151],[-0.78251,1.1623],[-0.7838,1.16419],[-0.78311,1.16459],[-0.7736,1.16802],[-0.77118,1.17038],[-0.76901,1.17136],[-0.76804,1.17226],[-0.76814,1.17488],[-0.76899,1.17787],[-0.76977,1.17907],[-0.76944,1.17959],[-0.77114,1.17968],[-0.77195,1.1808],[-0.77128,1.18206],[-0.77257,1.18259],[-0.77224,1.1816],[-0.77374,1.18207],[-0.77556,1.18374],[-0.77583,1.18602],[-0.7785,1.18611],[-0.78129,1.18695],[-0.78759,1.18736],[-0.78898,1.18802],[-0.7875,1.18973],[-0.78312,1.18855],[-0.7807,1.18849],[-0.78098,1.18944],[-0.78487,1.1915],[-0.78476,1.19276],[-0.78676,1.19287],[-0.78924,1.19419],[-0.78705,1.1939],[-0.78743,1.19445],[-0.79194,1.19618],[-0.79163,1.19754],[-0.79223,1.19805],[-0.79568,1.19916],[-0.79774,1.20038],[-0.79997,1.20212],[-0.80312,1.20245],[-0.80079,1.20127],[-0.79985,1.20037],[-0.8013,1.19997],[-0.80701,1.20129],[-0.8105,1.20265],[-0.81695,1.20403],[-0.82122,1.20438],[-0.81838,1.20374],[-0.81705,1.20304],[-0.81777,1.20252],[-0.82158,1.20382],[-0.82705,1.20345],[-0.82965,1.20349],[-0.83355,1.20372],[-0.83844,1.20298],[-0.84183,1.20265],[-0.84569,1.20259],[-0.84785,1.20217],[-0.85011,1.20249],[-0.85052,1.20354],[-0.85443,1.20358],[-0.85414,1.20324],[-0.85763,1.20327],[-0.86228,1.20297],[-0.86572,1.20409],[-0.87008,1.20475],[-0.87169,1.20628],[-0.87135,1.20799],[-0.8612,1.20693],[-0.85727,1.20625],[-0.8502,1.20603],[-0.85422,1.20712],[-0.86478,1.20851],[-0.87173,1.21036],[-0.86947,1.21236],[-0.86372,1.2124],[-0.865,1.21284],[-0.86381,1.21355],[-0.85613,1.21399],[-0.85371,1.21478],[-0.8478,1.21548],[-0.8398,1.21612],[-0.83321,1.21619],[-0.82814,1.21603],[-0.82321,1.21575],[-0.82295,1.21532],[-0.82843,1.21463],[-0.83195,1.21401],[-0.83753,1.2127],[-0.83852,1.21194],[-0.83796,1.21121],[-0.83996,1.20991],[-0.84014,1.20868],[-0.83649,1.20754],[-0.83961,1.20684],[-0.8429,1.20646],[-0.8471,1.20592]]],[[[-0.76394,1.00341],[-0.77044,1.01038],[-0.7743,1.01538],[-0.77674,1.02039],[-0.78046,1.02442],[-0.77863,1.02492],[-0.77329,1.0206],[-0.77036,1.01753],[-0.76164,1.00515],[-0.75996,1.00136],[-0.76394,1.00341]]],[[[-0.76181,0.94855],[-0.76176,0.95024],[-0.7576,0.94336],[-0.75151,0.93938],[-0.75041,0.93735],[-0.75273,0.93509],[-0.75216,0.93123],[-0.75423,0.93345],[-0.75634,0.93948],[-0.75708,0.93831],[-0.75961,0.94243],[-0.76132,0.94708],[-0.76344,0.95015],[-0.76431,0.95328],[-0.76639,0.95706],[-0.76712,0.96013],[-0.76707,0.96505],[-0.76567,0.95826],[-0.76181,0.94855]]],[[[-0.86269,1.15724],[-0.86494,1.15595],[-0.87482,1.1568],[-0.87808,1.15851],[-0.88136,1.15901],[-0.88209,1.16242],[-0.87626,1.16376],[-0.87276,1.1619],[-0.86541,1.15913],[-0.86269,1.15724]]],[[[-0.8369,1.13609],[-0.83436,1.13259],[-0.83488,1.13066],[-0.83896,1.12973],[-0.84151,1.13127],[-0.84549,1.13584],[-0.84503,1.13855],[-0.8421,1.13898],[-0.8369,1.13609]]],[[[-0.78043,1.18179],[-0.78288,1.17623],[-0.78546,1.1753],[-0.78833,1.17532],[-0.79521,1.17658],[-0.79746,1.1774],[-0.79779,1.18182],[-0.79663,1.18288],[-0.79162,1.18484],[-0.78862,1.18472],[-0.78505,1.18387],[-0.78043,1.18179]]],[[[-0.79062,1.21309],[-0.78391,1.21213],[-0.77802,1.20977],[-0.77426,1.2053],[-0.7738,1.20354],[-0.77575,1.20337],[-0.78371,1.20598],[-0.7867,1.20679],[-0.7945,1.20845],[-0.79687,1.20957],[-0.79705,1.21156],[-0.79946,1.21221],[-0.80022,1.21291],[-0.79841,1.21483],[-0.79062,1.21309]]],[[[-0.89634,1.06916],[-0.9015,1.07221],[-0.91467,1.08172],[-0.91726,1.08381],[-0.91401,1.08245],[-0.90114,1.07485],[-0.89579,1.06999],[-0.89634,1.06916]]],[[[-0.84608,1.07193],[-0.84234,1.07342],[-0.84353,1.07153],[-0.84608,1.07193]]],[[[-0.84988,1.07125],[-0.85099,1.07219],[-0.84911,1.07427],[-0.85265,1.07318],[-0.85786,1.07467],[-0.85337,1.0752],[-0.85965,1.07621],[-0.86084,1.07742],[-0.85293,1.07742],[-0.85153,1.07616],[-0.84899,1.07839],[-0.84545,1.07362],[-0.84988,1.07125]]],[[[-0.85959,1.07965],[-0.85958,1.08081],[-0.85334,1.07912],[-0.85959,1.07965]]],[[[-0.83751,1.23156],[-0.84291,1.23242],[-0.84364,1.23271],[-0.84252,1.23361],[-0.84029,1.23368],[-0.83606,1.23312],[-0.83378,1.23231],[-0.83443,1.23179],[-0.83751,1.23156]]],[[[-0.95621,1.24229],[-0.961,1.2432],[-0.96308,1.24433],[-0.96511,1.24652],[-0.95995,1.24598],[-0.95591,1.24424],[-0.95614,1.24381],[-0.95258,1.24289],[-0.95359,1.24213],[-0.95621,1.24229]]],[[[-0.89096,1.24744],[-0.89213,1.24704],[-0.89539,1.24756],[-0.89647,1.24812],[-0.90073,1.24869],[-0.89948,1.2494],[-0.89673,1.24935],[-0.89068,1.24846],[-0.89096,1.24744]]],[[[-1.01062,1.22367],[-1.01521,1.22451],[-1.01488,1.22511],[-1.01984,1.22521],[-1.01415,1.22724],[-1.0014,1.22875],[-0.99705,1.22869],[-0.99308,1.22793],[-0.99581,1.2266],[-1.001,1.22558],[-1.01062,1.22367]]],[[[-0.94047,1.23438],[-0.94676,1.23425],[-0.95415,1.2351],[-0.94989,1.23538],[-0.95113,1.23573],[-0.95778,1.23622],[-0.9597,1.23666],[-0.95671,1.23684],[-0.9614,1.23743],[-0.96125,1.2381],[-0.94722,1.237],[-0.94279,1.23627],[-0.9434,1.23543],[-0.94047,1.23438]]],[[[-0.95345,1.23916],[-0.94567,1.23748],[-0.95056,1.23752],[-0.95898,1.23859],[-0.95969,1.24009],[-0.95292,1.23949],[-0.95345,1.23916]]],[[[-1.08585,1.23373],[-1.09057,1.23424],[-1.08265,1.23638],[-1.075,1.2376],[-1.07349,1.23745],[-1.07521,1.23686],[-1.08228,1.23454],[-1.08585,1.23373]]],[[[-1.03928,1.24538],[-1.04151,1.24542],[-1.0432,1.24648],[-1.03639,1.24787],[-1.03665,1.24739],[-1.03319,1.24718],[-1.03275,1.2467],[-1.03928,1.24538]]],[[[-1.52618,1.08517],[-1.51719,1.08908],[-1.51282,1.0904],[-1.52618,1.08517]]],[[[-1.62446,1.03751],[-1.61948,1.04072],[-1.61923,1.04048],[-1.62446,1.03751]]],[[[-1.52381,1.08379],[-1.53429,1.07969],[-1.53865,1.07853],[-1.52387,1.08426],[-1.52381,1.08379]]],[[[-1.54834,1.07214],[-1.55279,1.07179],[-1.54636,1.07448],[-1.53705,1.07732],[-1.53884,1.07601],[-1.54834,1.07214]]],[[[-1.46901,1.10882],[-1.48597,1.10119],[-1.4974,1.09682],[-1.46901,1.10882]]],[[[-1.52891,1.07782],[-1.54399,1.07091],[-1.526,1.07966],[-1.53482,1.07581],[-1.5291,1.0791],[-1.51262,1.08629],[-1.50705,1.08818],[-1.52891,1.07782]]],[[[-1.6003,1.03326],[-1.60348,1.03165],[-1.59886,1.03458],[-1.6003,1.03326]]],[[[-1.54411,1.06363],[-1.54411,1.06445],[-1.54083,1.06583],[-1.54411,1.06363]]],[[[-1.60179,1.03408],[-1.60364,1.03369],[-1.59233,1.03992],[-1.60179,1.03408]]],[[[-1.54684,1.06379],[-1.53805,1.06895],[-1.52973,1.07317],[-1.53446,1.07057],[-1.54684,1.06379]]],[[[-1.5463,1.07051],[-1.54043,1.07399],[-1.53932,1.07381],[-1.5463,1.07051]]],[[[-1.55757,1.0622],[-1.55628,1.06333],[-1.54884,1.06705],[-1.55757,1.0622]]],[[[-1.51912,1.08228],[-1.50929,1.0865],[-1.52566,1.07902],[-1.51912,1.08228]]],[[[-1.53474,1.07677],[-1.5366,1.07613],[-1.53144,1.07866],[-1.53474,1.07677]]],[[[-1.5244,1.08122],[-1.52519,1.08119],[-1.51731,1.0845],[-1.5244,1.08122]]],[[[-1.56414,1.04901],[-1.558,1.05342],[-1.56145,1.05038],[-1.56414,1.04901]]],[[[-0.72775,0.86707],[-0.72952,0.86757],[-0.73033,0.86955],[-0.72775,0.86707]]],[[[-0.74308,0.91732],[-0.74371,0.91908],[-0.74275,0.91864],[-0.74308,0.91732]]],[[[-0.75308,0.95586],[-0.75322,0.96033],[-0.75092,0.96189],[-0.75308,0.95586]]],[[[-0.77574,0.99051],[-0.77609,0.98878],[-0.77659,0.99112],[-0.77574,0.99051]]],[[[-0.77591,0.99189],[-0.77638,0.99159],[-0.77648,0.99295],[-0.77591,0.99189]]],[[[-0.76155,0.88937],[-0.76119,0.89475],[-0.76101,0.89554],[-0.76155,0.88937]]],[[[-0.76363,0.9045],[-0.76443,0.90162],[-0.7642,0.90802],[-0.76363,0.9045]]],[[[-0.85476,1.02934],[-0.85828,1.03038],[-0.85579,1.0304],[-0.85407,1.0306],[-0.85476,1.02934]]],[[[-0.85585,1.03057],[-0.85725,1.03098],[-0.85482,1.03081],[-0.85585,1.03057]]],[[[-0.83718,1.0315],[-0.83501,1.03159],[-0.83557,1.03119],[-0.83718,1.0315]]],[[[-0.71784,0.98325],[-0.71813,0.98457],[-0.717,0.98389],[-0.71784,0.98325]]],[[[-0.70671,0.95847],[-0.70844,0.95824],[-0.70917,0.95977],[-0.70671,0.95847]]],[[[-0.71938,0.99943],[-0.71867,0.99985],[-0.718,0.99888],[-0.71938,0.99943]]],[[[-0.70173,0.95675],[-0.7045,0.95726],[-0.70322,0.95874],[-0.70173,0.95675]]],[[[-0.6992,0.93025],[-0.69992,0.93092],[-0.69945,0.93293],[-0.6992,0.93025]]],[[[-0.75427,1.14],[-0.75172,1.13833],[-0.75371,1.13729],[-0.75523,1.13821],[-0.75427,1.14]]],[[[-0.78628,1.09375],[-0.78236,1.10061],[-0.78131,1.09812],[-0.78352,1.095],[-0.78628,1.09375]]],[[[-0.78285,1.1362],[-0.7827,1.13997],[-0.77979,1.14012],[-0.77998,1.13797],[-0.78285,1.1362]]],[[[-0.75871,1.11946],[-0.76126,1.12352],[-0.76111,1.12534],[-0.75718,1.12537],[-0.75669,1.12401],[-0.75871,1.11946]]],[[[-0.75714,1.12727],[-0.75896,1.12812],[-0.7585,1.13076],[-0.75714,1.12727]]],[[[-0.79614,1.07632],[-0.79649,1.07802],[-0.7958,1.078],[-0.79614,1.07632]]],[[[-0.7627,1.09699],[-0.76414,1.09851],[-0.7625,1.10111],[-0.7627,1.09699]]],[[[-0.76268,1.04712],[-0.76406,1.04791],[-0.76321,1.04846],[-0.76268,1.04712]]],[[[-0.76242,1.0622],[-0.76407,1.06102],[-0.76499,1.06212],[-0.76242,1.0622]]],[[[-0.74341,1.18292],[-0.74482,1.18302],[-0.74134,1.18387],[-0.74341,1.18292]]],[[[-0.70896,1.17463],[-0.70696,1.17562],[-0.704,1.17599],[-0.70896,1.17463]]],[[[-0.77736,1.231],[-0.78077,1.23027],[-0.78141,1.23048],[-0.77541,1.23299],[-0.77457,1.23289],[-0.77736,1.231]]],[[[-0.85664,1.08407],[-0.85712,1.08509],[-0.85546,1.08443],[-0.85664,1.08407]]],[[[-0.85156,1.09034],[-0.85329,1.0908],[-0.85133,1.09127],[-0.85156,1.09034]]],[[[-0.85277,1.0808],[-0.85155,1.08163],[-0.85167,1.08049],[-0.85277,1.0808]]],[[[-0.87586,1.06292],[-0.87799,1.06433],[-0.8759,1.06348],[-0.87586,1.06292]]],[[[-0.87677,1.05469],[-0.88095,1.05669],[-0.87353,1.05425],[-0.87677,1.05469]]],[[[-1.55538,1.05438],[-1.55604,1.05454],[-1.55267,1.05722],[-1.55538,1.05438]]],[[[-1.54245,1.06598],[-1.53238,1.07157],[-1.53724,1.06879],[-1.54245,1.06598]]],[[[-0.77692,1.17715],[-0.77806,1.17773],[-0.77804,1.17975],[-0.77584,1.17944],[-0.77101,1.17741],[-0.7714,1.17619],[-0.77692,1.17715]]],[[[-0.82079,1.1377],[-0.82051,1.13394],[-0.82275,1.13416],[-0.82617,1.13944],[-0.82418,1.1401],[-0.82079,1.1377]]],[[[-0.88443,1.22944],[-0.88545,1.23026],[-0.8817,1.2303],[-0.88113,1.22939],[-0.88443,1.22944]]],[[[-0.85125,1.11477],[-0.84941,1.11481],[-0.84919,1.11421],[-0.85125,1.11477]]],[[[-0.84871,1.11485],[-0.84674,1.11494],[-0.845,1.11376],[-0.84871,1.11485]]],[[[-0.92475,1.21785],[-0.92412,1.21887],[-0.92215,1.21917],[-0.92105,1.21859],[-0.92475,1.21785]]],[[[-0.91511,1.22593],[-0.91844,1.22587],[-0.9148,1.22642],[-0.91511,1.22593]]],[[[-0.93245,1.22242],[-0.93486,1.22289],[-0.93065,1.22338],[-0.92401,1.22381],[-0.92128,1.22386],[-0.92248,1.22333],[-0.92623,1.22269],[-0.93245,1.22242]]],[[[-0.8998,1.19957],[-0.90236,1.19944],[-0.90296,1.20007],[-0.8998,1.19957]]],[[[-0.90524,1.19972],[-0.90565,1.20042],[-0.90409,1.20024],[-0.90524,1.19972]]],[[[-0.80577,1.12077],[-0.80708,1.12213],[-0.80446,1.122],[-0.80577,1.12077]]],[[[-0.7787,1.1822],[-0.78106,1.18426],[-0.7797,1.18502],[-0.77785,1.18413],[-0.77727,1.18265],[-0.7787,1.1822]]],[[[-0.82896,1.11272],[-0.82833,1.11281],[-0.82481,1.11043],[-0.82896,1.11272]]],[[[-0.81054,1.18973],[-0.81051,1.19112],[-0.80794,1.1899],[-0.81054,1.18973]]],[[[-0.815,1.13533],[-0.81693,1.13659],[-0.81835,1.13916],[-0.81669,1.1402],[-0.81451,1.13704],[-0.815,1.13533]]],[[[-0.80592,1.20004],[-0.80765,1.20006],[-0.81139,1.20098],[-0.81146,1.20028],[-0.81444,1.20166],[-0.81693,1.20214],[-0.81183,1.20199],[-0.8103,1.20133],[-0.8072,1.20091],[-0.80592,1.20004]]],[[[-0.79565,1.19626],[-0.79994,1.19693],[-0.80291,1.19781],[-0.80026,1.19785],[-0.79661,1.19717],[-0.79565,1.19626]]],[[[-0.81938,1.14459],[-0.82061,1.14585],[-0.81808,1.14525],[-0.81938,1.14459]]],[[[-0.85608,1.18228],[-0.85752,1.18187],[-0.85823,1.18251],[-0.85608,1.18228]]],[[[-0.80905,1.1952],[-0.80971,1.19602],[-0.80774,1.19644],[-0.80467,1.19616],[-0.80141,1.19661],[-0.79885,1.19535],[-0.8052,1.19475],[-0.80905,1.1952]]],[[[-0.79181,1.19196],[-0.79253,1.19306],[-0.79047,1.19341],[-0.78699,1.19178],[-0.78944,1.19145],[-0.79181,1.19196]]],[[[-0.85234,1.20227],[-0.85422,1.20161],[-0.85747,1.20175],[-0.8557,1.20242],[-0.85234,1.20227]]],[[[-0.86637,1.17948],[-0.86244,1.17835],[-0.86436,1.17794],[-0.86644,1.17919],[-0.87021,1.17985],[-0.86939,1.18069],[-0.87017,1.18212],[-0.86524,1.18027],[-0.86637,1.17948]]],[[[-0.87725,1.18977],[-0.87885,1.19043],[-0.87685,1.19132],[-0.87144,1.19217],[-0.86955,1.19185],[-0.8722,1.19046],[-0.87725,1.18977]]],[[[-0.87776,1.18014],[-0.87942,1.18185],[-0.87822,1.18259],[-0.87631,1.18222],[-0.8756,1.18011],[-0.87776,1.18014]]],[[[-1.00926,1.18715],[-1.00988,1.18754],[-1.00755,1.18711],[-1.00926,1.18715]]],[[[-0.93016,1.23621],[-0.93289,1.23661],[-0.92723,1.23666],[-0.9221,1.23624],[-0.93016,1.23621]]],[[[-0.93483,1.24398],[-0.93559,1.24436],[-0.93221,1.24426],[-0.93483,1.24398]]],[[[-0.92774,1.24101],[-0.93158,1.24168],[-0.93118,1.24232],[-0.92507,1.24162],[-0.92173,1.2409],[-0.92126,1.24052],[-0.92774,1.24101]]],[[[-0.83911,1.22823],[-0.84102,1.22837],[-0.84308,1.22966],[-0.8426,1.22989],[-0.83848,1.22985],[-0.83725,1.22929],[-0.83911,1.22823]]],[[[-0.9003,1.22932],[-0.90442,1.22913],[-0.90449,1.22972],[-0.89856,1.22985],[-0.8961,1.22929],[-0.9003,1.22932]]],[[[-0.89843,1.22535],[-0.90178,1.22579],[-0.89869,1.22585],[-0.89843,1.22535]]],[[[-1.10337,1.2359],[-1.09928,1.23665],[-1.10082,1.2359],[-1.10337,1.2359]]],[[[-1.04389,1.23915],[-1.05102,1.23898],[-1.04774,1.23974],[-1.04365,1.24014],[-1.0413,1.24006],[-1.04389,1.23915]]],[[[-0.97272,1.2335],[-0.97805,1.23465],[-0.97323,1.23514],[-0.96901,1.23509],[-0.96368,1.23406],[-0.96374,1.23313],[-0.96659,1.23304],[-0.97272,1.2335]]],[[[-1.00806,1.20342],[-1.01017,1.20385],[-1.00736,1.20456],[-1.00412,1.2045],[-1.00259,1.20382],[-1.00806,1.20342]]],[[[-0.99956,1.20384],[-1.00154,1.20437],[-0.99779,1.20435],[-0.99956,1.20384]]],[[[-0.97988,1.21038],[-0.98351,1.21099],[-0.98161,1.21147],[-0.97752,1.21084],[-0.97988,1.21038]]],[[[-0.93582,1.20462],[-0.93831,1.20411],[-0.94044,1.20417],[-0.93835,1.20486],[-0.94198,1.2042],[-0.94012,1.20505],[-0.93835,1.20522],[-0.93582,1.20462]]],[[[-1.01075,1.20666],[-1.00635,1.20704],[-1.00614,1.20666],[-1.01075,1.20666]]],[[[-1.02622,1.20437],[-1.02941,1.20492],[-1.02553,1.20531],[-1.02361,1.20474],[-1.02622,1.20437]]],[[[-1.04873,1.20458],[-1.05053,1.20506],[-1.04767,1.2051],[-1.04873,1.20458]]],[[[-1.07674,1.20229],[-1.07733,1.2027],[-1.07397,1.2033],[-1.07674,1.20229]]],[[[-1.08032,1.20495],[-1.07864,1.20486],[-1.07927,1.20448],[-1.08032,1.20495]]],[[[-1.08148,1.2013],[-1.07895,1.20123],[-1.08174,1.20086],[-1.08148,1.2013]]],[[[-1.08193,1.20501],[-1.08247,1.20527],[-1.08115,1.20523],[-1.08193,1.20501]]],[[[-1.30451,1.21071],[-1.30415,1.21183],[-1.30301,1.21082],[-1.30451,1.21071]]]]}},{"type":"Feature","properties":{"name":"Cameroon","iso3":"CMR","geo_share":0.0034736,"carto_share":0.0010808,"target_share":0.0010828},"geometry":{"type":"Polygon","coordinates":[[[0.21768,0.0282],[0.21816,0.03211],[0.21663,0.03708],[0.21692,0.03873],[0.22101,0.04179],[0.22123,0.04361],[0.22401,0.04489],[0.22512,0.04375],[0.22801,0.04304],[0.22852,0.04441],[0.23444,0.03975],[0.23679,0.03679],[0.23949,0.03845],[0.23894,0.04036],[0.24071,0.04203],[0.23918,0.04381],[0.24037,0.04646],[0.24002,0.05281],[0.24065,0.05554],[0.2423,0.05552],[0.24367,0.0577],[0.24329,0.06262],[0.24538,0.06338],[0.24502,0.06788],[0.24611,0.06898],[0.24626,0.07283],[0.24863,0.0774],[0.25456,0.08019],[0.25414,0.08573],[0.25275,0.08746],[0.24935,0.08833],[0.24687,0.09447],[0.25165,0.09352],[0.25219,0.0921],[0.25462,0.09059],[0.25913,0.08319],[0.26005,0.08037],[0.25991,0.07646],[0.26079,0.07397],[0.26376,0.06913],[0.26809,0.06545],[0.26042,0.06548],[0.25462,0.06638],[0.25276,0.06391],[0.25737,0.05879],[0.26625,0.05139],[0.27089,0.04364],[0.27198,0.04282],[0.27201,0.04006],[0.27064,0.03755],[0.27009,0.03254],[0.26901,0.02729],[0.26716,0.02502],[0.26919,0.02265],[0.27044,0.0157],[0.27132,0.01433],[0.2732,0.00779],[0.27626,0.00339],[0.27772,-0.00051],[0.27815,-0.00365],[0.28394,-0.01354],[0.28631,-0.01669],[0.28807,-0.02518],[0.28758,-0.02723],[0.28853,-0.03235],[0.28807,-0.0329],[0.28551,-0.02941],[0.27951,-0.02728],[0.27704,-0.02449],[0.27646,-0.02498],[0.26877,-0.02373],[0.26817,-0.02241],[0.26314,-0.02107],[0.25778,-0.02011],[0.25793,-0.022],[0.24925,-0.02043],[0.24699,-0.01779],[0.24488,-0.00384],[0.24287,0.00065],[0.23655,0.01016],[0.23833,0.01036],[0.23405,0.01465],[0.23426,0.01262],[0.22788,0.01688],[0.22381,0.02408],[0.21938,0.02503],[0.21768,0.0282]]]}},{"type":"Feature","properties":{"name":"Cambodia","iso3":"KHM","geo_share":0.0013509,"carto_share":0.0004228,"target_share":0.0004211},"geometry":{"type":"MultiPolygon","coordinates":[[[[1.44444,0.16409],[1.44362,0.16384],[1.44471,0.16514],[1.44444,0.16409]]],[[[1.44568,0.15812],[1.44496,0.15734],[1.44457,0.15844],[1.44568,0.15812]]],[[[1.48542,0.19393],[1.48341,0.18978],[1.49522,0.18332],[1.49513,0.18028],[1.50657,0.17422],[1.50574,0.17195],[1.49573,0.17462],[1.49169,0.17412],[1.48035,0.17591],[1.48316,0.17276],[1.47473,0.17489],[1.47304,0.17386],[1.47588,0.16991],[1.48869,0.16278],[1.49363,0.15821],[1.48198,0.16259],[1.47734,0.16568],[1.47068,0.16614],[1.47026,0.16483],[1.46554,0.16563],[1.46693,0.16346],[1.46489,0.16045],[1.4595,0.15814],[1.45723,0.1597],[1.45339,0.15926],[1.44982,0.15704],[1.44833,0.15774],[1.45167,0.16261],[1.45033,0.16497],[1.4471,0.16115],[1.44419,0.15985],[1.44626,0.16626],[1.44409,0.16764],[1.44153,0.17037],[1.44226,0.17336],[1.43714,0.17471],[1.43582,0.17761],[1.43179,0.17999],[1.43005,0.18257],[1.43509,0.18267],[1.43816,0.18768],[1.44177,0.18914],[1.44761,0.18911],[1.45112,0.18809],[1.45868,0.18827],[1.46294,0.18945],[1.46558,0.18838],[1.46657,0.18958],[1.46772,0.18816],[1.46911,0.18889],[1.47117,0.18795],[1.47261,0.18909],[1.47201,0.19091],[1.47416,0.19203],[1.475,0.19295],[1.47704,0.19128],[1.47981,0.19193],[1.48542,0.19393]]]]}},{"type":"Feature","properties":{"name":"Myanmar","iso3":"MMR","geo_share":0.0049312,"carto_share":0.0015511,"target_share":0.0015371},"geometry":{"type":"MultiPolygon","coordinates":[[[[1.32101,0.30684],[1.31339,0.30885],[1.30839,0.3091],[1.30353,0.31031],[1.30667,0.30848],[1.29781,0.30896],[1.29842,0.30649],[1.28842,0.30718],[1.28601,0.30819],[1.28535,0.30483],[1.28665,0.29933],[1.28667,0.29601],[1.28878,0.28977],[1.287,0.2881],[1.29201,0.27901],[1.29522,0.27303],[1.31002,0.25891],[1.31257,0.25466],[1.3191,0.24684],[1.32051,0.24825],[1.32194,0.24418],[1.31961,0.24288],[1.32467,0.23075],[1.32153,0.2287],[1.3257,0.22017],[1.33416,0.20869],[1.34175,0.20111],[1.34719,0.19459],[1.35109,0.18668],[1.35086,0.18497],[1.35465,0.17923],[1.3587,0.17596],[1.36154,0.17118],[1.36614,0.16552],[1.36054,0.15847],[1.3541,0.15303],[1.35328,0.14558],[1.35072,0.14283],[1.3493,0.15326],[1.35253,0.15786],[1.35256,0.16592],[1.35412,0.1672],[1.35071,0.16803],[1.34988,0.17424],[1.3431,0.18831],[1.33485,0.1992],[1.33418,0.19827],[1.32958,0.20771],[1.31988,0.2236],[1.31049,0.24409],[1.30778,0.24741],[1.30403,0.25495],[1.30408,0.25619],[1.30022,0.25771],[1.29316,0.26726],[1.28968,0.27156],[1.29093,0.26817],[1.29157,0.26277],[1.28656,0.25885],[1.28664,0.25552],[1.285,0.25078],[1.28367,0.25699],[1.28282,0.2531],[1.28078,0.25252],[1.28022,0.25896],[1.27828,0.25366],[1.27895,0.26215],[1.27627,0.25639],[1.27379,0.25419],[1.27492,0.26282],[1.27575,0.26499],[1.27653,0.27964],[1.27404,0.29001],[1.27053,0.29988],[1.26951,0.30595],[1.26933,0.30052],[1.2673,0.30203],[1.26495,0.30665],[1.26805,0.30519],[1.2689,0.30652],[1.26893,0.30793],[1.26312,0.31523],[1.26124,0.31462],[1.26094,0.3123],[1.25957,0.31456],[1.26034,0.31797],[1.25824,0.31505],[1.2585,0.3171],[1.25653,0.31853],[1.25641,0.31603],[1.25082,0.31884],[1.24757,0.32298],[1.25051,0.32516],[1.25576,0.32487],[1.25364,0.33396],[1.25489,0.33724],[1.2588,0.33495],[1.2592,0.34222],[1.25613,0.35169],[1.25422,0.36029],[1.25511,0.36203],[1.24976,0.37867],[1.24447,0.39133],[1.24864,0.3873],[1.25327,0.37935],[1.25016,0.39352],[1.24668,0.41547],[1.24414,0.42219],[1.24335,0.42671],[1.24335,0.4342],[1.24231,0.44008],[1.23775,0.4509],[1.23709,0.45341],[1.23953,0.45936],[1.23913,0.46304],[1.24234,0.46365],[1.24541,0.45681],[1.2454,0.45816],[1.24301,0.46568],[1.24162,0.47176],[1.24261,0.47998],[1.2406,0.48996],[1.24071,0.50119],[1.24476,0.49577],[1.24762,0.48794],[1.25047,0.46943],[1.25202,0.4734],[1.25357,0.472],[1.25574,0.44824],[1.25829,0.43126],[1.25703,0.42465],[1.2556,0.42522],[1.25617,0.41398],[1.25545,0.41487],[1.25801,0.39875],[1.25775,0.3965],[1.2599,0.38464],[1.26167,0.37927],[1.26389,0.36931],[1.26497,0.36279],[1.26609,0.36594],[1.26909,0.36738],[1.27212,0.36721],[1.2717,0.35886],[1.2737,0.35309],[1.2756,0.34366],[1.2805,0.34214],[1.28333,0.33952],[1.28226,0.3368],[1.28353,0.33089],[1.28436,0.32555],[1.29619,0.32237],[1.30031,0.3183],[1.30824,0.31514],[1.31633,0.31379],[1.32626,0.31486],[1.32906,0.31215],[1.32353,0.31141],[1.32263,0.30933],[1.3188,0.30863],[1.32101,0.30684]]],[[[1.34644,0.15484],[1.34574,0.15425],[1.3444,0.15785],[1.34644,0.15484]]],[[[1.34233,0.13983],[1.34289,0.1415],[1.34577,0.14291],[1.34233,0.13983]]],[[[1.34455,0.16501],[1.3455,0.16895],[1.34571,0.16568],[1.34455,0.16501]]],[[[1.34794,0.1705],[1.34717,0.17275],[1.34971,0.17095],[1.34794,0.1705]]],[[[1.34966,0.1656],[1.34683,0.16925],[1.34894,0.16914],[1.34966,0.1656]]],[[[1.34515,0.17987],[1.34413,0.17704],[1.34249,0.18208],[1.34515,0.17987]]],[[[1.34227,0.17486],[1.34044,0.17634],[1.34157,0.1768],[1.34227,0.17486]]],[[[1.27568,0.25179],[1.27558,0.25446],[1.27789,0.25873],[1.27568,0.25179]]],[[[1.30536,0.25167],[1.30195,0.25608],[1.30388,0.25468],[1.30536,0.25167]]],[[[1.26731,0.29686],[1.26523,0.29932],[1.26783,0.29981],[1.26731,0.29686]]],[[[1.26437,0.31345],[1.26469,0.31168],[1.26366,0.31406],[1.26437,0.31345]]],[[[1.26667,0.3093],[1.26861,0.30779],[1.26736,0.30638],[1.26667,0.3093]]],[[[1.35047,0.15758],[1.34945,0.15786],[1.35018,0.15934],[1.35047,0.15758]]],[[[1.34155,0.16846],[1.34104,0.17088],[1.34244,0.16891],[1.34155,0.16846]]],[[[1.34029,0.17862],[1.3397,0.17714],[1.33842,0.17832],[1.34029,0.17862]]],[[[1.34011,0.18855],[1.34105,0.18602],[1.33873,0.19024],[1.34011,0.18855]]],[[[1.27936,0.25173],[1.2789,0.25222],[1.27973,0.25452],[1.27936,0.25173]]],[[[1.2597,0.31157],[1.25848,0.31337],[1.25908,0.31408],[1.2597,0.31157]]]]}},{"type":"Feature","properties":{"name":"Burundi","iso3":"BDI","geo_share":0.0002024,"carto_share":6.26e-05,"target_share":6.31e-05},"geometry":{"type":"Polygon","coordinates":[[[0.38461,-0.09603],[0.38362,-0.09981],[0.38396,-0.104],[0.38549,-0.10488],[0.38531,-0.10939],[0.38294,-0.1145],[0.381,-0.12241],[0.37832,-0.12838],[0.37651,-0.12836],[0.37568,-0.12002],[0.3761,-0.10671],[0.37499,-0.10167],[0.37535,-0.09986],[0.37724,-0.10288],[0.3802,-0.10124],[0.38083,-0.09547],[0.38208,-0.09648],[0.38378,-0.0948],[0.38461,-0.09603]]]}},{"type":"Feature","properties":{"name":"Burkina Faso","iso3":"BFA","geo_share":0.0020395,"carto_share":0.0006352,"target_share":0.0006357},"geometry":{"type":"Polygon","coordinates":[[[0.09519,0.08663],[0.08982,0.08665],[0.08275,0.08754],[0.07986,0.08791],[0.0756,0.08625],[0.07494,0.08668],[0.04926,0.08717],[0.04826,0.08423],[0.04977,0.08305],[0.04995,0.07751],[0.05073,0.07628],[0.04923,0.07588],[0.04447,0.07917],[0.03653,0.07916],[0.03095,0.07731],[0.02745,0.07778],[0.02346,0.07938],[0.02203,0.08178],[0.01716,0.0832],[0.01799,0.08589],[0.01763,0.08802],[0.01981,0.0893],[0.02061,0.09179],[0.01989,0.09423],[0.02196,0.0953],[0.02551,0.09573],[0.02974,0.09803],[0.029,0.10067],[0.03191,0.10153],[0.03056,0.10413],[0.03366,0.10607],[0.03599,0.10591],[0.03936,0.10437],[0.04255,0.10491],[0.04351,0.1079],[0.04682,0.10779],[0.04712,0.10988],[0.05179,0.11214],[0.05597,0.11112],[0.05739,0.11328],[0.0598,0.11338],[0.06809,0.11552],[0.07135,0.11709],[0.07765,0.11688],[0.08329,0.11551],[0.08309,0.11243],[0.08601,0.11041],[0.08578,0.10962],[0.08943,0.10623],[0.09403,0.10495],[0.09699,0.10341],[0.09434,0.10356],[0.09465,0.10118],[0.10229,0.098],[0.10514,0.09775],[0.10859,0.09835],[0.1108,0.0965],[0.10932,0.09521],[0.11355,0.09244],[0.11249,0.09105],[0.10885,0.08929],[0.10168,0.08966],[0.09519,0.08663]]]}},{"type":"Feature","properties":{"name":"Bulgaria","iso3":"BGR","geo_share":0.0008342,"carto_share":0.0002863,"target_share":0.00026},"geometry":{"type":"Polygon","coordinates":[[[0.5682,0.71652],[0.55902,0.70388],[0.55664,0.70213],[0.54233,0.6838],[0.536,0.67385],[0.53359,0.66999],[0.53269,0.66613],[0.52653,0.65384],[0.52502,0.65421],[0.52287,0.64996],[0.52053,0.64475],[0.51727,0.63847],[0.51962,0.64672],[0.52045,0.65103],[0.52035,0.65521],[0.52124,0.65714],[0.5224,0.66317],[0.52302,0.66352],[0.52479,0.66819],[0.52429,0.67211],[0.52443,0.67598],[0.52521,0.68147],[0.52752,0.68756],[0.52862,0.68456],[0.52678,0.67878],[0.52851,0.68054],[0.53416,0.68448],[0.53642,0.6876],[0.54789,0.70003],[0.55499,0.71013],[0.56566,0.72884],[0.58158,0.75647],[0.58405,0.75831],[0.59183,0.77016],[0.59164,0.76761],[0.6011,0.78062],[0.59228,0.76371],[0.58622,0.75493],[0.58001,0.74393],[0.57483,0.73296],[0.56517,0.71676],[0.56761,0.7194],[0.5682,0.71652]]]}},{"type":"Feature","properties":{"name":"Brunei","iso3":"BRN","geo_share":3.97e-05,"carto_share":1.48e-05,"target_share":1.24e-05},"geometry":{"type":"MultiPolygon","coordinates":[[[[1.85555,-0.02182],[1.85637,-0.02261],[1.85978,-0.03354],[1.8591,-0.03231],[1.85555,-0.02182]]],[[[1.85041,-0.02148],[1.85273,-0.02309],[1.85395,-0.01863],[1.85555,-0.02182],[1.85529,-0.02393],[1.85815,-0.03092],[1.8584,-0.03713],[1.85041,-0.02148]]]]}},{"type":"Feature","properties":{"name":"Brazil","iso3":"BRA","geo_share":0.0632822,"carto_share":0.0185037,"target_share":0.0185111},"geometry":{"type":"MultiPolygon","coordinates":[[[[-0.91423,-0.16442],[-0.90968,-0.17053],[-0.90806,-0.17028],[-0.90577,-0.1681],[-0.90395,-0.17182],[-0.90211,-0.16699],[-0.89986,-0.16551],[-0.89856,-0.16326],[-0.89736,-0.16341],[-0.8964,-0.16154],[-0.8964,-0.15806],[-0.89279,-0.15476],[-0.89312,-0.15239],[-0.8967,-0.15126],[-0.89766,-0.15018],[-0.89813,-0.14669],[-0.90015,-0.14136],[-0.90099,-0.13651],[-0.90399,-0.13198],[-0.90635,-0.12729],[-0.9046,-0.12887],[-0.90254,-0.12939],[-0.90051,-0.13248],[-0.89576,-0.1337],[-0.89278,-0.13828],[-0.89155,-0.1376],[-0.89204,-0.1334],[-0.89031,-0.13214],[-0.8884,-0.13326],[-0.8847,-0.1318],[-0.88324,-0.12942],[-0.88125,-0.12962],[-0.8796,-0.12449],[-0.88119,-0.12162],[-0.8769,-0.12208],[-0.87536,-0.1243],[-0.87472,-0.12849],[-0.87507,-0.13077],[-0.87154,-0.13304],[-0.87146,-0.13475],[-0.86954,-0.13824],[-0.87113,-0.14193],[-0.87054,-0.14472],[-0.87101,-0.14902],[-0.87068,-0.15273],[-0.86946,-0.15714],[-0.86842,-0.15847],[-0.86785,-0.16344],[-0.86376,-0.17124],[-0.86117,-0.17429],[-0.85941,-0.17404],[-0.85905,-0.17021],[-0.85746,-0.17195],[-0.85747,-0.17025],[-0.85574,-0.17046],[-0.85542,-0.16791],[-0.85439,-0.16709],[-0.85284,-0.17015],[-0.85159,-0.17046],[-0.84911,-0.17456],[-0.84978,-0.17114],[-0.85167,-0.16539],[-0.85175,-0.16213],[-0.85076,-0.16474],[-0.84962,-0.16533],[-0.84821,-0.16405],[-0.84208,-0.17458],[-0.82878,-0.18822],[-0.82192,-0.18586],[-0.81305,-0.19112],[-0.80823,-0.18972],[-0.80458,-0.19385],[-0.79729,-0.19461],[-0.78952,-0.18937],[-0.76143,-0.14164],[-0.75126,-0.12668],[-0.74745,-0.11661],[-0.74441,-0.12421],[-0.74698,-0.13888],[-0.75146,-0.1518],[-0.76172,-0.18003],[-0.76367,-0.18719],[-0.75865,-0.18712],[-0.76202,-0.19635],[-0.76934,-0.20342],[-0.77746,-0.21328],[-0.7833,-0.21648],[-0.78475,-0.21975],[-0.7879,-0.22343],[-0.78756,-0.22615],[-0.78989,-0.22956],[-0.79219,-0.22878],[-0.79595,-0.2297],[-0.78842,-0.23163],[-0.78176,-0.22912],[-0.77713,-0.22648],[-0.77705,-0.2285],[-0.77327,-0.23547],[-0.76983,-0.23801],[-0.76574,-0.23657],[-0.76274,-0.23759],[-0.75853,-0.2359],[-0.76025,-0.24292],[-0.75985,-0.24357],[-0.75724,-0.2378],[-0.7549,-0.23703],[-0.75202,-0.23363],[-0.74918,-0.23502],[-0.74938,-0.22998],[-0.74573,-0.22512],[-0.73743,-0.22273],[-0.73149,-0.22397],[-0.73013,-0.22654],[-0.72587,-0.22644],[-0.72042,-0.22975],[-0.71807,-0.22924],[-0.71814,-0.23428],[-0.71353,-0.2296],[-0.71095,-0.23277],[-0.709,-0.2326],[-0.70874,-0.23703],[-0.71227,-0.24044],[-0.71114,-0.24169],[-0.7076,-0.23852],[-0.7073,-0.24127],[-0.70926,-0.24195],[-0.71128,-0.24975],[-0.70809,-0.248],[-0.70645,-0.24337],[-0.70358,-0.24258],[-0.70498,-0.24653],[-0.70126,-0.24353],[-0.69458,-0.24159],[-0.69307,-0.23947],[-0.68745,-0.23978],[-0.67987,-0.24299],[-0.67483,-0.24129],[-0.67249,-0.24253],[-0.66884,-0.24234],[-0.65756,-0.2372],[-0.65163,-0.23601],[-0.64349,-0.23986],[-0.64106,-0.24226],[-0.63834,-0.24208],[-0.63582,-0.24707],[-0.63183,-0.25],[-0.62732,-0.25001],[-0.62656,-0.25184],[-0.61809,-0.25131],[-0.60662,-0.24723],[-0.59889,-0.24529],[-0.59715,-0.2459],[-0.59748,-0.24896],[-0.59993,-0.25492],[-0.59895,-0.25642],[-0.59915,-0.26432],[-0.60237,-0.26902],[-0.60183,-0.27095],[-0.60994,-0.28049],[-0.61351,-0.28343],[-0.62257,-0.28902],[-0.6317,-0.29679],[-0.64052,-0.30093],[-0.64799,-0.30899],[-0.65216,-0.31622],[-0.66006,-0.32577],[-0.66403,-0.3275],[-0.66621,-0.32351],[-0.66848,-0.3259],[-0.66759,-0.32724],[-0.66888,-0.33056],[-0.67176,-0.3338],[-0.67274,-0.33687],[-0.67195,-0.34355],[-0.671,-0.34256],[-0.67258,-0.35069],[-0.67114,-0.35812],[-0.66835,-0.36553],[-0.67069,-0.37612],[-0.67079,-0.38244],[-0.66848,-0.38699],[-0.6731,-0.38994],[-0.67471,-0.39282],[-0.67473,-0.39723],[-0.67164,-0.40447],[-0.67218,-0.40839],[-0.67421,-0.4091],[-0.67603,-0.41494],[-0.67595,-0.41818],[-0.67998,-0.42146],[-0.68017,-0.4283],[-0.67595,-0.43409],[-0.67676,-0.43575],[-0.68337,-0.43638],[-0.68478,-0.43922],[-0.68206,-0.44528],[-0.69395,-0.44207],[-0.69687,-0.43796],[-0.69831,-0.43804],[-0.69697,-0.44172],[-0.70439,-0.4421],[-0.70221,-0.44103],[-0.70471,-0.43935],[-0.70761,-0.44042],[-0.71284,-0.44075],[-0.71157,-0.44394],[-0.71554,-0.44525],[-0.71998,-0.44973],[-0.72012,-0.45168],[-0.72564,-0.45153],[-0.73443,-0.45922],[-0.73702,-0.46374],[-0.74405,-0.47363],[-0.7446,-0.47675],[-0.74716,-0.48171],[-0.74867,-0.47962],[-0.7494,-0.48274],[-0.75098,-0.48406],[-0.74895,-0.48528],[-0.7502,-0.48932],[-0.75083,-0.49558],[-0.75182,-0.49718],[-0.75102,-0.4993],[-0.75104,-0.50407],[-0.74905,-0.51161],[-0.7492,-0.51698],[-0.74725,-0.52455],[-0.74738,-0.53169],[-0.75189,-0.53529],[-0.75534,-0.54206],[-0.75672,-0.54854],[-0.75689,-0.55832],[-0.7583,-0.56556],[-0.76176,-0.5743],[-0.7674,-0.58022],[-0.76917,-0.58333],[-0.77036,-0.57883],[-0.76661,-0.57833],[-0.76271,-0.57187],[-0.76352,-0.56816],[-0.7616,-0.56808],[-0.76204,-0.56496],[-0.76013,-0.56211],[-0.76159,-0.55457],[-0.76383,-0.55646],[-0.76619,-0.55398],[-0.76578,-0.5562],[-0.76682,-0.56084],[-0.76681,-0.56672],[-0.77058,-0.57186],[-0.77142,-0.57961],[-0.76989,-0.58403],[-0.77103,-0.58781],[-0.77093,-0.59763],[-0.77467,-0.60507],[-0.77662,-0.60284],[-0.77805,-0.5966],[-0.77644,-0.59112],[-0.77983,-0.58668],[-0.78096,-0.58224],[-0.78337,-0.57987],[-0.78534,-0.57533],[-0.78876,-0.57266],[-0.79036,-0.56848],[-0.79266,-0.57163],[-0.79266,-0.56852],[-0.7936,-0.56606],[-0.79703,-0.56024],[-0.79852,-0.56116],[-0.799,-0.56311],[-0.801,-0.56251],[-0.79901,-0.55663],[-0.79753,-0.55378],[-0.79366,-0.54172],[-0.79158,-0.53626],[-0.79067,-0.53635],[-0.79079,-0.53413],[-0.78722,-0.52875],[-0.78551,-0.52414],[-0.78268,-0.52157],[-0.77979,-0.51665],[-0.77806,-0.50397],[-0.7787,-0.49649],[-0.78002,-0.49487],[-0.78172,-0.49684],[-0.78263,-0.49643],[-0.7815,-0.49107],[-0.77915,-0.47374],[-0.78116,-0.471],[-0.78332,-0.47387],[-0.78558,-0.47473],[-0.78628,-0.46914],[-0.78604,-0.46676],[-0.78651,-0.45843],[-0.78624,-0.45645],[-0.78748,-0.45171],[-0.78946,-0.45171],[-0.7906,-0.44931],[-0.79203,-0.45154],[-0.79386,-0.45241],[-0.7999,-0.45125],[-0.79906,-0.43541],[-0.80026,-0.42812],[-0.80139,-0.42404],[-0.79968,-0.42143],[-0.80151,-0.41829],[-0.80005,-0.40929],[-0.79954,-0.39863],[-0.79981,-0.39656],[-0.80224,-0.38848],[-0.80327,-0.38842],[-0.80635,-0.38459],[-0.80786,-0.37705],[-0.80773,-0.37255],[-0.80891,-0.37294],[-0.82009,-0.37086],[-0.82228,-0.36088],[-0.8256,-0.35575],[-0.82343,-0.356],[-0.82481,-0.35021],[-0.82723,-0.3447],[-0.82719,-0.3428],[-0.8286,-0.33993],[-0.8337,-0.3355],[-0.83898,-0.33482],[-0.84313,-0.32956],[-0.8481,-0.327],[-0.85149,-0.32271],[-0.85364,-0.32237],[-0.85603,-0.32014],[-0.85877,-0.31968],[-0.86288,-0.31787],[-0.86421,-0.3156],[-0.86894,-0.31172],[-0.87337,-0.30525],[-0.87479,-0.30232],[-0.87472,-0.30069],[-0.87712,-0.29567],[-0.87716,-0.29226],[-0.87838,-0.28816],[-0.87962,-0.28628],[-0.88648,-0.28605],[-0.88991,-0.28694],[-0.89222,-0.28952],[-0.89543,-0.29139],[-0.89606,-0.29311],[-0.89887,-0.29285],[-0.9006,-0.29585],[-0.90298,-0.29654],[-0.90424,-0.29518],[-0.91006,-0.29361],[-0.913,-0.29288],[-0.9158,-0.29363],[-0.91779,-0.29276],[-0.92225,-0.2767],[-0.92534,-0.281],[-0.9322,-0.27995],[-0.93532,-0.27445],[-0.9389,-0.27266],[-0.94182,-0.27198],[-0.94106,-0.26933],[-0.94153,-0.26799],[-0.94808,-0.26017],[-0.95122,-0.25546],[-0.95134,-0.25395],[-0.95422,-0.25108],[-0.95454,-0.24931],[-0.95295,-0.24899],[-0.95456,-0.24477],[-0.95331,-0.24287],[-0.95165,-0.24212],[-0.95151,-0.24006],[-0.95303,-0.23746],[-0.95237,-0.23328],[-0.95302,-0.22849],[-0.95166,-0.22821],[-0.94616,-0.22404],[-0.93922,-0.22374],[-0.93813,-0.22226],[-0.93472,-0.22252],[-0.93292,-0.22418],[-0.93066,-0.22386],[-0.93057,-0.22353],[-0.92918,-0.19152],[-0.93233,-0.18282],[-0.93629,-0.17843],[-0.93733,-0.16979],[-0.93263,-0.16858],[-0.93008,-0.17002],[-0.93039,-0.16726],[-0.93235,-0.16458],[-0.93654,-0.164],[-0.93802,-0.15538],[-0.93581,-0.15494],[-0.93345,-0.15599],[-0.92427,-0.1573],[-0.92483,-0.15362],[-0.9229,-0.15697],[-0.92164,-0.1566],[-0.91976,-0.1524],[-0.91866,-0.15279],[-0.9162,-0.15925],[-0.91574,-0.16449],[-0.91423,-0.16442]]],[[[-0.76276,-0.21891],[-0.7567,-0.21773],[-0.75043,-0.21814],[-0.74822,-0.21978],[-0.75056,-0.22598],[-0.75449,-0.23348],[-0.75727,-0.23263],[-0.75777,-0.23458],[-0.76077,-0.23357],[-0.76152,-0.23557],[-0.76376,-0.23624],[-0.76696,-0.23572],[-0.77122,-0.23586],[-0.77237,-0.23495],[-0.77483,-0.23007],[-0.77306,-0.22837],[-0.77555,-0.22744],[-0.7761,-0.22317],[-0.77513,-0.21879],[-0.77026,-0.21705],[-0.76276,-0.21891]]],[[[-0.70647,-0.44287],[-0.70891,-0.44324],[-0.70849,-0.44123],[-0.70647,-0.44287]]],[[[-0.7506,-0.49938],[-0.75118,-0.49743],[-0.74979,-0.49609],[-0.7506,-0.49938]]],[[[-0.71726,-0.45437],[-0.7197,-0.4533],[-0.7185,-0.45053],[-0.71726,-0.45437]]],[[[-0.70885,-0.24798],[-0.70995,-0.24886],[-0.70988,-0.24642],[-0.70885,-0.24798]]],[[[-0.66814,-0.33011],[-0.66629,-0.32673],[-0.66551,-0.32812],[-0.66814,-0.33011]]],[[[-0.67125,-0.33586],[-0.67174,-0.33487],[-0.67018,-0.3341],[-0.67125,-0.33586]]],[[[-0.70962,-0.22607],[-0.71208,-0.22771],[-0.71066,-0.22558],[-0.70962,-0.22607]]],[[[-0.76335,-0.21213],[-0.76533,-0.21542],[-0.77154,-0.21489],[-0.77068,-0.21223],[-0.76555,-0.2108],[-0.76335,-0.21213]]],[[[-0.76043,-0.18365],[-0.76271,-0.18543],[-0.76047,-0.1806],[-0.75853,-0.17917],[-0.76043,-0.18365]]],[[[-0.77863,-0.21926],[-0.77969,-0.21668],[-0.77563,-0.21611],[-0.77863,-0.21926]]],[[[-0.76055,-0.21709],[-0.76521,-0.2169],[-0.76374,-0.21532],[-0.75981,-0.21441],[-0.76055,-0.21709]]],[[[-0.77283,-0.21554],[-0.77516,-0.21469],[-0.77103,-0.20729],[-0.77139,-0.21188],[-0.77283,-0.21554]]],[[[-0.77038,-0.21039],[-0.76979,-0.20704],[-0.76724,-0.20752],[-0.77038,-0.21039]]],[[[-0.7888,-0.23028],[-0.78689,-0.22695],[-0.78741,-0.22447],[-0.78616,-0.22244],[-0.78266,-0.22149],[-0.78123,-0.223],[-0.78201,-0.22689],[-0.78562,-0.22977],[-0.7888,-0.23028]]],[[[-0.74738,-0.52074],[-0.74798,-0.51728],[-0.74634,-0.51552],[-0.74738,-0.52074]]]]}},{"type":"Feature","properties":{"name":"Botswana","iso3":"BWA","geo_share":0.0043264,"carto_share":0.0013483,"target_share":0.0013486},"geometry":{"type":"Polygon","coordinates":[[[0.34412,-0.33358],[0.34375,-0.33536],[0.3448,-0.3415],[0.34609,-0.34563],[0.34749,-0.35838],[0.35021,-0.36314],[0.35327,-0.36636],[0.35323,-0.37116],[0.35578,-0.37153],[0.35495,-0.37926],[0.35671,-0.38614],[0.35971,-0.38677],[0.36276,-0.38858],[0.36292,-0.39211],[0.36447,-0.39374],[0.3629,-0.39419],[0.36068,-0.39828],[0.3563,-0.40196],[0.35271,-0.40977],[0.34954,-0.41355],[0.34709,-0.41804],[0.34538,-0.42621],[0.34252,-0.43167],[0.33897,-0.43455],[0.33578,-0.44778],[0.33479,-0.44948],[0.33053,-0.45142],[0.32575,-0.44868],[0.3239,-0.44513],[0.32248,-0.44421],[0.31984,-0.44738],[0.31742,-0.4568],[0.31445,-0.46197],[0.31341,-0.46498],[0.31038,-0.46957],[0.30507,-0.47025],[0.30513,-0.46411],[0.30672,-0.45967],[0.30701,-0.45593],[0.30587,-0.44315],[0.30425,-0.43974],[0.30815,-0.39852],[0.31359,-0.39803],[0.31368,-0.39747],[0.31806,-0.34434],[0.3242,-0.3419],[0.33084,-0.33838],[0.33199,-0.33848],[0.33311,-0.34448],[0.3384,-0.33697],[0.33934,-0.33793],[0.34194,-0.33426],[0.34412,-0.33358]]]}},{"type":"Feature","properties":{"name":"Bosnia and Herz.","iso3":"BIH","geo_share":0.0003841,"carto_share":0.0001008,"target_share":0.0001197},"geometry":{"type":"Polygon","coordinates":[[[0.51282,0.68454],[0.51153,0.68477],[0.51251,0.68187],[0.51138,0.68307],[0.51059,0.68199],[0.51079,0.67926],[0.50973,0.67878],[0.51077,0.67403],[0.51012,0.67226],[0.5037,0.67799],[0.50293,0.67846],[0.50312,0.68004],[0.5002,0.6829],[0.49998,0.68453],[0.49571,0.68579],[0.49251,0.68676],[0.49267,0.68794],[0.49019,0.68713],[0.49168,0.68924],[0.49391,0.69083],[0.49598,0.69152],[0.49908,0.69435],[0.50291,0.69765],[0.5041,0.6981],[0.50833,0.70112],[0.50966,0.70281],[0.51204,0.70448],[0.51191,0.70239],[0.5124,0.7024],[0.51348,0.70274],[0.51183,0.69757],[0.51166,0.69478],[0.51363,0.69023],[0.51224,0.69015],[0.51387,0.68588],[0.51399,0.68406],[0.51282,0.68454]]]}},{"type":"Feature","properties":{"name":"Bolivia","iso3":"BOL","geo_share":0.0081166,"carto_share":0.0025288,"target_share":0.0025301},"geometry":{"type":"Polygon","coordinates":[[[-0.88225,-0.3683],[-0.88492,-0.36347],[-0.88406,-0.36264],[-0.88324,-0.35832],[-0.88439,-0.35395],[-0.88731,-0.3516],[-0.89158,-0.34451],[-0.89136,-0.34092],[-0.89424,-0.33724],[-0.89477,-0.33343],[-0.8936,-0.32977],[-0.89719,-0.32365],[-0.89717,-0.32179],[-0.89936,-0.31515],[-0.8983,-0.31158],[-0.91006,-0.29361],[-0.90424,-0.29518],[-0.90298,-0.29654],[-0.9006,-0.29585],[-0.89887,-0.29285],[-0.89606,-0.29311],[-0.89543,-0.29139],[-0.89222,-0.28952],[-0.88991,-0.28694],[-0.88648,-0.28605],[-0.87962,-0.28628],[-0.87838,-0.28816],[-0.87716,-0.29226],[-0.87712,-0.29567],[-0.87472,-0.30069],[-0.87479,-0.30232],[-0.87337,-0.30525],[-0.86894,-0.31172],[-0.86421,-0.3156],[-0.86288,-0.31787],[-0.85877,-0.31968],[-0.85603,-0.32014],[-0.85364,-0.32237],[-0.85149,-0.32271],[-0.8481,-0.327],[-0.84313,-0.32956],[-0.83898,-0.33482],[-0.8337,-0.3355],[-0.8286,-0.33993],[-0.82719,-0.3428],[-0.82723,-0.3447],[-0.82481,-0.35021],[-0.82343,-0.356],[-0.8256,-0.35575],[-0.82228,-0.36088],[-0.82009,-0.37086],[-0.80891,-0.37294],[-0.80773,-0.37255],[-0.80786,-0.37705],[-0.80635,-0.38459],[-0.80327,-0.38842],[-0.80224,-0.38848],[-0.79981,-0.39656],[-0.79954,-0.39863],[-0.80005,-0.40929],[-0.80151,-0.41829],[-0.79968,-0.42143],[-0.80139,-0.42404],[-0.80176,-0.4193],[-0.80801,-0.41201],[-0.81388,-0.41202],[-0.82441,-0.4164],[-0.82484,-0.42245],[-0.82637,-0.43007],[-0.82588,-0.43797],[-0.8272,-0.4564],[-0.82832,-0.45272],[-0.83328,-0.45255],[-0.83401,-0.45356],[-0.83488,-0.46167],[-0.83493,-0.46504],[-0.83696,-0.45561],[-0.83938,-0.45318],[-0.84294,-0.45229],[-0.84584,-0.44669],[-0.84591,-0.45158],[-0.84748,-0.45267],[-0.84876,-0.46204],[-0.85091,-0.46283],[-0.85295,-0.46139],[-0.85363,-0.45576],[-0.85518,-0.44846],[-0.85733,-0.44107],[-0.85807,-0.43575],[-0.86112,-0.42914],[-0.86165,-0.42382],[-0.86367,-0.42094],[-0.86462,-0.41422],[-0.86425,-0.41076],[-0.86552,-0.40822],[-0.86494,-0.40371],[-0.87026,-0.39463],[-0.87578,-0.37855],[-0.87811,-0.37598],[-0.88225,-0.3683]]]}},{"type":"Feature","properties":{"name":"Bhutan","iso3":"BTN","geo_share":0.0002977,"carto_share":0.0001116,"target_share":9.28e-05},"geometry":{"type":"Polygon","coordinates":[[[1.1096,0.49993],[1.11038,0.50091],[1.11831,0.50596],[1.12313,0.50783],[1.12804,0.50672],[1.1289,0.50505],[1.13339,0.50473],[1.1387,0.50364],[1.14022,0.50445],[1.14674,0.5031],[1.14827,0.50115],[1.1492,0.4996],[1.15275,0.49818],[1.15737,0.49742],[1.16124,0.49512],[1.16204,0.49298],[1.16685,0.48954],[1.15972,0.49084],[1.1434,0.49587],[1.13601,0.49831],[1.13374,0.49783],[1.12841,0.49795],[1.12051,0.49857],[1.11692,0.49783],[1.10981,0.49757],[1.10599,0.49845],[1.1096,0.49993]]]}},{"type":"Feature","properties":{"name":"Benin","iso3":"BEN","geo_share":0.0008679,"carto_share":0.0002708,"target_share":0.0002705},"geometry":{"type":"Polygon","coordinates":[[[0.10496,0.05547],[0.10747,0.05622],[0.10422,0.05959],[0.10382,0.06166],[0.10528,0.06172],[0.1061,0.06926],[0.10561,0.07399],[0.10307,0.07548],[0.10146,0.08],[0.09396,0.08241],[0.09389,0.08474],[0.09519,0.08663],[0.10168,0.08966],[0.10885,0.08929],[0.11249,0.09105],[0.11355,0.09244],[0.11287,0.0947],[0.11914,0.09549],[0.1292,0.09045],[0.1283,0.08845],[0.13176,0.08617],[0.13412,0.08293],[0.13131,0.08086],[0.13167,0.07851],[0.12874,0.07785],[0.12667,0.07589],[0.12596,0.07366],[0.12218,0.07361],[0.12213,0.06671],[0.12345,0.06397],[0.12321,0.06144],[0.12445,0.05942],[0.12385,0.05633],[0.10496,0.05547]]]}},{"type":"Feature","properties":{"name":"Belize","iso3":"BLZ","geo_share":0.0001705,"carto_share":5.76e-05,"target_share":5.32e-05},"geometry":{"type":"MultiPolygon","coordinates":[[[[-1.22761,0.10396],[-1.22706,0.10592],[-1.22389,0.10601],[-1.21871,0.11331],[-1.21566,0.11405],[-1.21409,0.11237],[-1.21494,0.10903],[-1.2194,0.10212],[-1.2189,0.10111],[-1.22084,0.09759],[-1.22122,0.0917],[-1.22298,0.08858],[-1.22417,0.08848],[-1.22494,0.08554],[-1.22773,0.08638],[-1.22761,0.10396]]],[[[-1.21478,0.10614],[-1.21184,0.10978],[-1.21117,0.10964],[-1.21478,0.10614]]],[[[-1.21618,0.09844],[-1.21549,0.10014],[-1.21353,0.10131],[-1.21618,0.09844]]]]}},{"type":"Feature","properties":{"name":"Belgium","iso3":"BEL","geo_share":0.0002333,"carto_share":0.0058637,"target_share":0.0058806},"geometry":{"type":"Polygon","coordinates":[[[0.03794,0.91985],[0.0519,0.93126],[0.06963,0.92085],[0.08214,0.92798],[0.08577,0.91165],[0.10906,0.90487],[0.12963,0.8897],[0.11406,0.85712],[0.13258,0.85349],[0.14197,0.84355],[0.13936,0.81958],[0.11997,0.79075],[0.11725,0.79124],[0.11127,0.7788],[0.11048,0.77404],[0.10543,0.76849],[0.09061,0.75905],[0.08254,0.76257],[0.06094,0.76241],[0.06498,0.7837],[0.04594,0.7697],[0.02888,0.76844],[0.0296,0.78827],[0.00816,0.79455],[0.00686,0.80559],[-0.00539,0.81342],[-0.00886,0.84031],[-0.0166,0.83248],[-0.01936,0.84313],[-0.0185,0.87685],[0.00393,0.92154],[0.02276,0.89557],[0.03794,0.91985]]]}},{"type":"Feature","properties":{"name":"Belarus","iso3":"BLR","geo_share":0.0015409,"carto_share":0.0004801,"target_share":0.0004803},"geometry":{"type":"Polygon","coordinates":[[[0.68426,0.99179],[0.68128,0.99079],[0.68013,0.98827],[0.67961,0.98592],[0.67996,0.98353],[0.6796,0.9825],[0.67816,0.98432],[0.67513,0.9825],[0.67443,0.98496],[0.6732,0.98341],[0.67119,0.9841],[0.67018,0.98365],[0.66974,0.98211],[0.66937,0.98358],[0.66844,0.98355],[0.66815,0.98544],[0.66632,0.98627],[0.66497,0.9881],[0.66301,0.98893],[0.65804,0.9869],[0.65363,0.97852],[0.65069,0.97848],[0.64898,0.97431],[0.64854,0.97938],[0.65027,0.98894],[0.64306,0.99407],[0.64657,1.00274],[0.65119,1.00514],[0.6496,1.01452],[0.64041,1.03151],[0.63502,1.04042],[0.6443,1.03381],[0.64646,1.0314],[0.64999,1.029],[0.64907,1.0312],[0.65071,1.02953],[0.65227,1.0291],[0.65442,1.02594],[0.65534,1.02512],[0.65277,1.02874],[0.64958,1.03522],[0.65118,1.03417],[0.651,1.03508],[0.65316,1.03322],[0.65334,1.0339],[0.65069,1.03638],[0.64948,1.03891],[0.65172,1.03801],[0.65531,1.03536],[0.65585,1.03644],[0.65705,1.036],[0.65819,1.03484],[0.65956,1.03414],[0.6614,1.03216],[0.66257,1.03188],[0.66434,1.03036],[0.66596,1.0279],[0.66748,1.02791],[0.6689,1.02704],[0.67319,1.02282],[0.67387,1.02063],[0.67545,1.01826],[0.67557,1.01634],[0.67736,1.0145],[0.67978,1.01017],[0.68163,1.00848],[0.68203,1.00651],[0.68372,1.00575],[0.68481,1.00476],[0.68517,1.00361],[0.68639,1.00178],[0.68476,1.00026],[0.68188,1.00151],[0.68152,0.99997],[0.68286,0.99794],[0.68344,0.9936],[0.68426,0.99179]]]}},{"type":"Feature","properties":{"name":"Barbados","iso3":"BRB","geo_share":1.6e-06,"carto_share":1.5e-06,"target_share":5e-07},"geometry":{"type":"Polygon","coordinates":[[[-0.8383,0.04123],[-0.83656,0.04523],[-0.83545,0.04218],[-0.8383,0.04123]]]}},{"type":"Feature","properties":{"name":"Bangladesh","iso3":"BGD","geo_share":0.0010087,"carto_share":0.0038934,"target_share":0.003896},"geometry":{"type":"MultiPolygon","coordinates":[[[[1.15649,0.33816],[1.13523,0.37132],[1.13509,0.37624],[1.12906,0.37973],[1.12704,0.38634],[1.11977,0.39595],[1.11768,0.41734],[1.11457,0.4213],[1.1026,0.42861],[1.09942,0.43455],[1.09946,0.4454],[1.10262,0.444],[1.10377,0.45574],[1.11453,0.45697],[1.1099,0.46753],[1.10186,0.46948],[1.09307,0.47861],[1.09345,0.4837],[1.10114,0.49192],[1.10586,0.48948],[1.11365,0.49054],[1.1147,0.49332],[1.12225,0.48778],[1.1288,0.48748],[1.12892,0.492],[1.13575,0.48563],[1.14111,0.46371],[1.15968,0.45702],[1.20312,0.44369],[1.21816,0.43045],[1.21421,0.43094],[1.21906,0.41259],[1.21725,0.40705],[1.20514,0.40575],[1.20456,0.38965],[1.21423,0.36796],[1.21683,0.37172],[1.22364,0.36312],[1.2267,0.3681],[1.22446,0.37487],[1.22674,0.38267],[1.22455,0.389],[1.23149,0.38765],[1.24286,0.36072],[1.24786,0.35246],[1.25364,0.33396],[1.25576,0.32487],[1.25051,0.32516],[1.24757,0.32298],[1.25082,0.31884],[1.24489,0.32122],[1.24181,0.32751],[1.23413,0.33835],[1.22061,0.35935],[1.21358,0.34919],[1.20808,0.34866],[1.19379,0.36771],[1.18691,0.38798],[1.18709,0.37803],[1.192,0.3694],[1.18864,0.36642],[1.19329,0.36037],[1.19124,0.35484],[1.19965,0.34344],[1.20107,0.33794],[1.19454,0.32724],[1.18952,0.32858],[1.19095,0.33535],[1.18469,0.33204],[1.17774,0.34312],[1.18089,0.33128],[1.17645,0.32698],[1.17252,0.33063],[1.17098,0.32689],[1.16139,0.33172],[1.15649,0.33816]]],[[[1.2142,0.33408],[1.21233,0.34599],[1.21667,0.33879],[1.2142,0.33408]]],[[[1.22595,0.34214],[1.22158,0.34486],[1.22285,0.34821],[1.22595,0.34214]]],[[[1.20733,0.33344],[1.20051,0.33273],[1.20302,0.33992],[1.1925,0.3578],[1.19805,0.35674],[1.20687,0.3449],[1.20733,0.33344]]],[[[1.23698,0.32814],[1.23651,0.3314],[1.23757,0.33059],[1.23698,0.32814]]],[[[1.24105,0.3247],[1.23771,0.32752],[1.23972,0.32791],[1.24105,0.3247]]],[[[1.19657,0.3608],[1.19281,0.36308],[1.1927,0.36543],[1.19657,0.3608]]]]}},{"type":"Feature","properties":{"name":"Bahrain","iso3":"BHR","geo_share":3.3e-06,"carto_share":1.7e-06,"target_share":1e-06},"geometry":{"type":"Polygon","coordinates":[[[0.66281,0.48028],[0.66394,0.48395],[0.66783,0.49328],[0.66936,0.49579],[0.66281,0.48028]]]}},{"type":"Feature","properties":{"name":"Bahamas","iso3":"BHS","geo_share":7.78e-05,"carto_share":5.08e-05,"target_share":2.42e-05},"geometry":{"type":"MultiPolygon","coordinates":[[[[-1.00585,0.20805],[-1.00977,0.20447],[-1.00777,0.21138],[-1.00406,0.21397],[-1.00585,0.20805]]],[[[-0.97915,0.25346],[-0.97938,0.25571],[-0.97615,0.26006],[-0.972,0.26848],[-0.97094,0.27697],[-0.9699,0.27037],[-0.97915,0.25346]]],[[[-0.97034,0.16706],[-0.97736,0.16544],[-0.97396,0.17048],[-0.9703,0.17045],[-0.96649,0.17412],[-0.97034,0.16706]]],[[[-1.00057,0.22071],[-1.00296,0.21654],[-1.00762,0.21219],[-1.00861,0.21543],[-1.00167,0.22387],[-1.00033,0.22698],[-0.999,0.2263],[-1.00057,0.22071]]],[[[-0.98211,0.26685],[-0.97713,0.27043],[-0.98777,0.25988],[-0.98831,0.26109],[-0.98345,0.26819],[-0.98211,0.26685]]],[[[-0.99435,0.22795],[-0.99313,0.23002],[-0.99136,0.23056],[-0.99435,0.22795]]],[[[-0.96997,0.19939],[-0.97323,0.19856],[-0.97268,0.20105],[-0.96997,0.19939]]],[[[-0.96288,0.22743],[-0.96572,0.22448],[-0.96391,0.22773],[-0.96288,0.22743]]],[[[-0.97664,0.18906],[-0.96856,0.19676],[-0.97182,0.19264],[-0.97664,0.18906]]],[[[-0.97565,0.24474],[-0.9795,0.24455],[-0.97685,0.24867],[-0.97565,0.24474]]],[[[-0.98979,0.20994],[-0.98922,0.21102],[-0.98786,0.20875],[-0.98979,0.20994]]],[[[-0.98294,0.20429],[-0.9807,0.20795],[-0.98081,0.20458],[-0.98294,0.20429]]],[[[-0.97492,0.22427],[-0.97801,0.22289],[-0.97516,0.22626],[-0.97492,0.22427]]],[[[-0.956,0.19762],[-0.96054,0.1962],[-0.95946,0.19787],[-0.956,0.19762]]],[[[-0.96384,0.17887],[-0.96595,0.17736],[-0.96451,0.17978],[-0.96384,0.17887]]]]}},{"type":"Feature","properties":{"name":"Azerbaijan","iso3":"AZE","geo_share":0.000644,"carto_share":0.0001978,"target_share":0.0002007},"geometry":{"type":"MultiPolygon","coordinates":[[[[0.74961,0.79448],[0.74989,0.79778],[0.75087,0.79936],[0.74975,0.78817],[0.7496,0.78279],[0.75038,0.78476],[0.74908,0.77614],[0.74561,0.75414],[0.74594,0.76063],[0.74735,0.77264],[0.74961,0.79448]]],[[[0.74634,0.7342],[0.74525,0.7328],[0.74738,0.74961],[0.74895,0.75574],[0.7512,0.76862],[0.75217,0.77204],[0.75352,0.78333],[0.75294,0.78214],[0.74838,0.76347],[0.7462,0.7546],[0.7484,0.76671],[0.74866,0.76701],[0.74964,0.77423],[0.75095,0.78143],[0.75096,0.78419],[0.75277,0.80579],[0.75316,0.8054],[0.75408,0.81432],[0.75405,0.82425],[0.75399,0.83374],[0.75433,0.8393],[0.75277,0.86012],[0.75309,0.86236],[0.7542,0.8546],[0.75446,0.85015],[0.75508,0.84564],[0.75551,0.83905],[0.75578,0.844],[0.75459,0.85998],[0.75465,0.86441],[0.75543,0.85903],[0.75652,0.84472],[0.75659,0.84013],[0.75742,0.83346],[0.75791,0.83912],[0.7588,0.84178],[0.75958,0.84853],[0.76055,0.83357],[0.76042,0.82647],[0.76201,0.81703],[0.76303,0.81791],[0.76452,0.81485],[0.76465,0.81106],[0.7623,0.80963],[0.7603,0.80399],[0.75675,0.78197],[0.75524,0.77208],[0.75251,0.76087],[0.75222,0.76267],[0.74934,0.74987],[0.74634,0.7342]],[[0.75422,0.83142],[0.75418,0.83353],[0.75412,0.83176],[0.75422,0.83142]]],[[[0.75308,0.85159],[0.75301,0.85342],[0.75314,0.85282],[0.75308,0.85159]]]]}},{"type":"Feature","properties":{"name":"Austria","iso3":"AUT","geo_share":0.0006279,"carto_share":0.004611,"target_share":0.0046461},"geometry":{"type":"Polygon","coordinates":[[[0.28225,0.69206],[0.2811,0.70967],[0.29343,0.71325],[0.32347,0.69914],[0.32871,0.71295],[0.35062,0.71399],[0.35578,0.7079],[0.37112,0.71186],[0.39143,0.72345],[0.41275,0.72887],[0.41395,0.73412],[0.43286,0.73517],[0.44446,0.72725],[0.44315,0.75014],[0.43928,0.76518],[0.46078,0.78573],[0.4647,0.79844],[0.46986,0.79664],[0.47565,0.81297],[0.48042,0.80488],[0.49578,0.80901],[0.50171,0.81963],[0.50342,0.83005],[0.51106,0.83067],[0.52823,0.82011],[0.53596,0.82069],[0.54086,0.81445],[0.5408,0.81027],[0.53922,0.80448],[0.53654,0.78792],[0.53245,0.77376],[0.52827,0.77093],[0.52468,0.75495],[0.52208,0.74984],[0.51638,0.72918],[0.51041,0.71781],[0.50592,0.70921],[0.49022,0.69583],[0.4826,0.68838],[0.4725,0.68629],[0.41832,0.68658],[0.4089,0.6951],[0.41027,0.70224],[0.39156,0.69351],[0.36658,0.68693],[0.35564,0.67399],[0.32956,0.67151],[0.32492,0.67881],[0.31597,0.66808],[0.28413,0.67605],[0.28652,0.68053],[0.28225,0.69206]]]}},{"type":"Feature","properties":{"name":"Australia","iso3":"AUS","geo_share":0.0573766,"carto_share":0.0149975,"target_share":0.0150056},"geometry":{"type":"MultiPolygon","coordinates":[[[[2.12084,-0.37553],[2.1157,-0.3852],[2.11449,-0.39198],[2.10622,-0.4113],[2.10221,-0.41894],[2.09674,-0.43266],[2.09699,-0.43445],[2.10507,-0.42609],[2.10344,-0.43127],[2.10553,-0.43649],[2.09797,-0.44758],[2.093,-0.45764],[2.0882,-0.46481],[2.08544,-0.4748],[2.08122,-0.48396],[2.0723,-0.49648],[2.07233,-0.50038],[2.06879,-0.5057],[2.06824,-0.50911],[2.07213,-0.51012],[2.0722,-0.51184],[2.07613,-0.51022],[2.07524,-0.51354],[2.07677,-0.51587],[2.08403,-0.51646],[2.08392,-0.52027],[2.07903,-0.52292],[2.08023,-0.52817],[2.07806,-0.53226],[2.07873,-0.53313],[2.07418,-0.54096],[2.07394,-0.54281],[2.07617,-0.54352],[2.07808,-0.54077],[2.08175,-0.53855],[2.08178,-0.54068],[2.08456,-0.542],[2.08879,-0.53914],[2.08845,-0.54136],[2.08115,-0.54861],[2.07921,-0.55159],[2.08338,-0.55652],[2.08804,-0.55783],[2.08723,-0.56146],[2.09056,-0.56287],[2.08937,-0.56605],[2.09165,-0.56763],[2.08897,-0.5696],[2.09078,-0.57178],[2.08616,-0.57454],[2.08165,-0.58047],[2.07923,-0.58235],[2.07845,-0.5925],[2.07451,-0.59769],[2.06814,-0.60081],[2.06363,-0.60623],[2.0565,-0.61229],[2.05493,-0.61572],[2.05096,-0.62078],[2.04726,-0.62407],[2.04323,-0.62632],[2.04025,-0.63048],[2.03511,-0.6323],[2.03506,-0.6333],[2.03045,-0.63419],[2.02104,-0.64152],[2.01885,-0.64573],[2.01351,-0.64955],[2.0064,-0.65978],[2.00506,-0.65998],[1.99865,-0.66714],[1.99433,-0.67641],[1.99232,-0.68032],[1.99122,-0.68671],[1.99004,-0.69105],[1.98383,-0.69359],[1.97569,-0.69169],[1.97245,-0.69296],[1.9678,-0.69773],[1.96213,-0.70653],[1.95859,-0.70745],[1.95877,-0.71082],[1.95628,-0.71927],[1.95671,-0.71164],[1.95504,-0.71294],[1.95583,-0.7071],[1.9544,-0.70448],[1.9562,-0.70129],[1.95677,-0.69858],[1.95578,-0.69867],[1.95192,-0.70438],[1.95162,-0.70137],[1.95282,-0.70112],[1.95574,-0.69631],[1.95564,-0.69358],[1.95113,-0.69805],[1.95226,-0.69896],[1.94656,-0.70522],[1.94228,-0.71198],[1.93897,-0.71627],[1.93754,-0.71518],[1.93645,-0.70963],[1.93366,-0.71034],[1.93136,-0.70955],[1.92697,-0.71371],[1.92712,-0.70897],[1.92354,-0.71016],[1.92286,-0.70846],[1.92473,-0.70384],[1.92541,-0.69799],[1.92744,-0.69469],[1.93353,-0.68727],[1.93633,-0.67855],[1.9356,-0.67117],[1.93982,-0.6687],[1.93932,-0.6677],[1.93018,-0.6728],[1.92651,-0.67295],[1.93207,-0.6679],[1.93579,-0.66354],[1.93733,-0.66018],[1.93722,-0.65258],[1.93411,-0.65592],[1.93175,-0.65947],[1.92597,-0.66587],[1.92333,-0.66603],[1.91512,-0.66923],[1.92056,-0.66304],[1.92489,-0.6625],[1.92883,-0.6576],[1.93183,-0.65166],[1.93484,-0.6482],[1.9384,-0.64561],[1.93908,-0.64145],[1.94051,-0.64061],[1.94055,-0.63542],[1.93984,-0.63764],[1.93568,-0.64055],[1.93216,-0.6448],[1.92249,-0.64933],[1.9106,-0.66072],[1.9082,-0.66585],[1.90377,-0.66686],[1.90347,-0.66121],[1.90626,-0.6605],[1.91178,-0.64934],[1.91168,-0.64565],[1.91365,-0.64153],[1.91302,-0.63991],[1.90971,-0.63997],[1.91116,-0.6346],[1.9139,-0.63232],[1.90876,-0.62806],[1.9048,-0.62787],[1.90049,-0.62536],[1.8925,-0.62602],[1.88812,-0.62284],[1.88116,-0.6213],[1.87429,-0.62281],[1.86396,-0.6235],[1.84471,-0.62684],[1.82868,-0.63265],[1.81692,-0.63634],[1.80947,-0.63802],[1.80166,-0.63887],[1.79816,-0.63997],[1.78862,-0.64455],[1.77528,-0.65069],[1.76963,-0.65261],[1.76466,-0.6554],[1.75673,-0.66251],[1.75185,-0.66674],[1.7454,-0.67007],[1.74203,-0.66911],[1.73369,-0.67242],[1.73437,-0.67055],[1.72742,-0.67174],[1.7195,-0.67462],[1.71294,-0.67774],[1.70556,-0.68023],[1.70073,-0.6832],[1.69406,-0.68851],[1.68549,-0.69251],[1.66826,-0.70419],[1.65984,-0.70825],[1.64772,-0.71133],[1.64314,-0.71092],[1.64426,-0.70779],[1.6403,-0.70699],[1.63592,-0.70773],[1.64902,-0.69778],[1.65044,-0.69853],[1.65827,-0.69561],[1.6667,-0.69038],[1.67493,-0.68343],[1.67824,-0.68155],[1.6909,-0.67191],[1.69347,-0.66957],[1.69848,-0.6612],[1.70389,-0.65497],[1.71452,-0.64598],[1.71669,-0.64315],[1.71626,-0.64098],[1.71869,-0.6379],[1.71729,-0.63438],[1.72242,-0.62816],[1.72054,-0.62442],[1.71559,-0.62083],[1.7192,-0.61796],[1.72014,-0.62205],[1.72303,-0.62228],[1.72733,-0.61983],[1.72371,-0.61785],[1.72249,-0.61409],[1.72658,-0.61319],[1.72863,-0.61513],[1.72599,-0.61773],[1.73034,-0.61695],[1.73115,-0.62016],[1.73412,-0.61902],[1.73783,-0.61478],[1.73485,-0.6072],[1.73304,-0.60269],[1.73472,-0.60025],[1.7392,-0.59721],[1.74418,-0.59493],[1.74579,-0.59177],[1.74374,-0.58808],[1.74802,-0.58184],[1.75098,-0.58113],[1.75226,-0.58794],[1.75618,-0.58716],[1.7598,-0.58379],[1.76383,-0.58211],[1.7731,-0.58057],[1.78161,-0.57625],[1.79165,-0.57276],[1.79745,-0.57307],[1.80075,-0.57414],[1.8046,-0.57333],[1.8126,-0.57019],[1.82098,-0.56878],[1.8272,-0.56533],[1.83393,-0.56567],[1.84354,-0.56349],[1.8552,-0.55967],[1.86095,-0.55686],[1.8683,-0.55172],[1.87695,-0.5435],[1.87962,-0.54238],[1.88559,-0.53803],[1.88436,-0.53728],[1.88478,-0.52899],[1.88876,-0.52468],[1.89269,-0.52252],[1.89629,-0.51761],[1.89776,-0.52414],[1.8994,-0.53153],[1.90231,-0.52591],[1.90384,-0.52697],[1.90447,-0.52415],[1.90261,-0.51931],[1.90588,-0.51523],[1.90689,-0.51806],[1.91001,-0.51681],[1.91292,-0.51739],[1.91359,-0.51439],[1.91493,-0.51449],[1.91669,-0.51022],[1.91471,-0.51257],[1.91402,-0.50931],[1.91512,-0.505],[1.91647,-0.50524],[1.91889,-0.50199],[1.9218,-0.50494],[1.92001,-0.5],[1.92257,-0.49825],[1.92513,-0.50019],[1.92378,-0.49275],[1.92765,-0.48947],[1.93026,-0.49281],[1.93143,-0.49082],[1.93326,-0.48013],[1.9337,-0.48414],[1.93518,-0.48095],[1.93633,-0.48455],[1.94034,-0.47425],[1.94319,-0.47914],[1.94533,-0.48489],[1.94564,-0.49058],[1.94722,-0.49469],[1.94365,-0.50231],[1.94528,-0.50183],[1.94557,-0.4989],[1.94966,-0.49479],[1.95528,-0.4949],[1.95512,-0.49841],[1.95773,-0.49398],[1.95968,-0.49668],[1.96194,-0.49229],[1.96425,-0.49105],[1.96322,-0.48889],[1.96477,-0.48726],[1.96271,-0.48497],[1.9691,-0.47612],[1.97258,-0.4681],[1.97742,-0.46278],[1.9781,-0.45575],[1.98098,-0.45012],[1.98279,-0.44943],[1.98369,-0.44428],[1.98495,-0.4476],[1.9858,-0.44305],[1.98999,-0.43582],[1.99003,-0.44127],[1.99583,-0.43875],[1.99619,-0.44107],[1.99931,-0.43452],[2.00229,-0.42418],[2.00191,-0.41988],[1.99916,-0.42044],[1.99795,-0.41379],[1.9998,-0.41099],[2.00097,-0.41462],[2.00225,-0.41147],[2.00341,-0.42],[2.0057,-0.41631],[2.00652,-0.41779],[2.00561,-0.42473],[2.0072,-0.42671],[2.01009,-0.42559],[2.01117,-0.42856],[2.01347,-0.42814],[2.01631,-0.42494],[2.01694,-0.4282],[2.01867,-0.42747],[2.03223,-0.41177],[2.02518,-0.42185],[2.02808,-0.41989],[2.02639,-0.42491],[2.02854,-0.42366],[2.03255,-0.41663],[2.03839,-0.41023],[2.03733,-0.41511],[2.03895,-0.41619],[2.02803,-0.42868],[2.02636,-0.43275],[2.0222,-0.43807],[2.02095,-0.43753],[2.01483,-0.44305],[2.01099,-0.45198],[2.00696,-0.45906],[1.99752,-0.47365],[1.99654,-0.47842],[1.99913,-0.48545],[1.99869,-0.48864],[2.00185,-0.48996],[2.00105,-0.49383],[2.00347,-0.49295],[2.00853,-0.49747],[2.00896,-0.50116],[2.01105,-0.50416],[2.01978,-0.50455],[2.0193,-0.51034],[2.0215,-0.5105],[2.02708,-0.51265],[2.03427,-0.50957],[2.04067,-0.50471],[2.04693,-0.49708],[2.05416,-0.4887],[2.06287,-0.47621],[2.06857,-0.46632],[2.07645,-0.45365],[2.08179,-0.44101],[2.08567,-0.43386],[2.08791,-0.42649],[2.09461,-0.41373],[2.09747,-0.40627],[2.10165,-0.40197],[2.10412,-0.3917],[2.11089,-0.37939],[2.11929,-0.36164],[2.12343,-0.35173],[2.12946,-0.34248],[2.12831,-0.35073],[2.12561,-0.35919],[2.11947,-0.3737],[2.12084,-0.37553]]],[[[2.09049,-0.57028],[2.09154,-0.56852],[2.09707,-0.56553],[2.10586,-0.56261],[2.10621,-0.56384],[2.09049,-0.57028]]],[[[2.02368,-0.50105],[2.02898,-0.49493],[2.03448,-0.49186],[2.03477,-0.49386],[2.02368,-0.50105]]],[[[2.02229,-0.44779],[2.01952,-0.45084],[2.0177,-0.45763],[2.0114,-0.45828],[2.01554,-0.45095],[2.02087,-0.44586],[2.02229,-0.44779]]],[[[1.98509,-0.42408],[1.98582,-0.42807],[1.98168,-0.42737],[1.98303,-0.41807],[1.9852,-0.41464],[1.98509,-0.42408]]],[[[1.98751,-0.41612],[1.99105,-0.41547],[1.99378,-0.41147],[1.99476,-0.41866],[1.99338,-0.4229],[1.9881,-0.43158],[1.98575,-0.42251],[1.98589,-0.41136],[1.98751,-0.41612]]],[[[1.71476,-0.61742],[1.71145,-0.61469],[1.71409,-0.61212],[1.71476,-0.61742]]],[[[1.91755,-0.67667],[1.92302,-0.6758],[1.92052,-0.67871],[1.91637,-0.67944],[1.91108,-0.68343],[1.90276,-0.68482],[1.90201,-0.68272],[1.90531,-0.67964],[1.91618,-0.67465],[1.91755,-0.67667]]],[[[1.95614,-0.7006],[1.95484,-0.70208],[1.95528,-0.70015],[1.95614,-0.7006]]],[[[1.95422,-0.70359],[1.95279,-0.7047],[1.95389,-0.70301],[1.95422,-0.70359]]],[[[2.08819,-0.51663],[2.09134,-0.51402],[2.09043,-0.5158],[2.08819,-0.51663]]],[[[2.08961,-0.51449],[2.09309,-0.51208],[2.09117,-0.51385],[2.08961,-0.51449]]],[[[2.08458,-0.55158],[2.08129,-0.55413],[2.0812,-0.55205],[2.08458,-0.55158]]],[[[2.08658,-0.53901],[2.0885,-0.53757],[2.08824,-0.53863],[2.08658,-0.53901]]],[[[2.07828,-0.53987],[2.07962,-0.53807],[2.08047,-0.53763],[2.07828,-0.53987]]],[[[2.08455,-0.58507],[2.08059,-0.5875],[2.08287,-0.58462],[2.08455,-0.58507]]],[[[2.08324,-0.58391],[2.08493,-0.58126],[2.08667,-0.58126],[2.08324,-0.58391]]],[[[2.12756,-0.34343],[2.12596,-0.34572],[2.12819,-0.34015],[2.12756,-0.34343]]],[[[2.13338,-0.32832],[2.1332,-0.3269],[2.13505,-0.32425],[2.13338,-0.32832]]],[[[2.13287,-0.32658],[2.13317,-0.32478],[2.13463,-0.32293],[2.13287,-0.32658]]],[[[2.07562,-0.49452],[2.07244,-0.49889],[2.07326,-0.49578],[2.07562,-0.49452]]],[[[2.04527,-0.39633],[2.0543,-0.38239],[2.05141,-0.38781],[2.04527,-0.39633]]],[[[2.03751,-0.40558],[2.04359,-0.39829],[2.04138,-0.40146],[2.03751,-0.40558]]],[[[2.00538,-0.49063],[2.00425,-0.48976],[2.00615,-0.48697],[2.00538,-0.49063]]],[[[2.00393,-0.48827],[2.00547,-0.48543],[2.00479,-0.48729],[2.00393,-0.48827]]],[[[2.00112,-0.48912],[2.00112,-0.48754],[2.00206,-0.48729],[2.00112,-0.48912]]],[[[2.0235,-0.50684],[2.02607,-0.50413],[2.02615,-0.50558],[2.0235,-0.50684]]],[[[2.0124,-0.45147],[2.01483,-0.44814],[2.01439,-0.45021],[2.0124,-0.45147]]],[[[2.004,-0.4145],[2.00544,-0.40584],[2.00685,-0.40353],[2.004,-0.4145]]],[[[1.92331,-0.49118],[1.92307,-0.48806],[1.92392,-0.48802],[1.92331,-0.49118]]],[[[1.91703,-0.50371],[1.91581,-0.5024],[1.91665,-0.50129],[1.91703,-0.50371]]],[[[1.77135,-0.57268],[1.76984,-0.57166],[1.77169,-0.56996],[1.77135,-0.57268]]],[[[1.92956,-0.76953],[1.93152,-0.76903],[1.93325,-0.77356],[1.93557,-0.77553],[1.93966,-0.77253],[1.93971,-0.77414],[1.94279,-0.76987],[1.94677,-0.76874],[1.95001,-0.76489],[1.95383,-0.76259],[1.95505,-0.76569],[1.94328,-0.78667],[1.94314,-0.78552],[1.93856,-0.7904],[1.93473,-0.79563],[1.92994,-0.80621],[1.92765,-0.8074],[1.92842,-0.80358],[1.93054,-0.80183],[1.92769,-0.80138],[1.91561,-0.81718],[1.91389,-0.81575],[1.9082,-0.81824],[1.91013,-0.81461],[1.91121,-0.80702],[1.91401,-0.80039],[1.91733,-0.79497],[1.91674,-0.79895],[1.91889,-0.79641],[1.92043,-0.78838],[1.92195,-0.78154],[1.9248,-0.77356],[1.92808,-0.76726],[1.92956,-0.76953]]],[[[1.92663,-0.75422],[1.92848,-0.74844],[1.93314,-0.73864],[1.93369,-0.73992],[1.9305,-0.74924],[1.92663,-0.75422]]],[[[1.96435,-0.74243],[1.96324,-0.74643],[1.96028,-0.74964],[1.96083,-0.7395],[1.96332,-0.73549],[1.96435,-0.74243]]],[[[1.92081,-0.81367],[1.91947,-0.814],[1.923,-0.80918],[1.92081,-0.81367]]],[[[1.93433,-0.79808],[1.93585,-0.79599],[1.93618,-0.79703],[1.93433,-0.79808]]],[[[1.92462,-0.80825],[1.92432,-0.80687],[1.92557,-0.80513],[1.92462,-0.80825]]],[[[1.92907,-0.76523],[1.92975,-0.76267],[1.93082,-0.76146],[1.92907,-0.76523]]],[[[1.96181,-0.75063],[1.96198,-0.75352],[1.95845,-0.7544],[1.96181,-0.75063]]],[[[1.95903,-0.75575],[1.95781,-0.75769],[1.9579,-0.75605],[1.95903,-0.75575]]],[[[1.8859,-1.01285],[1.88956,-1.0096],[1.89085,-1.00903],[1.8859,-1.01285]]]]}},{"type":"Feature","properties":{"name":"Indian Ocean Ter.","iso3":"IOA","geo_share":8e-07,"carto_share":7e-07,"target_share":2e-07},"geometry":{"type":"MultiPolygon","coordinates":[[[[1.5929,-0.4106],[1.59044,-0.40987],[1.5935,-0.40906],[1.5929,-0.4106]]],[[[1.38945,-0.40215],[1.38897,-0.40217],[1.38861,-0.40186],[1.38945,-0.40215]]],[[[1.39018,-0.40247],[1.38985,-0.40222],[1.39048,-0.40216],[1.39018,-0.40247]]]]}},{"type":"Feature","properties":{"name":"Heard I. and McDonald Is.","iso3":"HMD","geo_share":2.6e-06,"carto_share":2.5e-06,"target_share":8e-07},"geometry":{"type":"Polygon","coordinates":[[[0.8508,-0.99433],[0.84962,-0.99119],[0.85563,-0.99366],[0.8508,-0.99433]]]}},{"type":"Feature","properties":{"name":"Norfolk Island","iso3":"NFK","geo_share":2e-07,"carto_share":2e-07,"target_share":1e-07},"geometry":{"type":"Polygon","coordinates":[[[2.33224,-0.6188],[2.33068,-0.61952],[2.33149,-0.61833],[2.33224,-0.6188]]]}},{"type":"Feature","properties":{"name":"Ashmore and Cartier Is.","iso3":"ATC","geo_share":0.0,"carto_share":0.0,"target_share":0.0},"geometry":{"type":"Polygon","coordinates":[[[1.90645,-0.43501],[1.90615,-0.43517],[1.90616,-0.43493],[1.90645,-0.43501]]]}},{"type":"Feature","properties":{"name":"Armenia","iso3":"ARM","geo_share":0.0002248,"carto_share":0.0001048,"target_share":7.01e-05},"geometry":{"type":"MultiPolygon","coordinates":[[[[0.74989,0.79778],[0.75037,0.81776],[0.74903,0.81704],[0.74838,0.82419],[0.74848,0.83816],[0.74939,0.84835],[0.74777,0.86552],[0.75081,0.86454],[0.75253,0.85902],[0.75277,0.86012],[0.75433,0.8393],[0.75399,0.83374],[0.75405,0.82425],[0.75408,0.81432],[0.75316,0.8054],[0.75277,0.80579],[0.75096,0.78419],[0.75095,0.78143],[0.74964,0.77423],[0.74866,0.76701],[0.7484,0.76671],[0.7462,0.7546],[0.74561,0.75414],[0.74908,0.77614],[0.75038,0.78476],[0.7496,0.78279],[0.74975,0.78817],[0.75087,0.79936],[0.74989,0.79778]],[[0.75308,0.85159],[0.75314,0.85282],[0.75301,0.85342],[0.75308,0.85159]]],[[[0.75422,0.83142],[0.75412,0.83176],[0.75418,0.83353],[0.75422,0.83142]]]]}},{"type":"Feature","properties":{"name":"Argentina","iso3":"ARG","geo_share":0.0207185,"carto_share":0.0056009,"target_share":0.005605},"geometry":{"type":"MultiPolygon","coordinates":[[[[-0.801,-0.56251],[-0.80234,-0.56813],[-0.80204,-0.57145],[-0.80327,-0.57974],[-0.80321,-0.583],[-0.804,-0.58515],[-0.80367,-0.58983],[-0.80414,-0.5919],[-0.80412,-0.59841],[-0.80578,-0.60134],[-0.8072,-0.61021],[-0.80711,-0.618],[-0.80815,-0.62025],[-0.80728,-0.62592],[-0.80417,-0.62783],[-0.80111,-0.63179],[-0.80013,-0.63779],[-0.80167,-0.64233],[-0.80052,-0.64943],[-0.7949,-0.65345],[-0.79331,-0.65969],[-0.79496,-0.66737],[-0.79631,-0.67106],[-0.79561,-0.67623],[-0.79941,-0.67998],[-0.8052,-0.68173],[-0.81101,-0.6831],[-0.8199,-0.68578],[-0.82312,-0.6869],[-0.82748,-0.68729],[-0.82747,-0.69296],[-0.82608,-0.69445],[-0.82632,-0.70283],[-0.82731,-0.70427],[-0.82756,-0.70994],[-0.82682,-0.71512],[-0.82483,-0.71989],[-0.8252,-0.72428],[-0.82892,-0.72818],[-0.83442,-0.72881],[-0.83656,-0.72615],[-0.84015,-0.7243],[-0.8415,-0.72656],[-0.84187,-0.73123],[-0.84156,-0.74098],[-0.84174,-0.75002],[-0.84071,-0.75381],[-0.8381,-0.75549],[-0.83828,-0.75847],[-0.83464,-0.75745],[-0.83608,-0.75388],[-0.83273,-0.75116],[-0.82997,-0.75747],[-0.82939,-0.76569],[-0.83351,-0.76682],[-0.83605,-0.76118],[-0.83863,-0.76078],[-0.84076,-0.76552],[-0.83487,-0.76889],[-0.83931,-0.775],[-0.84047,-0.7808],[-0.83873,-0.78823],[-0.83791,-0.79586],[-0.83937,-0.79882],[-0.83763,-0.80573],[-0.84201,-0.80363],[-0.84378,-0.80766],[-0.84553,-0.80892],[-0.84678,-0.82434],[-0.84553,-0.83285],[-0.84376,-0.83755],[-0.838,-0.84642],[-0.83132,-0.84754],[-0.82785,-0.85116],[-0.82759,-0.85772],[-0.82566,-0.85936],[-0.82931,-0.86426],[-0.8336,-0.86722],[-0.83529,-0.87134],[-0.83543,-0.8753],[-0.83247,-0.88496],[-0.83477,-0.88792],[-0.83717,-0.88522],[-0.83931,-0.88139],[-0.83844,-0.88424],[-0.83568,-0.88838],[-0.83785,-0.89097],[-0.83785,-0.89275],[-0.83593,-0.90101],[-0.83146,-0.90971],[-0.8309,-0.91138],[-0.83321,-0.91042],[-0.82836,-0.91499],[-0.81814,-0.92814],[-0.81817,-0.9289],[-0.81894,-0.92758],[-0.82726,-0.92148],[-0.8296,-0.92018],[-0.83411,-0.91582],[-0.84453,-0.91035],[-0.84512,-0.9086],[-0.84846,-0.90321],[-0.84883,-0.89961],[-0.84992,-0.89642],[-0.8501,-0.89376],[-0.85124,-0.89039],[-0.85228,-0.88918],[-0.85512,-0.89078],[-0.85789,-0.88391],[-0.85883,-0.88265],[-0.85956,-0.87847],[-0.8608,-0.87589],[-0.8609,-0.87239],[-0.85906,-0.8721],[-0.85914,-0.86779],[-0.8578,-0.86527],[-0.8585,-0.86138],[-0.85772,-0.85916],[-0.85825,-0.85529],[-0.8598,-0.85152],[-0.85997,-0.84551],[-0.85874,-0.84116],[-0.85979,-0.83512],[-0.85933,-0.83113],[-0.86095,-0.82399],[-0.8603,-0.82048],[-0.86097,-0.8184],[-0.86133,-0.81375],[-0.86045,-0.81261],[-0.8602,-0.80757],[-0.86141,-0.80299],[-0.86344,-0.80187],[-0.86317,-0.79989],[-0.86033,-0.79924],[-0.86044,-0.79361],[-0.86292,-0.79275],[-0.86312,-0.78808],[-0.86268,-0.78503],[-0.86327,-0.77932],[-0.8641,-0.77689],[-0.86372,-0.77208],[-0.8657,-0.76939],[-0.86614,-0.75721],[-0.8657,-0.75446],[-0.86433,-0.75342],[-0.86544,-0.74579],[-0.86577,-0.73388],[-0.86622,-0.73098],[-0.86508,-0.72541],[-0.8658,-0.72326],[-0.86492,-0.71879],[-0.86545,-0.71526],[-0.8645,-0.71455],[-0.86399,-0.70988],[-0.86414,-0.70549],[-0.86346,-0.7033],[-0.86183,-0.70135],[-0.86135,-0.6983],[-0.86194,-0.69698],[-0.86231,-0.69096],[-0.86317,-0.68704],[-0.86302,-0.67778],[-0.86354,-0.67415],[-0.86276,-0.66939],[-0.86092,-0.66702],[-0.85892,-0.66159],[-0.85871,-0.65721],[-0.85911,-0.65061],[-0.85794,-0.64149],[-0.85652,-0.63461],[-0.85546,-0.63318],[-0.8555,-0.62546],[-0.855,-0.61829],[-0.85608,-0.61833],[-0.85681,-0.6061],[-0.85804,-0.60049],[-0.8574,-0.59851],[-0.85866,-0.59701],[-0.85976,-0.59323],[-0.8596,-0.58718],[-0.85822,-0.58522],[-0.85858,-0.58359],[-0.85768,-0.57705],[-0.85647,-0.57575],[-0.85671,-0.56749],[-0.85779,-0.56123],[-0.8567,-0.55802],[-0.85637,-0.5483],[-0.85382,-0.54122],[-0.85249,-0.52949],[-0.84971,-0.52734],[-0.84966,-0.52501],[-0.85144,-0.51951],[-0.85079,-0.51385],[-0.85261,-0.50402],[-0.85256,-0.50044],[-0.85181,-0.49836],[-0.85332,-0.4946],[-0.85334,-0.49145],[-0.85214,-0.48792],[-0.84749,-0.48255],[-0.84734,-0.46529],[-0.84876,-0.46204],[-0.84748,-0.45267],[-0.84591,-0.45158],[-0.84584,-0.44669],[-0.84294,-0.45229],[-0.83938,-0.45318],[-0.83696,-0.45561],[-0.83493,-0.46504],[-0.83488,-0.46167],[-0.83401,-0.45356],[-0.83328,-0.45255],[-0.82832,-0.45272],[-0.8272,-0.4564],[-0.82478,-0.46213],[-0.82315,-0.46883],[-0.81731,-0.4803],[-0.8123,-0.48306],[-0.8096,-0.48776],[-0.80427,-0.49372],[-0.80302,-0.49367],[-0.80133,-0.49546],[-0.80008,-0.50063],[-0.80119,-0.50316],[-0.80202,-0.50766],[-0.80307,-0.50972],[-0.80372,-0.51322],[-0.80365,-0.51669],[-0.80588,-0.52489],[-0.80568,-0.52646],[-0.80348,-0.52551],[-0.79793,-0.52693],[-0.79518,-0.52616],[-0.79431,-0.52702],[-0.79269,-0.52349],[-0.79027,-0.52394],[-0.78837,-0.518],[-0.7867,-0.51639],[-0.78473,-0.512],[-0.78362,-0.50694],[-0.78263,-0.49643],[-0.78172,-0.49684],[-0.78002,-0.49487],[-0.7787,-0.49649],[-0.77806,-0.50397],[-0.77979,-0.51665],[-0.78268,-0.52157],[-0.78551,-0.52414],[-0.78722,-0.52875],[-0.79079,-0.53413],[-0.79067,-0.53635],[-0.79158,-0.53626],[-0.79366,-0.54172],[-0.79753,-0.55378],[-0.79901,-0.55663],[-0.801,-0.56251]]],[[[-0.81725,-0.93371],[-0.81227,-0.9392],[-0.81058,-0.94488],[-0.80723,-0.94656],[-0.80377,-0.9511],[-0.79338,-0.95943],[-0.77893,-0.9673],[-0.77274,-0.96953],[-0.76627,-0.97051],[-0.76662,-0.97316],[-0.77181,-0.97297],[-0.778,-0.97365],[-0.78316,-0.97143],[-0.79609,-0.96732],[-0.79958,-0.96687],[-0.81725,-0.93371]]],[[[-0.759,-0.97165],[-0.75081,-0.97237],[-0.75592,-0.97303],[-0.7586,-0.97431],[-0.7605,-0.97308],[-0.759,-0.97165]]],[[[-0.82483,-0.69158],[-0.8262,-0.6898],[-0.82508,-0.69003],[-0.82483,-0.69158]]]]}},{"type":"Feature","properties":{"name":"Antigua and Barb.","iso3":"ATG","geo_share":1.6e-06,"carto_share":1.4e-06,"target_share":5e-07},"geometry":{"type":"MultiPolygon","coordinates":[[[[-0.84555,0.12548],[-0.8442,0.12872],[-0.84286,0.12763],[-0.84555,0.12548]]],[[[-0.84143,0.13639],[-0.84168,0.13945],[-0.84064,0.13868],[-0.84143,0.13639]]]]}},{"type":"Feature","properties":{"name":"Angola","iso3":"AGO","geo_share":0.0093073,"carto_share":0.0028994,"target_share":0.0029012},"geometry":{"type":"MultiPolygon","coordinates":[[[[0.28067,-0.11873],[0.2793,-0.11986],[0.27699,-0.12494],[0.27769,-0.12644],[0.27798,-0.13688],[0.27492,-0.13803],[0.27456,-0.12952],[0.27296,-0.12342],[0.27586,-0.11702],[0.279,-0.11517],[0.28067,-0.11873]]],[[[0.34261,-0.23024],[0.3428,-0.23849],[0.34224,-0.24207],[0.34193,-0.25411],[0.34107,-0.2599],[0.34143,-0.26277],[0.33021,-0.26386],[0.32701,-0.30901],[0.32718,-0.31844],[0.32795,-0.31971],[0.33301,-0.33283],[0.32105,-0.33943],[0.31937,-0.33898],[0.31719,-0.34015],[0.31537,-0.33846],[0.30809,-0.33826],[0.30625,-0.33682],[0.30486,-0.33264],[0.27919,-0.33478],[0.27629,-0.33022],[0.27434,-0.32999],[0.26964,-0.33368],[0.26417,-0.33382],[0.26046,-0.33524],[0.26227,-0.32809],[0.26281,-0.31803],[0.26231,-0.31588],[0.26559,-0.31289],[0.27016,-0.29881],[0.27153,-0.28995],[0.2737,-0.28061],[0.27776,-0.27398],[0.27876,-0.26963],[0.28357,-0.26476],[0.28664,-0.25683],[0.28801,-0.2506],[0.28946,-0.23562],[0.2887,-0.22749],[0.28714,-0.22347],[0.28446,-0.21055],[0.28416,-0.20521],[0.28256,-0.19931],[0.28641,-0.19271],[0.28663,-0.18675],[0.28187,-0.16531],[0.28152,-0.16038],[0.27839,-0.15385],[0.27592,-0.14458],[0.28087,-0.14316],[0.28299,-0.14085],[0.28864,-0.14217],[0.29092,-0.14348],[0.30107,-0.14565],[0.30236,-0.1476],[0.30356,-0.15241],[0.30398,-0.15879],[0.30515,-0.16431],[0.30572,-0.16986],[0.30897,-0.1842],[0.3109,-0.18427],[0.31471,-0.18245],[0.316,-0.1836],[0.31834,-0.18327],[0.31847,-0.17811],[0.31923,-0.16973],[0.31992,-0.16803],[0.32444,-0.16645],[0.32509,-0.16681],[0.32515,-0.17243],[0.33149,-0.17322],[0.33197,-0.17512],[0.33154,-0.18229],[0.33205,-0.18999],[0.332,-0.19568],[0.33127,-0.20821],[0.33263,-0.21454],[0.3335,-0.22086],[0.3335,-0.22772],[0.3327,-0.23091],[0.33311,-0.23564],[0.33471,-0.23342],[0.33798,-0.23359],[0.33938,-0.23199],[0.34178,-0.23249],[0.34261,-0.23024]]]]}},{"type":"Feature","properties":{"name":"Andorra","iso3":"AND","geo_share":1.3e-06,"carto_share":4.8e-06,"target_share":4e-07},"geometry":{"type":"Polygon","coordinates":[[[0.02165,0.4415],[0.03135,0.43271],[0.02676,0.43368],[0.02165,0.4415]]]}},{"type":"Feature","properties":{"name":"Algeria","iso3":"DZA","geo_share":0.0172947,"carto_share":0.0053878,"target_share":0.005391},"geometry":{"type":"Polygon","coordinates":[[[0.15885,0.26874],[0.15469,0.26362],[0.15587,0.26258],[0.15439,0.25857],[0.15515,0.25396],[0.1538,0.25056],[0.15277,0.24932],[0.15027,0.2482],[0.14748,0.24592],[0.14757,0.24419],[0.15053,0.24026],[0.15419,0.23897],[0.15581,0.23783],[0.15793,0.23525],[0.16641,0.2317],[0.17678,0.21996],[0.17466,0.21935],[0.1801,0.21572],[0.18339,0.21184],[0.18384,0.20926],[0.18633,0.20427],[0.18497,0.20133],[0.18735,0.19821],[0.18728,0.19628],[0.18306,0.19477],[0.18282,0.19299],[0.19022,0.18827],[0.1908,0.18641],[0.1939,0.18339],[0.19618,0.18271],[0.1991,0.18331],[0.20944,0.18199],[0.21497,0.17695],[0.16362,0.15644],[0.14537,0.14652],[0.14436,0.14621],[0.1264,0.1446],[0.11664,0.14384],[0.11288,0.14517],[0.11437,0.14699],[0.11327,0.14976],[0.10899,0.15115],[0.10331,0.1522],[0.10082,0.15364],[0.09421,0.15492],[0.09308,0.15626],[0.08737,0.15847],[0.08676,0.16055],[0.01397,0.19449],[0.01014,0.19646],[0.00153,0.20097],[-0.03538,0.22168],[-0.03584,0.2245],[-0.03681,0.23233],[-0.02895,0.23561],[-0.02721,0.23557],[-0.02403,0.23649],[-0.0193,0.23511],[-0.01861,0.23649],[-0.01108,0.23516],[-0.00772,0.23493],[-0.00526,0.23563],[-0.00368,0.23697],[0.00348,0.23668],[0.00717,0.23704],[0.0107,0.23647],[0.01143,0.23695],[0.00845,0.23823],[0.00749,0.24077],[0.01254,0.23995],[0.01799,0.23952],[0.01885,0.24036],[0.02541,0.23958],[0.04205,0.23677],[0.04249,0.23802],[0.04503,0.23839],[0.03855,0.24122],[0.03616,0.2436],[0.03662,0.24738],[0.03484,0.24964],[0.03605,0.25038],[0.02835,0.25337],[0.0343,0.2528],[0.04557,0.25433],[0.05309,0.25693],[0.06083,0.25886],[0.0642,0.25833],[0.06742,0.25923],[0.06878,0.26115],[0.07319,0.26366],[0.0813,0.26702],[0.09228,0.26755],[0.09475,0.26724],[0.09807,0.26975],[0.10352,0.26957],[0.10587,0.27103],[0.11607,0.27032],[0.12115,0.26675],[0.12364,0.26656],[0.13233,0.26968],[0.13476,0.27172],[0.14026,0.26874],[0.14386,0.2692],[0.14329,0.27101],[0.14825,0.26936],[0.15171,0.26744],[0.15885,0.26874]]]}},{"type":"Feature","properties":{"name":"Albania","iso3":"ALB","geo_share":0.0002103,"carto_share":6.77e-05,"target_share":6.55e-05},"geometry":{"type":"Polygon","coordinates":[[[0.51343,0.65414],[0.51407,0.66186],[0.51589,0.66942],[0.51605,0.66597],[0.51686,0.66601],[0.5168,0.6612],[0.51676,0.65758],[0.51555,0.64956],[0.51329,0.63987],[0.51132,0.63169],[0.50842,0.61851],[0.50828,0.61676],[0.50666,0.61055],[0.50409,0.60263],[0.49951,0.5885],[0.49607,0.57978],[0.49305,0.5709],[0.48893,0.56079],[0.48884,0.56153],[0.49509,0.5793],[0.49626,0.58505],[0.50256,0.60616],[0.50655,0.61991],[0.51095,0.64003],[0.51367,0.65095],[0.51343,0.65414]]]}},{"type":"Feature","properties":{"name":"Afghanistan","iso3":"AFG","geo_share":0.0047727,"carto_share":0.0014845,"target_share":0.0014877},"geometry":{"type":"Polygon","coordinates":[[[0.81183,0.77474],[0.81316,0.77452],[0.81335,0.77143],[0.81427,0.77034],[0.81427,0.76463],[0.81661,0.77192],[0.81742,0.77332],[0.81747,0.76745],[0.81804,0.7698],[0.81901,0.77839],[0.81997,0.77895],[0.8202,0.77722],[0.82069,0.78009],[0.82115,0.78714],[0.82273,0.79829],[0.82347,0.80157],[0.82364,0.79595],[0.82293,0.78443],[0.8234,0.78391],[0.82208,0.76384],[0.82201,0.75309],[0.82236,0.75135],[0.82429,0.75728],[0.82511,0.75722],[0.82536,0.76022],[0.82658,0.76392],[0.82737,0.76444],[0.82823,0.76225],[0.82852,0.75736],[0.83069,0.76054],[0.83333,0.75919],[0.83563,0.75363],[0.8341,0.75584],[0.83183,0.75255],[0.83343,0.74766],[0.83064,0.7441],[0.82927,0.74745],[0.82505,0.75184],[0.82364,0.75035],[0.82239,0.7443],[0.82191,0.74493],[0.82039,0.7354],[0.82127,0.72921],[0.82213,0.71825],[0.82231,0.71302],[0.81943,0.70046],[0.81996,0.69651],[0.81968,0.68951],[0.81681,0.6891],[0.81516,0.69226],[0.81453,0.68917],[0.816,0.6765],[0.81429,0.67183],[0.81241,0.67099],[0.81188,0.66403],[0.81114,0.65918],[0.81144,0.64846],[0.80959,0.64344],[0.80825,0.64797],[0.80629,0.64914],[0.80562,0.64696],[0.8036,0.64445],[0.80429,0.64089],[0.80216,0.63927],[0.80055,0.64167],[0.79792,0.63473],[0.79727,0.62892],[0.79698,0.61877],[0.79737,0.61549],[0.79673,0.61306],[0.79163,0.61046],[0.78893,0.6121],[0.78693,0.60957],[0.7845,0.61286],[0.7795,0.61304],[0.77304,0.62441],[0.77768,0.6389],[0.77811,0.6428],[0.77792,0.64793],[0.77488,0.65043],[0.77632,0.66288],[0.77755,0.6782],[0.7799,0.68506],[0.77884,0.68716],[0.78024,0.69557],[0.78151,0.69979],[0.78243,0.70039],[0.78254,0.70398],[0.78378,0.70701],[0.78601,0.71607],[0.78829,0.72686],[0.78868,0.72421],[0.79021,0.72484],[0.79044,0.71969],[0.79173,0.72147],[0.79398,0.72667],[0.79514,0.7319],[0.79543,0.73494],[0.79864,0.74033],[0.80194,0.74881],[0.80625,0.76816],[0.8075,0.77103],[0.80888,0.77182],[0.81061,0.77965],[0.81099,0.77618],[0.81183,0.77474]]]}},{"type":"Feature","properties":{"name":"Siachen Glacier","iso3":"KAS","geo_share":1.67e-05,"carto_share":1.41e-05,"target_share":5.2e-06},"geometry":{"type":"Polygon","coordinates":[[[0.86539,0.70254],[0.86079,0.71108],[0.86918,0.70939],[0.87407,0.71094],[0.86539,0.70254]]]}},{"type":"Feature","properties":{"name":"Sint Maarten","iso3":"SXM","geo_share":2e-07,"carto_share":2e-07,"target_share":1e-07},"geometry":{"type":"Polygon","coordinates":[[[-0.85528,0.14348],[-0.85573,0.14246],[-0.85684,0.14321],[-0.85528,0.14348]]]}},{"type":"Feature","properties":{"name":"Tuvalu","iso3":"TUV","geo_share":1e-07,"carto_share":1e-07,"target_share":0.0},"geometry":{"type":"Polygon","coordinates":[[[2.68235,-0.22674],[2.68281,-0.22535],[2.68277,-0.22632],[2.68235,-0.22674]]]}}]}